Sample,Courant,Pose
0,-3.33,0.14
1,-1.76,0.26
2,-1.7,0.36
3,-1.63,0.45
4,-1.55,0.53
5,-1.45,0.6
6,-1.36,0.66
7,-1.26,0.71
8,-1.14,0.75
9,-1.06,0.78
10,-0.97,0.82
11,-0.9,0.84
12,-0.82,0.87
13,-0.77,0.89
14,-0.71,0.9
15,-0.65,0.94
16,-0.6,1.0
17,-0.56,1.09
18,-0.52,1.2
19,-0.48,1.34
20,-0.45,1.5
21,-0.42,1.68
22,-0.39,1.88
23,-0.37,2.1
24,-0.36,2.34
25,-0.34,2.61
26,-0.32,2.94
27,-0.3,3.32
28,-0.29,3.76
29,-0.27,4.25
30,-0.26,4.81
31,-0.26,5.42
32,-0.25,6.08
33,-0.24,6.76
34,-0.24,7.46
35,-0.24,8.18
36,-0.23,8.88
37,-0.23,9.55
38,-0.23,10.17
39,-0.23,10.72
40,-0.24,11.19
41,-0.24,11.56
42,-0.25,11.83
43,-0.25,11.96
44,-0.26,11.98
45,-0.26,11.9
46,-0.27,11.69
47,-0.28,11.38
48,-0.28,10.99
49,-0.29,10.54
50,-0.29,10.03
51,-0.3,9.5
52,-0.3,8.97
53,-0.3,8.45
54,-0.3,7.95
55,-0.31,7.45
56,-0.3,6.97
57,-0.3,6.52
58,-0.3,6.1
59,-0.3,5.72
60,-0.3,5.38
61,-0.3,5.09
62,-0.3,4.84
63,-0.3,4.64
64,-0.29,4.48
65,-0.28,4.37
66,-0.28,4.3
67,-0.27,4.27
68,-0.26,4.29
69,-0.26,4.36
70,-0.26,4.48
71,-0.25,4.66
72,-0.24,4.92
73,-0.23,5.24
74,-0.22,5.63
75,-0.22,6.08
76,-0.22,6.58
77,-0.22,7.12
78,-0.21,7.7
79,-0.21,8.27
80,-0.21,8.85
81,-0.21,9.4
82,-0.21,9.92
83,-0.21,10.38
84,-0.21,10.77
85,-0.22,11.06
86,-0.22,11.22
87,-0.22,11.29
88,-0.23,11.24
89,-0.23,11.09
90,-0.24,10.83
91,-0.24,10.5
92,-0.25,10.09
93,-0.26,9.62
94,-0.26,9.13
95,-0.26,8.64
96,-0.27,8.15
97,-0.27,7.68
98,-0.28,7.22
99,-0.28,6.78
100,-0.28,6.36
101,-0.27,5.96
102,-0.28,5.6
103,-0.27,5.28
104,-0.27,5.0
105,-0.27,4.76
106,-0.27,4.57
107,-0.26,4.42
108,-0.26,4.31
109,-0.25,4.24
110,-0.24,4.21
111,-0.25,4.23
112,-0.24,4.29
113,-0.24,4.4
114,-0.23,4.57
115,-0.22,4.81
116,-0.22,5.1
117,-0.22,5.46
118,-0.21,5.9
119,-0.21,6.38
120,-0.21,6.92
121,-0.21,7.47
122,-0.2,8.04
123,-0.2,8.6
124,-0.2,9.13
125,-0.2,9.64
126,-0.2,10.08
127,-0.21,10.46
128,-0.21,10.74
129,-0.21,10.91
130,-0.22,10.97
131,-0.22,10.93
132,-0.23,10.79
133,-0.24,10.56
134,-0.24,10.23
135,-0.25,9.85
136,-0.25,9.41
137,-0.26,8.95
138,-0.26,8.48
139,-0.26,8.02
140,-0.26,7.57
141,-0.27,7.13
142,-0.28,6.71
143,-0.28,6.3
144,-0.27,5.92
145,-0.28,5.57
146,-0.27,5.25
147,-0.27,4.98
148,-0.26,4.75
149,-0.26,4.56
150,-0.26,4.41
151,-0.26,4.29
152,-0.26,4.22
153,-0.26,4.19
154,-0.24,4.2
155,-0.24,4.26
156,-0.24,4.37
157,-0.24,4.53
158,-0.23,4.74
159,-0.22,5.01
160,-0.22,5.34
161,-0.22,5.75
162,-0.21,6.21
163,-0.21,6.72
164,-0.21,7.25
165,-0.21,7.8
166,-0.21,8.34
167,-0.21,8.87
168,-0.21,9.37
169,-0.21,9.81
170,-0.21,10.19
171,-0.22,10.48
172,-0.22,10.67
173,-0.22,10.74
174,-0.23,10.72
175,-0.24,10.61
176,-0.24,10.39
177,-0.25,10.09
178,-0.26,9.74
179,-0.26,9.32
180,-0.26,8.88
181,-0.27,8.43
182,-0.27,7.98
183,-0.27,7.54
184,-0.28,7.12
185,-0.28,6.7
186,-0.28,6.3
187,-0.28,5.93
188,-0.28,5.58
189,-0.28,5.27
190,-0.28,4.99
191,-0.28,4.76
192,-0.28,4.57
193,-0.27,4.41
194,-0.27,4.29
195,-0.26,4.22
196,-0.26,4.18
197,-0.26,4.19
198,-0.25,4.24
199,-0.25,4.33
200,-0.24,4.47
201,-0.24,4.67
202,-0.24,4.93
203,-0.24,5.26
204,-0.23,5.64
205,-0.22,6.09
206,-0.22,6.58
207,-0.22,7.1
208,-0.22,7.63
209,-0.22,8.17
210,-0.22,8.69
211,-0.22,9.17
212,-0.22,9.61
213,-0.22,9.99
214,-0.22,10.28
215,-0.23,10.48
216,-0.24,10.57
217,-0.24,10.56
218,-0.24,10.46
219,-0.26,10.27
220,-0.26,9.99
221,-0.26,9.66
222,-0.27,9.26
223,-0.27,8.83
224,-0.28,8.39
225,-0.28,7.95
226,-0.28,7.52
227,-0.28,7.1
228,-0.29,6.69
229,-0.29,6.3
230,-0.29,5.93
231,-0.29,5.59
232,-0.29,5.28
233,-0.29,5.0
234,-0.28,4.77
235,-0.29,4.57
236,-0.28,4.42
237,-0.28,4.3
238,-0.42,5.43
239,-0.42,5.45
240,-0.43,5.46
241,-0.42,5.46
242,-0.43,5.47
243,-0.43,5.47
244,-0.43,5.47
245,-0.43,5.47
246,-0.43,5.46
247,-0.42,5.46
248,-0.43,5.45
249,-0.43,5.43
250,-0.42,5.42
251,-0.43,5.4
252,-0.43,5.39
253,-0.43,5.37
254,-0.43,5.35
255,-0.43,5.34
256,-0.43,5.32
257,-0.42,5.31
258,-0.43,5.29
259,-0.43,5.28
260,-0.42,5.27
261,-0.42,5.26
262,-0.43,5.25
263,-0.42,5.24
264,-0.42,5.24
265,-0.42,5.24
266,-0.43,5.24
267,-0.43,5.24
268,-0.43,5.25
269,-0.42,5.25
270,-0.43,5.26
271,-0.43,5.28
272,-0.42,5.29
273,-0.43,5.3
274,-0.42,5.32
275,-0.42,5.34
276,-0.42,5.35
277,-0.42,5.37
278,-0.42,5.38
279,-0.42,5.4
280,-0.43,5.42
281,-0.42,5.43
282,-0.43,5.44
283,-0.43,5.45
284,-0.42,5.46
285,-0.43,5.47
286,-0.43,5.47
287,-0.43,5.47
288,-0.43,5.47
289,-0.42,5.46
290,-0.43,5.46
291,-0.42,5.45
292,-0.42,5.43
293,-0.43,5.42
294,-0.43,5.41
295,-0.43,5.39
296,-0.43,5.38
297,-0.43,5.36
298,-0.43,5.34
299,-0.42,5.33
300,-0.43,5.31
301,-0.43,5.29
302,-0.42,5.28
303,-0.42,5.27
304,-0.43,5.26
305,-0.43,5.25
306,-0.43,5.24
307,-0.42,5.24
308,-0.43,5.24
309,-0.43,5.24
310,-0.43,5.24
311,-0.42,5.24
312,-0.43,5.25
313,-0.42,5.26
314,-0.42,5.27
315,-0.42,5.28
316,-0.42,5.3
317,-0.42,5.31
318,-0.42,5.33
319,-0.42,5.35
320,-0.42,5.36
321,-0.42,5.38
322,-0.42,5.4
323,-0.43,5.41
324,-0.43,5.43
325,-0.42,5.44
326,-0.42,5.45
327,-0.42,5.46
328,-0.42,5.46
329,-0.42,5.47
330,-0.42,5.47
331,-0.42,5.47
332,-0.42,5.47
333,-0.43,5.46
334,-0.43,5.45
335,-0.43,5.44
336,-0.43,5.43
337,-0.42,5.41
338,-0.43,5.4
339,-0.42,5.38
340,-0.42,5.37
341,-0.42,5.35
342,-0.43,5.33
343,-0.43,5.32
344,-0.43,5.3
345,-0.43,5.29
346,-0.43,5.27
347,-0.43,5.26
348,-0.43,5.25
349,-0.43,5.24
350,-0.43,5.24
351,-0.43,5.24
352,-0.43,5.24
353,-0.43,5.24
354,-0.43,5.24
355,-0.42,5.25
356,-0.43,5.25
357,-0.42,5.26
358,-0.42,5.27
359,-0.43,5.29
360,-0.42,5.3
361,-0.42,5.32
362,-0.42,5.33
363,-0.42,5.35
364,-0.42,5.36
365,-0.42,5.38
366,-0.42,5.4
367,-0.43,5.41
368,-0.43,5.42
369,-0.42,5.44
370,-0.43,5.45
371,-0.43,5.45
372,-0.42,5.46
373,-0.42,5.46
374,-0.42,5.46
375,-0.43,5.46
376,-0.42,5.46
377,-0.43,5.45
378,-0.43,5.44
379,-0.42,5.43
380,-0.42,5.42
381,-0.43,5.4
382,-0.43,5.39
383,-0.43,5.37
384,-0.43,5.35
385,-0.43,5.33
386,-0.43,5.32
387,-0.43,5.3
388,-0.43,5.29
389,-0.43,5.28
390,-0.42,5.26
391,-0.43,5.25
392,-0.43,5.25
393,-0.43,5.24
394,-0.43,5.24
395,-0.43,5.23
396,-0.43,5.24
397,-0.43,5.24
398,-0.42,5.24
399,-0.42,5.25
400,-0.43,5.26
401,-0.43,5.27
402,-0.42,5.28
403,-0.43,5.3
404,-0.42,5.31
405,-0.42,5.33
406,-0.42,5.34
407,-0.42,5.36
408,-0.42,5.38
409,-0.43,5.39
410,-0.42,5.41
411,-0.42,5.42
412,-0.43,5.44
413,-0.43,5.45
414,-0.42,5.46
415,-0.42,5.46
416,-0.42,5.47
417,-0.43,5.47
418,-0.42,5.47
419,-0.43,5.46
420,-0.42,5.46
421,-0.43,5.45
422,-0.43,5.43
423,-0.43,5.42
424,-0.43,5.41
425,-0.43,5.39
426,-0.42,5.37
427,-0.42,5.36
428,-0.43,5.34
429,-0.43,5.32
430,-0.43,5.31
431,-0.43,5.29
432,-0.43,5.28
433,-0.43,5.27
434,-0.43,5.25
435,-0.43,5.24
436,-0.43,5.24
437,-0.42,5.23
438,-0.43,5.23
439,-0.43,5.23
440,-0.43,5.24
441,-0.43,5.24
442,-0.42,5.25
443,-0.43,5.26
444,-0.43,5.27
445,-0.42,5.28
446,-0.42,5.29
447,-0.42,5.31
448,-0.43,5.33
449,-0.42,5.34
450,-0.43,5.36
451,-0.42,5.38
452,-0.43,5.39
453,-0.42,5.41
454,-0.42,5.42
455,-0.42,5.44
456,-0.42,5.45
457,-0.43,5.45
458,-0.42,5.46
459,-0.43,5.47
460,-0.43,5.47
461,-0.43,5.47
462,-0.42,5.46
463,-0.42,5.46
464,-0.43,5.45
465,-0.43,5.44
466,-0.42,5.43
467,-0.43,5.41
468,-0.42,5.4
469,-0.43,5.38
470,-0.42,5.36
471,-0.43,5.35
472,-0.43,5.33
473,-0.42,5.31
474,-0.43,5.3
475,-0.43,5.28
476,-0.43,5.27
477,-0.42,5.26
478,-0.43,5.25
479,-0.43,5.24
480,-0.43,5.24
481,-0.43,5.23
482,-0.42,5.23
483,-0.42,5.23
484,-0.43,5.24
485,-0.42,5.24
486,-0.42,5.25
487,-0.42,5.26
488,-0.43,5.27
489,-0.42,5.29
490,-0.42,5.3
491,-0.43,5.32
492,-0.42,5.33
493,-0.42,5.35
494,-0.42,5.37
495,-0.42,5.38
496,-0.42,5.4
497,-0.43,5.41
498,-0.42,5.43
499,-0.42,5.44
500,-0.42,5.45
501,-0.42,5.46
502,-0.43,5.46
503,-0.42,5.46
504,-0.43,5.46
505,-0.42,5.46
506,-0.43,5.45
507,-0.43,5.45
508,-0.43,5.44
509,-0.42,5.43
510,-0.42,5.41
511,-0.42,5.4
512,-0.42,5.38
513,-0.43,5.37
514,-0.43,5.35
515,-0.43,5.33
516,-0.43,5.32
517,-0.43,5.3
518,-0.43,5.29
519,-0.43,5.27
520,-0.43,5.26
521,-0.43,5.25
522,-0.43,5.24
523,-0.42,5.24
524,-0.43,5.23
525,-0.42,5.23
526,-0.43,5.23
527,-0.42,5.24
528,-0.42,5.24
529,-0.43,5.25
530,-0.43,5.26
531,-0.42,5.27
532,-0.43,5.29
533,-0.42,5.3
534,-0.42,5.32
535,-0.43,5.34
536,-0.42,5.35
537,-0.42,5.37
538,-0.42,5.38
539,-0.42,5.4
540,-0.42,5.42
541,-0.42,5.43
542,-0.42,5.44
543,-0.43,5.45
544,-0.43,5.46
545,-0.42,5.46
546,-0.43,5.46
547,-0.42,5.46
548,-0.43,5.46
549,-0.42,5.46
550,-0.42,5.45
551,-0.42,5.44
552,-0.42,5.43
553,-0.42,5.41
554,-0.43,5.4
555,-0.43,5.38
556,-0.43,5.37
557,-0.42,5.35
558,-0.42,5.33
559,-0.43,5.31
560,-0.43,5.3
561,-0.43,5.28
562,-0.43,5.27
563,-0.43,5.26
564,-0.43,5.25
565,-0.42,5.24
566,-0.42,5.23
567,-0.42,5.23
568,-0.43,5.22
569,-0.43,5.22
570,-0.42,5.23
571,-0.43,5.23
572,-0.43,5.24
573,-0.43,5.25
574,-0.42,5.26
575,-0.42,5.28
576,-0.42,5.29
577,-0.42,5.3
578,-0.42,5.32
579,-0.42,5.34
580,-0.42,5.36
581,-0.42,5.37
582,-0.42,5.39
583,-0.42,5.41
584,-0.43,5.42
585,-0.42,5.43
586,-0.42,5.44
587,-0.42,5.45
588,-0.43,5.46
589,-0.42,5.46
590,-0.42,5.47
591,-0.42,5.46
592,-0.43,5.46
593,-0.43,5.45
594,-0.43,5.45
595,-0.43,5.43
596,-0.42,5.42
597,-0.43,5.41
598,-0.42,5.39
599,-0.43,5.37
600,-0.43,5.36
601,-0.43,5.34
602,-0.43,5.32
603,-0.42,5.3
604,-0.43,5.29
605,-0.43,5.27
606,-0.43,5.26
607,-0.42,5.25
608,-0.43,5.24
609,-0.43,5.23
610,-0.43,5.23
611,-0.42,5.22
612,-0.43,5.22
613,-0.42,5.22
614,-0.43,5.23
615,-0.42,5.23
616,-0.42,5.24
617,-0.43,5.25
618,-0.43,5.27
619,-0.42,5.28
620,-0.42,5.3
621,-0.42,5.31
622,-0.42,5.33
623,-0.42,5.35
624,-0.43,5.36
625,-0.43,5.38
626,-0.42,5.4
627,-0.42,5.41
628,-0.42,5.43
629,-0.42,5.44
630,-0.42,5.45
631,-0.43,5.46
632,-0.43,5.46
633,-0.42,5.46
634,-0.43,5.46
635,-0.42,5.46
636,-0.43,5.46
637,-0.43,5.45
638,-0.43,5.44
639,-0.42,5.43
640,-0.43,5.41
641,-0.43,5.4
642,-0.43,5.38
643,-0.42,5.36
644,-0.42,5.35
645,-0.42,5.33
646,-0.43,5.31
647,-0.43,5.3
648,-0.43,5.28
649,-0.43,5.27
650,-0.42,5.26
651,-0.43,5.25
652,-0.42,5.24
653,-0.42,5.24
654,-0.43,5.23
655,-0.43,5.23
656,-0.43,5.23
657,-0.43,5.23
658,-0.43,5.24
659,-0.43,5.24
660,-0.43,5.25
661,-0.42,5.27
662,-0.42,5.28
663,-0.42,5.29
664,-0.43,5.31
665,-0.42,5.33
666,-0.42,5.35
667,-0.43,5.36
668,-0.42,5.38
669,-0.42,5.4
670,-0.42,5.41
671,-0.42,5.43
672,-0.42,5.44
673,-0.42,5.45
674,-0.42,5.46
675,-0.42,5.46
676,-0.42,5.47
677,-0.42,5.47
678,-0.42,5.47
679,-0.42,5.46
680,-0.42,5.46
681,-0.43,5.45
682,-0.42,5.44
683,-0.43,5.42
684,-0.43,5.41
685,-0.43,5.39
686,-0.43,5.38
687,-0.43,5.36
688,-0.42,5.34
689,-0.43,5.33
690,-0.42,5.31
691,-0.43,5.29
692,-0.43,5.28
693,-0.43,5.27
694,-0.43,5.26
695,-0.43,5.25
696,-0.43,5.24
697,-0.43,5.23
698,-0.42,5.23
699,-0.42,5.23
700,-0.42,5.23
701,-0.43,5.24
702,-0.43,5.24
703,-0.43,5.25
704,-0.43,5.26
705,-0.43,5.27
706,-0.42,5.29
707,-0.43,5.3
708,-0.42,5.32
709,-0.42,5.34
710,-0.42,5.35
711,-0.42,5.37
712,-0.42,5.39
713,-0.42,5.4
714,-0.42,5.42
715,-0.42,5.43
716,-0.42,5.44
717,-0.42,5.45
718,-0.42,5.46
719,-0.43,5.46
720,-0.43,5.46
721,-0.42,5.46
722,-0.42,5.46
723,-0.42,5.45
724,-0.42,5.45
725,-0.42,5.44
726,-0.43,5.42
727,-0.43,5.41
728,-0.42,5.39
729,-0.43,5.38
730,-0.43,5.36
731,-0.43,5.34
732,-0.42,5.32
733,-0.43,5.31
734,-0.42,5.29
735,-0.43,5.28
736,-0.42,5.26
737,-0.42,5.25
738,-0.43,5.24
739,-0.43,5.24
740,-0.43,5.23
741,-0.42,5.23
742,-0.42,5.23
743,-0.43,5.23
744,-0.42,5.23
745,-0.42,5.24
746,-0.42,5.24
747,-0.43,5.25
748,-0.43,5.27
749,-0.43,5.28
750,-0.42,5.29
751,-0.42,5.31
752,-0.42,5.33
753,-0.42,5.35
754,-0.42,5.36
755,-0.42,5.38
756,-0.42,5.4
757,-0.42,5.41
758,-0.42,5.43
759,-0.42,5.44
760,-0.42,5.45
761,-0.43,5.46
762,-0.43,5.46
763,-0.43,5.47
764,-0.42,5.47
765,-0.42,5.46
766,-0.42,5.46
767,-0.42,5.45
768,-0.42,5.45
769,-0.43,5.43
770,-0.42,5.42
771,-0.43,5.4
772,-0.42,5.39
773,-0.43,5.37
774,-0.43,5.35
775,-0.43,5.34
776,-0.43,5.32
777,-0.43,5.3
778,-0.42,5.29
779,-0.43,5.27
780,-0.42,5.26
781,-0.42,5.25
782,-0.43,5.24
783,-0.43,5.23
784,-0.43,5.23
785,-0.42,5.23
786,-0.42,5.23
787,-0.43,5.23
788,-0.42,5.24
789,-0.42,5.24
790,-0.42,5.25
791,-0.42,5.26
792,-0.42,5.28
793,-0.43,5.29
794,-0.43,5.31
795,-0.42,5.33
796,-0.42,5.34
797,-0.42,5.36
798,-0.42,5.38
799,-0.42,5.39
800,-0.42,5.41
801,-0.42,5.43
802,-0.42,5.44
803,-0.42,5.45
804,-0.43,5.46
805,-0.42,5.47
806,-0.42,5.47
807,-0.42,5.47
808,-0.42,5.47
809,-0.43,5.47
810,-0.42,5.46
811,-0.43,5.45
812,-0.42,5.44
813,-0.42,5.43
814,-0.43,5.41
815,-0.42,5.39
816,-0.43,5.38
817,-0.42,5.36
818,-0.42,5.34
819,-0.43,5.32
820,-0.42,5.31
821,-0.42,5.29
822,-0.42,5.28
823,-0.42,5.26
824,-0.43,5.25
825,-0.43,5.24
826,-0.42,5.24
827,-0.43,5.23
828,-0.42,5.23
829,-0.42,5.23
830,-0.42,5.23
831,-0.43,5.23
832,-0.42,5.24
833,-0.42,5.25
834,-0.43,5.26
835,-0.43,5.28
836,-0.42,5.29
837,-0.42,5.3
838,-0.42,5.32
839,-0.42,5.34
840,-0.42,5.36
841,-0.43,5.37
842,-0.42,5.39
843,-0.42,5.41
844,-0.42,5.42
845,-0.42,5.44
846,-0.42,5.45
847,-0.42,5.46
848,-0.43,5.46
849,-0.42,5.47
850,-0.42,5.47
851,-0.42,5.47
852,-0.43,5.47
853,-0.43,5.46
854,-0.43,5.45
855,-0.42,5.44
856,-0.43,5.43
857,-0.42,5.42
858,-0.43,5.4
859,-0.42,5.38
860,-0.43,5.37
861,-0.42,5.35
862,-0.43,5.33
863,-0.43,5.31
864,-0.43,5.3
865,-0.43,5.28
866,-0.43,5.27
867,-0.43,5.26
868,-0.43,5.24
869,-0.42,5.24
870,-0.42,5.23
871,-0.43,5.23
872,-0.42,5.23
873,-0.42,5.23
874,-0.42,5.23
875,-0.42,5.24
876,-0.42,5.24
877,-0.42,5.26
878,-0.43,5.27
879,-0.42,5.28
880,-0.42,5.3
881,-0.42,5.31
882,-0.42,5.33
883,-0.42,5.35
884,-0.42,5.36
885,-0.42,5.38
886,-0.42,5.4
887,-0.42,5.41
888,-0.42,5.43
889,-0.43,5.44
890,-0.42,5.45
891,-0.42,5.46
892,-0.42,5.47
893,-0.42,5.47
894,-0.42,5.47
895,-0.42,5.47
896,-0.42,5.47
897,-0.42,5.46
898,-0.42,5.45
899,-0.43,5.44
900,-0.43,5.42
901,-0.42,5.41
902,-0.43,5.39
903,-0.43,5.37
904,-0.43,5.36
905,-0.42,5.34
906,-0.42,5.32
907,-0.42,5.3
908,-0.43,5.29
909,-0.43,5.27
910,-0.43,5.26
911,-0.43,5.25
912,-0.43,5.24
913,-0.43,5.23
914,-0.43,5.23
915,-0.43,5.23
916,-0.43,5.23
917,-0.43,5.23
918,-0.42,5.23
919,-0.42,5.24
920,-0.42,5.25
921,-0.42,5.26
922,-0.42,5.27
923,-0.42,5.29
924,-0.42,5.31
925,-0.42,5.32
926,-0.42,5.34
927,-0.42,5.36
928,-0.42,5.38
929,-0.42,5.39
930,-0.42,5.41
931,-0.42,5.43
932,-0.42,5.44
933,-0.42,5.45
934,-0.43,5.46
935,-0.42,5.47
936,-0.43,5.47
937,-0.42,5.47
938,-0.43,5.47
939,-0.42,5.47
940,-0.42,5.46
941,-0.42,5.45
942,-0.43,5.44
943,-0.42,5.43
944,-0.42,5.41
945,-0.42,5.4
946,-0.42,5.38
947,-0.42,5.36
948,-0.43,5.35
949,-0.43,5.33
950,-0.42,5.31
951,-0.43,5.29
952,-0.43,5.28
953,-0.43,5.27
954,-0.42,5.25
955,-0.42,5.24
956,-0.42,5.24
957,-0.43,5.23
958,-0.43,5.23
959,-0.43,5.23
960,-0.42,5.23
961,-0.43,5.23
962,-0.42,5.24
963,-0.42,5.24
964,-0.42,5.25
965,-0.42,5.27
966,-0.42,5.28
967,-0.42,5.3
968,-0.42,5.31
969,-0.42,5.33
970,-0.42,5.35
971,-0.42,5.37
972,-0.43,5.39
973,-0.42,5.4
974,-0.42,5.42
975,-0.42,5.43
976,-0.42,5.45
977,-0.42,5.45
978,-0.42,5.45
979,-0.42,5.44
980,-0.42,5.4
981,-0.42,5.36
982,-0.42,5.3
983,-0.41,5.23
984,-0.41,5.15
985,-0.41,5.06
986,-0.41,4.96
987,-0.41,4.85
988,-0.41,4.74
989,-0.41,4.62
990,-0.41,4.5
991,-0.41,4.37
992,-0.41,4.24
993,-0.41,4.12
994,-0.41,3.99
995,-0.41,3.86
996,-0.41,3.73
997,-0.41,3.6
998,-0.4,3.48
999,-0.4,3.35
1000,-0.4,3.24
1001,-0.4,3.14
1002,-0.39,3.04
1003,-0.4,2.96
1004,-0.39,2.89
1005,-0.39,2.83
1006,-0.39,2.78
1007,-0.39,2.75
1008,-0.39,2.73
1009,-0.39,2.73
1010,-0.38,2.74
1011,-0.38,2.76
1012,-0.38,2.79
1013,-0.38,2.82
1014,-0.38,2.87
1015,-0.37,2.92
1016,-0.37,2.97
1017,-0.37,3.03
1018,-0.37,3.1
1019,-0.37,3.17
1020,-0.37,3.24
1021,-0.37,3.31
1022,-0.37,3.39
1023,-0.36,3.46
1024,-0.37,3.53
1025,-0.37,3.6
1026,-0.36,3.66
1027,-0.36,3.72
1028,-0.36,3.78
1029,-0.36,3.82
1030,-0.36,3.86
1031,-0.36,3.9
1032,-0.36,3.92
1033,-0.36,3.93
1034,-0.36,3.93
1035,-0.36,3.93
1036,-0.36,3.91
1037,-0.36,3.89
1038,-0.36,3.86
1039,-0.36,3.83
1040,-0.36,3.79
1041,-0.36,3.74
1042,-0.36,3.68
1043,-0.36,3.62
1044,-0.36,3.56
1045,-0.36,3.49
1046,-0.36,3.42
1047,-0.36,3.35
1048,-0.36,3.28
1049,-0.36,3.21
1050,-0.36,3.14
1051,-0.36,3.07
1052,-0.36,3.01
1053,-0.36,2.95
1054,-0.36,2.9
1055,-0.36,2.85
1056,-0.36,2.82
1057,-0.36,2.8
1058,-0.36,2.78
1059,-0.36,2.78
1060,-0.36,2.78
1061,-0.36,2.79
1062,-0.36,2.81
1063,-0.36,2.84
1064,-0.36,2.88
1065,-0.36,2.92
1066,-0.36,2.97
1067,-0.36,3.02
1068,-0.35,3.08
1069,-0.35,3.14
1070,-0.35,3.21
1071,-0.34,3.28
1072,-0.34,3.34
1073,-0.35,3.41
1074,-0.35,3.49
1075,-0.34,3.56
1076,-0.34,3.62
1077,-0.35,3.69
1078,-0.34,3.74
1079,-0.34,3.8
1080,-0.34,3.84
1081,-0.34,3.88
1082,-0.34,3.92
1083,-0.34,3.94
1084,-0.34,3.96
1085,-0.35,3.97
1086,-0.35,3.96
1087,-0.34,3.95
1088,-0.35,3.94
1089,-0.34,3.91
1090,-0.34,3.88
1091,-0.34,3.84
1092,-0.34,3.79
1093,-0.34,3.74
1094,-0.34,3.69
1095,-0.34,3.63
1096,-0.34,3.57
1097,-0.34,3.5
1098,-0.34,3.43
1099,-0.34,3.36
1100,-0.34,3.29
1101,-0.34,3.23
1102,-0.34,3.16
1103,-0.34,3.1
1104,-0.34,3.04
1105,-0.34,2.99
1106,-0.34,2.95
1107,-0.34,2.91
1108,-0.34,2.89
1109,-0.34,2.87
1110,-0.34,2.86
1111,-0.34,2.86
1112,-0.34,2.87
1113,-0.34,2.89
1114,-0.34,2.91
1115,-0.34,2.94
1116,-0.34,2.98
1117,-0.33,3.02
1118,-0.33,3.07
1119,-0.33,3.13
1120,-0.33,3.19
1121,-0.33,3.25
1122,-0.33,3.32
1123,-0.33,3.38
1124,-0.33,3.45
1125,-0.32,3.52
1126,-0.33,3.58
1127,-0.32,3.65
1128,-0.32,3.71
1129,-0.32,3.77
1130,-0.32,3.83
1131,-0.32,3.88
1132,-0.32,3.92
1133,-0.32,3.95
1134,-0.32,3.98
1135,-0.32,4.0
1136,-0.32,4.01
1137,-0.32,4.01
1138,-0.32,4.0
1139,-0.32,3.98
1140,-0.32,3.96
1141,-0.32,3.93
1142,-0.32,3.89
1143,-0.32,3.85
1144,-0.32,3.8
1145,-0.32,3.75
1146,-0.33,3.69
1147,-0.32,3.63
1148,-0.32,3.57
1149,-0.32,3.51
1150,-0.33,3.44
1151,-0.32,3.38
1152,-0.32,3.31
1153,-0.32,3.25
1154,-0.32,3.19
1155,-0.32,3.14
1156,-0.32,3.09
1157,-0.32,3.05
1158,-0.32,3.01
1159,-0.32,2.98
1160,-0.32,2.96
1161,-0.32,2.95
1162,-0.32,2.95
1163,-0.32,2.95
1164,-0.32,2.97
1165,-0.32,2.99
1166,-0.32,3.02
1167,-0.32,3.05
1168,-0.31,3.09
1169,-0.31,3.14
1170,-0.31,3.19
1171,-0.31,3.24
1172,-0.31,3.3
1173,-0.31,3.37
1174,-0.31,3.43
1175,-0.31,3.5
1176,-0.31,3.56
1177,-0.31,3.63
1178,-0.3,3.69
1179,-0.31,3.75
1180,-0.3,3.81
1181,-0.3,3.87
1182,-0.3,3.92
1183,-0.3,3.96
1184,-0.3,4.0
1185,-0.3,4.02
1186,-0.3,4.04
1187,-0.3,4.06
1188,-0.3,4.06
1189,-0.3,4.05
1190,-0.3,4.04
1191,-0.3,4.02
1192,-0.3,3.99
1193,-0.3,3.96
1194,-0.3,3.92
1195,-0.3,3.88
1196,-0.31,3.83
1197,-0.3,3.77
1198,-0.3,3.71
1199,-0.3,3.66
1200,-0.3,3.59
1201,-0.3,3.53
1202,-0.3,3.47
1203,-0.31,3.41
1204,-0.3,3.35
1205,-0.3,3.29
1206,-0.3,3.23
1207,-0.3,3.19
1208,-0.3,3.14
1209,-0.3,3.1
1210,-0.3,3.07
1211,-0.3,3.05
1212,-0.3,3.04
1213,-0.3,3.03
1214,-0.3,3.03
1215,-0.3,3.04
1216,-0.3,3.06
1217,-0.3,3.08
1218,-0.3,3.11
1219,-0.29,3.14
1220,-0.29,3.19
1221,-0.3,3.24
1222,-0.29,3.29
1223,-0.29,3.34
1224,-0.29,3.4
1225,-0.28,3.46
1226,-0.28,3.52
1227,-0.28,3.59
1228,-0.28,3.65
1229,-0.28,3.72
1230,-0.28,3.78
1231,-0.28,3.84
1232,-0.28,3.89
1233,-0.28,3.95
1234,-0.28,3.99
1235,-0.28,4.03
1236,-0.28,4.06
1237,-0.28,4.08
1238,-0.28,4.1
1239,-0.28,4.11
1240,-0.28,4.11
1241,-0.28,4.1
1242,-0.28,4.08
1243,-0.28,4.06
1244,-0.28,4.03
1245,-0.28,3.99
1246,-0.28,3.95
1247,-0.28,3.9
1248,-0.28,3.85
1249,-0.28,3.8
1250,-0.28,3.74
1251,-0.28,3.69
1252,-0.28,3.63
1253,-0.28,3.57
1254,-0.28,3.51
1255,-0.28,3.45
1256,-0.28,3.39
1257,-0.28,3.34
1258,-0.28,3.29
1259,-0.28,3.25
1260,-0.28,3.21
1261,-0.28,3.18
1262,-0.28,3.15
1263,-0.28,3.14
1264,-0.28,3.13
1265,-0.28,3.12
1266,-0.28,3.13
1267,-0.28,3.14
1268,-0.28,3.16
1269,-0.27,3.18
1270,-0.27,3.21
1271,-0.27,3.25
1272,-0.27,3.29
1273,-0.27,3.34
1274,-0.27,3.39
1275,-0.26,3.45
1276,-0.27,3.5
1277,-0.26,3.56
1278,-0.26,3.63
1279,-0.26,3.69
1280,-0.26,3.75
1281,-0.26,3.82
1282,-0.26,3.88
1283,-0.26,3.93
1284,-0.26,3.98
1285,-0.26,4.03
1286,-0.26,4.07
1287,-0.26,4.11
1288,-0.26,4.13
1289,-0.26,4.15
1290,-0.26,4.16
1291,-0.26,4.17
1292,-0.26,4.16
1293,-0.26,4.15
1294,-0.26,4.13
1295,-0.26,4.1
1296,-0.26,4.07
1297,-0.26,4.03
1298,-0.26,3.98
1299,-0.26,3.94
1300,-0.26,3.88
1301,-0.26,3.83
1302,-0.26,3.77
1303,-0.26,3.72
1304,-0.26,3.66
1305,-0.26,3.6
1306,-0.26,3.54
1307,-0.26,3.49
1308,-0.26,3.43
1309,-0.26,3.39
1310,-0.26,3.34
1311,-0.26,3.3
1312,-0.26,3.27
1313,-0.26,3.24
1314,-0.26,3.22
1315,-0.25,3.21
1316,-0.26,3.2
1317,-0.26,3.2
1318,-0.25,3.21
1319,-0.26,3.23
1320,-0.25,3.25
1321,-0.25,3.28
1322,-0.25,3.31
1323,-0.25,3.35
1324,-0.24,3.39
1325,-0.24,3.44
1326,-0.25,3.49
1327,-0.24,3.55
1328,-0.24,3.61
1329,-0.24,3.67
1330,-0.24,3.73
1331,-0.24,3.79
1332,-0.24,3.85
1333,-0.24,3.91
1334,-0.24,3.97
1335,-0.24,4.02
1336,-0.24,4.07
1337,-0.24,4.12
1338,-0.24,4.15
1339,-0.24,4.18
1340,-0.23,4.2
1341,-0.24,4.22
1342,-0.24,4.22
1343,-0.24,4.22
1344,-0.23,4.21
1345,-0.24,4.2
1346,-0.24,4.17
1347,-0.24,4.14
1348,-0.24,4.11
1349,-0.24,4.06
1350,-0.24,4.02
1351,-0.24,3.97
1352,-0.24,3.92
1353,-0.24,3.86
1354,-0.24,3.81
1355,-0.24,3.75
1356,-0.24,3.69
1357,-0.24,3.64
1358,-0.24,3.58
1359,-0.24,3.53
1360,-0.24,3.48
1361,-0.24,3.44
1362,-0.24,3.4
1363,-0.23,3.36
1364,-0.24,3.33
1365,-0.24,3.31
1366,-0.24,3.3
1367,-0.23,3.29
1368,-0.23,3.29
1369,-0.23,3.29
1370,-0.23,3.3
1371,-0.22,3.32
1372,-0.22,3.34
1373,-0.22,3.37
1374,-0.22,3.41
1375,-0.22,3.45
1376,-0.22,3.49
1377,-0.22,3.54
1378,-0.22,3.6
1379,-0.22,3.65
1380,-0.22,3.71
1381,-0.22,3.77
1382,-0.22,3.83
1383,-0.22,3.9
1384,-0.22,3.96
1385,-0.22,4.01
1386,-0.22,4.07
1387,-0.22,4.12
1388,-0.22,4.16
1389,-0.22,4.2
1390,-0.22,4.24
1391,-0.21,4.26
1392,-0.22,4.28
1393,-0.21,4.29
1394,-0.22,4.29
1395,-0.21,4.28
1396,-0.21,4.27
1397,-0.21,4.25
1398,-0.21,4.22
1399,-0.22,4.19
1400,-0.21,4.15
1401,-0.21,4.1
1402,-0.21,4.05
1403,-0.22,4.0
1404,-0.21,3.95
1405,-0.21,3.9
1406,-0.21,3.84
1407,-0.21,3.79
1408,-0.22,3.73
1409,-0.22,3.68
1410,-0.21,3.63
1411,-0.21,3.58
1412,-0.21,3.53
1413,-0.21,3.49
1414,-0.21,3.46
1415,-0.21,3.43
1416,-0.21,3.4
1417,-0.21,3.39
1418,-0.21,3.37
1419,-0.21,3.37
1420,-0.21,3.37
1421,-0.21,3.38
1422,-0.21,3.39
1423,-0.21,3.41
1424,-0.21,3.44
1425,-0.21,3.47
1426,-0.2,3.51
1427,-0.2,3.55
1428,-0.2,3.6
1429,-0.2,3.65
1430,-0.2,3.7
1431,-0.2,3.76
1432,-0.19,3.82
1433,-0.2,3.88
1434,-0.2,3.94
1435,-0.19,4.0
1436,-0.19,4.06
1437,-0.19,4.11
1438,-0.19,4.16
1439,-0.19,4.21
1440,-0.19,4.25
1441,-0.19,4.28
1442,-0.19,4.31
1443,-0.19,4.33
1444,-0.19,4.34
1445,-0.19,4.35
1446,-0.19,4.35
1447,-0.19,4.33
1448,-0.19,4.31
1449,-0.19,4.29
1450,-0.19,4.26
1451,-0.19,4.22
1452,-0.19,4.18
1453,-0.19,4.14
1454,-0.19,4.09
1455,-0.19,4.04
1456,-0.19,3.99
1457,-0.19,3.93
1458,-0.19,3.88
1459,-0.19,3.82
1460,-0.19,3.77
1461,-0.19,3.72
1462,-0.19,3.67
1463,-0.19,3.63
1464,-0.19,3.59
1465,-0.19,3.55
1466,-0.19,3.52
1467,-0.19,3.49
1468,-0.19,3.47
1469,-0.19,3.46
1470,-0.19,3.45
1471,-0.18,3.45
1472,-0.18,3.45
1473,-0.18,3.46
1474,-0.18,3.48
1475,-0.19,3.5
1476,-0.18,3.53
1477,-0.18,3.56
1478,-0.18,3.6
1479,-0.17,3.65
1480,-0.17,3.7
1481,-0.17,3.75
1482,-0.17,3.8
1483,-0.17,3.86
1484,-0.17,3.92
1485,-0.17,3.98
1486,-0.17,4.04
1487,-0.17,4.1
1488,-0.17,4.15
1489,-0.17,4.21
1490,-0.17,4.25
1491,-0.17,4.3
1492,-0.17,4.34
1493,-0.17,4.37
1494,-0.17,4.39
1495,-0.17,4.41
1496,-0.17,4.42
1497,-0.17,4.42
1498,-0.17,4.41
1499,-0.17,4.4
1500,-0.17,4.38
1501,-0.17,4.35
1502,-0.17,4.32
1503,-0.17,4.28
1504,-0.17,4.24
1505,-0.17,4.2
1506,-0.17,4.15
1507,-0.17,4.1
1508,-0.17,4.04
1509,-0.17,3.99
1510,-0.17,3.94
1511,-0.17,3.88
1512,-0.17,3.83
1513,-0.17,3.78
1514,-0.17,3.74
1515,-0.17,3.69
1516,-0.16,3.66
1517,-0.17,3.62
1518,-0.16,3.59
1519,-0.17,3.57
1520,-0.17,3.55
1521,-0.16,3.54
1522,-0.17,3.53
1523,-0.16,3.53
1524,-0.16,3.54
1525,-0.16,3.55
1526,-0.15,3.57
1527,-0.15,3.59
1528,-0.15,3.62
1529,-0.15,3.66
1530,-0.15,3.7
1531,-0.15,3.75
1532,-0.15,3.79
1533,-0.15,3.85
1534,-0.15,3.9
1535,-0.15,3.96
1536,-0.15,4.02
1537,-0.15,4.08
1538,-0.14,4.14
1539,-0.15,4.2
1540,-0.15,4.25
1541,-0.14,4.3
1542,-0.15,4.35
1543,-0.15,4.39
1544,-0.14,4.43
1545,-0.15,4.46
1546,-0.15,4.48
1547,-0.14,4.49
1548,-0.14,4.5
1549,-0.14,4.5
1550,-0.14,4.49
1551,-0.15,4.47
1552,-0.15,4.45
1553,-0.15,4.42
1554,-0.15,4.39
1555,-0.15,4.35
1556,-0.14,4.31
1557,-0.14,4.26
1558,-0.14,4.21
1559,-0.14,4.16
1560,-0.15,4.1
1561,-0.14,4.05
1562,-0.15,4.0
1563,-0.15,3.94
1564,-0.14,3.89
1565,-0.15,3.85
1566,-0.14,3.8
1567,-0.14,3.76
1568,-0.14,3.72
1569,-0.14,3.69
1570,-0.14,3.66
1571,-0.14,3.64
1572,-0.14,3.63
1573,-0.14,3.62
1574,-0.13,3.61
1575,-0.13,3.61
1576,-0.13,3.62
1577,-0.13,3.64
1578,-0.13,3.66
1579,-0.13,3.68
1580,-0.13,3.72
1581,-0.13,3.75
1582,-0.13,3.79
1583,-0.13,3.84
1584,-0.12,3.89
1585,-0.13,3.94
1586,-0.12,4.0
1587,-0.12,4.06
1588,-0.12,4.12
1589,-0.12,4.18
1590,-0.12,4.24
1591,-0.12,4.3
1592,-0.12,4.35
1593,-0.12,4.4
1594,-0.12,4.45
1595,-0.12,4.49
1596,-0.12,4.53
1597,-0.12,4.55
1598,-0.12,4.57
1599,-0.12,4.58
1600,-0.12,4.59
1601,-0.12,4.59
1602,-0.12,4.57
1603,-0.12,4.56
1604,-0.12,4.53
1605,-0.12,4.5
1606,-0.12,4.46
1607,-0.12,4.42
1608,-0.12,4.37
1609,-0.12,4.32
1610,-0.12,4.27
1611,-0.12,4.22
1612,-0.12,4.16
1613,-0.12,4.11
1614,-0.12,4.06
1615,-0.12,4.01
1616,-0.12,3.96
1617,-0.11,3.91
1618,-0.11,3.87
1619,-0.11,3.83
1620,-0.12,3.79
1621,-0.11,3.76
1622,-0.12,3.74
1623,-0.11,3.72
1624,-0.11,3.7
1625,-0.11,3.69
1626,-0.11,3.69
1627,-0.11,3.7
1628,-0.11,3.71
1629,-0.11,3.72
1630,-0.11,3.75
1631,-0.11,3.77
1632,-0.11,3.81
1633,-0.11,3.85
1634,-0.1,3.89
1635,-0.11,3.94
1636,-0.1,3.99
1637,-0.1,4.05
1638,-0.1,4.11
1639,-0.1,4.17
1640,-0.1,4.23
1641,-0.09,4.29
1642,-0.1,4.35
1643,-0.09,4.41
1644,-0.09,4.46
1645,-0.09,4.51
1646,-0.09,4.55
1647,-0.1,4.59
1648,-0.09,4.63
1649,-0.09,4.65
1650,-0.1,4.67
1651,-0.09,4.68
1652,-0.1,4.68
1653,-0.09,4.67
1654,-0.09,4.66
1655,-0.09,4.64
1656,-0.1,4.61
1657,-0.09,4.57
1658,-0.1,4.53
1659,-0.1,4.49
1660,-0.1,4.44
1661,-0.09,4.39
1662,-0.09,4.34
1663,-0.1,4.29
1664,-0.09,4.23
1665,-0.09,4.18
1666,-0.09,4.12
1667,-0.09,4.07
1668,-0.09,4.02
1669,-0.09,3.98
1670,-0.09,3.93
1671,-0.09,3.89
1672,-0.09,3.86
1673,-0.09,3.83
1674,-0.09,3.81
1675,-0.09,3.79
1676,-0.09,3.77
1677,-0.09,3.77
1678,-0.08,3.77
1679,-0.09,3.78
1680,-0.09,3.79
1681,-0.09,3.81
1682,-0.09,3.83
1683,-0.08,3.86
1684,-0.08,3.9
1685,-0.08,3.94
1686,-0.08,3.99
1687,-0.07,4.04
1688,-0.07,4.09
1689,-0.07,4.15
1690,-0.07,4.21
1691,-0.07,4.27
1692,-0.07,4.34
1693,-0.07,4.4
1694,-0.07,4.46
1695,-0.07,4.52
1696,-0.07,4.57
1697,-0.07,4.62
1698,-0.07,4.66
1699,-0.07,4.7
1700,-0.07,4.73
1701,-0.07,4.75
1702,-0.07,4.77
1703,-0.07,4.77
1704,-0.07,4.77
1705,-0.07,4.76
1706,-0.07,4.75
1707,-0.07,4.72
1708,-0.07,4.69
1709,-0.07,4.65
1710,-0.07,4.61
1711,-0.07,4.57
1712,-0.07,4.52
1713,-0.07,4.46
1714,-0.07,4.41
1715,-0.07,4.36
1716,-0.07,4.3
1717,-0.07,4.25
1718,-0.07,4.19
1719,-0.07,4.14
1720,-0.07,4.09
1721,-0.07,4.04
1722,-0.07,4.0
1723,-0.07,3.96
1724,-0.07,3.93
1725,-0.06,3.9
1726,-0.07,3.88
1727,-0.07,3.87
1728,-0.07,3.86
1729,-0.06,3.85
1730,-0.06,3.85
1731,-0.06,3.86
1732,-0.06,3.88
1733,-0.06,3.9
1734,-0.06,3.93
1735,-0.06,3.96
1736,-0.06,4.0
1737,-0.06,4.04
1738,-0.06,4.09
1739,-0.06,4.15
1740,-0.06,4.2
1741,-0.06,4.26
1742,-0.06,4.33
1743,-0.06,4.39
1744,-0.05,4.45
1745,-0.05,4.51
1746,-0.06,4.57
1747,-0.05,4.63
1748,-0.04,4.68
1749,-0.05,4.73
1750,-0.05,4.77
1751,-0.05,4.81
1752,-0.05,4.84
1753,-0.05,4.86
1754,-0.05,4.87
1755,-0.05,4.87
1756,-0.06,4.87
1757,-0.05,4.86
1758,-0.05,4.84
1759,-0.05,4.81
1760,-0.05,4.77
1761,-0.06,4.73
1762,-0.05,4.69
1763,-0.05,4.64
1764,-0.05,4.59
1765,-0.05,4.54
1766,-0.05,4.48
1767,-0.05,4.43
1768,-0.05,4.37
1769,-0.05,4.31
1770,-0.05,4.26
1771,-0.06,4.21
1772,-0.05,4.16
1773,-0.04,4.11
1774,-0.05,4.07
1775,-0.04,4.04
1776,-0.04,4.0
1777,-0.04,3.98
1778,-0.04,3.96
1779,-0.04,3.94
1780,-0.04,3.93
1781,-0.04,3.93
1782,-0.04,3.93
1783,-0.04,3.95
1784,-0.04,3.96
1785,-0.04,3.99
1786,-0.04,4.02
1787,-0.04,4.05
1788,-0.04,4.09
1789,-0.04,4.14
1790,-0.03,4.19
1791,-0.03,4.25
1792,-0.03,4.31
1793,-0.03,4.37
1794,-0.03,4.43
1795,-0.03,4.5
1796,-0.03,4.56
1797,-0.03,4.63
1798,-0.03,4.69
1799,-0.02,4.74
1800,-0.02,4.8
1801,-0.02,4.84
1802,-0.03,4.88
1803,-0.02,4.92
1804,-0.02,4.94
1805,-0.03,4.96
1806,-0.03,4.97
1807,-0.02,4.97
1808,-0.02,4.96
1809,-0.02,4.95
1810,-0.02,4.92
1811,-0.03,4.89
1812,-0.02,4.86
1813,-0.02,4.82
1814,-0.03,4.77
1815,-0.02,4.72
1816,-0.03,4.67
1817,-0.03,4.61
1818,-0.02,4.55
1819,-0.02,4.5
1820,-0.03,4.44
1821,-0.03,4.38
1822,-0.02,4.33
1823,-0.02,4.28
1824,-0.02,4.23
1825,-0.02,4.19
1826,-0.02,4.15
1827,-0.02,4.11
1828,-0.02,4.08
1829,-0.02,4.05
1830,-0.02,4.03
1831,-0.02,4.02
1832,-0.02,4.01
1833,-0.01,4.01
1834,-0.02,4.02
1835,-0.01,4.03
1836,-0.02,4.05
1837,-0.01,4.08
1838,-0.02,4.11
1839,-0.01,4.15
1840,-0.01,4.19
1841,-0.01,4.24
1842,-0.01,4.3
1843,-0.0,4.36
1844,-0.0,4.42
1845,0.0,4.48
1846,-0.0,4.54
1847,-0.0,4.61
1848,-0.0,4.67
1849,-0.0,4.74
1850,-0.0,4.8
1851,0.0,4.86
1852,-0.0,4.91
1853,0.0,4.95
1854,0.0,4.99
1855,-0.0,5.02
1856,-0.0,5.05
1857,0.0,5.07
1858,-0.0,5.07
1859,0.0,5.07
1860,-0.0,5.06
1861,0.0,5.05
1862,-0.0,5.02
1863,-0.0,4.99
1864,-0.0,4.96
1865,-0.0,4.91
1866,-0.0,4.86
1867,-0.0,4.81
1868,-0.0,4.76
1869,-0.0,4.7
1870,-0.0,4.64
1871,-0.0,4.59
1872,-0.0,4.53
1873,-0.0,4.47
1874,0.0,4.41
1875,0.0,4.36
1876,0.0,4.31
1877,0.0,4.27
1878,0.0,4.23
1879,0.0,4.19
1880,0.0,4.16
1881,0.01,4.13
1882,0.0,4.11
1883,0.0,4.1
1884,0.01,4.09
1885,0.01,4.09
1886,0.01,4.09
1887,0.02,4.11
1888,0.01,4.13
1889,0.01,4.15
1890,0.02,4.18
1891,0.02,4.22
1892,0.02,4.26
1893,0.02,4.3
1894,0.02,4.36
1895,0.02,4.41
1896,0.02,4.47
1897,0.02,4.54
1898,0.02,4.6
1899,0.02,4.67
1900,0.02,4.74
1901,0.02,4.81
1902,0.02,4.87
1903,0.02,4.93
1904,0.02,4.99
1905,0.03,5.04
1906,0.02,5.08
1907,0.02,5.12
1908,0.02,5.15
1909,0.02,5.17
1910,0.02,5.19
1911,0.02,5.19
1912,0.02,5.19
1913,0.02,5.18
1914,0.02,5.16
1915,0.02,5.13
1916,0.02,5.1
1917,0.02,5.06
1918,0.02,5.02
1919,0.02,4.97
1920,0.02,4.91
1921,0.02,4.86
1922,0.02,4.8
1923,0.02,4.74
1924,0.02,4.68
1925,0.02,4.62
1926,0.02,4.56
1927,0.02,4.51
1928,0.02,4.45
1929,0.02,4.4
1930,0.03,4.35
1931,0.02,4.31
1932,0.03,4.27
1933,0.03,4.24
1934,0.03,4.21
1935,0.03,4.19
1936,0.03,4.18
1937,0.03,4.17
1938,0.03,4.17
1939,0.04,4.17
1940,0.04,4.18
1941,0.04,4.2
1942,0.04,4.22
1943,0.04,4.25
1944,0.04,4.29
1945,0.04,4.33
1946,0.04,4.38
1947,0.04,4.44
1948,0.04,4.5
1949,0.04,4.56
1950,0.04,4.62
1951,0.05,4.69
1952,0.04,4.76
1953,0.05,4.83
1954,0.05,4.9
1955,0.05,4.96
1956,0.05,5.02
1957,0.05,5.08
1958,0.05,5.14
1959,0.05,5.18
1960,0.06,5.23
1961,0.05,5.26
1962,0.05,5.28
1963,0.05,5.3
1964,0.05,5.3
1965,0.05,5.3
1966,0.05,5.29
1967,0.05,5.27
1968,0.04,5.24
1969,0.05,5.21
1970,0.05,5.17
1971,0.04,5.12
1972,0.05,5.07
1973,0.04,5.02
1974,0.05,4.96
1975,0.05,4.9
1976,0.05,4.84
1977,0.05,4.78
1978,0.04,4.72
1979,0.05,4.66
1980,0.05,4.6
1981,0.05,4.54
1982,0.04,4.49
1983,0.06,4.44
1984,0.05,4.4
1985,0.05,4.36
1986,0.06,4.33
1987,0.05,4.3
1988,0.06,4.28
1989,0.06,4.26
1990,0.06,4.25
1991,0.06,4.25
1992,0.06,4.25
1993,0.06,4.26
1994,0.06,4.28
1995,0.06,4.31
1996,0.06,4.34
1997,0.06,4.38
1998,0.07,4.42
1999,0.07,4.47
2000,0.06,4.53
2001,0.07,4.59
2002,0.07,4.65
2003,0.07,4.72
2004,0.07,4.79
2005,0.07,4.86
2006,0.07,4.93
2007,0.07,5.0
2008,0.07,5.06
2009,0.07,5.13
2010,0.07,5.19
2011,0.07,5.25
2012,0.07,5.29
2013,0.07,5.34
2014,0.07,5.37
2015,0.07,5.4
2016,0.07,5.41
2017,0.07,5.42
2018,0.07,5.42
2019,0.07,5.41
2020,0.07,5.39
2021,0.07,5.36
2022,0.07,5.32
2023,0.07,5.28
2024,0.07,5.23
2025,0.07,5.18
2026,0.07,5.12
2027,0.07,5.06
2028,0.07,5.0
2029,0.07,4.94
2030,0.07,4.87
2031,0.07,4.81
2032,0.07,4.75
2033,0.07,4.69
2034,0.07,4.63
2035,0.07,4.58
2036,0.07,4.53
2037,0.07,4.48
2038,0.07,4.44
2039,0.07,4.4
2040,0.07,4.38
2041,0.07,4.35
2042,0.08,4.34
2043,0.08,4.33
2044,0.08,4.33
2045,0.08,4.33
2046,0.08,4.34
2047,0.08,4.36
2048,0.08,4.39
2049,0.08,4.42
2050,0.09,4.46
2051,0.09,4.51
2052,0.09,4.56
2053,0.09,4.62
2054,0.09,4.68
2055,0.09,4.75
2056,0.09,4.81
2057,0.09,4.89
2058,0.09,4.96
2059,0.09,5.03
2060,0.09,5.11
2061,0.09,5.18
2062,0.09,5.25
2063,0.09,5.31
2064,0.09,5.37
2065,0.09,5.42
2066,0.09,5.46
2067,0.09,5.5
2068,0.09,5.52
2069,0.09,5.54
2070,0.09,5.54
2071,0.09,5.54
2072,0.09,5.53
2073,0.09,5.5
2074,0.09,5.47
2075,0.09,5.44
2076,0.09,5.39
2077,0.09,5.34
2078,0.09,5.28
2079,0.09,5.22
2080,0.09,5.16
2081,0.09,5.09
2082,0.09,5.03
2083,0.09,4.96
2084,0.09,4.9
2085,0.09,4.83
2086,0.09,4.77
2087,0.09,4.71
2088,0.09,4.65
2089,0.09,4.6
2090,0.09,4.56
2091,0.1,4.52
2092,0.09,4.48
2093,0.1,4.45
2094,0.1,4.43
2095,0.1,4.41
2096,0.1,4.4
2097,0.1,4.4
2098,0.1,4.41
2099,0.1,4.42
2100,0.11,4.44
2101,0.1,4.47
2102,0.11,4.51
2103,0.11,4.55
2104,0.11,4.59
2105,0.11,4.65
2106,0.11,4.71
2107,0.11,4.78
2108,0.11,4.85
2109,0.11,4.92
2110,0.11,5.0
2111,0.11,5.08
2112,0.11,5.15
2113,0.11,5.23
2114,0.11,5.31
2115,0.11,5.38
2116,0.11,5.44
2117,0.11,5.5
2118,0.12,5.55
2119,0.11,5.59
2120,0.12,5.63
2121,0.11,5.65
2122,0.11,5.67
2123,0.11,5.67
2124,0.11,5.67
2125,0.11,5.65
2126,0.11,5.63
2127,0.11,5.59
2128,0.11,5.55
2129,0.11,5.5
2130,0.11,5.45
2131,0.11,5.39
2132,0.11,5.33
2133,0.11,5.26
2134,0.11,5.19
2135,0.11,5.12
2136,0.11,5.05
2137,0.11,4.98
2138,0.11,4.91
2139,0.11,4.85
2140,0.11,4.78
2141,0.11,4.73
2142,0.11,4.68
2143,0.11,4.63
2144,0.11,4.59
2145,0.12,4.55
2146,0.12,4.52
2147,0.12,4.5
2148,0.12,4.49
2149,0.13,4.48
2150,0.12,4.48
2151,0.13,4.49
2152,0.13,4.5
2153,0.13,4.53
2154,0.13,4.56
2155,0.13,4.6
2156,0.13,4.65
2157,0.13,4.7
2158,0.13,4.76
2159,0.13,4.83
2160,0.13,4.9
2161,0.13,4.97
2162,0.13,5.05
2163,0.13,5.13
2164,0.13,5.21
2165,0.13,5.29
2166,0.14,5.36
2167,0.14,5.44
2168,0.14,5.51
2169,0.13,5.58
2170,0.13,5.64
2171,0.14,5.69
2172,0.13,5.73
2173,0.14,5.76
2174,0.13,5.78
2175,0.13,5.8
2176,0.13,5.8
2177,0.13,5.79
2178,0.13,5.77
2179,0.13,5.74
2180,0.13,5.7
2181,0.13,5.66
2182,0.13,5.6
2183,0.13,5.54
2184,0.13,5.48
2185,0.13,5.41
2186,0.13,5.34
2187,0.13,5.26
2188,0.13,5.19
2189,0.13,5.12
2190,0.13,5.05
2191,0.13,4.98
2192,0.13,4.91
2193,0.13,4.85
2194,0.13,4.79
2195,0.13,4.74
2196,0.13,4.69
2197,0.14,4.65
2198,0.14,4.62
2199,0.15,4.59
2200,0.14,4.57
2201,0.15,4.56
2202,0.14,4.55
2203,0.15,4.56
2204,0.15,4.57
2205,0.15,4.59
2206,0.15,4.61
2207,0.15,4.65
2208,0.15,4.69
2209,0.15,4.75
2210,0.15,4.8
2211,0.15,4.86
2212,0.16,4.93
2213,0.15,5.01
2214,0.15,5.09
2215,0.15,5.17
2216,0.16,5.25
2217,0.16,5.33
2218,0.16,5.42
2219,0.16,5.5
2220,0.16,5.58
2221,0.16,5.65
2222,0.16,5.72
2223,0.16,5.77
2224,0.16,5.82
2225,0.16,5.86
2226,0.15,5.9
2227,0.16,5.92
2228,0.15,5.92
2229,0.15,5.92
2230,0.15,5.91
2231,0.16,5.89
2232,0.15,5.85
2233,0.15,5.81
2234,0.15,5.76
2235,0.15,5.7
2236,0.15,5.63
2237,0.15,5.56
2238,0.15,5.49
2239,0.15,5.41
2240,0.15,5.34
2241,0.15,5.26
2242,0.15,5.18
2243,0.15,5.11
2244,0.15,5.04
2245,0.15,4.97
2246,0.15,4.91
2247,0.15,4.85
2248,0.16,4.79
2249,0.16,4.75
2250,0.16,4.71
2251,0.16,4.67
2252,0.16,4.65
2253,0.17,4.63
2254,0.16,4.62
2255,0.17,4.62
2256,0.16,4.62
2257,0.17,4.64
2258,0.17,4.66
2259,0.17,4.7
2260,0.17,4.74
2261,0.17,4.79
2262,0.17,4.84
2263,0.17,4.9
2264,0.17,4.97
2265,0.18,5.05
2266,0.17,5.12
2267,0.17,5.21
2268,0.18,5.29
2269,0.18,5.38
2270,0.18,5.47
2271,0.17,5.55
2272,0.18,5.64
2273,0.17,5.72
2274,0.18,5.79
2275,0.18,5.86
2276,0.18,5.92
2277,0.18,5.96
2278,0.18,6.0
2279,0.17,6.03
2280,0.17,6.05
2281,0.17,6.05
2282,0.17,6.04
2283,0.17,6.02
2284,0.17,5.99
2285,0.17,5.95
2286,0.17,5.9
2287,0.17,5.84
2288,0.17,5.78
2289,0.17,5.71
2290,0.17,5.63
2291,0.17,5.55
2292,0.17,5.47
2293,0.17,5.39
2294,0.17,5.31
2295,0.17,5.23
2296,0.17,5.15
2297,0.17,5.08
2298,0.17,5.01
2299,0.17,4.95
2300,0.17,4.89
2301,0.18,4.84
2302,0.18,4.79
2303,0.18,4.75
2304,0.18,4.72
2305,0.18,4.69
2306,0.19,4.68
2307,0.19,4.67
2308,0.19,4.68
2309,0.19,4.69
2310,0.19,4.71
2311,0.19,4.74
2312,0.19,4.78
2313,0.19,4.82
2314,0.19,4.88
2315,0.19,4.94
2316,0.19,5.01
2317,0.2,5.09
2318,0.19,5.17
2319,0.19,5.25
2320,0.2,5.35
2321,0.2,5.44
2322,0.2,5.53
2323,0.2,5.62
2324,0.2,5.71
2325,0.2,5.8
2326,0.2,5.88
2327,0.19,5.95
2328,0.2,6.02
2329,0.19,6.08
2330,0.19,6.12
2331,0.2,6.16
2332,0.19,6.18
2333,0.19,6.19
2334,0.19,6.19
2335,0.19,6.17
2336,0.19,6.14
2337,0.19,6.1
2338,0.19,6.06
2339,0.19,6.0
2340,0.19,5.94
2341,0.19,5.87
2342,0.19,5.79
2343,0.19,5.7
2344,0.19,5.62
2345,0.19,5.53
2346,0.19,5.45
2347,0.19,5.36
2348,0.19,5.28
2349,0.19,5.2
2350,0.19,5.12
2351,0.19,5.05
2352,0.19,4.99
2353,0.19,4.93
2354,0.19,4.88
2355,0.19,4.83
2356,0.19,4.8
2357,0.2,4.77
2358,0.2,4.75
2359,0.2,4.74
2360,0.2,4.73
2361,0.21,4.74
2362,0.21,4.76
2363,0.21,4.78
2364,0.21,4.82
2365,0.21,4.87
2366,0.21,4.92
2367,0.21,4.98
2368,0.21,5.04
2369,0.21,5.12
2370,0.21,5.2
2371,0.21,5.29
2372,0.21,5.38
2373,0.22,5.48
2374,0.21,5.58
2375,0.22,5.68
2376,0.22,5.77
2377,0.22,5.87
2378,0.22,5.96
2379,0.22,6.04
2380,0.21,6.11
2381,0.22,6.18
2382,0.21,6.23
2383,0.21,6.28
2384,0.22,6.31
2385,0.21,6.32
2386,0.21,6.33
2387,0.21,6.32
2388,0.21,6.29
2389,0.21,6.26
2390,0.21,6.21
2391,0.21,6.16
2392,0.21,6.09
2393,0.21,6.02
2394,0.21,5.94
2395,0.21,5.86
2396,0.21,5.77
2397,0.21,5.68
2398,0.21,5.59
2399,0.21,5.5
2400,0.21,5.41
2401,0.21,5.32
2402,0.21,5.24
2403,0.21,5.16
2404,0.21,5.09
2405,0.21,5.02
2406,0.21,4.96
2407,0.21,4.91
2408,0.21,4.87
2409,0.21,4.83
2410,0.22,4.81
2411,0.22,4.79
2412,0.22,4.78
2413,0.22,4.79
2414,0.22,4.8
2415,0.22,4.82
2416,0.22,4.86
2417,0.22,4.9
2418,0.22,4.95
2419,0.22,5.01
2420,0.22,5.07
2421,0.22,5.15
2422,0.23,5.24
2423,0.23,5.32
2424,0.23,5.42
2425,0.23,5.52
2426,0.23,5.62
2427,0.24,5.73
2428,0.23,5.83
2429,0.23,5.93
2430,0.24,6.03
2431,0.23,6.12
2432,0.23,6.2
2433,0.23,6.28
2434,0.23,6.34
2435,0.23,6.39
2436,0.23,6.43
2437,0.22,6.46
2438,0.22,6.47
2439,0.23,6.46
2440,0.22,6.44
2441,0.23,6.41
2442,0.22,6.37
2443,0.22,6.31
2444,0.22,6.25
2445,0.22,6.18
2446,0.22,6.1
2447,0.22,6.01
2448,0.22,5.92
2449,0.22,5.82
2450,0.22,5.73
2451,0.22,5.63
2452,0.22,5.54
2453,0.22,5.44
2454,0.22,5.36
2455,0.22,5.27
2456,0.22,5.19
2457,0.22,5.12
2458,0.22,5.05
2459,0.22,4.99
2460,0.22,4.94
2461,0.23,4.9
2462,0.23,4.87
2463,0.23,4.85
2464,0.23,4.84
2465,0.24,4.83
2466,0.24,4.84
2467,0.24,4.86
2468,0.24,4.89
2469,0.24,4.93
2470,0.24,4.98
2471,0.24,5.05
2472,0.24,5.11
2473,0.24,5.19
2474,0.24,5.27
2475,0.24,5.36
2476,0.24,5.46
2477,0.24,5.56
2478,0.25,5.67
2479,0.25,5.78
2480,0.25,5.89
2481,0.25,6.0
2482,0.25,6.1
2483,0.25,6.2
2484,0.25,6.29
2485,0.25,6.37
2486,0.24,6.44
2487,0.24,6.5
2488,0.24,6.55
2489,0.24,6.58
2490,0.24,6.59
2491,0.24,6.59
2492,0.24,6.58
2493,0.24,6.55
2494,0.24,6.51
2495,0.24,6.46
2496,0.24,6.4
2497,0.24,6.32
2498,0.24,6.24
2499,0.24,6.15
2500,0.24,6.06
2501,0.24,5.96
2502,0.24,5.85
2503,0.24,5.75
2504,0.24,5.65
2505,0.24,5.55
2506,0.24,5.46
2507,0.24,5.37
2508,0.24,5.28
2509,0.24,5.2
2510,0.24,5.13
2511,0.24,5.06
2512,0.24,5.01
2513,0.24,4.96
2514,0.24,4.92
2515,0.25,4.89
2516,0.24,4.87
2517,0.24,4.87
2518,0.25,4.87
2519,0.25,4.89
2520,0.25,4.91
2521,0.25,4.95
2522,0.26,4.99
2523,0.26,5.05
2524,0.26,5.12
2525,0.26,5.2
2526,0.26,5.29
2527,0.26,5.39
2528,0.26,5.49
2529,0.26,5.59
2530,0.26,5.71
2531,0.26,5.82
2532,0.26,5.94
2533,0.26,6.05
2534,0.26,6.16
2535,0.26,6.27
2536,0.26,6.37
2537,0.26,6.46
2538,0.26,6.54
2539,0.26,6.61
2540,0.26,6.66
2541,0.26,6.7
2542,0.26,6.72
2543,0.26,6.73
2544,0.26,6.73
2545,0.26,6.7
2546,0.25,6.66
2547,0.26,6.61
2548,0.26,6.55
2549,0.25,6.47
2550,0.25,6.39
2551,0.25,6.3
2552,0.25,6.2
2553,0.25,6.09
2554,0.25,5.99
2555,0.25,5.88
2556,0.25,5.77
2557,0.25,5.67
2558,0.25,5.56
2559,0.25,5.46
2560,0.25,5.37
2561,0.25,5.28
2562,0.25,5.2
2563,0.25,5.13
2564,0.25,5.07
2565,0.26,5.01
2566,0.26,4.97
2567,0.26,4.94
2568,0.26,4.91
2569,0.26,4.9
2570,0.26,4.9
2571,0.27,4.91
2572,0.26,4.94
2573,0.27,4.97
2574,0.27,5.02
2575,0.27,5.07
2576,0.27,5.14
2577,0.27,5.22
2578,0.28,5.31
2579,0.28,5.41
2580,0.28,5.51
2581,0.28,5.63
2582,0.28,5.75
2583,0.28,5.87
2584,0.28,5.99
2585,0.28,6.12
2586,0.28,6.24
2587,0.28,6.35
2588,0.28,6.46
2589,0.28,6.56
2590,0.28,6.65
2591,0.28,6.72
2592,0.28,6.78
2593,0.28,6.83
2594,0.28,6.86
2595,0.27,6.88
2596,0.27,6.87
2597,0.27,6.85
2598,0.27,6.82
2599,0.27,6.77
2600,0.26,6.71
2601,0.26,6.63
2602,0.26,6.54
2603,0.26,6.44
2604,0.26,6.34
2605,0.26,6.23
2606,0.26,6.12
2607,0.26,6.0
2608,0.26,5.89
2609,0.26,5.78
2610,0.26,5.67
2611,0.26,5.56
2612,0.26,5.46
2613,0.26,5.37
2614,0.27,5.28
2615,0.27,5.2
2616,0.27,5.13
2617,0.27,5.07
2618,0.27,5.02
2619,0.27,4.98
2620,0.27,4.95
2621,0.28,4.94
2622,0.28,4.93
2623,0.28,4.94
2624,0.28,4.95
2625,0.28,4.98
2626,0.28,5.03
2627,0.28,5.08
2628,0.28,5.15
2629,0.29,5.23
2630,0.29,5.32
2631,0.29,5.42
2632,0.29,5.53
2633,0.29,5.65
2634,0.29,5.77
2635,0.29,5.89
2636,0.3,6.03
2637,0.3,6.16
2638,0.29,6.29
2639,0.29,6.41
2640,0.29,6.53
2641,0.29,6.64
2642,0.29,6.74
2643,0.29,6.82
2644,0.29,6.89
2645,0.29,6.95
2646,0.28,6.99
2647,0.28,7.01
2648,0.28,7.01
2649,0.28,6.99
2650,0.28,6.96
2651,0.28,6.91
2652,0.28,6.85
2653,0.28,6.78
2654,0.28,6.69
2655,0.28,6.59
2656,0.27,6.48
2657,0.27,6.37
2658,0.28,6.25
2659,0.27,6.13
2660,0.27,6.0
2661,0.27,5.88
2662,0.27,5.77
2663,0.27,5.65
2664,0.28,5.54
2665,0.28,5.44
2666,0.28,5.35
2667,0.28,5.26
2668,0.28,5.18
2669,0.28,5.12
2670,0.28,5.06
2671,0.28,5.01
2672,0.28,4.98
2673,0.29,4.95
2674,0.28,4.94
2675,0.29,4.94
2676,0.29,4.96
2677,0.3,4.99
2678,0.3,5.03
2679,0.3,5.08
2680,0.3,5.15
2681,0.3,5.23
2682,0.3,5.32
2683,0.3,5.42
2684,0.3,5.53
2685,0.31,5.66
2686,0.31,5.79
2687,0.3,5.92
2688,0.31,6.06
2689,0.31,6.2
2690,0.3,6.33
2691,0.31,6.46
2692,0.3,6.59
2693,0.31,6.71
2694,0.3,6.82
2695,0.3,6.92
2696,0.3,7.0
2697,0.3,7.07
2698,0.3,7.12
2699,0.3,7.15
2700,0.3,7.16
2701,0.3,7.15
2702,0.3,7.12
2703,0.29,7.07
2704,0.29,7.01
2705,0.29,6.94
2706,0.29,6.85
2707,0.28,6.74
2708,0.29,6.63
2709,0.28,6.52
2710,0.28,6.39
2711,0.28,6.27
2712,0.28,6.14
2713,0.28,6.01
2714,0.28,5.88
2715,0.28,5.76
2716,0.28,5.64
2717,0.28,5.53
2718,0.29,5.42
2719,0.29,5.33
2720,0.29,5.24
2721,0.29,5.17
2722,0.29,5.1
2723,0.29,5.05
2724,0.3,5.0
2725,0.3,4.97
2726,0.3,4.96
2727,0.3,4.95
2728,0.3,4.96
2729,0.3,4.99
2730,0.31,5.02
2731,0.3,5.08
2732,0.31,5.14
2733,0.31,5.22
2734,0.31,5.31
2735,0.32,5.42
2736,0.31,5.53
2737,0.32,5.66
2738,0.32,5.79
2739,0.32,5.93
2740,0.32,6.08
2741,0.32,6.22
2742,0.32,6.37
2743,0.32,6.51
2744,0.32,6.65
2745,0.32,6.78
2746,0.32,6.9
2747,0.32,7.01
2748,0.32,7.1
2749,0.31,7.17
2750,0.31,7.23
2751,0.31,7.27
2752,0.3,7.29
2753,0.3,7.29
2754,0.3,7.27
2755,0.3,7.23
2756,0.3,7.17
2757,0.3,7.09
2758,0.3,7.0
2759,0.3,6.89
2760,0.3,6.78
2761,0.3,6.66
2762,0.3,6.53
2763,0.29,6.4
2764,0.29,6.26
2765,0.3,6.12
2766,0.3,5.99
2767,0.3,5.86
2768,0.3,5.73
2769,0.3,5.61
2770,0.3,5.5
2771,0.3,5.4
2772,0.3,5.3
2773,0.3,5.22
2774,0.3,5.14
2775,0.3,5.08
2776,0.3,5.03
2777,0.3,4.99
2778,0.31,4.97
2779,0.31,4.96
2780,0.31,4.97
2781,0.32,4.99
2782,0.32,5.02
2783,0.32,5.07
2784,0.32,5.13
2785,0.32,5.21
2786,0.32,5.3
2787,0.32,5.41
2788,0.33,5.53
2789,0.33,5.66
2790,0.33,5.8
2791,0.33,5.95
2792,0.33,6.1
2793,0.33,6.25
2794,0.32,6.41
2795,0.32,6.56
2796,0.33,6.71
2797,0.33,6.85
2798,0.32,6.98
2799,0.32,7.1
2800,0.32,7.21
2801,0.32,7.29
2802,0.32,7.36
2803,0.32,7.41
2804,0.32,7.43
2805,0.32,7.44
2806,0.32,7.42
2807,0.31,7.39
2808,0.31,7.33
2809,0.31,7.25
2810,0.31,7.16
2811,0.3,7.05
2812,0.3,6.93
2813,0.3,6.8
2814,0.3,6.67
2815,0.3,6.52
2816,0.3,6.38
2817,0.3,6.24
2818,0.3,6.09
2819,0.3,5.95
2820,0.3,5.82
2821,0.3,5.69
2822,0.3,5.56
2823,0.31,5.45
2824,0.31,5.34
2825,0.31,5.25
2826,0.31,5.17
2827,0.32,5.1
2828,0.32,5.04
2829,0.32,5.0
2830,0.32,4.97
2831,0.32,4.95
2832,0.32,4.95
2833,0.32,4.97
2834,0.32,5.0
2835,0.32,5.04
2836,0.33,5.1
2837,0.33,5.18
2838,0.34,5.27
2839,0.33,5.38
2840,0.34,5.5
2841,0.33,5.63
2842,0.34,5.77
2843,0.34,5.93
2844,0.34,6.08
2845,0.34,6.25
2846,0.34,6.41
2847,0.34,6.58
2848,0.34,6.74
2849,0.34,6.9
2850,0.34,7.04
2851,0.34,7.17
2852,0.33,7.29
2853,0.33,7.39
2854,0.33,7.47
2855,0.33,7.53
2856,0.33,7.56
2857,0.32,7.57
2858,0.32,7.57
2859,0.32,7.53
2860,0.32,7.48
2861,0.32,7.41
2862,0.32,7.31
2863,0.32,7.2
2864,0.31,7.08
2865,0.31,6.95
2866,0.31,6.8
2867,0.31,6.65
2868,0.31,6.5
2869,0.31,6.35
2870,0.31,6.2
2871,0.31,6.04
2872,0.31,5.9
2873,0.31,5.76
2874,0.32,5.62
2875,0.31,5.5
2876,0.32,5.39
2877,0.32,5.28
2878,0.32,5.19
2879,0.32,5.12
2880,0.32,5.05
2881,0.32,5.0
2882,0.32,4.96
2883,0.33,4.94
2884,0.33,4.94
2885,0.33,4.94
2886,0.33,4.97
2887,0.34,5.01
2888,0.34,5.07
2889,0.34,5.15
2890,0.34,5.24
2891,0.34,5.34
2892,0.34,5.47
2893,0.34,5.6
2894,0.34,5.75
2895,0.34,5.91
2896,0.34,6.08
2897,0.34,6.25
2898,0.34,6.43
2899,0.35,6.6
2900,0.35,6.78
2901,0.34,6.94
2902,0.34,7.1
2903,0.34,7.25
2904,0.34,7.38
2905,0.34,7.49
2906,0.34,7.58
2907,0.34,7.65
2908,0.34,7.69
2909,0.33,7.72
2910,0.33,7.71
2911,0.33,7.68
2912,0.33,7.63
2913,0.32,7.56
2914,0.32,7.46
2915,0.32,7.35
2916,0.32,7.22
2917,0.32,7.09
2918,0.32,6.94
2919,0.32,6.78
2920,0.31,6.62
2921,0.32,6.46
2922,0.32,6.29
2923,0.32,6.13
2924,0.32,5.98
2925,0.32,5.83
2926,0.32,5.69
2927,0.32,5.55
2928,0.32,5.43
2929,0.32,5.32
2930,0.32,5.22
2931,0.32,5.13
2932,0.33,5.06
2933,0.33,5.0
2934,0.33,4.96
2935,0.33,4.93
2936,0.34,4.92
2937,0.34,4.92
2938,0.34,4.94
2939,0.34,4.98
2940,0.34,5.03
2941,0.34,5.1
2942,0.34,5.19
2943,0.34,5.3
2944,0.35,5.42
2945,0.35,5.56
2946,0.35,5.71
2947,0.35,5.88
2948,0.35,6.05
2949,0.36,6.23
2950,0.35,6.42
2951,0.35,6.6
2952,0.35,6.79
2953,0.35,6.97
2954,0.35,7.14
2955,0.35,7.3
2956,0.35,7.45
2957,0.35,7.57
2958,0.35,7.68
2959,0.34,7.76
2960,0.34,7.82
2961,0.34,7.85
2962,0.34,7.86
2963,0.34,7.83
2964,0.33,7.78
2965,0.33,7.71
2966,0.33,7.62
2967,0.32,7.51
2968,0.32,7.38
2969,0.32,7.24
2970,0.32,7.08
2971,0.32,6.92
2972,0.32,6.75
2973,0.32,6.58
2974,0.32,6.4
2975,0.32,6.23
2976,0.32,6.07
2977,0.32,5.91
2978,0.32,5.75
2979,0.32,5.61
2980,0.32,5.48
2981,0.33,5.36
2982,0.33,5.25
2983,0.33,5.15
2984,0.33,5.07
2985,0.34,5.0
2986,0.33,4.95
2987,0.34,4.91
2988,0.34,4.89
2989,0.34,4.89
2990,0.34,4.9
2991,0.34,4.93
2992,0.35,4.98
2993,0.35,5.05
2994,0.35,5.14
2995,0.35,5.24
2996,0.36,5.37
2997,0.36,5.51
2998,0.36,5.66
2999,0.36,5.83
3000,0.36,6.01
3001,0.36,6.2
3002,0.36,6.39
3003,0.36,6.59
3004,0.36,6.8
3005,0.36,6.99
3006,0.36,7.18
3007,0.36,7.36
3008,0.36,7.52
3009,0.36,7.66
3010,0.35,7.78
3011,0.35,7.88
3012,0.34,7.95
3013,0.34,7.99
3014,0.34,8.01
3015,0.34,7.99
3016,0.34,7.96
3017,0.34,7.89
3018,0.34,7.8
3019,0.33,7.69
3020,0.33,7.56
3021,0.33,7.41
3022,0.32,7.25
3023,0.32,7.08
3024,0.32,6.9
3025,0.32,6.71
3026,0.32,6.53
3027,0.32,6.35
3028,0.32,6.17
3029,0.32,6.0
3030,0.32,5.83
3031,0.32,5.68
3032,0.33,5.53
3033,0.33,5.4
3034,0.33,5.28
3035,0.33,5.17
3036,0.33,5.08
3037,0.34,5.0
3038,0.34,4.94
3039,0.34,4.89
3040,0.34,4.87
3041,0.34,4.85
3042,0.35,4.86
3043,0.35,4.88
3044,0.35,4.93
3045,0.36,4.99
3046,0.36,5.07
3047,0.36,5.17
3048,0.36,5.29
3049,0.36,5.43
3050,0.36,5.59
3051,0.36,5.76
3052,0.36,5.95
3053,0.36,6.15
3054,0.37,6.35
3055,0.36,6.57
3056,0.36,6.79
3057,0.37,7.0
3058,0.36,7.2
3059,0.36,7.39
3060,0.36,7.57
3061,0.36,7.73
3062,0.36,7.87
3063,0.36,7.98
3064,0.35,8.07
3065,0.35,8.12
3066,0.35,8.15
3067,0.34,8.14
3068,0.34,8.11
3069,0.34,8.05
3070,0.34,7.97
3071,0.33,7.86
3072,0.33,7.73
3073,0.33,7.58
3074,0.33,7.41
3075,0.33,7.22
3076,0.33,7.03
3077,0.33,6.84
3078,0.32,6.64
3079,0.32,6.45
3080,0.32,6.26
3081,0.32,6.08
3082,0.33,5.9
3083,0.32,5.74
3084,0.33,5.58
3085,0.33,5.43
3086,0.33,5.3
3087,0.34,5.18
3088,0.34,5.08
3089,0.34,4.99
3090,0.34,4.92
3091,0.34,4.87
3092,0.35,4.83
3093,0.35,4.81
3094,0.35,4.82
3095,0.35,4.84
3096,0.36,4.88
3097,0.36,4.93
3098,0.36,5.01
3099,0.36,5.11
3100,0.36,5.22
3101,0.36,5.36
3102,0.36,5.52
3103,0.37,5.69
3104,0.37,5.89
3105,0.37,6.1
3106,0.37,6.32
3107,0.37,6.55
3108,0.37,6.77
3109,0.37,7.0
3110,0.37,7.22
3111,0.36,7.43
3112,0.36,7.62
3113,0.36,7.8
3114,0.36,7.96
3115,0.36,8.09
3116,0.36,8.19
3117,0.35,8.26
3118,0.36,8.3
3119,0.35,8.31
3120,0.34,8.29
3121,0.34,8.24
3122,0.34,8.15
3123,0.34,8.05
3124,0.34,7.91
3125,0.34,7.75
3126,0.33,7.57
3127,0.33,7.38
3128,0.33,7.19
3129,0.32,6.99
3130,0.33,6.78
3131,0.32,6.57
3132,0.32,6.37
3133,0.33,6.18
3134,0.33,5.99
3135,0.33,5.8
3136,0.33,5.63
3137,0.33,5.48
3138,0.33,5.33
3139,0.34,5.2
3140,0.34,5.09
3141,0.34,4.99
3142,0.34,4.91
3143,0.34,4.85
3144,0.34,4.8
3145,0.35,4.77
3146,0.36,4.77
3147,0.35,4.78
3148,0.36,4.81
3149,0.36,4.86
3150,0.36,4.94
3151,0.37,5.04
3152,0.37,5.15
3153,0.36,5.29
3154,0.37,5.44
3155,0.37,5.62
3156,0.37,5.81
3157,0.37,6.03
3158,0.37,6.26
3159,0.37,6.49
3160,0.37,6.74
3161,0.37,6.97
3162,0.37,7.21
3163,0.37,7.44
3164,0.37,7.65
3165,0.37,7.84
3166,0.36,8.02
3167,0.36,8.17
3168,0.36,8.29
3169,0.36,8.38
3170,0.36,8.44
3171,0.35,8.46
3172,0.35,8.45
3173,0.34,8.41
3174,0.34,8.33
3175,0.34,8.23
3176,0.34,8.1
3177,0.34,7.94
3178,0.34,7.76
3179,0.33,7.57
3180,0.34,7.36
3181,0.33,7.14
3182,0.32,6.93
3183,0.32,6.71
3184,0.32,6.49
3185,0.32,6.28
3186,0.33,6.08
3187,0.33,5.88
3188,0.33,5.7
3189,0.33,5.53
3190,0.34,5.37
3191,0.34,5.23
3192,0.34,5.1
3193,0.34,4.99
3194,0.34,4.9
3195,0.34,4.82
3196,0.35,4.77
3197,0.35,4.73
3198,0.35,4.71
3199,0.35,4.71
3200,0.36,4.73
3201,0.36,4.78
3202,0.36,4.85
3203,0.36,4.94
3204,0.37,5.05
3205,0.36,5.18
3206,0.37,5.34
3207,0.37,5.52
3208,0.37,5.71
3209,0.37,5.93
3210,0.37,6.16
3211,0.37,6.41
3212,0.37,6.66
3213,0.37,6.92
3214,0.37,7.17
3215,0.37,7.42
3216,0.37,7.65
3217,0.37,7.87
3218,0.37,8.07
3219,0.36,8.24
3220,0.36,8.38
3221,0.36,8.48
3222,0.36,8.56
3223,0.36,8.6
3224,0.35,8.61
3225,0.35,8.58
3226,0.34,8.51
3227,0.34,8.42
3228,0.34,8.28
3229,0.34,8.12
3230,0.33,7.94
3231,0.33,7.74
3232,0.33,7.52
3233,0.33,7.3
3234,0.32,7.07
3235,0.32,6.84
3236,0.32,6.61
3237,0.32,6.38
3238,0.33,6.16
3239,0.33,5.96
3240,0.33,5.76
3241,0.33,5.57
3242,0.33,5.4
3243,0.33,5.25
3244,0.34,5.11
3245,0.34,4.99
3246,0.34,4.88
3247,0.34,4.8
3248,0.34,4.73
3249,0.34,4.68
3250,0.35,4.66
3251,0.36,4.65
3252,0.36,4.67
3253,0.36,4.71
3254,0.36,4.77
3255,0.36,4.86
3256,0.36,4.97
3257,0.37,5.11
3258,0.37,5.27
3259,0.37,5.45
3260,0.37,5.65
3261,0.37,5.87
3262,0.37,6.12
3263,0.37,6.37
3264,0.37,6.64
3265,0.37,6.91
3266,0.37,7.18
3267,0.37,7.45
3268,0.37,7.7
3269,0.37,7.94
3270,0.37,8.15
3271,0.36,8.34
3272,0.36,8.5
3273,0.36,8.63
3274,0.36,8.72
3275,0.35,8.77
3276,0.35,8.78
3277,0.35,8.76
3278,0.34,8.7
3279,0.34,8.59
3280,0.34,8.45
3281,0.33,8.28
3282,0.33,8.1
3283,0.32,7.88
3284,0.32,7.66
3285,0.32,7.42
3286,0.32,7.18
3287,0.32,6.93
3288,0.32,6.69
3289,0.32,6.45
3290,0.32,6.21
3291,0.32,5.99
3292,0.32,5.78
3293,0.33,5.59
3294,0.33,5.41
3295,0.33,5.24
3296,0.33,5.09
3297,0.33,4.96
3298,0.34,4.84
3299,0.34,4.75
3300,0.34,4.67
3301,0.34,4.62
3302,0.35,4.59
3303,0.35,4.57
3304,0.35,4.58
3305,0.36,4.62
3306,0.36,4.68
3307,0.36,4.76
3308,0.36,4.87
3309,0.37,5.01
3310,0.37,5.17
3311,0.37,5.36
3312,0.37,5.58
3313,0.37,5.81
3314,0.37,6.06
3315,0.37,6.33
3316,0.37,6.62
3317,0.37,6.91
3318,0.37,7.2
3319,0.37,7.49
3320,0.37,7.76
3321,0.37,8.02
3322,0.37,8.25
3323,0.37,8.46
3324,0.36,8.63
3325,0.36,8.77
3326,0.36,8.87
3327,0.35,8.92
3328,0.34,8.94
3329,0.34,8.92
3330,0.34,8.85
3331,0.34,8.75
3332,0.33,8.6
3333,0.33,8.43
3334,0.33,8.23
3335,0.32,8.0
3336,0.32,7.76
3337,0.32,7.51
3338,0.32,7.25
3339,0.32,7.0
3340,0.32,6.74
3341,0.32,6.49
3342,0.32,6.24
3343,0.32,6.01
3344,0.33,5.79
3345,0.32,5.58
3346,0.33,5.39
3347,0.33,5.22
3348,0.33,5.06
3349,0.33,4.92
3350,0.34,4.8
3351,0.34,4.7
3352,0.34,4.62
3353,0.34,4.56
3354,0.34,4.52
3355,0.35,4.51
3356,0.35,4.52
3357,0.35,4.55
3358,0.36,4.61
3359,0.36,4.69
3360,0.36,4.8
3361,0.36,4.95
3362,0.36,5.12
3363,0.37,5.31
3364,0.37,5.53
3365,0.37,5.78
3366,0.37,6.04
3367,0.37,6.33
3368,0.37,6.63
3369,0.37,6.94
3370,0.37,7.25
3371,0.37,7.56
3372,0.37,7.85
3373,0.37,8.12
3374,0.36,8.37
3375,0.36,8.59
3376,0.36,8.78
3377,0.36,8.92
3378,0.35,9.03
3379,0.34,9.09
3380,0.35,9.11
3381,0.34,9.09
3382,0.34,9.02
3383,0.33,8.91
3384,0.33,8.76
3385,0.32,8.57
3386,0.32,8.35
3387,0.32,8.12
3388,0.32,7.86
3389,0.32,7.6
3390,0.32,7.33
3391,0.32,7.05
3392,0.31,6.78
3393,0.31,6.51
3394,0.31,6.25
3395,0.31,6.01
3396,0.32,5.78
3397,0.32,5.56
3398,0.32,5.36
3399,0.32,5.18
3400,0.33,5.01
3401,0.32,4.87
3402,0.33,4.74
3403,0.33,4.63
3404,0.33,4.55
3405,0.34,4.49
3406,0.34,4.44
3407,0.34,4.43
3408,0.35,4.43
3409,0.35,4.46
3410,0.35,4.52
3411,0.36,4.61
3412,0.36,4.73
3413,0.36,4.88
3414,0.37,5.06
3415,0.37,5.27
3416,0.37,5.51
3417,0.37,5.77
3418,0.37,6.06
3419,0.37,6.36
3420,0.37,6.67
3421,0.37,6.99
3422,0.37,7.31
3423,0.37,7.63
3424,0.36,7.94
3425,0.36,8.23
3426,0.36,8.49
3427,0.36,8.73
3428,0.36,8.93
3429,0.36,9.08
3430,0.35,9.2
3431,0.34,9.27
3432,0.34,9.28
3433,0.34,9.25
3434,0.33,9.17
3435,0.33,9.05
3436,0.32,8.89
3437,0.32,8.69
3438,0.32,8.46
3439,0.32,8.2
3440,0.31,7.93
3441,0.31,7.65
3442,0.31,7.36
3443,0.31,7.07
3444,0.31,6.79
3445,0.31,6.51
3446,0.31,6.24
3447,0.31,5.99
3448,0.31,5.75
3449,0.31,5.52
3450,0.32,5.31
3451,0.32,5.12
3452,0.32,4.95
3453,0.32,4.8
3454,0.32,4.67
3455,0.32,4.56
3456,0.33,4.47
3457,0.34,4.4
3458,0.34,4.36
3459,0.34,4.34
3460,0.34,4.35
3461,0.34,4.38
3462,0.34,4.44
3463,0.35,4.53
3464,0.35,4.66
3465,0.36,4.81
3466,0.36,5.0
3467,0.36,5.22
3468,0.36,5.48
3469,0.36,5.76
3470,0.36,6.06
3471,0.37,6.38
3472,0.36,6.72
3473,0.36,7.06
3474,0.36,7.4
3475,0.36,7.73
3476,0.36,8.05
3477,0.36,8.36
3478,0.36,8.64
3479,0.36,8.88
3480,0.35,9.08
3481,0.35,9.24
3482,0.34,9.36
3483,0.34,9.43
3484,0.34,9.44
3485,0.33,9.4
3486,0.32,9.31
3487,0.32,9.18
3488,0.32,9.0
3489,0.32,8.79
3490,0.31,8.55
3491,0.3,8.28
3492,0.3,7.98
3493,0.31,7.68
3494,0.3,7.38
3495,0.3,7.08
3496,0.3,6.78
3497,0.3,6.49
3498,0.3,6.22
3499,0.3,5.95
3500,0.3,5.7
3501,0.3,5.47
3502,0.31,5.25
3503,0.31,5.05
3504,0.31,4.87
3505,0.32,4.72
3506,0.32,4.58
3507,0.32,4.47
3508,0.32,4.37
3509,0.32,4.31
3510,0.33,4.26
3511,0.34,4.25
3512,0.34,4.26
3513,0.35,4.29
3514,0.34,4.36
3515,0.34,4.45
3516,0.35,4.58
3517,0.35,4.74
3518,0.36,4.94
3519,0.36,5.16
3520,0.36,5.43
3521,0.36,5.73
3522,0.36,6.05
3523,0.36,6.39
3524,0.36,6.75
3525,0.36,7.12
3526,0.36,7.48
3527,0.36,7.83
3528,0.36,8.17
3529,0.36,8.5
3530,0.36,8.79
3531,0.35,9.04
3532,0.34,9.26
3533,0.34,9.43
3534,0.34,9.55
3535,0.33,9.6
3536,0.32,9.6
3537,0.32,9.55
3538,0.32,9.45
3539,0.32,9.3
3540,0.31,9.11
3541,0.3,8.88
3542,0.3,8.61
3543,0.3,8.32
3544,0.3,8.01
3545,0.3,7.7
3546,0.29,7.38
3547,0.29,7.06
3548,0.29,6.75
3549,0.29,6.46
3550,0.29,6.16
3551,0.3,5.89
3552,0.3,5.63
3553,0.3,5.39
3554,0.3,5.16
3555,0.3,4.96
3556,0.3,4.77
3557,0.31,4.61
3558,0.31,4.47
3559,0.32,4.36
3560,0.32,4.27
3561,0.32,4.2
3562,0.32,4.16
3563,0.33,4.14
3564,0.33,4.16
3565,0.33,4.2
3566,0.34,4.27
3567,0.34,4.37
3568,0.34,4.5
3569,0.35,4.67
3570,0.35,4.88
3571,0.35,5.13
3572,0.35,5.41
3573,0.36,5.73
3574,0.36,6.07
3575,0.36,6.43
3576,0.36,6.81
3577,0.36,7.19
3578,0.36,7.57
3579,0.36,7.94
3580,0.35,8.3
3581,0.34,8.64
3582,0.34,8.95
3583,0.34,9.22
3584,0.34,9.44
3585,0.34,9.61
3586,0.33,9.73
3587,0.32,9.79
3588,0.32,9.79
3589,0.32,9.73
3590,0.31,9.61
3591,0.3,9.44
3592,0.3,9.23
3593,0.3,8.97
3594,0.29,8.68
3595,0.29,8.37
3596,0.29,8.05
3597,0.28,7.71
3598,0.28,7.38
3599,0.28,7.05
3600,0.28,6.72
3601,0.28,6.41
3602,0.28,6.11
3603,0.28,5.82
3604,0.28,5.55
3605,0.29,5.3
3606,0.29,5.07
3607,0.29,4.86
3608,0.3,4.67
3609,0.3,4.5
3610,0.3,4.36
3611,0.3,4.24
3612,0.31,4.15
3613,0.31,4.09
3614,0.32,4.05
3615,0.32,4.04
3616,0.32,4.05
3617,0.32,4.1
3618,0.33,4.17
3619,0.33,4.28
3620,0.34,4.42
3621,0.34,4.61
3622,0.34,4.83
3623,0.34,5.1
3624,0.35,5.39
3625,0.35,5.72
3626,0.35,6.08
3627,0.35,6.46
3628,0.35,6.86
3629,0.35,7.26
3630,0.35,7.66
3631,0.35,8.07
3632,0.34,8.45
3633,0.34,8.81
3634,0.34,9.13
3635,0.34,9.4
3636,0.33,9.63
3637,0.32,9.81
3638,0.32,9.92
3639,0.32,9.97
3640,0.31,9.96
3641,0.3,9.88
3642,0.3,9.76
3643,0.29,9.58
3644,0.29,9.34
3645,0.29,9.06
3646,0.28,8.75
3647,0.28,8.42
3648,0.28,8.08
3649,0.28,7.73
3650,0.27,7.38
3651,0.27,7.03
3652,0.27,6.7
3653,0.27,6.37
3654,0.27,6.06
3655,0.28,5.76
3656,0.28,5.48
3657,0.28,5.22
3658,0.28,4.98
3659,0.28,4.75
3660,0.28,4.56
3661,0.29,4.38
3662,0.3,4.24
3663,0.3,4.12
3664,0.3,4.03
3665,0.3,3.97
3666,0.31,3.93
3667,0.31,3.92
3668,0.31,3.94
3669,0.32,3.99
3670,0.32,4.07
3671,0.32,4.19
3672,0.33,4.35
3673,0.33,4.54
3674,0.33,4.77
3675,0.34,5.05
3676,0.34,5.36
3677,0.34,5.71
3678,0.34,6.08
3679,0.34,6.48
3680,0.34,6.9
3681,0.34,7.34
3682,0.34,7.76
3683,0.34,8.18
3684,0.34,8.58
3685,0.34,8.95
3686,0.33,9.28
3687,0.32,9.57
3688,0.32,9.8
3689,0.32,9.98
3690,0.31,10.09
3691,0.3,10.14
3692,0.3,10.11
3693,0.29,10.02
3694,0.29,9.87
3695,0.28,9.66
3696,0.28,9.4
3697,0.27,9.1
3698,0.27,8.76
3699,0.26,8.41
3700,0.26,8.05
3701,0.26,7.68
3702,0.26,7.32
3703,0.26,6.96
3704,0.26,6.61
3705,0.26,6.27
3706,0.26,5.95
3707,0.26,5.64
3708,0.26,5.35
3709,0.26,5.08
3710,0.27,4.83
3711,0.27,4.61
3712,0.28,4.41
3713,0.28,4.24
3714,0.28,4.1
3715,0.28,3.99
3716,0.28,3.91
3717,0.29,3.85
3718,0.3,3.83
3719,0.3,3.83
3720,0.3,3.86
3721,0.3,3.92
3722,0.31,4.02
3723,0.31,4.16
3724,0.32,4.34
3725,0.32,4.56
3726,0.32,4.82
3727,0.33,5.12
3728,0.33,5.46
3729,0.33,5.83
3730,0.33,6.24
3731,0.33,6.66
3732,0.33,7.11
3733,0.33,7.57
3734,0.33,8.01
3735,0.33,8.44
3736,0.32,8.85
3737,0.32,9.22
3738,0.32,9.54
3739,0.31,9.82
3740,0.31,10.04
3741,0.3,10.19
3742,0.3,10.28
3743,0.29,10.28
3744,0.28,10.22
3745,0.28,10.1
3746,0.27,9.9
3747,0.27,9.65
3748,0.26,9.35
3749,0.26,9.02
3750,0.26,8.66
3751,0.25,8.29
3752,0.25,7.91
3753,0.24,7.53
3754,0.24,7.15
3755,0.24,6.78
3756,0.24,6.43
3757,0.24,6.09
3758,0.25,5.76
3759,0.25,5.45
3760,0.25,5.16
3761,0.25,4.89
3762,0.26,4.65
3763,0.26,4.43
3764,0.26,4.25
3765,0.26,4.1
3766,0.27,3.97
3767,0.28,3.88
3768,0.28,3.82
3769,0.28,3.78
3770,0.29,3.78
3771,0.29,3.81
3772,0.3,3.87
3773,0.3,3.97
3774,0.3,4.1
3775,0.31,4.27
3776,0.31,4.48
3777,0.32,4.74
3778,0.32,5.03
3779,0.32,5.37
3780,0.31,5.75
3781,0.32,6.17
3782,0.32,6.61
3783,0.32,7.06
3784,0.32,7.52
3785,0.32,7.97
3786,0.32,8.41
3787,0.32,8.82
3788,0.31,9.2
3789,0.3,9.54
3790,0.3,9.83
3791,0.3,10.06
3792,0.29,10.22
3793,0.29,10.3
3794,0.28,10.31
3795,0.28,10.26
3796,0.27,10.13
3797,0.26,9.93
3798,0.26,9.68
3799,0.26,9.39
3800,0.25,9.06
3801,0.24,8.7
3802,0.24,8.32
3803,0.24,7.93
3804,0.24,7.53
3805,0.24,7.15
3806,0.24,6.78
3807,0.24,6.42
3808,0.24,6.07
3809,0.24,5.74
3810,0.24,5.42
3811,0.24,5.12
3812,0.24,4.85
3813,0.24,4.6
3814,0.24,4.38
3815,0.25,4.19
3816,0.25,4.03
3817,0.26,3.9
3818,0.26,3.81
3819,0.26,3.74
3820,0.27,3.71
3821,0.28,3.71
3822,0.28,3.73
3823,0.28,3.79
3824,0.29,3.89
3825,0.29,4.01
3826,0.29,4.18
3827,0.3,4.38
3828,0.3,4.63
3829,0.3,4.92
3830,0.31,5.27
3831,0.31,5.66
3832,0.31,6.07
3833,0.31,6.51
3834,0.31,6.96
3835,0.31,7.42
3836,0.31,7.87
3837,0.31,8.31
3838,0.3,8.73
3839,0.3,9.12
3840,0.3,9.47
3841,0.29,9.77
3842,0.28,10.01
3843,0.28,10.19
3844,0.28,10.28
3845,0.27,10.3
3846,0.26,10.24
3847,0.26,10.11
3848,0.25,9.91
3849,0.24,9.67
3850,0.24,9.38
3851,0.24,9.06
3852,0.24,8.7
3853,0.23,8.31
3854,0.23,7.92
3855,0.22,7.52
3856,0.22,7.14
3857,0.22,6.77
3858,0.22,6.41
3859,0.22,6.05
3860,0.22,5.72
3861,0.23,5.39
3862,0.23,5.09
3863,0.23,4.81
3864,0.24,4.56
3865,0.24,4.34
3866,0.24,4.15
3867,0.24,3.99
3868,0.24,3.86
3869,0.25,3.76
3870,0.26,3.7
3871,0.26,3.66
3872,0.26,3.66
3873,0.27,3.69
3874,0.27,3.75
3875,0.28,3.84
3876,0.28,3.96
3877,0.28,4.12
3878,0.28,4.32
3879,0.29,4.57
3880,0.3,4.87
3881,0.3,5.21
3882,0.3,5.59
3883,0.3,6.0
3884,0.3,6.44
3885,0.3,6.89
3886,0.3,7.34
3887,0.3,7.79
3888,0.29,8.23
3889,0.3,8.65
3890,0.29,9.04
3891,0.29,9.39
3892,0.28,9.69
3893,0.28,9.94
3894,0.27,10.12
3895,0.26,10.22
3896,0.26,10.24
3897,0.25,10.19
3898,0.24,10.06
3899,0.24,9.87
3900,0.24,9.63
3901,0.23,9.35
3902,0.23,9.03
3903,0.22,8.66
3904,0.22,8.28
3905,0.22,7.88
3906,0.21,7.49
3907,0.21,7.11
3908,0.21,6.74
3909,0.21,6.38
3910,0.21,6.03
3911,0.21,5.69
3912,0.21,5.37
3913,0.22,5.06
3914,0.22,4.78
3915,0.22,4.53
3916,0.22,4.3
3917,0.22,4.11
3918,0.22,3.95
3919,0.24,3.82
3920,0.24,3.72
3921,0.24,3.65
3922,0.24,3.62
3923,0.24,3.61
3924,0.26,3.64
3925,0.26,3.69
3926,0.26,3.78
3927,0.26,3.9
3928,0.26,4.06
3929,0.27,4.26
3930,0.28,4.5
3931,0.28,4.78
3932,0.28,5.11
3933,0.28,5.48
3934,0.29,5.89
3935,0.29,6.32
3936,0.29,6.77
3937,0.28,7.23
3938,0.29,7.67
3939,0.28,8.11
3940,0.28,8.52
3941,0.28,8.91
3942,0.28,9.26
3943,0.27,9.57
3944,0.26,9.81
3945,0.26,9.99
3946,0.25,10.09
3947,0.25,10.13
3948,0.24,10.07
3949,0.24,9.95
3950,0.23,9.78
3951,0.22,9.55
3952,0.22,9.28
3953,0.22,8.95
3954,0.21,8.6
3955,0.21,8.22
3956,0.21,7.84
3957,0.21,7.44
3958,0.21,7.06
3959,0.21,6.69
3960,0.21,6.33
3961,0.2,5.98
3962,0.21,5.64
3963,0.21,5.31
3964,0.21,5.01
3965,0.21,4.73
3966,0.21,4.47
3967,0.22,4.25
3968,0.21,4.06
3969,0.22,3.9
3970,0.22,3.77
3971,0.22,3.67
3972,0.23,3.6
3973,0.23,3.57
3974,0.24,3.57
3975,0.24,3.6
3976,0.24,3.66
3977,0.24,3.75
3978,0.25,3.88
3979,0.26,4.03
3980,0.26,4.22
3981,0.26,4.45
3982,0.27,4.72
3983,0.27,5.05
3984,0.28,5.42
3985,0.27,5.83
3986,0.28,6.27
3987,0.27,6.71
3988,0.27,7.16
3989,0.27,7.59
3990,0.27,8.02
3991,0.28,8.43
3992,0.27,8.81
3993,0.26,9.16
3994,0.26,9.46
3995,0.25,9.71
3996,0.25,9.88
3997,0.24,9.99
3998,0.23,10.01
3999,0.23,9.95
4000,0.22,9.84
4001,0.22,9.67
4002,0.21,9.45
4003,0.21,9.17
4004,0.21,8.86
4005,0.2,8.51
4006,0.2,8.14
4007,0.19,7.75
4008,0.19,7.37
4009,0.19,6.99
4010,0.19,6.62
4011,0.19,6.26
4012,0.19,5.92
4013,0.19,5.59
4014,0.19,5.26
4015,0.19,4.96
4016,0.2,4.68
4017,0.21,4.44
4018,0.2,4.22
4019,0.2,4.03
4020,0.21,3.87
4021,0.21,3.74
4022,0.21,3.64
4023,0.22,3.58
4024,0.22,3.55
4025,0.23,3.55
4026,0.23,3.58
4027,0.23,3.64
4028,0.24,3.72
4029,0.24,3.84
4030,0.24,3.99
4031,0.25,4.19
4032,0.25,4.43
4033,0.26,4.71
4034,0.26,5.03
4035,0.26,5.39
4036,0.26,5.79
4037,0.26,6.22
4038,0.26,6.65
4039,0.26,7.08
4040,0.26,7.51
4041,0.26,7.93
4042,0.26,8.33
4043,0.26,8.7
4044,0.25,9.05
4045,0.24,9.34
4046,0.24,9.58
4047,0.24,9.75
4048,0.23,9.84
4049,0.22,9.86
4050,0.22,9.81
4051,0.21,9.7
4052,0.21,9.53
4053,0.21,9.3
4054,0.2,9.03
4055,0.19,8.72
4056,0.19,8.38
4057,0.19,8.02
4058,0.19,7.64
4059,0.19,7.26
4060,0.19,6.89
4061,0.19,6.53
4062,0.18,6.18
4063,0.18,5.84
4064,0.19,5.51
4065,0.18,5.2
4066,0.19,4.9
4067,0.19,4.63
4068,0.19,4.38
4069,0.19,4.17
4070,0.19,3.99
4071,0.19,3.83
4072,0.2,3.71
4073,0.2,3.61
4074,0.21,3.55
4075,0.21,3.52
4076,0.22,3.52
4077,0.21,3.55
4078,0.22,3.61
4079,0.22,3.7
4080,0.22,3.83
4081,0.23,3.98
4082,0.24,4.17
4083,0.24,4.4
4084,0.24,4.66
4085,0.24,4.97
4086,0.24,5.33
4087,0.24,5.72
4088,0.24,6.14
4089,0.25,6.57
4090,0.24,7.0
4091,0.25,7.42
4092,0.25,7.83
4093,0.24,8.21
4094,0.24,8.58
4095,0.24,8.92
4096,0.23,9.21
4097,0.22,9.44
4098,0.22,9.6
4099,0.21,9.69
4100,0.21,9.71
4101,0.21,9.66
4102,0.21,9.54
4103,0.2,9.37
4104,0.19,9.15
4105,0.19,8.89
4106,0.18,8.58
4107,0.18,8.24
4108,0.17,7.88
4109,0.17,7.51
4110,0.17,7.14
4111,0.17,6.78
4112,0.17,6.42
4113,0.17,6.08
4114,0.17,5.75
4115,0.17,5.43
4116,0.17,5.12
4117,0.17,4.83
4118,0.18,4.56
4119,0.18,4.33
4120,0.18,4.12
4121,0.18,3.94
4122,0.18,3.79
4123,0.19,3.67
4124,0.19,3.58
4125,0.19,3.52
4126,0.2,3.5
4127,0.21,3.5
4128,0.21,3.53
4129,0.21,3.59
4130,0.21,3.68
4131,0.21,3.8
4132,0.22,3.95
4133,0.22,4.13
4134,0.22,4.37
4135,0.23,4.64
4136,0.23,4.95
4137,0.24,5.3
4138,0.24,5.69
4139,0.24,6.09
4140,0.23,6.51
4141,0.24,6.92
4142,0.23,7.33
4143,0.23,7.73
4144,0.24,8.11
4145,0.23,8.47
4146,0.22,8.79
4147,0.22,9.07
4148,0.22,9.3
4149,0.21,9.45
4150,0.21,9.53
4151,0.2,9.54
4152,0.2,9.49
4153,0.19,9.37
4154,0.19,9.2
4155,0.18,8.98
4156,0.18,8.72
4157,0.17,8.41
4158,0.17,8.07
4159,0.16,7.72
4160,0.16,7.36
4161,0.16,6.99
4162,0.16,6.64
4163,0.16,6.3
4164,0.16,5.97
4165,0.15,5.64
4166,0.16,5.33
4167,0.16,5.03
4168,0.16,4.75
4169,0.17,4.49
4170,0.17,4.26
4171,0.17,4.06
4172,0.17,3.89
4173,0.17,3.74
4174,0.17,3.63
4175,0.18,3.54
4176,0.19,3.49
4177,0.19,3.47
4178,0.19,3.48
4179,0.2,3.52
4180,0.2,3.58
4181,0.2,3.68
4182,0.21,3.8
4183,0.21,3.95
4184,0.21,4.13
4185,0.21,4.36
4186,0.22,4.62
4187,0.22,4.92
4188,0.22,5.26
4189,0.22,5.64
4190,0.22,6.04
4191,0.22,6.45
4192,0.22,6.86
4193,0.22,7.26
4194,0.22,7.64
4195,0.22,8.01
4196,0.22,8.36
4197,0.22,8.67
4198,0.21,8.93
4199,0.21,9.15
4200,0.2,9.29
4201,0.19,9.35
4202,0.19,9.35
4203,0.18,9.29
4204,0.18,9.17
4205,0.17,8.99
4206,0.17,8.77
4207,0.17,8.51
4208,0.16,8.2
4209,0.15,7.88
4210,0.15,7.53
4211,0.15,7.18
4212,0.15,6.83
4213,0.15,6.49
4214,0.15,6.15
4215,0.15,5.83
4216,0.15,5.52
4217,0.15,5.21
4218,0.15,4.92
4219,0.15,4.65
4220,0.15,4.41
4221,0.16,4.19
4222,0.16,4.0
4223,0.16,3.84
4224,0.16,3.7
4225,0.17,3.59
4226,0.17,3.52
4227,0.17,3.48
4228,0.18,3.46
4229,0.18,3.48
4230,0.19,3.52
4231,0.19,3.59
4232,0.19,3.68
4233,0.19,3.81
4234,0.2,3.96
4235,0.2,4.14
4236,0.21,4.36
4237,0.21,4.63
4238,0.21,4.94
4239,0.21,5.29
4240,0.21,5.66
4241,0.21,6.06
4242,0.21,6.45
4243,0.21,6.85
4244,0.21,7.23
4245,0.21,7.6
4246,0.21,7.96
4247,0.21,8.29
4248,0.21,8.59
4249,0.2,8.83
4250,0.19,9.02
4251,0.19,9.14
4252,0.18,9.19
4253,0.17,9.16
4254,0.17,9.08
4255,0.17,8.95
4256,0.16,8.76
4257,0.15,8.53
4258,0.15,8.27
4259,0.15,7.96
4260,0.14,7.64
4261,0.14,7.3
4262,0.14,6.96
4263,0.14,6.63
4264,0.14,6.3
4265,0.14,5.98
4266,0.13,5.66
4267,0.13,5.36
4268,0.13,5.07
4269,0.14,4.79
4270,0.14,4.53
4271,0.14,4.3
4272,0.15,4.1
4273,0.15,3.92
4274,0.15,3.77
4275,0.15,3.64
4276,0.15,3.55
4277,0.16,3.48
4278,0.16,3.45
4279,0.17,3.44
4280,0.17,3.46
4281,0.18,3.52
4282,0.18,3.59
4283,0.18,3.7
4284,0.18,3.83
4285,0.19,3.99
4286,0.19,4.18
4287,0.19,4.41
4288,0.19,4.68
4289,0.2,4.99
4290,0.2,5.32
4291,0.2,5.7
4292,0.2,6.09
4293,0.2,6.48
4294,0.2,6.86
4295,0.2,7.23
4296,0.19,7.59
4297,0.19,7.93
4298,0.19,8.24
4299,0.19,8.51
4300,0.18,8.73
4301,0.17,8.89
4302,0.17,8.99
4303,0.17,9.0
4304,0.17,8.96
4305,0.16,8.87
4306,0.16,8.71
4307,0.15,8.51
4308,0.15,8.28
4309,0.14,8.0
4310,0.13,7.69
4311,0.13,7.38
4312,0.13,7.04
4313,0.13,6.71
4314,0.13,6.39
4315,0.13,6.07
4316,0.13,5.76
4317,0.13,5.47
4318,0.13,5.18
4319,0.13,4.89
4320,0.13,4.63
4321,0.13,4.39
4322,0.13,4.17
4323,0.13,3.99
4324,0.14,3.82
4325,0.14,3.69
4326,0.14,3.58
4327,0.15,3.5
4328,0.15,3.45
4329,0.15,3.43
4330,0.16,3.44
4331,0.16,3.48
4332,0.17,3.54
4333,0.17,3.63
4334,0.17,3.74
4335,0.17,3.88
4336,0.17,4.05
4337,0.18,4.25
4338,0.18,4.5
4339,0.19,4.79
4340,0.19,5.11
4341,0.19,5.46
4342,0.19,5.82
4343,0.19,6.2
4344,0.18,6.58
4345,0.19,6.94
4346,0.18,7.3
4347,0.19,7.64
4348,0.19,7.96
4349,0.18,8.24
4350,0.17,8.47
4351,0.17,8.65
4352,0.16,8.77
4353,0.16,8.82
4354,0.16,8.8
4355,0.15,8.73
4356,0.15,8.61
4357,0.14,8.43
4358,0.14,8.22
4359,0.13,7.97
4360,0.13,7.69
4361,0.12,7.39
4362,0.12,7.07
4363,0.12,6.75
4364,0.12,6.43
4365,0.12,6.12
4366,0.12,5.81
4367,0.12,5.52
4368,0.11,5.23
4369,0.12,4.96
4370,0.12,4.69
4371,0.12,4.45
4372,0.12,4.23
4373,0.13,4.03
4374,0.13,3.86
4375,0.13,3.72
4376,0.13,3.6
4377,0.13,3.51
4378,0.14,3.45
4379,0.14,3.42
4380,0.15,3.42
4381,0.15,3.44
4382,0.15,3.49
4383,0.15,3.57
4384,0.15,3.67
4385,0.16,3.79
4386,0.16,3.94
4387,0.17,4.13
4388,0.17,4.35
4389,0.17,4.61
4390,0.17,4.91
4391,0.17,5.24
4392,0.17,5.59
4393,0.17,5.95
4394,0.17,6.32
4395,0.17,6.68
4396,0.17,7.03
4397,0.17,7.37
4398,0.17,7.69
4399,0.17,7.98
4400,0.17,8.23
4401,0.16,8.43
4402,0.15,8.57
4403,0.15,8.66
4404,0.15,8.68
4405,0.14,8.63
4406,0.14,8.53
4407,0.13,8.39
4408,0.13,8.19
4409,0.12,7.97
4410,0.12,7.71
4411,0.11,7.42
4412,0.11,7.12
4413,0.11,6.81
4414,0.11,6.5
4415,0.11,6.19
4416,0.11,5.89
4417,0.11,5.6
4418,0.11,5.32
4419,0.11,5.04
4420,0.11,4.78
4421,0.11,4.53
4422,0.11,4.3
4423,0.11,4.1
4424,0.11,3.92
4425,0.11,3.77
4426,0.12,3.64
4427,0.12,3.54
4428,0.13,3.47
4429,0.13,3.42
4430,0.13,3.4
4431,0.13,3.41
4432,0.14,3.45
4433,0.14,3.51
4434,0.15,3.59
4435,0.15,3.7
4436,0.15,3.84
4437,0.15,4.01
4438,0.15,4.21
4439,0.16,4.45
4440,0.16,4.72
4441,0.17,5.02
4442,0.17,5.34
4443,0.16,5.69
4444,0.16,6.05
4445,0.17,6.4
4446,0.16,6.75
4447,0.16,7.09
4448,0.16,7.41
4449,0.16,7.71
4450,0.15,7.98
4451,0.15,8.2
4452,0.15,8.37
4453,0.14,8.48
4454,0.13,8.52
4455,0.13,8.51
4456,0.13,8.44
4457,0.13,8.32
4458,0.12,8.16
4459,0.11,7.96
4460,0.11,7.73
4461,0.11,7.46
4462,0.1,7.17
4463,0.1,6.88
4464,0.1,6.57
4465,0.1,6.27
4466,0.1,5.97
4467,0.1,5.68
4468,0.09,5.4
4469,0.1,5.13
4470,0.1,4.87
4471,0.1,4.61
4472,0.1,4.38
4473,0.11,4.16
4474,0.11,3.98
4475,0.11,3.81
4476,0.11,3.68
4477,0.11,3.56
4478,0.11,3.48
4479,0.12,3.42
4480,0.12,3.39
4481,0.13,3.39
4482,0.13,3.41
4483,0.13,3.46
4484,0.13,3.53
4485,0.13,3.63
4486,0.14,3.75
4487,0.14,3.89
4488,0.14,4.07
4489,0.15,4.28
4490,0.15,4.53
4491,0.15,4.81
4492,0.15,5.12
4493,0.15,5.45
4494,0.15,5.79
4495,0.15,6.14
4496,0.15,6.49
4497,0.15,6.83
4498,0.15,7.15
4499,0.15,7.45
4500,0.15,7.73
4501,0.15,7.97
4502,0.13,8.16
4503,0.13,8.3
4504,0.13,8.37
4505,0.13,8.39
4506,0.12,8.34
4507,0.11,8.25
4508,0.11,8.11
4509,0.11,7.93
4510,0.1,7.72
4511,0.1,7.47
4512,0.09,7.2
4513,0.09,6.91
4514,0.09,6.62
4515,0.09,6.32
4516,0.09,6.03
4517,0.09,5.75
4518,0.09,5.47
4519,0.09,5.2
4520,0.09,4.93
4521,0.09,4.68
4522,0.09,4.44
4523,0.09,4.22
4524,0.09,4.03
4525,0.09,3.86
4526,0.09,3.71
4527,0.1,3.59
4528,0.11,3.49
4529,0.11,3.43
4530,0.11,3.38
4531,0.11,3.37
4532,0.11,3.38
4533,0.12,3.41
4534,0.12,3.47
4535,0.12,3.55
4536,0.12,3.66
4537,0.13,3.79
4538,0.13,3.95
4539,0.13,4.14
4540,0.14,4.37
4541,0.14,4.62
4542,0.14,4.9
4543,0.14,5.21
4544,0.14,5.54
4545,0.14,5.88
4546,0.14,6.21
4547,0.14,6.55
4548,0.14,6.87
4549,0.14,7.18
4550,0.14,7.46
4551,0.13,7.71
4552,0.13,7.92
4553,0.13,8.09
4554,0.12,8.2
4555,0.11,8.24
4556,0.11,8.23
4557,0.11,8.17
4558,0.11,8.05
4559,0.1,7.9
4560,0.1,7.71
4561,0.09,7.48
4562,0.09,7.23
4563,0.09,6.96
4564,0.09,6.68
4565,0.08,6.39
4566,0.08,6.11
4567,0.08,5.83
4568,0.08,5.55
4569,0.09,5.28
4570,0.08,5.02
4571,0.08,4.77
4572,0.08,4.53
4573,0.09,4.3
4574,0.08,4.1
4575,0.09,3.92
4576,0.09,3.77
4577,0.09,3.63
4578,0.09,3.53
4579,0.09,3.44
4580,0.09,3.39
4581,0.1,3.36
4582,0.1,3.35
4583,0.11,3.37
4584,0.11,3.42
4585,0.11,3.49
4586,0.11,3.58
4587,0.11,3.7
4588,0.12,3.83
4589,0.12,4.0
4590,0.13,4.2
4591,0.13,4.42
4592,0.13,4.68
4593,0.13,4.98
4594,0.13,5.29
4595,0.13,5.61
4596,0.13,5.95
4597,0.13,6.27
4598,0.13,6.59
4599,0.13,6.9
4600,0.13,7.19
4601,0.13,7.45
4602,0.12,7.68
4603,0.12,7.87
4604,0.11,8.0
4605,0.11,8.08
4606,0.1,8.1
4607,0.11,8.06
4608,0.09,7.98
4609,0.09,7.85
4610,0.09,7.69
4611,0.09,7.49
4612,0.08,7.27
4613,0.08,7.02
4614,0.07,6.74
4615,0.07,6.47
4616,0.07,6.19
4617,0.07,5.91
4618,0.07,5.64
4619,0.07,5.38
4620,0.07,5.12
4621,0.07,4.87
4622,0.07,4.62
4623,0.07,4.39
4624,0.08,4.18
4625,0.08,3.99
4626,0.08,3.83
4627,0.08,3.68
4628,0.08,3.56
4629,0.08,3.47
4630,0.09,3.4
4631,0.09,3.36
4632,0.09,3.34
4633,0.09,3.35
4634,0.1,3.38
4635,0.1,3.43
4636,0.11,3.5
4637,0.11,3.6
4638,0.11,3.72
4639,0.11,3.86
4640,0.11,4.04
4641,0.11,4.25
4642,0.12,4.49
4643,0.12,4.76
4644,0.12,5.05
4645,0.12,5.36
4646,0.12,5.67
4647,0.12,5.99
4648,0.12,6.31
4649,0.12,6.62
4650,0.12,6.91
4651,0.12,7.18
4652,0.12,7.43
4653,0.11,7.64
4654,0.11,7.8
4655,0.1,7.91
4656,0.1,7.97
4657,0.09,7.97
4658,0.09,7.92
4659,0.09,7.82
4660,0.09,7.68
4661,0.08,7.51
4662,0.08,7.31
4663,0.07,7.08
4664,0.07,6.83
4665,0.07,6.56
4666,0.07,6.29
4667,0.07,6.02
4668,0.07,5.76
4669,0.07,5.49
4670,0.07,5.24
4671,0.07,4.99
4672,0.06,4.74
4673,0.07,4.51
4674,0.07,4.29
4675,0.07,4.09
4676,0.07,3.91
4677,0.07,3.76
4678,0.07,3.62
4679,0.07,3.52
4680,0.07,3.43
4681,0.08,3.37
4682,0.08,3.34
4683,0.09,3.33
4684,0.09,3.34
4685,0.09,3.38
4686,0.09,3.44
4687,0.09,3.52
4688,0.1,3.62
4689,0.1,3.75
4690,0.11,3.91
4691,0.11,4.09
4692,0.1,4.3
4693,0.11,4.54
4694,0.11,4.81
4695,0.11,5.1
4696,0.11,5.41
4697,0.11,5.72
4698,0.11,6.03
4699,0.11,6.34
4700,0.11,6.64
4701,0.11,6.92
4702,0.11,7.18
4703,0.11,7.41
4704,0.1,7.6
4705,0.09,7.74
4706,0.09,7.84
4707,0.09,7.87
4708,0.09,7.85
4709,0.09,7.78
4710,0.08,7.67
4711,0.07,7.52
4712,0.07,7.35
4713,0.07,7.13
4714,0.06,6.9
4715,0.06,6.65
4716,0.06,6.39
4717,0.06,6.12
4718,0.06,5.86
4719,0.06,5.6
4720,0.06,5.35
4721,0.06,5.1
4722,0.06,4.86
4723,0.06,4.62
4724,0.06,4.4
4725,0.06,4.19
4726,0.06,4.0
4727,0.06,3.83
4728,0.06,3.69
4729,0.06,3.56
4730,0.07,3.47
4731,0.07,3.39
4732,0.07,3.34
4733,0.07,3.31
4734,0.08,3.31
4735,0.07,3.33
4736,0.08,3.38
4737,0.08,3.44
4738,0.09,3.53
4739,0.09,3.64
4740,0.09,3.78
4741,0.09,3.94
4742,0.1,4.13
4743,0.1,4.34
4744,0.1,4.58
4745,0.11,4.85
4746,0.11,5.14
4747,0.11,5.44
4748,0.1,5.75
4749,0.1,6.05
4750,0.1,6.34
4751,0.11,6.63
4752,0.11,6.91
4753,0.1,7.15
4754,0.09,7.37
4755,0.09,7.54
4756,0.09,7.67
4757,0.09,7.73
4758,0.08,7.75
4759,0.08,7.72
4760,0.07,7.64
4761,0.07,7.52
4762,0.07,7.37
4763,0.06,7.19
4764,0.06,6.98
4765,0.06,6.75
4766,0.06,6.5
4767,0.06,6.25
4768,0.06,5.99
4769,0.06,5.73
4770,0.05,5.48
4771,0.06,5.23
4772,0.05,4.99
4773,0.05,4.75
4774,0.05,4.52
4775,0.05,4.31
4776,0.05,4.11
4777,0.06,3.93
4778,0.06,3.77
4779,0.06,3.64
4780,0.06,3.52
4781,0.06,3.43
4782,0.06,3.37
4783,0.07,3.32
4784,0.07,3.3
4785,0.07,3.31
4786,0.07,3.34
4787,0.08,3.39
4788,0.08,3.46
4789,0.08,3.56
4790,0.08,3.68
4791,0.09,3.82
4792,0.09,3.98
4793,0.09,4.17
4794,0.09,4.39
4795,0.09,4.63
4796,0.09,4.9
4797,0.1,5.19
4798,0.09,5.49
4799,0.09,5.78
4800,0.09,6.08
4801,0.09,6.37
4802,0.09,6.65
4803,0.09,6.9
4804,0.09,7.13
4805,0.09,7.33
4806,0.08,7.49
4807,0.08,7.59
4808,0.07,7.65
4809,0.07,7.65
4810,0.07,7.6
4811,0.06,7.51
4812,0.06,7.39
4813,0.06,7.23
4814,0.06,7.04
4815,0.06,6.83
4816,0.05,6.59
4817,0.05,6.35
4818,0.05,6.09
4819,0.04,5.84
4820,0.04,5.59
4821,0.04,5.35
4822,0.04,5.11
4823,0.04,4.87
4824,0.04,4.64
4825,0.04,4.42
4826,0.04,4.22
4827,0.04,4.03
4828,0.05,3.86
4829,0.04,3.71
4830,0.05,3.58
4831,0.06,3.48
4832,0.06,3.4
4833,0.06,3.34
4834,0.06,3.3
4835,0.06,3.29
4836,0.07,3.3
4837,0.07,3.34
4838,0.07,3.4
4839,0.07,3.48
4840,0.07,3.58
4841,0.07,3.7
4842,0.08,3.84
4843,0.07,4.01
4844,0.08,4.2
4845,0.08,4.42
4846,0.09,4.67
4847,0.09,4.94
4848,0.09,5.22
4849,0.09,5.52
4850,0.09,5.81
4851,0.09,6.1
4852,0.09,6.38
4853,0.09,6.64
4854,0.09,6.89
4855,0.08,7.11
4856,0.08,7.29
4857,0.07,7.43
4858,0.07,7.52
4859,0.07,7.56
4860,0.06,7.55
4861,0.06,7.5
4862,0.06,7.4
4863,0.06,7.26
4864,0.05,7.1
4865,0.05,6.91
4866,0.04,6.7
4867,0.04,6.47
4868,0.04,6.22
4869,0.04,5.98
4870,0.04,5.73
4871,0.04,5.48
4872,0.04,5.24
4873,0.04,5.01
4874,0.04,4.78
4875,0.04,4.56
4876,0.04,4.34
4877,0.04,4.14
4878,0.04,3.96
4879,0.04,3.8
4880,0.04,3.66
4881,0.04,3.54
4882,0.04,3.45
4883,0.05,3.37
4884,0.05,3.32
4885,0.06,3.29
4886,0.06,3.29
4887,0.06,3.31
4888,0.06,3.34
4889,0.06,3.41
4890,0.06,3.49
4891,0.07,3.6
4892,0.07,3.72
4893,0.07,3.87
4894,0.07,4.04
4895,0.07,4.23
4896,0.07,4.46
4897,0.08,4.7
4898,0.07,4.97
4899,0.08,5.25
4900,0.08,5.54
4901,0.08,5.82
4902,0.08,6.1
4903,0.08,6.37
4904,0.07,6.62
4905,0.07,6.86
4906,0.07,7.06
4907,0.07,7.23
4908,0.07,7.35
4909,0.06,7.43
4910,0.06,7.45
4911,0.06,7.43
4912,0.06,7.37
4913,0.06,7.27
4914,0.05,7.13
4915,0.04,6.97
4916,0.04,6.77
4917,0.04,6.56
4918,0.04,6.33
4919,0.04,6.09
4920,0.03,5.85
4921,0.03,5.61
4922,0.03,5.37
4923,0.03,5.14
4924,0.03,4.91
4925,0.03,4.69
4926,0.03,4.47
4927,0.03,4.26
4928,0.04,4.07
4929,0.04,3.9
4930,0.04,3.75
4931,0.04,3.61
4932,0.04,3.5
4933,0.04,3.42
4934,0.04,3.35
4935,0.04,3.31
4936,0.05,3.29
4937,0.05,3.29
4938,0.06,3.31
4939,0.06,3.35
4940,0.06,3.42
4941,0.06,3.51
4942,0.06,3.62
4943,0.06,3.75
4944,0.06,3.9
4945,0.07,4.08
4946,0.07,4.28
4947,0.07,4.5
4948,0.07,4.75
4949,0.07,5.01
4950,0.07,5.29
4951,0.07,5.57
4952,0.07,5.85
4953,0.07,6.12
4954,0.07,6.38
4955,0.07,6.63
4956,0.07,6.85
4957,0.07,7.04
4958,0.06,7.19
4959,0.06,7.3
4960,0.06,7.36
4961,0.06,7.37
4962,0.05,7.34
4963,0.05,7.27
4964,0.04,7.16
4965,0.04,7.02
4966,0.04,6.85
4967,0.04,6.65
4968,0.03,6.44
4969,0.03,6.21
4970,0.03,5.98
4971,0.02,5.74
4972,0.02,5.5
4973,0.02,5.27
4974,0.03,5.04
4975,0.03,4.82
4976,0.03,4.6
4977,0.03,4.39
4978,0.02,4.19
4979,0.03,4.01
4980,0.03,3.84
4981,0.03,3.7
4982,0.03,3.57
4983,0.03,3.47
4984,0.03,3.39
4985,0.04,3.33
4986,0.04,3.3
4987,0.04,3.28
4988,0.04,3.29
4989,0.05,3.32
4990,0.05,3.37
4991,0.05,3.44
4992,0.06,3.52
4993,0.05,3.64
4994,0.06,3.77
4995,0.06,3.93
4996,0.06,4.11
4997,0.06,4.31
4998,0.07,4.54
4999,0.06,4.79
5000,0.06,5.05
5001,0.06,5.32
5002,0.07,5.59
5003,0.07,5.86
5004,0.07,6.12
5005,0.07,6.37
5006,0.06,6.6
5007,0.06,6.81
5008,0.06,6.99
5009,0.06,7.13
5010,0.05,7.22
5011,0.05,7.27
5012,0.04,7.27
5013,0.04,7.23
5014,0.04,7.15
5015,0.04,7.04
5016,0.03,6.89
5017,0.03,6.72
5018,0.02,6.53
5019,0.02,6.32
5020,0.02,6.09
5021,0.02,5.86
5022,0.02,5.63
5023,0.02,5.4
5024,0.02,5.18
5025,0.02,4.95
5026,0.02,4.74
5027,0.02,4.52
5028,0.02,4.32
5029,0.02,4.13
5030,0.02,3.95
5031,0.02,3.79
5032,0.02,3.65
5033,0.02,3.53
5034,0.03,3.44
5035,0.03,3.36
5036,0.03,3.31
5037,0.04,3.28
5038,0.04,3.27
5039,0.04,3.29
5040,0.04,3.32
5041,0.04,3.38
5042,0.04,3.45
5043,0.05,3.54
5044,0.05,3.65
5045,0.05,3.79
5046,0.06,3.94
5047,0.06,4.13
5048,0.06,4.34
5049,0.06,4.57
5050,0.06,4.82
5051,0.06,5.08
5052,0.06,5.35
5053,0.06,5.61
5054,0.06,5.88
5055,0.06,6.13
5056,0.06,6.38
5057,0.06,6.6
5058,0.06,6.79
5059,0.06,6.96
5060,0.05,7.09
5061,0.05,7.17
5062,0.04,7.2
5063,0.04,7.19
5064,0.04,7.14
5065,0.04,7.05
5066,0.03,6.94
5067,0.03,6.78
5068,0.02,6.61
5069,0.02,6.41
5070,0.02,6.21
5071,0.02,5.98
5072,0.02,5.76
5073,0.02,5.53
5074,0.02,5.31
5075,0.02,5.08
5076,0.02,4.87
5077,0.01,4.65
5078,0.02,4.45
5079,0.01,4.25
5080,0.02,4.06
5081,0.02,3.89
5082,0.02,3.74
5083,0.02,3.61
5084,0.02,3.5
5085,0.02,3.41
5086,0.02,3.34
5087,0.03,3.29
5088,0.03,3.27
5089,0.03,3.27
5090,0.04,3.28
5091,0.04,3.32
5092,0.04,3.38
5093,0.04,3.46
5094,0.04,3.56
5095,0.04,3.68
5096,0.05,3.82
5097,0.05,3.98
5098,0.05,4.16
5099,0.05,4.37
5100,0.06,4.6
5101,0.06,4.84
5102,0.06,5.1
5103,0.06,5.37
5104,0.06,5.63
5105,0.06,5.89
5106,0.06,6.14
5107,0.06,6.37
5108,0.05,6.58
5109,0.05,6.77
5110,0.05,6.92
5111,0.04,7.04
5112,0.04,7.11
5113,0.04,7.13
5114,0.04,7.11
5115,0.03,7.05
5116,0.03,6.96
5117,0.02,6.83
5118,0.02,6.68
5119,0.02,6.5
5120,0.02,6.3
5121,0.02,6.09
5122,0.01,5.87
5123,0.01,5.65
5124,0.02,5.43
5125,0.01,5.21
5126,0.01,4.99
5127,0.01,4.78
5128,0.01,4.57
5129,0.01,4.37
5130,0.01,4.18
5131,0.01,4.0
5132,0.02,3.84
5133,0.01,3.69
5134,0.02,3.57
5135,0.02,3.47
5136,0.02,3.38
5137,0.02,3.32
5138,0.02,3.28
5139,0.02,3.27
5140,0.03,3.27
5141,0.03,3.29
5142,0.04,3.34
5143,0.04,3.4
5144,0.04,3.48
5145,0.04,3.58
5146,0.04,3.7
5147,0.04,3.85
5148,0.05,4.01
5149,0.05,4.2
5150,0.05,4.41
5151,0.05,4.64
5152,0.05,4.89
5153,0.05,5.14
5154,0.05,5.4
5155,0.05,5.66
5156,0.05,5.91
5157,0.05,6.15
5158,0.05,6.37
5159,0.05,6.57
5160,0.04,6.75
5161,0.04,6.89
5162,0.04,6.99
5163,0.04,7.05
5164,0.03,7.06
5165,0.03,7.04
5166,0.02,6.97
5167,0.02,6.88
5168,0.02,6.75
5169,0.02,6.59
5170,0.02,6.41
5171,0.02,6.22
5172,0.01,6.01
5173,0.01,5.79
5174,0.01,5.57
5175,0.0,5.36
5176,0.0,5.14
5177,0.0,4.93
5178,0.01,4.72
5179,0.0,4.52
5180,0.0,4.32
5181,0.0,4.13
5182,0.01,3.96
5183,0.01,3.8
5184,0.01,3.66
5185,0.01,3.54
5186,0.01,3.44
5187,0.02,3.36
5188,0.01,3.31
5189,0.02,3.27
5190,0.02,3.26
5191,0.02,3.26
5192,0.02,3.29
5193,0.03,3.33
5194,0.03,3.4
5195,0.03,3.48
5196,0.04,3.59
5197,0.04,3.71
5198,0.04,3.85
5199,0.04,4.02
5200,0.04,4.2
5201,0.05,4.41
5202,0.04,4.64
5203,0.04,4.88
5204,0.05,5.13
5205,0.04,5.38
5206,0.04,5.64
5207,0.04,5.88
5208,0.05,6.12
5209,0.04,6.34
5210,0.04,6.54
5211,0.04,6.71
5212,0.04,6.85
5213,0.04,6.96
5214,0.03,7.01
5215,0.03,7.03
5216,0.03,7.0
5217,0.02,6.94
5218,0.02,6.85
5219,0.02,6.72
5220,0.01,6.57
5221,0.01,6.39
5222,0.01,6.2
5223,0.0,6.0
5224,0.0,5.78
5225,0.0,5.56
5226,0.0,5.35
5227,0.0,5.13
5228,0.0,4.92
5229,0.0,4.72
5230,0.0,4.51
5231,0.0,4.32
5232,0.0,4.13
5233,0.0,3.96
5234,0.0,3.8
5235,0.0,3.66
5236,0.0,3.54
5237,0.01,3.44
5238,0.01,3.36
5239,0.01,3.3
5240,0.02,3.27
5241,0.02,3.26
5242,0.02,3.26
5243,0.02,3.29
5244,0.02,3.33
5245,0.03,3.39
5246,0.03,3.48
5247,0.03,3.57
5248,0.04,3.69
5249,0.04,3.83
5250,0.04,3.99
5251,0.04,4.17
5252,0.04,4.38
5253,0.04,4.61
5254,0.04,4.86
5255,0.04,5.11
5256,0.04,5.36
5257,0.04,5.61
5258,0.04,5.85
5259,0.04,6.08
5260,0.04,6.3
5261,0.04,6.5
5262,0.04,6.67
5263,0.04,6.81
5264,0.03,6.92
5265,0.03,6.98
5266,0.02,7.01
5267,0.02,6.99
5268,0.02,6.93
5269,0.02,6.85
5270,0.02,6.72
5271,0.01,6.58
5272,0.01,6.41
5273,0.0,6.22
5274,0.0,6.02
5275,-0.0,5.81
5276,-0.0,5.59
5277,-0.0,5.37
5278,-0.0,5.16
5279,-0.0,4.95
5280,-0.0,4.74
5281,-0.0,4.53
5282,-0.0,4.34
5283,-0.0,4.15
5284,-0.0,3.97
5285,0.0,3.81
5286,0.0,3.68
5287,0.0,3.56
5288,0.0,3.46
5289,0.01,3.38
5290,0.01,3.32
5291,0.01,3.29
5292,0.02,3.28
5293,0.02,3.28
5294,0.02,3.31
5295,0.02,3.36
5296,0.02,3.42
5297,0.02,3.51
5298,0.02,3.61
5299,0.03,3.73
5300,0.03,3.87
5301,0.03,4.03
5302,0.03,4.21
5303,0.04,4.42
5304,0.04,4.65
5305,0.04,4.89
5306,0.04,5.13
5307,0.04,5.38
5308,0.04,5.63
5309,0.04,5.87
5310,0.04,6.09
5311,0.04,6.3
5312,0.03,6.5
5313,0.03,6.66
5314,0.03,6.79
5315,0.02,6.88
5316,0.02,6.94
5317,0.02,6.96
5318,0.02,6.93
5319,0.02,6.87
5320,0.01,6.78
5321,0.01,6.65
5322,0.01,6.5
5323,0.0,6.33
5324,-0.0,6.14
5325,-0.0,5.94
5326,-0.0,5.73
5327,-0.0,5.51
5328,-0.0,5.3
5329,-0.01,5.09
5330,-0.01,4.88
5331,-0.0,4.67
5332,-0.01,4.47
5333,-0.01,4.28
5334,-0.01,4.1
5335,-0.0,3.93
5336,-0.0,3.77
5337,-0.0,3.64
5338,0.0,3.53
5339,-0.0,3.44
5340,-0.0,3.37
5341,0.0,3.32
5342,0.0,3.29
5343,0.02,3.28
5344,0.02,3.29
5345,0.01,3.32
5346,0.02,3.38
5347,0.02,3.45
5348,0.02,3.54
5349,0.03,3.64
5350,0.02,3.77
5351,0.03,3.91
5352,0.03,4.08
5353,0.03,4.27
5354,0.03,4.48
5355,0.04,4.7
5356,0.04,4.93
5357,0.04,5.18
5358,0.04,5.42
5359,0.04,5.67
5360,0.03,5.9
5361,0.03,6.11
5362,0.03,6.32
5363,0.03,6.5
5364,0.03,6.65
5365,0.02,6.77
5366,0.02,6.85
5367,0.02,6.9
5368,0.02,6.9
5369,0.02,6.86
5370,0.01,6.79
5371,0.0,6.68
5372,0.0,6.55
5373,0.0,6.4
5374,0.0,6.22
5375,-0.0,6.04
5376,-0.0,5.83
5377,-0.01,5.62
5378,-0.01,5.41
5379,-0.01,5.2
5380,-0.01,4.99
5381,-0.01,4.79
5382,-0.01,4.59
5383,-0.01,4.39
5384,-0.01,4.2
5385,-0.0,4.03
5386,-0.01,3.87
5387,-0.0,3.72
5388,-0.0,3.6
5389,-0.0,3.49
5390,-0.0,3.41
5391,0.0,3.35
5392,0.0,3.3
5393,0.0,3.28
5394,0.01,3.28
5395,0.01,3.3
5396,0.01,3.34
5397,0.02,3.39
5398,0.02,3.46
5399,0.02,3.55
5400,0.02,3.66
5401,0.02,3.79
5402,0.02,3.94
5403,0.02,4.11
5404,0.03,4.31
5405,0.03,4.52
5406,0.03,4.75
5407,0.03,4.99
5408,0.03,5.23
5409,0.03,5.47
5410,0.03,5.7
5411,0.03,5.93
5412,0.03,6.14
5413,0.03,6.34
5414,0.02,6.51
5415,0.02,6.65
5416,0.02,6.76
5417,0.02,6.83
5418,0.02,6.87
5419,0.01,6.87
5420,0.01,6.82
5421,0.01,6.74
5422,0.0,6.64
5423,0.0,6.5
5424,0.0,6.34
5425,-0.0,6.17
5426,-0.01,5.98
5427,-0.01,5.78
5428,-0.01,5.57
5429,-0.01,5.36
5430,-0.01,5.15
5431,-0.01,4.94
5432,-0.01,4.74
5433,-0.02,4.54
5434,-0.02,4.35
5435,-0.01,4.16
5436,-0.01,3.99
5437,-0.01,3.83
5438,-0.01,3.69
5439,-0.0,3.57
5440,-0.0,3.47
5441,-0.0,3.39
5442,-0.0,3.33
5443,0.0,3.29
5444,0.0,3.27
5445,0.01,3.28
5446,0.01,3.3
5447,0.01,3.34
5448,0.01,3.4
5449,0.02,3.48
5450,0.02,3.58
5451,0.02,3.69
5452,0.02,3.82
5453,0.02,3.98
5454,0.02,4.15
5455,0.03,4.35
5456,0.03,4.56
5457,0.03,4.79
5458,0.03,5.02
5459,0.03,5.26
5460,0.03,5.5
5461,0.03,5.73
5462,0.03,5.95
5463,0.03,6.16
5464,0.02,6.35
5465,0.02,6.51
5466,0.02,6.65
5467,0.02,6.75
5468,0.02,6.81
5469,0.01,6.83
5470,0.02,6.81
5471,0.0,6.77
5472,0.0,6.68
5473,-0.0,6.57
5474,-0.0,6.42
5475,-0.0,6.26
5476,-0.0,6.08
5477,-0.01,5.89
5478,-0.01,5.68
5479,-0.02,5.47
5480,-0.02,5.27
5481,-0.01,5.06
5482,-0.02,4.86
5483,-0.02,4.66
5484,-0.01,4.46
5485,-0.02,4.27
5486,-0.02,4.09
5487,-0.02,3.92
5488,-0.01,3.77
5489,-0.01,3.64
5490,-0.01,3.53
5491,-0.0,3.44
5492,-0.0,3.37
5493,-0.0,3.32
5494,-0.0,3.29
5495,0.0,3.28
5496,0.0,3.29
5497,0.0,3.31
5498,0.0,3.36
5499,0.01,3.42
5500,0.01,3.51
5501,0.02,3.61
5502,0.02,3.73
5503,0.02,3.87
5504,0.02,4.04
5505,0.02,4.22
5506,0.02,4.42
5507,0.02,4.64
5508,0.02,4.87
5509,0.02,5.1
5510,0.02,5.34
5511,0.02,5.57
5512,0.03,5.8
5513,0.02,6.01
5514,0.02,6.21
5515,0.02,6.39
5516,0.02,6.54
5517,0.02,6.66
5518,0.02,6.75
5519,0.02,6.8
5520,0.01,6.8
5521,0.01,6.77
5522,-0.0,6.71
5523,0.0,6.61
5524,-0.0,6.49
5525,-0.0,6.34
5526,-0.01,6.17
5527,-0.01,5.98
5528,-0.02,5.79
5529,-0.02,5.58
5530,-0.02,5.38
5531,-0.02,5.17
5532,-0.02,4.97
5533,-0.02,4.77
5534,-0.02,4.57
5535,-0.02,4.38
5536,-0.02,4.19
5537,-0.02,4.02
5538,-0.02,3.86
5539,-0.01,3.72
5540,-0.01,3.59
5541,-0.01,3.48
5542,-0.01,3.4
5543,-0.0,3.34
5544,-0.0,3.3
5545,-0.0,3.27
5546,-0.0,3.27
5547,0.0,3.29
5548,0.0,3.32
5549,0.01,3.37
5550,0.01,3.44
5551,0.02,3.53
5552,0.01,3.63
5553,0.02,3.76
5554,0.02,3.91
5555,0.02,4.08
5556,0.02,4.27
5557,0.03,4.47
5558,0.03,4.69
5559,0.02,4.92
5560,0.02,5.16
5561,0.02,5.39
5562,0.03,5.62
5563,0.02,5.85
5564,0.02,6.06
5565,0.02,6.25
5566,0.02,6.42
5567,0.02,6.56
5568,0.02,6.67
5569,0.02,6.75
5570,0.01,6.78
5571,0.0,6.77
5572,0.0,6.74
5573,0.0,6.66
5574,-0.0,6.56
5575,-0.0,6.43
5576,-0.0,6.27
5577,-0.0,6.1
5578,-0.01,5.91
5579,-0.01,5.72
5580,-0.02,5.51
5581,-0.02,5.31
5582,-0.02,5.1
5583,-0.02,4.9
5584,-0.02,4.7
5585,-0.02,4.51
5586,-0.02,4.32
5587,-0.02,4.14
5588,-0.01,3.97
5589,-0.01,3.81
5590,-0.01,3.68
5591,-0.02,3.56
5592,-0.01,3.46
5593,-0.01,3.38
5594,-0.01,3.33
5595,-0.01,3.29
5596,-0.0,3.28
5597,-0.0,3.28
5598,0.0,3.31
5599,0.0,3.35
5600,0.0,3.41
5601,0.01,3.48
5602,0.01,3.57
5603,0.02,3.69
5604,0.02,3.82
5605,0.02,3.97
5606,0.02,4.14
5607,0.02,4.34
5608,0.02,4.55
5609,0.02,4.78
5610,0.02,5.01
5611,0.02,5.25
5612,0.02,5.48
5613,0.02,5.71
5614,0.02,5.92
5615,0.02,6.12
5616,0.02,6.31
5617,0.02,6.47
5618,0.02,6.59
5619,0.01,6.69
5620,0.01,6.75
5621,0.0,6.77
5622,0.01,6.75
5623,0.0,6.7
5624,0.0,6.62
5625,-0.0,6.5
5626,-0.01,6.37
5627,-0.01,6.2
5628,-0.01,6.03
5629,-0.02,5.83
5630,-0.02,5.64
5631,-0.02,5.43
5632,-0.02,5.23
5633,-0.02,5.02
5634,-0.02,4.82
5635,-0.02,4.63
5636,-0.02,4.43
5637,-0.02,4.25
5638,-0.02,4.07
5639,-0.02,3.91
5640,-0.02,3.76
5641,-0.01,3.63
5642,-0.01,3.52
5643,-0.01,3.43
5644,-0.01,3.36
5645,-0.01,3.31
5646,-0.0,3.28
5647,-0.0,3.27
5648,0.0,3.28
5649,0.0,3.3
5650,0.0,3.35
5651,0.01,3.42
5652,0.01,3.5
5653,0.01,3.6
5654,0.02,3.72
5655,0.02,3.86
5656,0.02,4.01
5657,0.02,4.19
5658,0.02,4.39
5659,0.02,4.6
5660,0.02,4.82
5661,0.02,5.05
5662,0.02,5.28
5663,0.02,5.52
5664,0.02,5.74
5665,0.02,5.95
5666,0.02,6.15
5667,0.02,6.33
5668,0.02,6.48
5669,0.02,6.6
5670,0.01,6.69
5671,0.01,6.74
5672,0.01,6.75
5673,0.0,6.73
5674,0.0,6.67
5675,-0.0,6.58
5676,-0.0,6.46
5677,-0.01,6.32
5678,-0.02,6.15
5679,-0.01,5.97
5680,-0.02,5.78
5681,-0.02,5.58
5682,-0.01,5.38
5683,-0.02,5.18
5684,-0.02,4.97
5685,-0.02,4.77
5686,-0.02,4.58
5687,-0.02,4.39
5688,-0.02,4.2
5689,-0.02,4.03
5690,-0.02,3.87
5691,-0.02,3.73
5692,-0.02,3.6
5693,-0.01,3.5
5694,-0.01,3.41
5695,-0.01,3.35
5696,-0.0,3.3
5697,-0.0,3.28
5698,-0.0,3.28
5699,-0.0,3.29
5700,0.0,3.32
5701,0.0,3.37
5702,0.0,3.44
5703,0.01,3.52
5704,0.01,3.63
5705,0.01,3.75
5706,0.02,3.88
5707,0.02,4.04
5708,0.02,4.23
5709,0.02,4.43
5710,0.02,4.65
5711,0.02,4.88
5712,0.02,5.11
5713,0.02,5.34
5714,0.02,5.57
5715,0.02,5.79
5716,0.02,6.0
5717,0.02,6.19
5718,0.02,6.35
5719,0.02,6.49
5720,0.02,6.6
5721,0.01,6.68
5722,0.01,6.72
5723,0.01,6.73
5724,0.0,6.7
5725,0.0,6.63
5726,-0.0,6.54
5727,-0.01,6.41
5728,-0.01,6.26
5729,-0.01,6.1
5730,-0.02,5.91
5731,-0.02,5.72
5732,-0.02,5.52
5733,-0.02,5.32
5734,-0.02,5.12
5735,-0.02,4.92
5736,-0.02,4.72
5737,-0.02,4.53
5738,-0.02,4.34
5739,-0.02,4.16
5740,-0.02,3.99
5741,-0.02,3.84
5742,-0.02,3.7
5743,-0.02,3.58
5744,-0.02,3.48
5745,-0.01,3.39
5746,-0.01,3.33
5747,-0.01,3.29
5748,-0.0,3.27
5749,-0.0,3.27
5750,0.0,3.29
5751,0.0,3.33
5752,0.0,3.38
5753,0.0,3.45
5754,0.01,3.54
5755,0.01,3.64
5756,0.02,3.77
5757,0.02,3.91
5758,0.02,4.07
5759,0.02,4.26
5760,0.02,4.46
5761,0.02,4.68
5762,0.02,4.91
5763,0.02,5.14
5764,0.02,5.37
5765,0.02,5.6
5766,0.02,5.82
5767,0.02,6.02
5768,0.02,6.21
5769,0.02,6.38
5770,0.02,6.52
5771,0.02,6.62
5772,0.01,6.69
5773,0.01,6.73
5774,0.0,6.73
5775,0.01,6.69
5776,0.0,6.62
5777,-0.0,6.52
5778,-0.01,6.39
5779,-0.01,6.24
5780,-0.01,6.07
5781,-0.01,5.88
5782,-0.02,5.69
5783,-0.02,5.49
5784,-0.02,5.29
5785,-0.02,5.09
5786,-0.02,4.89
5787,-0.02,4.7
5788,-0.02,4.51
5789,-0.02,4.32
5790,-0.02,4.14
5791,-0.02,3.97
5792,-0.02,3.82
5793,-0.01,3.69
5794,-0.01,3.57
5795,-0.01,3.47
5796,-0.01,3.39
5797,-0.0,3.33
5798,-0.0,3.3
5799,-0.0,3.28
5800,-0.0,3.28
5801,0.0,3.3
5802,0.0,3.34
5803,0.0,3.39
5804,0.01,3.47
5805,0.01,3.56
5806,0.01,3.67
5807,0.01,3.8
5808,0.02,3.94
5809,0.02,4.11
5810,0.02,4.29
5811,0.02,4.49
5812,0.02,4.71
5813,0.02,4.94
5814,0.02,5.17
5815,0.02,5.4
5816,0.02,5.63
5817,0.02,5.85
5818,0.02,6.05
5819,0.02,6.23
5820,0.02,6.4
5821,0.02,6.53
5822,0.02,6.64
5823,0.01,6.7
5824,0.01,6.73
5825,0.0,6.72
5826,0.0,6.69
5827,-0.0,6.61
5828,-0.0,6.5
5829,-0.0,6.37
5830,-0.01,6.22
5831,-0.01,6.04
5832,-0.01,5.86
5833,-0.02,5.66
5834,-0.02,5.46
5835,-0.01,5.26
5836,-0.02,5.06
5837,-0.02,4.86
5838,-0.02,4.67
5839,-0.02,4.48
5840,-0.02,4.29
5841,-0.02,4.12
5842,-0.02,3.95
5843,-0.02,3.8
5844,-0.01,3.67
5845,-0.01,3.56
5846,-0.01,3.46
5847,-0.01,3.39
5848,-0.0,3.33
5849,-0.0,3.3
5850,-0.0,3.28
5851,0.0,3.29
5852,0.0,3.31
5853,0.01,3.35
5854,0.01,3.41
5855,0.01,3.49
5856,0.01,3.58
5857,0.02,3.69
5858,0.02,3.83
5859,0.02,3.98
5860,0.02,4.15
5861,0.02,4.33
5862,0.02,4.54
5863,0.02,4.76
5864,0.02,4.99
5865,0.03,5.22
5866,0.02,5.45
5867,0.03,5.68
5868,0.02,5.89
5869,0.02,6.09
5870,0.02,6.27
5871,0.02,6.43
5872,0.02,6.56
5873,0.01,6.66
5874,0.02,6.71
5875,0.01,6.74
5876,0.0,6.72
5877,0.0,6.68
5878,-0.0,6.6
5879,0.0,6.49
5880,-0.0,6.36
5881,-0.01,6.2
5882,-0.01,6.03
5883,-0.01,5.84
5884,-0.01,5.65
5885,-0.02,5.45
5886,-0.02,5.25
5887,-0.02,5.05
5888,-0.02,4.85
5889,-0.01,4.66
5890,-0.02,4.47
5891,-0.02,4.28
5892,-0.02,4.11
5893,-0.01,3.95
5894,-0.02,3.8
5895,-0.02,3.67
5896,-0.01,3.55
5897,-0.0,3.46
5898,-0.01,3.38
5899,-0.0,3.33
5900,-0.0,3.3
5901,-0.0,3.28
5902,-0.0,3.29
5903,0.0,3.31
5904,0.01,3.35
5905,0.01,3.41
5906,0.01,3.49
5907,0.01,3.58
5908,0.02,3.69
5909,0.02,3.82
5910,0.02,3.97
5911,0.02,4.14
5912,0.02,4.33
5913,0.02,4.54
5914,0.02,4.77
5915,0.03,5.0
5916,0.02,5.23
5917,0.02,5.46
5918,0.02,5.69
5919,0.02,5.9
5920,0.02,6.1
5921,0.02,6.29
5922,0.02,6.44
5923,0.02,6.57
5924,0.02,6.67
5925,0.01,6.72
5926,0.01,6.75
5927,0.01,6.74
5928,0.0,6.69
5929,0.0,6.61
5930,-0.0,6.51
5931,-0.0,6.37
5932,-0.01,6.22
5933,-0.01,6.04
5934,-0.02,5.86
5935,-0.02,5.66
5936,-0.01,5.46
5937,-0.02,5.25
5938,-0.02,5.05
5939,-0.02,4.85
5940,-0.02,4.66
5941,-0.02,4.47
5942,-0.02,4.28
5943,-0.01,4.1
5944,-0.01,3.94
5945,-0.02,3.79
5946,-0.01,3.66
5947,-0.01,3.55
5948,-0.01,3.45
5949,-0.01,3.38
5950,-0.0,3.33
5951,-0.0,3.3
5952,0.0,3.28
5953,0.01,3.29
5954,0.0,3.31
5955,0.01,3.36
5956,0.01,3.41
5957,0.01,3.49
5958,0.01,3.58
5959,0.02,3.7
5960,0.02,3.84
5961,0.02,3.99
5962,0.02,4.17
5963,0.02,4.36
5964,0.02,4.57
5965,0.02,4.79
5966,0.03,5.02
5967,0.02,5.25
5968,0.02,5.49
5969,0.03,5.71
5970,0.03,5.92
5971,0.02,6.12
5972,0.03,6.3
5973,0.02,6.46
5974,0.02,6.58
5975,0.02,6.68
5976,0.02,6.74
5977,0.01,6.76
5978,0.01,6.74
5979,0.01,6.7
5980,0.0,6.62
5981,-0.0,6.51
5982,-0.0,6.38
5983,-0.0,6.22
5984,-0.01,6.05
5985,-0.01,5.86
5986,-0.01,5.66
5987,-0.01,5.46
5988,-0.01,5.26
5989,-0.02,5.06
5990,-0.02,4.86
5991,-0.02,4.66
5992,-0.02,4.47
5993,-0.01,4.29
5994,-0.02,4.11
5995,-0.01,3.95
5996,-0.01,3.8
5997,-0.01,3.67
5998,-0.01,3.55
5999,-0.0,3.46
6000,-0.0,3.39
6001,-0.0,3.33
6002,-0.0,3.3
6003,0.0,3.29
6004,0.0,3.29
6005,0.0,3.32
6006,0.01,3.36
6007,0.01,3.42
6008,0.01,3.49
6009,0.02,3.59
6010,0.02,3.7
6011,0.02,3.83
6012,0.02,3.98
6013,0.02,4.15
6014,0.02,4.34
6015,0.02,4.55
6016,0.02,4.77
6017,0.03,5.01
6018,0.03,5.24
6019,0.03,5.47
6020,0.03,5.7
6021,0.02,5.91
6022,0.02,6.11
6023,0.03,6.3
6024,0.02,6.45
6025,0.02,6.58
6026,0.02,6.68
6027,0.02,6.74
6028,0.02,6.76
6029,0.01,6.76
6030,0.01,6.71
6031,0.0,6.64
6032,0.0,6.53
6033,-0.0,6.4
6034,-0.0,6.25
6035,-0.0,6.07
6036,-0.0,5.89
6037,-0.01,5.69
6038,-0.01,5.49
6039,-0.01,5.29
6040,-0.01,5.09
6041,-0.02,4.89
6042,-0.01,4.7
6043,-0.01,4.51
6044,-0.01,4.32
6045,-0.01,4.14
6046,-0.02,3.98
6047,-0.01,3.83
6048,-0.01,3.7
6049,-0.01,3.58
6050,-0.01,3.48
6051,-0.0,3.41
6052,0.0,3.35
6053,0.0,3.31
6054,0.0,3.3
6055,0.01,3.3
6056,0.01,3.32
6057,0.02,3.35
6058,0.01,3.41
6059,0.02,3.48
6060,0.02,3.57
6061,0.02,3.68
6062,0.02,3.81
6063,0.02,3.96
6064,0.03,4.14
6065,0.03,4.32
6066,0.03,4.53
6067,0.03,4.75
6068,0.03,4.98
6069,0.03,5.21
6070,0.03,5.44
6071,0.03,5.67
6072,0.03,5.89
6073,0.02,6.09
6074,0.03,6.28
6075,0.03,6.44
6076,0.02,6.58
6077,0.02,6.68
6078,0.02,6.75
6079,0.02,6.78
6080,0.02,6.78
6081,0.01,6.73
6082,0.01,6.66
6083,0.0,6.55
6084,0.0,6.43
6085,-0.0,6.28
6086,0.0,6.12
6087,-0.0,5.94
6088,-0.01,5.75
6089,-0.01,5.55
6090,-0.0,5.35
6091,-0.01,5.15
6092,-0.0,4.95
6093,-0.01,4.75
6094,-0.01,4.56
6095,-0.01,4.38
6096,-0.01,4.2
6097,-0.01,4.03
6098,-0.01,3.87
6099,-0.0,3.73
6100,-0.0,3.61
6101,-0.0,3.51
6102,-0.0,3.43
6103,0.0,3.36
6104,0.0,3.32
6105,0.01,3.3
6106,0.01,3.29
6107,0.02,3.31
6108,0.01,3.34
6109,0.02,3.39
6110,0.02,3.46
6111,0.02,3.55
6112,0.02,3.65
6113,0.02,3.78
6114,0.03,3.92
6115,0.02,4.08
6116,0.03,4.27
6117,0.03,4.47
6118,0.03,4.68
6119,0.03,4.91
6120,0.03,5.15
6121,0.03,5.38
6122,0.04,5.62
6123,0.04,5.84
6124,0.03,6.05
6125,0.03,6.25
6126,0.03,6.42
6127,0.02,6.56
6128,0.02,6.68
6129,0.02,6.76
6130,0.02,6.8
6131,0.02,6.8
6132,0.02,6.77
6133,0.01,6.71
6134,0.01,6.62
6135,0.0,6.5
6136,0.0,6.36
6137,-0.0,6.2
6138,0.0,6.02
6139,-0.0,5.84
6140,-0.01,5.64
6141,-0.0,5.44
6142,-0.01,5.24
6143,-0.01,5.04
6144,-0.01,4.84
6145,-0.01,4.65
6146,-0.01,4.46
6147,-0.0,4.27
6148,-0.01,4.1
6149,-0.0,3.94
6150,-0.0,3.79
6151,-0.0,3.66
6152,-0.0,3.55
6153,-0.0,3.46
6154,0.0,3.39
6155,0.01,3.34
6156,0.0,3.31
6157,0.01,3.3
6158,0.01,3.31
6159,0.02,3.33
6160,0.02,3.38
6161,0.02,3.44
6162,0.02,3.52
6163,0.02,3.61
6164,0.02,3.73
6165,0.03,3.87
6166,0.02,4.02
6167,0.02,4.2
6168,0.03,4.4
6169,0.03,4.62
6170,0.03,4.84
6171,0.04,5.07
6172,0.04,5.31
6173,0.04,5.54
6174,0.04,5.77
6175,0.04,5.99
6176,0.03,6.19
6177,0.03,6.37
6178,0.03,6.52
6179,0.02,6.65
6180,0.02,6.74
6181,0.02,6.79
6182,0.02,6.81
6183,0.02,6.8
6184,0.01,6.75
6185,0.02,6.67
6186,0.01,6.55
6187,0.01,6.42
6188,0.0,6.26
6189,0.0,6.09
6190,0.0,5.91
6191,-0.0,5.72
6192,-0.0,5.52
6193,-0.0,5.32
6194,-0.0,5.12
6195,-0.0,4.92
6196,-0.0,4.73
6197,-0.0,4.54
6198,-0.0,4.35
6199,-0.0,4.18
6200,-0.0,4.01
6201,0.0,3.86
6202,0.0,3.72
6203,-0.0,3.6
6204,0.0,3.5
6205,0.0,3.42
6206,0.01,3.36
6207,0.01,3.32
6208,0.01,3.3
6209,0.02,3.3
6210,0.02,3.32
6211,0.02,3.35
6212,0.02,3.4
6213,0.02,3.47
6214,0.03,3.56
6215,0.03,3.66
6216,0.03,3.8
6217,0.03,3.95
6218,0.03,4.12
6219,0.04,4.31
6220,0.04,4.51
6221,0.04,4.73
6222,0.04,4.96
6223,0.04,5.2
6224,0.04,5.43
6225,0.04,5.67
6226,0.04,5.89
6227,0.04,6.1
6228,0.04,6.3
6229,0.04,6.47
6230,0.03,6.61
6231,0.03,6.72
6232,0.03,6.8
6233,0.02,6.84
6234,0.02,6.84
6235,0.02,6.81
6236,0.02,6.74
6237,0.02,6.64
6238,0.02,6.52
6239,0.01,6.37
6240,0.0,6.21
6241,0.0,6.03
6242,-0.0,5.84
6243,-0.0,5.65
6244,0.0,5.45
6245,-0.0,5.25
6246,0.0,5.05
6247,-0.0,4.86
6248,-0.0,4.67
6249,-0.0,4.48
6250,-0.0,4.3
6251,0.0,4.13
6252,-0.0,3.96
6253,0.0,3.81
6254,0.01,3.68
6255,0.0,3.57
6256,0.0,3.47
6257,0.0,3.4
6258,0.01,3.34
6259,0.01,3.31
6260,0.02,3.29
6261,0.02,3.3
6262,0.02,3.32
6263,0.02,3.36
6264,0.02,3.42
6265,0.02,3.5
6266,0.03,3.59
6267,0.03,3.71
6268,0.03,3.84
6269,0.04,4.0
6270,0.04,4.17
6271,0.04,4.36
6272,0.04,4.57
6273,0.04,4.8
6274,0.04,5.03
6275,0.04,5.26
6276,0.04,5.5
6277,0.04,5.74
6278,0.04,5.96
6279,0.04,6.17
6280,0.04,6.36
6281,0.04,6.53
6282,0.04,6.67
6283,0.03,6.77
6284,0.03,6.84
6285,0.02,6.86
6286,0.03,6.86
6287,0.02,6.81
6288,0.02,6.74
6289,0.01,6.64
6290,0.01,6.51
6291,0.01,6.36
6292,0.01,6.19
6293,0.01,6.01
6294,0.0,5.82
6295,0.0,5.62
6296,0.0,5.42
6297,0.0,5.22
6298,-0.0,5.02
6299,-0.0,4.83
6300,0.0,4.64
6301,0.0,4.45
6302,0.0,4.27
6303,0.0,4.1
6304,0.0,3.94
6305,0.01,3.79
6306,0.01,3.66
6307,0.01,3.55
6308,0.01,3.46
6309,0.01,3.39
6310,0.02,3.34
6311,0.02,3.31
6312,0.02,3.3
6313,0.02,3.3
6314,0.02,3.33
6315,0.02,3.37
6316,0.03,3.43
6317,0.03,3.51
6318,0.04,3.61
6319,0.04,3.73
6320,0.04,3.87
6321,0.04,4.03
6322,0.04,4.21
6323,0.04,4.41
6324,0.04,4.62
6325,0.04,4.85
6326,0.04,5.09
6327,0.04,5.33
6328,0.04,5.57
6329,0.04,5.8
6330,0.04,6.02
6331,0.04,6.23
6332,0.04,6.42
6333,0.04,6.58
6334,0.04,6.71
6335,0.04,6.81
6336,0.04,6.88
6337,0.03,6.91
6338,0.02,6.9
6339,0.02,6.85
6340,0.02,6.76
6341,0.02,6.65
6342,0.02,6.52
6343,0.01,6.36
6344,0.01,6.19
6345,0.01,6.0
6346,0.01,5.81
6347,0.0,5.61
6348,0.0,5.41
6349,0.0,5.21
6350,0.0,5.01
6351,0.0,4.81
6352,0.01,4.62
6353,0.0,4.43
6354,0.0,4.25
6355,0.0,4.08
6356,0.01,3.92
6357,0.01,3.78
6358,0.01,3.65
6359,0.01,3.54
6360,0.02,3.45
6361,0.02,3.38
6362,0.02,3.33
6363,0.02,3.31
6364,0.02,3.3
6365,0.02,3.31
6366,0.02,3.34
6367,0.03,3.38
6368,0.03,3.45
6369,0.03,3.53
6370,0.04,3.63
6371,0.04,3.75
6372,0.04,3.89
6373,0.04,4.06
6374,0.04,4.24
6375,0.04,4.45
6376,0.04,4.67
6377,0.04,4.9
6378,0.04,5.15
6379,0.04,5.39
6380,0.05,5.63
6381,0.04,5.87
6382,0.04,6.09
6383,0.04,6.3
6384,0.04,6.48
6385,0.04,6.64
6386,0.04,6.77
6387,0.04,6.87
6388,0.04,6.92
6389,0.03,6.95
6390,0.03,6.93
6391,0.02,6.88
6392,0.02,6.79
6393,0.02,6.67
6394,0.02,6.53
6395,0.02,6.37
6396,0.02,6.19
6397,0.01,6.0
6398,0.01,5.81
6399,0.01,5.61
6400,0.01,5.4
6401,0.01,5.2
6402,0.0,5.0
6403,0.01,4.81
6404,0.0,4.61
6405,0.01,4.42
6406,0.01,4.24
6407,0.01,4.07
6408,0.01,3.91
6409,0.01,3.77
6410,0.01,3.64
6411,0.02,3.53
6412,0.02,3.45
6413,0.02,3.38
6414,0.02,3.33
6415,0.02,3.31
6416,0.02,3.3
6417,0.03,3.31
6418,0.03,3.34
6419,0.03,3.39
6420,0.04,3.46
6421,0.04,3.55
6422,0.04,3.65
6423,0.04,3.78
6424,0.04,3.92
6425,0.04,4.09
6426,0.05,4.28
6427,0.04,4.49
6428,0.05,4.72
6429,0.05,4.95
6430,0.05,5.2
6431,0.05,5.44
6432,0.05,5.69
6433,0.05,5.92
6434,0.05,6.15
6435,0.05,6.36
6436,0.05,6.54
6437,0.04,6.7
6438,0.04,6.82
6439,0.04,6.91
6440,0.04,6.96
6441,0.04,6.98
6442,0.03,6.96
6443,0.03,6.9
6444,0.02,6.81
6445,0.02,6.69
6446,0.02,6.54
6447,0.02,6.37
6448,0.02,6.19
6449,0.02,6.0
6450,0.02,5.79
6451,0.01,5.59
6452,0.02,5.39
6453,0.01,5.18
6454,0.01,4.98
6455,0.01,4.79
6456,0.01,4.59
6457,0.01,4.4
6458,0.02,4.22
6459,0.01,4.05
6460,0.02,3.89
6461,0.02,3.75
6462,0.02,3.63
6463,0.02,3.52
6464,0.02,3.44
6465,0.02,3.38
6466,0.02,3.33
6467,0.03,3.31
6468,0.03,3.31
6469,0.03,3.32
6470,0.04,3.36
6471,0.04,3.41
6472,0.04,3.49
6473,0.04,3.58
6474,0.04,3.69
6475,0.04,3.82
6476,0.05,3.97
6477,0.05,4.14
6478,0.05,4.34
6479,0.05,4.55
6480,0.06,4.79
6481,0.06,5.03
6482,0.06,5.28
6483,0.06,5.53
6484,0.06,5.77
6485,0.05,6.01
6486,0.05,6.23
6487,0.05,6.43
6488,0.05,6.61
6489,0.04,6.76
6490,0.04,6.88
6491,0.04,6.96
6492,0.04,7.0
6493,0.04,7.01
6494,0.04,6.98
6495,0.03,6.91
6496,0.03,6.82
6497,0.02,6.69
6498,0.02,6.53
6499,0.02,6.36
6500,0.02,6.17
6501,0.02,5.97
6502,0.02,5.77
6503,0.02,5.56
6504,0.02,5.36
6505,0.02,5.15
6506,0.01,4.95
6507,0.01,4.75
6508,0.01,4.56
6509,0.01,4.37
6510,0.01,4.19
6511,0.02,4.02
6512,0.02,3.86
6513,0.02,3.72
6514,0.02,3.6
6515,0.02,3.5
6516,0.02,3.42
6517,0.03,3.36
6518,0.03,3.32
6519,0.03,3.31
6520,0.04,3.31
6521,0.04,3.33
6522,0.04,3.37
6523,0.04,3.43
6524,0.04,3.51
6525,0.04,3.6
6526,0.05,3.72
6527,0.05,3.85
6528,0.05,4.01
6529,0.06,4.19
6530,0.05,4.39
6531,0.06,4.62
6532,0.06,4.85
6533,0.06,5.1
6534,0.06,5.35
6535,0.06,5.6
6536,0.06,5.84
6537,0.06,6.07
6538,0.06,6.3
6539,0.05,6.5
6540,0.06,6.68
6541,0.05,6.83
6542,0.04,6.94
6543,0.04,7.02
6544,0.04,7.06
6545,0.04,7.07
6546,0.04,7.03
6547,0.04,6.96
6548,0.03,6.85
6549,0.02,6.72
6550,0.03,6.56
6551,0.02,6.39
6552,0.02,6.2
6553,0.02,6.0
6554,0.02,5.79
6555,0.02,5.59
6556,0.02,5.38
6557,0.02,5.17
6558,0.02,4.96
6559,0.02,4.76
6560,0.02,4.57
6561,0.02,4.38
6562,0.02,4.2
6563,0.02,4.03
6564,0.02,3.87
6565,0.02,3.73
6566,0.02,3.61
6567,0.02,3.51
6568,0.02,3.43
6569,0.02,3.37
6570,0.03,3.34
6571,0.04,3.32
6572,0.04,3.32
6573,0.04,3.34
6574,0.04,3.39
6575,0.04,3.44
6576,0.04,3.52
6577,0.04,3.62
6578,0.05,3.73
6579,0.05,3.87
6580,0.05,4.03
6581,0.06,4.21
6582,0.06,4.41
6583,0.06,4.62
6584,0.06,4.86
6585,0.06,5.1
6586,0.06,5.35
6587,0.06,5.6
6588,0.06,5.85
6589,0.06,6.09
6590,0.06,6.31
6591,0.06,6.52
6592,0.06,6.7
6593,0.05,6.86
6594,0.05,6.97
6595,0.04,7.05
6596,0.04,7.1
6597,0.04,7.1
6598,0.04,7.07
6599,0.04,7.0
6600,0.04,6.9
6601,0.03,6.77
6602,0.03,6.61
6603,0.03,6.43
6604,0.02,6.24
6605,0.02,6.03
6606,0.02,5.83
6607,0.02,5.61
6608,0.02,5.4
6609,0.02,5.2
6610,0.02,4.99
6611,0.02,4.79
6612,0.02,4.59
6613,0.02,4.4
6614,0.02,4.22
6615,0.02,4.04
6616,0.02,3.89
6617,0.03,3.75
6618,0.03,3.62
6619,0.03,3.52
6620,0.03,3.44
6621,0.03,3.38
6622,0.04,3.34
6623,0.04,3.32
6624,0.04,3.32
6625,0.04,3.34
6626,0.04,3.38
6627,0.05,3.44
6628,0.05,3.52
6629,0.06,3.62
6630,0.06,3.73
6631,0.06,3.87
6632,0.06,4.03
6633,0.06,4.21
6634,0.06,4.42
6635,0.06,4.64
6636,0.06,4.87
6637,0.07,5.12
6638,0.06,5.37
6639,0.06,5.63
6640,0.06,5.88
6641,0.06,6.12
6642,0.06,6.35
6643,0.06,6.56
6644,0.06,6.74
6645,0.06,6.89
6646,0.06,7.02
6647,0.06,7.1
6648,0.05,7.14
6649,0.05,7.14
6650,0.04,7.11
6651,0.04,7.04
6652,0.04,6.94
6653,0.04,6.81
6654,0.04,6.65
6655,0.03,6.47
6656,0.03,6.27
6657,0.03,6.07
6658,0.02,5.85
6659,0.02,5.64
6660,0.02,5.43
6661,0.02,5.22
6662,0.02,5.01
6663,0.02,4.81
6664,0.02,4.61
6665,0.02,4.41
6666,0.02,4.23
6667,0.02,4.05
6668,0.03,3.9
6669,0.03,3.75
6670,0.04,3.63
6671,0.03,3.53
6672,0.04,3.45
6673,0.04,3.39
6674,0.04,3.34
6675,0.04,3.33
6676,0.04,3.33
6677,0.04,3.35
6678,0.05,3.39
6679,0.05,3.45
6680,0.06,3.53
6681,0.06,3.63
6682,0.06,3.75
6683,0.06,3.88
6684,0.06,4.05
6685,0.06,4.23
6686,0.07,4.43
6687,0.07,4.66
6688,0.07,4.9
6689,0.07,5.15
6690,0.07,5.4
6691,0.07,5.66
6692,0.07,5.91
6693,0.07,6.16
6694,0.06,6.38
6695,0.06,6.6
6696,0.06,6.78
6697,0.06,6.94
6698,0.06,7.06
6699,0.06,7.14
6700,0.05,7.19
6701,0.05,7.19
6702,0.05,7.15
6703,0.04,7.08
6704,0.04,6.97
6705,0.04,6.84
6706,0.04,6.68
6707,0.03,6.51
6708,0.03,6.31
6709,0.03,6.1
6710,0.03,5.88
6711,0.03,5.67
6712,0.03,5.45
6713,0.03,5.24
6714,0.03,5.03
6715,0.02,4.82
6716,0.02,4.62
6717,0.03,4.42
6718,0.03,4.24
6719,0.03,4.06
6720,0.03,3.9
6721,0.03,3.76
6722,0.04,3.64
6723,0.04,3.53
6724,0.04,3.45
6725,0.04,3.39
6726,0.04,3.35
6727,0.04,3.33
6728,0.05,3.33
6729,0.05,3.35
6730,0.05,3.39
6731,0.06,3.45
6732,0.06,3.53
6733,0.06,3.63
6734,0.06,3.75
6735,0.06,3.9
6736,0.06,4.06
6737,0.07,4.25
6738,0.07,4.45
6739,0.07,4.68
6740,0.07,4.92
6741,0.07,5.18
6742,0.07,5.43
6743,0.07,5.68
6744,0.07,5.93
6745,0.07,6.18
6746,0.07,6.41
6747,0.07,6.63
6748,0.06,6.82
6749,0.06,6.97
6750,0.06,7.1
6751,0.06,7.18
6752,0.06,7.23
6753,0.06,7.24
6754,0.05,7.2
6755,0.05,7.12
6756,0.04,7.02
6757,0.04,6.88
6758,0.04,6.72
6759,0.04,6.54
6760,0.04,6.35
6761,0.04,6.14
6762,0.03,5.92
6763,0.03,5.7
6764,0.03,5.48
6765,0.03,5.26
6766,0.03,5.05
6767,0.03,4.84
6768,0.03,4.64
6769,0.03,4.44
6770,0.03,4.25
6771,0.03,4.08
6772,0.04,3.92
6773,0.04,3.77
6774,0.04,3.65
6775,0.04,3.54
6776,0.04,3.46
6777,0.04,3.4
6778,0.04,3.36
6779,0.05,3.34
6780,0.05,3.34
6781,0.05,3.35
6782,0.06,3.39
6783,0.06,3.45
6784,0.06,3.53
6785,0.06,3.62
6786,0.06,3.74
6787,0.06,3.88
6788,0.07,4.04
6789,0.07,4.22
6790,0.07,4.43
6791,0.07,4.65
6792,0.07,4.9
6793,0.07,5.15
6794,0.07,5.41
6795,0.07,5.67
6796,0.07,5.93
6797,0.07,6.18
6798,0.07,6.42
6799,0.07,6.64
6800,0.07,6.83
6801,0.07,7.0
6802,0.07,7.13
6803,0.07,7.21
6804,0.06,7.26
6805,0.06,7.27
6806,0.06,7.24
6807,0.05,7.17
6808,0.05,7.06
6809,0.04,6.92
6810,0.04,6.76
6811,0.04,6.58
6812,0.04,6.38
6813,0.04,6.17
6814,0.04,5.96
6815,0.04,5.74
6816,0.04,5.52
6817,0.04,5.3
6818,0.04,5.09
6819,0.03,4.88
6820,0.04,4.67
6821,0.04,4.47
6822,0.04,4.28
6823,0.04,4.1
6824,0.04,3.94
6825,0.04,3.79
6826,0.04,3.66
6827,0.04,3.55
6828,0.04,3.47
6829,0.05,3.4
6830,0.05,3.36
6831,0.05,3.33
6832,0.06,3.33
6833,0.06,3.35
6834,0.06,3.39
6835,0.06,3.45
6836,0.07,3.53
6837,0.06,3.62
6838,0.07,3.74
6839,0.07,3.88
6840,0.07,4.04
6841,0.07,4.22
6842,0.07,4.43
6843,0.07,4.66
6844,0.07,4.9
6845,0.08,5.16
6846,0.08,5.42
6847,0.08,5.68
6848,0.07,5.95
6849,0.08,6.2
6850,0.07,6.44
6851,0.07,6.66
6852,0.07,6.85
6853,0.07,7.02
6854,0.07,7.16
6855,0.06,7.25
6856,0.06,7.31
6857,0.06,7.32
6858,0.06,7.29
6859,0.06,7.22
6860,0.05,7.12
6861,0.04,6.98
6862,0.04,6.82
6863,0.04,6.64
6864,0.04,6.45
6865,0.04,6.23
6866,0.04,6.01
6867,0.04,5.79
6868,0.04,5.56
6869,0.04,5.34
6870,0.04,5.12
6871,0.04,4.91
6872,0.04,4.7
6873,0.04,4.5
6874,0.04,4.31
6875,0.04,4.13
6876,0.04,3.96
6877,0.04,3.81
6878,0.04,3.68
6879,0.04,3.57
6880,0.05,3.48
6881,0.05,3.42
6882,0.05,3.37
6883,0.05,3.34
6884,0.06,3.34
6885,0.06,3.36
6886,0.06,3.39
6887,0.07,3.45
6888,0.07,3.52
6889,0.07,3.62
6890,0.07,3.74
6891,0.07,3.87
6892,0.07,4.03
6893,0.07,4.21
6894,0.08,4.42
6895,0.08,4.64
6896,0.08,4.88
6897,0.08,5.14
6898,0.07,5.41
6899,0.08,5.67
6900,0.08,5.94
6901,0.08,6.19
6902,0.07,6.44
6903,0.08,6.66
6904,0.08,6.87
6905,0.07,7.04
6906,0.07,7.18
6907,0.07,7.28
6908,0.06,7.34
6909,0.07,7.36
6910,0.06,7.33
6911,0.06,7.27
6912,0.06,7.17
6913,0.05,7.03
6914,0.05,6.87
6915,0.05,6.69
6916,0.05,6.49
6917,0.04,6.27
6918,0.04,6.05
6919,0.04,5.83
6920,0.04,5.6
6921,0.04,5.38
6922,0.04,5.16
6923,0.04,4.94
6924,0.04,4.73
6925,0.04,4.53
6926,0.04,4.33
6927,0.04,4.15
6928,0.04,3.98
6929,0.05,3.82
6930,0.05,3.69
6931,0.05,3.58
6932,0.05,3.48
6933,0.06,3.42
6934,0.06,3.37
6935,0.06,3.34
6936,0.06,3.34
6937,0.06,3.35
6938,0.06,3.39
6939,0.07,3.44
6940,0.07,3.52
6941,0.07,3.61
6942,0.07,3.73
6943,0.07,3.86
6944,0.08,4.02
6945,0.08,4.21
6946,0.08,4.41
6947,0.08,4.64
6948,0.09,4.88
6949,0.09,5.14
6950,0.09,5.42
6951,0.09,5.69
6952,0.09,5.96
6953,0.08,6.22
6954,0.08,6.46
6955,0.08,6.69
6956,0.08,6.9
6957,0.08,7.07
6958,0.07,7.21
6959,0.07,7.31
6960,0.07,7.37
6961,0.07,7.39
6962,0.07,7.37
6963,0.06,7.31
6964,0.06,7.21
6965,0.06,7.07
6966,0.06,6.91
6967,0.05,6.73
6968,0.05,6.52
6969,0.05,6.31
6970,0.04,6.09
6971,0.04,5.86
6972,0.04,5.63
6973,0.04,5.41
6974,0.04,5.19
6975,0.04,4.98
6976,0.04,4.76
6977,0.04,4.56
6978,0.04,4.36
6979,0.04,4.17
6980,0.04,4.0
6981,0.05,3.84
6982,0.05,3.71
6983,0.06,3.59
6984,0.06,3.5
6985,0.06,3.43
6986,0.06,3.38
6987,0.06,3.35
6988,0.06,3.35
6989,0.07,3.36
6990,0.07,3.39
6991,0.07,3.45
6992,0.07,3.52
6993,0.07,3.62
6994,0.07,3.73
6995,0.08,3.87
6996,0.08,4.03
6997,0.08,4.21
6998,0.09,4.42
6999,0.09,4.65
7000,0.09,4.9
7001,0.09,5.16
7002,0.09,5.43
7003,0.09,5.7
7004,0.09,5.97
7005,0.09,6.23
7006,0.08,6.48
7007,0.09,6.71
7008,0.08,6.92
7009,0.08,7.11
7010,0.07,7.25
7011,0.07,7.35
7012,0.07,7.41
7013,0.07,7.43
7014,0.07,7.41
7015,0.07,7.34
7016,0.06,7.24
7017,0.06,7.11
7018,0.06,6.95
7019,0.06,6.76
7020,0.06,6.55
7021,0.05,6.34
7022,0.04,6.11
7023,0.05,5.88
7024,0.04,5.66
7025,0.04,5.43
7026,0.05,5.21
7027,0.05,4.99
7028,0.05,4.78
7029,0.05,4.57
7030,0.05,4.37
7031,0.05,4.18
7032,0.05,4.01
7033,0.05,3.85
7034,0.06,3.72
7035,0.06,3.6
7036,0.06,3.5
7037,0.06,3.43
7038,0.06,3.38
7039,0.07,3.35
7040,0.07,3.34
7041,0.07,3.36
7042,0.07,3.39
7043,0.07,3.45
7044,0.08,3.52
7045,0.08,3.62
7046,0.08,3.73
7047,0.08,3.87
7048,0.09,4.03
7049,0.09,4.22
7050,0.09,4.43
7051,0.09,4.66
7052,0.09,4.91
7053,0.09,5.18
7054,0.09,5.45
7055,0.09,5.72
7056,0.09,6.0
7057,0.09,6.27
7058,0.09,6.52
7059,0.09,6.75
7060,0.09,6.97
7061,0.09,7.15
7062,0.08,7.29
7063,0.08,7.4
7064,0.07,7.46
7065,0.07,7.48
7066,0.07,7.46
7067,0.07,7.4
7068,0.06,7.3
7069,0.06,7.17
7070,0.06,7.01
7071,0.06,6.83
7072,0.06,6.62
7073,0.06,6.4
7074,0.06,6.17
7075,0.05,5.94
7076,0.05,5.7
7077,0.05,5.47
7078,0.05,5.25
7079,0.05,5.03
7080,0.05,4.81
7081,0.05,4.6
7082,0.05,4.4
7083,0.06,4.21
7084,0.06,4.03
7085,0.06,3.87
7086,0.06,3.73
7087,0.06,3.62
7088,0.06,3.52
7089,0.06,3.44
7090,0.06,3.39
7091,0.06,3.36
7092,0.07,3.35
7093,0.07,3.36
7094,0.07,3.39
7095,0.07,3.44
7096,0.08,3.52
7097,0.08,3.61
7098,0.08,3.73
7099,0.09,3.87
7100,0.09,4.03
7101,0.09,4.22
7102,0.09,4.43
7103,0.09,4.67
7104,0.09,4.92
7105,0.1,5.19
7106,0.09,5.46
7107,0.09,5.74
7108,0.09,6.02
7109,0.09,6.29
7110,0.09,6.55
7111,0.09,6.78
7112,0.09,6.99
7113,0.09,7.18
7114,0.09,7.33
7115,0.08,7.44
7116,0.08,7.51
7117,0.07,7.53
7118,0.07,7.5
7119,0.07,7.44
7120,0.07,7.34
7121,0.07,7.21
7122,0.06,7.04
7123,0.06,6.86
7124,0.06,6.66
7125,0.05,6.44
7126,0.06,6.21
7127,0.05,5.97
7128,0.06,5.74
7129,0.05,5.5
7130,0.05,5.27
7131,0.05,5.05
7132,0.06,4.83
7133,0.05,4.62
7134,0.06,4.41
7135,0.06,4.22
7136,0.06,4.04
7137,0.06,3.88
7138,0.06,3.74
7139,0.06,3.62
7140,0.06,3.52
7141,0.06,3.45
7142,0.06,3.39
7143,0.07,3.36
7144,0.07,3.35
7145,0.08,3.36
7146,0.07,3.39
7147,0.08,3.44
7148,0.08,3.51
7149,0.09,3.61
7150,0.08,3.73
7151,0.09,3.87
7152,0.09,4.04
7153,0.09,4.23
7154,0.1,4.44
7155,0.1,4.67
7156,0.1,4.92
7157,0.1,5.19
7158,0.1,5.46
7159,0.1,5.75
7160,0.09,6.02
7161,0.1,6.29
7162,0.09,6.55
7163,0.09,6.8
7164,0.09,7.02
7165,0.09,7.21
7166,0.09,7.36
7167,0.09,7.48
7168,0.08,7.55
7169,0.08,7.58
7170,0.07,7.57
7171,0.07,7.5
7172,0.07,7.4
7173,0.07,7.26
7174,0.07,7.1
7175,0.06,6.91
7176,0.06,6.71
7177,0.06,6.48
7178,0.06,6.25
7179,0.06,6.02
7180,0.06,5.78
7181,0.06,5.54
7182,0.06,5.31
7183,0.06,5.08
7184,0.06,4.86
7185,0.06,4.64
7186,0.06,4.44
7187,0.06,4.24
7188,0.06,4.06
7189,0.06,3.9
7190,0.06,3.75
7191,0.06,3.63
7192,0.07,3.53
7193,0.07,3.45
7194,0.07,3.4
7195,0.07,3.37
7196,0.07,3.36
7197,0.08,3.37
7198,0.07,3.4
7199,0.08,3.45
7200,0.09,3.52
7201,0.09,3.61
7202,0.09,3.73
7203,0.09,3.86
7204,0.09,4.02
7205,0.09,4.21
7206,0.09,4.42
7207,0.1,4.66
7208,0.1,4.91
7209,0.1,5.18
7210,0.11,5.46
7211,0.11,5.75
7212,0.1,6.03
7213,0.1,6.31
7214,0.11,6.57
7215,0.1,6.82
7216,0.1,7.04
7217,0.09,7.23
7218,0.09,7.39
7219,0.09,7.5
7220,0.09,7.58
7221,0.08,7.61
7222,0.08,7.59
7223,0.08,7.53
7224,0.07,7.43
7225,0.07,7.29
7226,0.07,7.13
7227,0.07,6.94
7228,0.06,6.73
7229,0.06,6.5
7230,0.06,6.27
7231,0.06,6.03
7232,0.06,5.8
7233,0.06,5.56
7234,0.06,5.32
7235,0.06,5.1
7236,0.06,4.87
7237,0.06,4.66
7238,0.06,4.45
7239,0.06,4.25
7240,0.06,4.07
7241,0.06,3.9
7242,0.07,3.76
7243,0.07,3.64
7244,0.07,3.54
7245,0.07,3.46
7246,0.07,3.4
7247,0.07,3.37
7248,0.07,3.36
7249,0.08,3.37
7250,0.08,3.4
7251,0.09,3.45
7252,0.09,3.52
7253,0.09,3.62
7254,0.09,3.73
7255,0.1,3.87
7256,0.1,4.03
7257,0.1,4.22
7258,0.1,4.44
7259,0.11,4.67
7260,0.1,4.93
7261,0.11,5.2
7262,0.11,5.48
7263,0.11,5.77
7264,0.1,6.06
7265,0.1,6.34
7266,0.1,6.6
7267,0.11,6.85
7268,0.1,7.07
7269,0.1,7.27
7270,0.1,7.43
7271,0.09,7.54
7272,0.09,7.62
7273,0.09,7.64
7274,0.08,7.63
7275,0.08,7.57
7276,0.07,7.47
7277,0.07,7.34
7278,0.07,7.17
7279,0.07,6.98
7280,0.07,6.76
7281,0.06,6.54
7282,0.06,6.3
7283,0.06,6.06
7284,0.06,5.82
7285,0.06,5.58
7286,0.06,5.35
7287,0.06,5.12
7288,0.06,4.89
7289,0.06,4.67
7290,0.06,4.46
7291,0.07,4.26
7292,0.06,4.08
7293,0.07,3.91
7294,0.06,3.76
7295,0.07,3.64
7296,0.07,3.54
7297,0.07,3.46
7298,0.07,3.4
7299,0.07,3.36
7300,0.08,3.35
7301,0.09,3.36
7302,0.09,3.4
7303,0.09,3.45
7304,0.09,3.52
7305,0.09,3.62
7306,0.09,3.73
7307,0.1,3.87
7308,0.11,4.04
7309,0.1,4.22
7310,0.1,4.44
7311,0.11,4.68
7312,0.11,4.94
7313,0.11,5.21
7314,0.11,5.5
7315,0.11,5.79
7316,0.11,6.07
7317,0.11,6.35
7318,0.11,6.62
7319,0.11,6.87
7320,0.1,7.1
7321,0.1,7.3
7322,0.1,7.46
7323,0.09,7.58
7324,0.09,7.65
7325,0.09,7.68
7326,0.09,7.66
7327,0.08,7.61
7328,0.08,7.51
7329,0.08,7.38
7330,0.07,7.22
7331,0.07,7.02
7332,0.07,6.81
7333,0.06,6.58
7334,0.06,6.34
7335,0.06,6.09
7336,0.06,5.85
7337,0.06,5.61
7338,0.06,5.37
7339,0.06,5.14
7340,0.06,4.92
7341,0.06,4.7
7342,0.06,4.48
7343,0.06,4.28
7344,0.07,4.1
7345,0.07,3.93
7346,0.07,3.78
7347,0.07,3.66
7348,0.07,3.55
7349,0.07,3.47
7350,0.07,3.41
7351,0.08,3.38
7352,0.08,3.36
7353,0.09,3.37
7354,0.09,3.41
7355,0.09,3.46
7356,0.09,3.53
7357,0.09,3.63
7358,0.09,3.74
7359,0.09,3.88
7360,0.11,4.05
7361,0.11,4.24
7362,0.11,4.45
7363,0.11,4.7
7364,0.11,4.96
7365,0.11,5.23
7366,0.11,5.52
7367,0.11,5.81
7368,0.11,6.1
7369,0.11,6.38
7370,0.11,6.65
7371,0.11,6.9
7372,0.11,7.12
7373,0.11,7.32
7374,0.1,7.48
7375,0.1,7.6
7376,0.09,7.67
7377,0.09,7.7
7378,0.09,7.69
7379,0.08,7.62
7380,0.08,7.52
7381,0.08,7.39
7382,0.07,7.22
7383,0.07,7.02
7384,0.07,6.81
7385,0.07,6.58
7386,0.07,6.34
7387,0.06,6.09
7388,0.06,5.85
7389,0.06,5.61
7390,0.06,5.37
7391,0.06,5.14
7392,0.06,4.92
7393,0.06,4.69
7394,0.07,4.48
7395,0.07,4.28
7396,0.07,4.09
7397,0.07,3.92
7398,0.07,3.78
7399,0.07,3.65
7400,0.07,3.55
7401,0.07,3.46
7402,0.08,3.4
7403,0.08,3.37
7404,0.09,3.36
7405,0.09,3.37
7406,0.09,3.4
7407,0.1,3.45
7408,0.09,3.53
7409,0.1,3.62
7410,0.1,3.74
7411,0.1,3.88
7412,0.11,4.04
7413,0.11,4.23
7414,0.11,4.45
7415,0.11,4.7
7416,0.11,4.96
7417,0.11,5.24
7418,0.11,5.53
7419,0.11,5.82
7420,0.11,6.11
7421,0.11,6.4
7422,0.11,6.67
7423,0.11,6.93
7424,0.11,7.16
7425,0.11,7.36
7426,0.11,7.52
7427,0.11,7.65
7428,0.1,7.72
7429,0.09,7.75
7430,0.09,7.73
7431,0.09,7.67
7432,0.08,7.58
7433,0.08,7.44
7434,0.07,7.26
7435,0.07,7.07
7436,0.07,6.85
7437,0.07,6.62
7438,0.07,6.38
7439,0.07,6.13
7440,0.07,5.88
7441,0.07,5.64
7442,0.07,5.4
7443,0.07,5.16
7444,0.06,4.93
7445,0.07,4.71
7446,0.07,4.49
7447,0.07,4.29
7448,0.07,4.1
7449,0.07,3.93
7450,0.07,3.78
7451,0.07,3.66
7452,0.08,3.55
7453,0.07,3.47
7454,0.08,3.41
7455,0.09,3.38
7456,0.09,3.37
7457,0.09,3.38
7458,0.09,3.41
7459,0.09,3.46
7460,0.09,3.53
7461,0.1,3.63
7462,0.1,3.74
7463,0.11,3.88
7464,0.11,4.05
7465,0.11,4.24
7466,0.11,4.46
7467,0.11,4.71
7468,0.11,4.97
7469,0.11,5.25
7470,0.11,5.54
7471,0.12,5.84
7472,0.12,6.14
7473,0.11,6.42
7474,0.11,6.69
7475,0.11,6.95
7476,0.11,7.18
7477,0.11,7.39
7478,0.11,7.55
7479,0.1,7.68
7480,0.1,7.75
7481,0.09,7.78
7482,0.09,7.76
7483,0.09,7.7
7484,0.09,7.6
7485,0.09,7.46
7486,0.08,7.28
7487,0.07,7.09
7488,0.07,6.87
7489,0.07,6.63
7490,0.07,6.39
7491,0.07,6.14
7492,0.07,5.89
7493,0.07,5.65
7494,0.07,5.4
7495,0.07,5.17
7496,0.07,4.93
7497,0.07,4.71
7498,0.07,4.49
7499,0.07,4.29
7500,0.07,4.1
7501,0.07,3.93
7502,0.07,3.78
7503,0.07,3.65
7504,0.08,3.55
7505,0.08,3.47
7506,0.09,3.41
7507,0.09,3.38
7508,0.09,3.37
7509,0.09,3.38
7510,0.09,3.41
7511,0.1,3.46
7512,0.1,3.54
7513,0.11,3.63
7514,0.11,3.75
7515,0.11,3.89
7516,0.11,4.06
7517,0.11,4.25
7518,0.11,4.48
7519,0.12,4.72
7520,0.12,4.99
7521,0.12,5.27
7522,0.12,5.57
7523,0.12,5.87
7524,0.11,6.16
7525,0.12,6.45
7526,0.12,6.73
7527,0.12,6.98
7528,0.11,7.22
7529,0.11,7.42
7530,0.11,7.59
7531,0.11,7.71
7532,0.1,7.78
7533,0.1,7.81
7534,0.09,7.79
7535,0.09,7.73
7536,0.09,7.62
7537,0.09,7.48
7538,0.08,7.3
7539,0.08,7.1
7540,0.07,6.88
7541,0.07,6.65
7542,0.07,6.4
7543,0.07,6.16
7544,0.07,5.9
7545,0.07,5.65
7546,0.07,5.41
7547,0.07,5.17
7548,0.07,4.94
7549,0.07,4.71
7550,0.07,4.49
7551,0.07,4.29
7552,0.07,4.1
7553,0.07,3.93
7554,0.07,3.78
7555,0.08,3.65
7556,0.08,3.55
7557,0.08,3.47
7558,0.09,3.41
7559,0.09,3.38
7560,0.09,3.37
7561,0.09,3.38
7562,0.1,3.41
7563,0.1,3.46
7564,0.11,3.54
7565,0.11,3.63
7566,0.11,3.75
7567,0.11,3.89
7568,0.11,4.06
7569,0.11,4.26
7570,0.11,4.48
7571,0.12,4.73
7572,0.12,5.0
7573,0.13,5.28
7574,0.12,5.58
7575,0.12,5.87
7576,0.12,6.18
7577,0.12,6.46
7578,0.12,6.74
7579,0.12,7.0
7580,0.12,7.24
7581,0.11,7.44
7582,0.11,7.6
7583,0.11,7.73
7584,0.11,7.81
7585,0.1,7.84
7586,0.09,7.82
7587,0.09,7.75
7588,0.09,7.64
7589,0.09,7.49
7590,0.08,7.32
7591,0.08,7.12
7592,0.08,6.9
7593,0.07,6.66
7594,0.07,6.42
7595,0.07,6.17
7596,0.07,5.91
7597,0.07,5.66
7598,0.07,5.42
7599,0.07,5.18
7600,0.07,4.94
7601,0.07,4.72
7602,0.07,4.5
7603,0.07,4.29
7604,0.08,4.1
7605,0.08,3.93
7606,0.08,3.78
7607,0.08,3.66
7608,0.09,3.55
7609,0.09,3.47
7610,0.09,3.42
7611,0.09,3.38
7612,0.09,3.37
7613,0.09,3.38
7614,0.1,3.42
7615,0.11,3.47
7616,0.11,3.55
7617,0.11,3.64
7618,0.11,3.77
7619,0.11,3.91
7620,0.11,4.08
7621,0.11,4.28
7622,0.12,4.5
7623,0.12,4.75
7624,0.12,5.02
7625,0.12,5.31
7626,0.13,5.61
7627,0.13,5.91
7628,0.12,6.21
7629,0.13,6.5
7630,0.12,6.77
7631,0.12,7.03
7632,0.12,7.27
7633,0.12,7.47
7634,0.11,7.64
7635,0.11,7.76
7636,0.11,7.84
7637,0.11,7.86
7638,0.1,7.83
7639,0.1,7.76
7640,0.09,7.65
7641,0.09,7.5
7642,0.09,7.32
7643,0.09,7.12
7644,0.08,6.9
7645,0.07,6.66
7646,0.08,6.41
7647,0.07,6.15
7648,0.07,5.9
7649,0.07,5.65
7650,0.08,5.4
7651,0.07,5.16
7652,0.07,4.93
7653,0.07,4.71
7654,0.07,4.49
7655,0.07,4.28
7656,0.08,4.1
7657,0.08,3.93
7658,0.08,3.78
7659,0.08,3.65
7660,0.09,3.55
7661,0.09,3.47
7662,0.09,3.42
7663,0.09,3.38
7664,0.09,3.37
7665,0.09,3.39
7666,0.11,3.42
7667,0.11,3.48
7668,0.11,3.55
7669,0.11,3.65
7670,0.11,3.78
7671,0.12,3.93
7672,0.11,4.11
7673,0.12,4.32
7674,0.13,4.55
7675,0.12,4.81
7676,0.12,5.09
7677,0.12,5.38
7678,0.13,5.67
7679,0.13,5.98
7680,0.12,6.28
7681,0.13,6.57
7682,0.12,6.84
7683,0.12,7.1
7684,0.12,7.33
7685,0.11,7.53
7686,0.11,7.69
7687,0.11,7.8
7688,0.11,7.87
7689,0.11,7.88
7690,0.1,7.85
7691,0.1,7.77
7692,0.09,7.66
7693,0.09,7.51
7694,0.09,7.33
7695,0.08,7.11
7696,0.08,6.88
7697,0.08,6.64
7698,0.07,6.39
7699,0.07,6.13
7700,0.07,5.88
7701,0.07,5.63
7702,0.07,5.39
7703,0.07,5.15
7704,0.07,4.91
7705,0.08,4.69
7706,0.07,4.47
7707,0.08,4.26
7708,0.08,4.08
7709,0.09,3.91
7710,0.08,3.77
7711,0.09,3.64
7712,0.09,3.54
7713,0.09,3.47
7714,0.09,3.41
7715,0.09,3.38
7716,0.1,3.37
7717,0.11,3.39
7718,0.11,3.43
7719,0.11,3.49
7720,0.11,3.57
7721,0.11,3.68
7722,0.11,3.81
7723,0.12,3.96
7724,0.12,4.14
7725,0.12,4.35
7726,0.13,4.59
7727,0.13,4.85
7728,0.13,5.13
7729,0.13,5.42
7730,0.13,5.73
7731,0.13,6.04
7732,0.13,6.34
7733,0.13,6.63
7734,0.13,6.9
7735,0.12,7.16
7736,0.12,7.38
7737,0.12,7.58
7738,0.12,7.73
7739,0.11,7.84
7740,0.11,7.9
7741,0.11,7.91
7742,0.1,7.88
7743,0.1,7.79
7744,0.09,7.67
7745,0.09,7.51
7746,0.09,7.32
7747,0.09,7.11
7748,0.08,6.88
7749,0.08,6.64
7750,0.07,6.38
7751,0.07,6.12
7752,0.08,5.87
7753,0.08,5.61
7754,0.07,5.37
7755,0.08,5.12
7756,0.07,4.89
7757,0.08,4.66
7758,0.08,4.45
7759,0.08,4.25
7760,0.08,4.06
7761,0.08,3.9
7762,0.09,3.75
7763,0.09,3.63
7764,0.09,3.54
7765,0.09,3.47
7766,0.1,3.42
7767,0.1,3.39
7768,0.1,3.39
7769,0.11,3.41
7770,0.11,3.45
7771,0.11,3.51
7772,0.11,3.6
7773,0.12,3.71
7774,0.12,3.85
7775,0.12,4.01
7776,0.13,4.2
7777,0.13,4.42
7778,0.13,4.66
7779,0.13,4.93
7780,0.13,5.22
7781,0.13,5.51
7782,0.13,5.81
7783,0.13,6.11
7784,0.13,6.41
7785,0.13,6.7
7786,0.13,6.97
7787,0.13,7.22
7788,0.12,7.45
7789,0.12,7.64
7790,0.12,7.79
7791,0.11,7.89
7792,0.11,7.94
7793,0.11,7.94
7794,0.1,7.89
7795,0.1,7.8
7796,0.09,7.67
7797,0.09,7.51
7798,0.09,7.32
7799,0.09,7.09
7800,0.09,6.86
7801,0.08,6.6
7802,0.08,6.35
7803,0.07,6.09
7804,0.08,5.83
7805,0.07,5.58
7806,0.08,5.33
7807,0.08,5.09
7808,0.07,4.86
7809,0.07,4.64
7810,0.08,4.42
7811,0.08,4.22
7812,0.08,4.04
7813,0.08,3.88
7814,0.09,3.74
7815,0.09,3.62
7816,0.09,3.53
7817,0.09,3.45
7818,0.09,3.41
7819,0.1,3.38
7820,0.1,3.38
7821,0.11,3.41
7822,0.11,3.46
7823,0.11,3.53
7824,0.11,3.62
7825,0.11,3.73
7826,0.12,3.87
7827,0.12,4.03
7828,0.12,4.22
7829,0.13,4.44
7830,0.13,4.69
7831,0.13,4.96
7832,0.13,5.24
7833,0.13,5.55
7834,0.13,5.85
7835,0.13,6.16
7836,0.13,6.46
7837,0.13,6.75
7838,0.13,7.02
7839,0.13,7.27
7840,0.13,7.49
7841,0.12,7.67
7842,0.12,7.82
7843,0.11,7.91
7844,0.11,7.95
7845,0.11,7.95
7846,0.11,7.89
7847,0.1,7.79
7848,0.1,7.66
7849,0.09,7.49
7850,0.09,7.29
7851,0.09,7.07
7852,0.09,6.83
7853,0.09,6.58
7854,0.08,6.32
7855,0.08,6.06
7856,0.08,5.8
7857,0.08,5.55
7858,0.08,5.3
7859,0.08,5.06
7860,0.08,4.83
7861,0.08,4.6
7862,0.08,4.39
7863,0.09,4.19
7864,0.09,4.01
7865,0.09,3.86
7866,0.09,3.72
7867,0.09,3.61
7868,0.09,3.52
7869,0.09,3.45
7870,0.1,3.41
7871,0.1,3.39
7872,0.11,3.4
7873,0.11,3.42
7874,0.11,3.47
7875,0.11,3.54
7876,0.11,3.63
7877,0.12,3.75
7878,0.12,3.89
7879,0.12,4.05
7880,0.13,4.25
7881,0.13,4.47
7882,0.13,4.72
7883,0.13,4.99
7884,0.13,5.28
7885,0.13,5.58
7886,0.13,5.89
7887,0.13,6.2
7888,0.13,6.5
7889,0.13,6.78
7890,0.13,7.05
7891,0.13,7.3
7892,0.13,7.52
7893,0.12,7.7
7894,0.12,7.83
7895,0.11,7.92
7896,0.11,7.97
7897,0.11,7.95
7898,0.11,7.89
7899,0.11,7.78
7900,0.1,7.64
7901,0.09,7.47
7902,0.09,7.27
7903,0.09,7.05
7904,0.09,6.81
7905,0.09,6.55
7906,0.08,6.29
7907,0.08,6.03
7908,0.08,5.77
7909,0.08,5.52
7910,0.08,5.28
7911,0.08,5.04
7912,0.08,4.8
7913,0.08,4.58
7914,0.08,4.37
7915,0.08,4.17
7916,0.09,4.0
7917,0.09,3.84
7918,0.09,3.7
7919,0.09,3.59
7920,0.09,3.51
7921,0.1,3.44
7922,0.1,3.4
7923,0.11,3.39
7924,0.11,3.39
7925,0.11,3.42
7926,0.11,3.47
7927,0.11,3.55
7928,0.11,3.65
7929,0.12,3.77
7930,0.12,3.92
7931,0.13,4.09
7932,0.13,4.29
7933,0.13,4.52
7934,0.13,4.78
7935,0.13,5.05
7936,0.13,5.35
7937,0.13,5.65
7938,0.13,5.96
7939,0.13,6.27
7940,0.13,6.57
7941,0.13,6.85
7942,0.13,7.11
7943,0.13,7.36
7944,0.13,7.57
7945,0.12,7.74
7946,0.12,7.87
7947,0.11,7.95
7948,0.11,7.97
7949,0.11,7.96
7950,0.11,7.89
7951,0.11,7.78
7952,0.1,7.63
7953,0.09,7.45
7954,0.09,7.25
7955,0.09,7.02
7956,0.09,6.77
7957,0.08,6.52
7958,0.08,6.26
7959,0.08,6.0
7960,0.08,5.75
7961,0.08,5.5
7962,0.08,5.25
7963,0.08,5.01
7964,0.08,4.77
7965,0.08,4.55
7966,0.09,4.34
7967,0.09,4.14
7968,0.09,3.97
7969,0.09,3.82
7970,0.09,3.68
7971,0.09,3.58
7972,0.09,3.49
7973,0.1,3.43
7974,0.1,3.4
7975,0.11,3.39
7976,0.11,3.4
7977,0.11,3.43
7978,0.11,3.49
7979,0.11,3.56
7980,0.12,3.66
7981,0.12,3.79
7982,0.12,3.93
7983,0.13,4.11
7984,0.13,4.31
7985,0.13,4.54
7986,0.13,4.8
7987,0.13,5.08
7988,0.13,5.37
7989,0.13,5.68
7990,0.13,5.99
7991,0.13,6.29
7992,0.14,6.59
7993,0.13,6.87
7994,0.13,7.14
7995,0.13,7.38
7996,0.13,7.59
7997,0.12,7.76
7998,0.11,7.88
7999,0.11,7.96
8000,0.11,7.98
8001,0.11,7.95
8002,0.11,7.88
8003,0.1,7.76
8004,0.1,7.61
8005,0.1,7.43
8006,0.09,7.23
8007,0.09,7.0
8008,0.09,6.75
8009,0.09,6.49
8010,0.09,6.22
8011,0.08,5.96
8012,0.09,5.71
8013,0.08,5.46
8014,0.09,5.21
8015,0.09,4.97
8016,0.09,4.74
8017,0.09,4.52
8018,0.09,4.31
8019,0.09,4.12
8020,0.09,3.95
8021,0.09,3.8
8022,0.09,3.68
8023,0.09,3.57
8024,0.09,3.49
8025,0.1,3.43
8026,0.11,3.4
8027,0.11,3.39
8028,0.11,3.4
8029,0.11,3.44
8030,0.11,3.5
8031,0.12,3.58
8032,0.12,3.69
8033,0.12,3.82
8034,0.13,3.97
8035,0.13,4.16
8036,0.13,4.37
8037,0.13,4.6
8038,0.13,4.87
8039,0.14,5.15
8040,0.13,5.45
8041,0.13,5.77
8042,0.13,6.07
8043,0.13,6.38
8044,0.13,6.67
8045,0.13,6.95
8046,0.13,7.21
8047,0.13,7.45
8048,0.13,7.65
8049,0.13,7.8
8050,0.12,7.92
8051,0.11,7.98
8052,0.11,8.0
8053,0.11,7.96
8054,0.11,7.89
8055,0.1,7.76
8056,0.1,7.6
8057,0.1,7.41
8058,0.09,7.19
8059,0.09,6.96
8060,0.09,6.71
8061,0.09,6.45
8062,0.09,6.19
8063,0.09,5.93
8064,0.09,5.67
8065,0.08,5.42
8066,0.08,5.17
8067,0.09,4.93
8068,0.09,4.7
8069,0.09,4.48
8070,0.09,4.27
8071,0.09,4.09
8072,0.09,3.92
8073,0.09,3.77
8074,0.09,3.65
8075,0.09,3.55
8076,0.1,3.47
8077,0.1,3.42
8078,0.11,3.4
8079,0.11,3.39
8080,0.11,3.41
8081,0.11,3.45
8082,0.12,3.51
8083,0.11,3.6
8084,0.12,3.7
8085,0.13,3.84
8086,0.13,4.0
8087,0.13,4.19
8088,0.13,4.41
8089,0.13,4.66
8090,0.13,4.93
8091,0.14,5.21
8092,0.13,5.51
8093,0.13,5.82
8094,0.13,6.13
8095,0.14,6.44
8096,0.14,6.73
8097,0.13,7.01
8098,0.13,7.27
8099,0.13,7.5
8100,0.13,7.69
8101,0.13,7.84
8102,0.12,7.94
8103,0.12,7.99
8104,0.11,7.99
8105,0.11,7.95
8106,0.11,7.86
8107,0.11,7.73
8108,0.1,7.57
8109,0.1,7.37
8110,0.09,7.15
8111,0.09,6.9
8112,0.09,6.65
8113,0.09,6.39
8114,0.09,6.13
8115,0.09,5.87
8116,0.09,5.62
8117,0.08,5.37
8118,0.09,5.13
8119,0.09,4.89
8120,0.09,4.66
8121,0.09,4.44
8122,0.09,4.23
8123,0.09,4.05
8124,0.09,3.89
8125,0.09,3.75
8126,0.09,3.63
8127,0.09,3.53
8128,0.1,3.46
8129,0.1,3.41
8130,0.11,3.39
8131,0.11,3.4
8132,0.11,3.42
8133,0.11,3.47
8134,0.12,3.54
8135,0.12,3.63
8136,0.12,3.75
8137,0.13,3.88
8138,0.13,4.05
8139,0.13,4.24
8140,0.13,4.46
8141,0.13,4.71
8142,0.13,4.98
8143,0.14,5.27
8144,0.14,5.58
8145,0.14,5.89
8146,0.14,6.2
8147,0.14,6.5
8148,0.13,6.78
8149,0.13,7.06
8150,0.13,7.31
8151,0.13,7.53
8152,0.13,7.72
8153,0.13,7.86
8154,0.12,7.96
8155,0.11,8.0
8156,0.11,8.0
8157,0.11,7.94
8158,0.11,7.84
8159,0.11,7.7
8160,0.09,7.53
8161,0.09,7.33
8162,0.09,7.11
8163,0.09,6.86
8164,0.09,6.61
8165,0.09,6.35
8166,0.09,6.08
8167,0.09,5.82
8168,0.09,5.57
8169,0.09,5.32
8170,0.09,5.08
8171,0.09,4.84
8172,0.09,4.61
8173,0.09,4.4
8174,0.09,4.2
8175,0.09,4.02
8176,0.09,3.86
8177,0.09,3.72
8178,0.1,3.61
8179,0.1,3.52
8180,0.11,3.45
8181,0.11,3.41
8182,0.11,3.39
8183,0.11,3.4
8184,0.11,3.43
8185,0.12,3.48
8186,0.12,3.55
8187,0.12,3.65
8188,0.13,3.77
8189,0.13,3.92
8190,0.13,4.1
8191,0.13,4.3
8192,0.14,4.54
8193,0.13,4.79
8194,0.14,5.07
8195,0.14,5.37
8196,0.14,5.68
8197,0.14,5.99
8198,0.14,6.3
8199,0.14,6.6
8200,0.14,6.89
8201,0.13,7.16
8202,0.13,7.4
8203,0.13,7.61
8204,0.13,7.79
8205,0.13,7.91
8206,0.12,7.99
8207,0.11,8.02
8208,0.11,8.0
8209,0.11,7.93
8210,0.11,7.83
8211,0.1,7.68
8212,0.1,7.51
8213,0.09,7.29
8214,0.09,7.06
8215,0.09,6.81
8216,0.09,6.55
8217,0.09,6.29
8218,0.09,6.03
8219,0.09,5.77
8220,0.09,5.51
8221,0.09,5.27
8222,0.09,5.02
8223,0.09,4.78
8224,0.09,4.56
8225,0.09,4.34
8226,0.09,4.15
8227,0.09,3.97
8228,0.09,3.82
8229,0.09,3.69
8230,0.1,3.58
8231,0.1,3.49
8232,0.11,3.43
8233,0.11,3.4
8234,0.11,3.39
8235,0.11,3.4
8236,0.11,3.44
8237,0.12,3.49
8238,0.12,3.57
8239,0.13,3.68
8240,0.13,3.8
8241,0.13,3.95
8242,0.13,4.13
8243,0.13,4.34
8244,0.13,4.58
8245,0.13,4.84
8246,0.14,5.12
8247,0.14,5.42
8248,0.14,5.73
8249,0.14,6.04
8250,0.14,6.35
8251,0.14,6.65
8252,0.14,6.94
8253,0.13,7.2
8254,0.13,7.44
8255,0.13,7.65
8256,0.13,7.82
8257,0.13,7.94
8258,0.12,8.01
8259,0.12,8.03
8260,0.11,8.0
8261,0.11,7.91
8262,0.11,7.79
8263,0.1,7.64
8264,0.1,7.45
8265,0.09,7.24
8266,0.09,7.01
8267,0.09,6.76
8268,0.09,6.49
8269,0.09,6.23
8270,0.09,5.96
8271,0.09,5.7
8272,0.08,5.45
8273,0.09,5.2
8274,0.09,4.96
8275,0.09,4.73
8276,0.09,4.5
8277,0.09,4.29
8278,0.09,4.1
8279,0.09,3.93
8280,0.09,3.78
8281,0.09,3.66
8282,0.09,3.56
8283,0.1,3.48
8284,0.11,3.43
8285,0.11,3.4
8286,0.11,3.39
8287,0.11,3.41
8288,0.11,3.45
8289,0.11,3.51
8290,0.12,3.59
8291,0.13,3.71
8292,0.13,3.84
8293,0.13,4.0
8294,0.13,4.19
8295,0.13,4.41
8296,0.13,4.66
8297,0.14,4.93
8298,0.13,5.22
8299,0.14,5.52
8300,0.14,5.83
8301,0.14,6.15
8302,0.14,6.45
8303,0.14,6.75
8304,0.13,7.03
8305,0.13,7.29
8306,0.13,7.52
8307,0.13,7.71
8308,0.13,7.87
8309,0.13,7.97
8310,0.12,8.02
8311,0.11,8.03
8312,0.11,7.99
8313,0.11,7.89
8314,0.11,7.76
8315,0.11,7.59
8316,0.1,7.39
8317,0.09,7.17
8318,0.09,6.93
8319,0.09,6.68
8320,0.09,6.41
8321,0.09,6.15
8322,0.09,5.88
8323,0.09,5.62
8324,0.09,5.37
8325,0.09,5.13
8326,0.09,4.89
8327,0.09,4.66
8328,0.09,4.44
8329,0.09,4.24
8330,0.09,4.05
8331,0.09,3.89
8332,0.1,3.75
8333,0.09,3.63
8334,0.1,3.54
8335,0.11,3.46
8336,0.11,3.42
8337,0.11,3.4
8338,0.11,3.4
8339,0.11,3.42
8340,0.11,3.46
8341,0.12,3.54
8342,0.13,3.63
8343,0.13,3.75
8344,0.13,3.89
8345,0.13,4.06
8346,0.13,4.26
8347,0.14,4.48
8348,0.13,4.73
8349,0.14,5.01
8350,0.13,5.31
8351,0.14,5.62
8352,0.14,5.93
8353,0.14,6.24
8354,0.14,6.54
8355,0.13,6.84
8356,0.14,7.11
8357,0.14,7.36
8358,0.13,7.58
8359,0.13,7.77
8360,0.13,7.91
8361,0.12,8.0
8362,0.12,8.04
8363,0.11,8.02
8364,0.11,7.97
8365,0.11,7.87
8366,0.1,7.73
8367,0.1,7.55
8368,0.1,7.35
8369,0.09,7.12
8370,0.09,6.87
8371,0.09,6.61
8372,0.09,6.35
8373,0.09,6.09
8374,0.09,5.83
8375,0.09,5.57
8376,0.09,5.32
8377,0.09,5.08
8378,0.09,4.84
8379,0.09,4.61
8380,0.09,4.39
8381,0.09,4.19
8382,0.09,4.01
8383,0.09,3.85
8384,0.09,3.71
8385,0.1,3.6
8386,0.1,3.51
8387,0.1,3.44
8388,0.11,3.4
8389,0.11,3.39
8390,0.11,3.4
8391,0.11,3.43
8392,0.11,3.48
8393,0.12,3.55
8394,0.12,3.65
8395,0.13,3.77
8396,0.13,3.92
8397,0.13,4.1
8398,0.13,4.3
8399,0.14,4.54
8400,0.14,4.81
8401,0.14,5.08
8402,0.14,5.37
8403,0.14,5.68
8404,0.14,6.0
8405,0.14,6.31
8406,0.14,6.62
8407,0.14,6.91
8408,0.14,7.18
8409,0.13,7.43
8410,0.13,7.64
8411,0.13,7.82
8412,0.12,7.95
8413,0.12,8.02
8414,0.12,8.05
8415,0.11,8.03
8416,0.11,7.96
8417,0.11,7.85
8418,0.1,7.7
8419,0.1,7.51
8420,0.09,7.3
8421,0.09,7.06
8422,0.09,6.81
8423,0.09,6.55
8424,0.09,6.28
8425,0.09,6.02
8426,0.08,5.76
8427,0.09,5.51
8428,0.09,5.26
8429,0.09,5.01
8430,0.09,4.78
8431,0.09,4.55
8432,0.09,4.34
8433,0.09,4.14
8434,0.09,3.96
8435,0.09,3.81
8436,0.1,3.68
8437,0.09,3.57
8438,0.1,3.49
8439,0.11,3.43
8440,0.11,3.39
8441,0.11,3.39
8442,0.11,3.4
8443,0.12,3.44
8444,0.12,3.5
8445,0.12,3.58
8446,0.12,3.68
8447,0.13,3.81
8448,0.13,3.97
8449,0.13,4.16
8450,0.13,4.37
8451,0.14,4.62
8452,0.14,4.88
8453,0.14,5.16
8454,0.14,5.46
8455,0.14,5.78
8456,0.14,6.09
8457,0.14,6.4
8458,0.13,6.7
8459,0.13,6.99
8460,0.14,7.25
8461,0.13,7.49
8462,0.13,7.69
8463,0.13,7.86
8464,0.12,7.97
8465,0.12,8.03
8466,0.12,8.04
8467,0.11,8.01
8468,0.11,7.92
8469,0.11,7.8
8470,0.1,7.64
8471,0.09,7.46
8472,0.09,7.23
8473,0.09,6.99
8474,0.09,6.73
8475,0.09,6.47
8476,0.09,6.21
8477,0.09,5.94
8478,0.09,5.68
8479,0.09,5.43
8480,0.09,5.19
8481,0.08,4.94
8482,0.08,4.71
8483,0.09,4.48
8484,0.09,4.28
8485,0.09,4.09
8486,0.09,3.91
8487,0.09,3.77
8488,0.09,3.64
8489,0.09,3.54
8490,0.1,3.47
8491,0.11,3.42
8492,0.11,3.39
8493,0.11,3.39
8494,0.11,3.41
8495,0.12,3.45
8496,0.11,3.52
8497,0.12,3.61
8498,0.12,3.72
8499,0.13,3.86
8500,0.13,4.02
8501,0.13,4.21
8502,0.13,4.43
8503,0.13,4.67
8504,0.14,4.94
8505,0.14,5.23
8506,0.14,5.54
8507,0.14,5.85
8508,0.13,6.17
8509,0.14,6.48
8510,0.14,6.78
8511,0.14,7.06
8512,0.13,7.32
8513,0.13,7.54
8514,0.13,7.74
8515,0.13,7.89
8516,0.12,7.98
8517,0.12,8.03
8518,0.11,8.02
8519,0.11,7.97
8520,0.11,7.87
8521,0.11,7.74
8522,0.1,7.57
8523,0.09,7.37
8524,0.09,7.14
8525,0.09,6.9
8526,0.09,6.64
8527,0.09,6.37
8528,0.09,6.11
8529,0.09,5.85
8530,0.09,5.59
8531,0.09,5.34
8532,0.09,5.1
8533,0.09,4.86
8534,0.09,4.63
8535,0.09,4.41
8536,0.09,4.21
8537,0.09,4.02
8538,0.09,3.86
8539,0.09,3.72
8540,0.09,3.61
8541,0.1,3.51
8542,0.11,3.45
8543,0.11,3.4
8544,0.11,3.38
8545,0.11,3.39
8546,0.11,3.41
8547,0.12,3.46
8548,0.12,3.54
8549,0.12,3.63
8550,0.13,3.75
8551,0.13,3.89
8552,0.13,4.06
8553,0.13,4.26
8554,0.13,4.48
8555,0.13,4.73
8556,0.14,5.01
8557,0.14,5.31
8558,0.14,5.61
8559,0.14,5.93
8560,0.14,6.24
8561,0.14,6.55
8562,0.13,6.84
8563,0.13,7.12
8564,0.13,7.37
8565,0.13,7.59
8566,0.13,7.77
8567,0.13,7.91
8568,0.12,8.0
8569,0.12,8.04
8570,0.11,8.02
8571,0.11,7.96
8572,0.11,7.86
8573,0.1,7.71
8574,0.1,7.54
8575,0.09,7.33
8576,0.09,7.1
8577,0.09,6.86
8578,0.09,6.6
8579,0.09,6.33
8580,0.09,6.07
8581,0.09,5.8
8582,0.09,5.55
8583,0.09,5.3
8584,0.09,5.05
8585,0.09,4.82
8586,0.09,4.59
8587,0.09,4.37
8588,0.09,4.17
8589,0.09,3.99
8590,0.09,3.84
8591,0.09,3.7
8592,0.09,3.59
8593,0.1,3.51
8594,0.1,3.44
8595,0.11,3.41
8596,0.11,3.39
8597,0.11,3.4
8598,0.11,3.43
8599,0.12,3.48
8600,0.12,3.56
8601,0.12,3.67
8602,0.12,3.79
8603,0.13,3.95
8604,0.13,4.13
8605,0.13,4.33
8606,0.13,4.57
8607,0.14,4.83
8608,0.13,5.11
8609,0.14,5.42
8610,0.13,5.73
8611,0.14,6.04
8612,0.13,6.35
8613,0.14,6.65
8614,0.13,6.94
8615,0.13,7.21
8616,0.13,7.45
8617,0.13,7.66
8618,0.13,7.82
8619,0.12,7.94
8620,0.12,8.02
8621,0.11,8.04
8622,0.11,8.01
8623,0.11,7.93
8624,0.11,7.81
8625,0.1,7.65
8626,0.09,7.47
8627,0.09,7.25
8628,0.09,7.02
8629,0.09,6.77
8630,0.09,6.5
8631,0.09,6.24
8632,0.09,5.97
8633,0.09,5.71
8634,0.09,5.46
8635,0.09,5.21
8636,0.09,4.97
8637,0.09,4.73
8638,0.09,4.51
8639,0.09,4.3
8640,0.09,4.1
8641,0.09,3.93
8642,0.09,3.78
8643,0.09,3.66
8644,0.09,3.55
8645,0.1,3.48
8646,0.1,3.42
8647,0.11,3.39
8648,0.11,3.38
8649,0.11,3.4
8650,0.12,3.44
8651,0.12,3.5
8652,0.12,3.59
8653,0.12,3.7
8654,0.13,3.84
8655,0.13,4.0
8656,0.13,4.19
8657,0.13,4.4
8658,0.13,4.65
8659,0.13,4.92
8660,0.14,5.21
8661,0.14,5.52
8662,0.14,5.83
8663,0.13,6.14
8664,0.14,6.45
8665,0.14,6.75
8666,0.14,7.03
8667,0.13,7.29
8668,0.13,7.52
8669,0.13,7.72
8670,0.12,7.87
8671,0.12,7.98
8672,0.11,8.03
8673,0.11,8.04
8674,0.11,7.99
8675,0.11,7.89
8676,0.11,7.76
8677,0.1,7.59
8678,0.1,7.4
8679,0.09,7.18
8680,0.09,6.94
8681,0.09,6.68
8682,0.09,6.42
8683,0.08,6.15
8684,0.08,5.89
8685,0.08,5.63
8686,0.08,5.38
8687,0.08,5.13
8688,0.08,4.89
8689,0.08,4.66
8690,0.08,4.44
8691,0.09,4.23
8692,0.09,4.05
8693,0.09,3.88
8694,0.09,3.74
8695,0.09,3.62
8696,0.09,3.52
8697,0.1,3.45
8698,0.1,3.41
8699,0.11,3.39
8700,0.11,3.39
8701,0.11,3.41
8702,0.11,3.46
8703,0.11,3.53
8704,0.12,3.62
8705,0.12,3.74
8706,0.13,3.88
8707,0.13,4.05
8708,0.13,4.25
8709,0.13,4.48
8710,0.13,4.73
8711,0.13,5.01
8712,0.14,5.3
8713,0.14,5.61
8714,0.13,5.92
8715,0.13,6.24
8716,0.14,6.54
8717,0.13,6.83
8718,0.13,7.11
8719,0.13,7.36
8720,0.13,7.58
8721,0.13,7.76
8722,0.12,7.9
8723,0.12,7.99
8724,0.11,8.03
8725,0.11,8.02
8726,0.11,7.95
8727,0.1,7.85
8728,0.1,7.7
8729,0.1,7.53
8730,0.09,7.32
8731,0.09,7.1
8732,0.09,6.85
8733,0.09,6.59
8734,0.09,6.32
8735,0.08,6.06
8736,0.09,5.8
8737,0.08,5.54
8738,0.08,5.29
8739,0.09,5.05
8740,0.09,4.81
8741,0.08,4.58
8742,0.09,4.36
8743,0.09,4.16
8744,0.09,3.98
8745,0.09,3.83
8746,0.09,3.69
8747,0.09,3.58
8748,0.09,3.49
8749,0.1,3.43
8750,0.1,3.39
8751,0.11,3.38
8752,0.11,3.39
8753,0.11,3.42
8754,0.11,3.47
8755,0.12,3.55
8756,0.12,3.65
8757,0.13,3.78
8758,0.13,3.93
8759,0.13,4.11
8760,0.13,4.32
8761,0.13,4.55
8762,0.14,4.81
8763,0.13,5.1
8764,0.13,5.4
8765,0.13,5.71
8766,0.14,6.02
8767,0.13,6.34
8768,0.13,6.64
8769,0.13,6.93
8770,0.13,7.2
8771,0.13,7.44
8772,0.13,7.65
8773,0.13,7.81
8774,0.12,7.94
8775,0.11,8.01
8776,0.11,8.03
8777,0.11,8.0
8778,0.11,7.92
8779,0.11,7.8
8780,0.11,7.65
8781,0.09,7.47
8782,0.09,7.25
8783,0.09,7.02
8784,0.09,6.76
8785,0.09,6.5
8786,0.08,6.23
8787,0.09,5.97
8788,0.09,5.71
8789,0.09,5.45
8790,0.08,5.21
8791,0.09,4.96
8792,0.09,4.73
8793,0.09,4.51
8794,0.09,4.29
8795,0.09,4.1
8796,0.09,3.93
8797,0.09,3.78
8798,0.09,3.65
8799,0.09,3.55
8800,0.1,3.47
8801,0.1,3.41
8802,0.11,3.38
8803,0.11,3.38
8804,0.11,3.39
8805,0.11,3.43
8806,0.11,3.49
8807,0.12,3.58
8808,0.12,3.69
8809,0.13,3.82
8810,0.12,3.98
8811,0.13,4.17
8812,0.13,4.39
8813,0.13,4.63
8814,0.13,4.9
8815,0.13,5.19
8816,0.13,5.5
8817,0.13,5.81
8818,0.14,6.12
8819,0.13,6.43
8820,0.13,6.73
8821,0.13,7.01
8822,0.13,7.27
8823,0.13,7.51
8824,0.13,7.7
8825,0.13,7.85
8826,0.12,7.96
8827,0.11,8.02
8828,0.11,8.03
8829,0.11,7.98
8830,0.11,7.88
8831,0.1,7.75
8832,0.1,7.59
8833,0.09,7.39
8834,0.09,7.17
8835,0.09,6.93
8836,0.09,6.68
8837,0.09,6.41
8838,0.08,6.15
8839,0.08,5.88
8840,0.08,5.62
8841,0.08,5.37
8842,0.08,5.13
8843,0.08,4.89
8844,0.09,4.66
8845,0.09,4.43
8846,0.09,4.23
8847,0.09,4.04
8848,0.09,3.88
8849,0.09,3.73
8850,0.09,3.61
8851,0.09,3.52
8852,0.1,3.45
8853,0.1,3.4
8854,0.11,3.38
8855,0.11,3.38
8856,0.11,3.4
8857,0.11,3.45
8858,0.12,3.52
8859,0.12,3.61
8860,0.12,3.73
8861,0.13,3.87
8862,0.13,4.04
8863,0.13,4.23
8864,0.13,4.46
8865,0.13,4.71
8866,0.13,4.98
8867,0.13,5.28
8868,0.13,5.59
8869,0.13,5.9
8870,0.13,6.21
8871,0.13,6.51
8872,0.13,6.8
8873,0.13,7.08
8874,0.13,7.33
8875,0.13,7.55
8876,0.13,7.73
8877,0.12,7.87
8878,0.12,7.96
8879,0.11,7.99
8880,0.11,7.98
8881,0.11,7.92
8882,0.1,7.81
8883,0.1,7.67
8884,0.09,7.5
8885,0.09,7.3
8886,0.09,7.07
8887,0.09,6.82
8888,0.09,6.57
8889,0.09,6.3
8890,0.08,6.04
8891,0.08,5.78
8892,0.08,5.52
8893,0.08,5.28
8894,0.08,5.03
8895,0.08,4.8
8896,0.08,4.57
8897,0.09,4.36
8898,0.08,4.16
8899,0.09,3.98
8900,0.09,3.82
8901,0.09,3.69
8902,0.09,3.57
8903,0.1,3.49
8904,0.1,3.42
8905,0.1,3.38
8906,0.11,3.37
8907,0.11,3.38
8908,0.11,3.4
8909,0.11,3.46
8910,0.11,3.54
8911,0.12,3.64
8912,0.12,3.76
8913,0.13,3.91
8914,0.13,4.09
8915,0.13,4.29
8916,0.13,4.52
8917,0.13,4.78
8918,0.13,5.06
8919,0.13,5.36
8920,0.13,5.66
8921,0.13,5.98
8922,0.13,6.29
8923,0.13,6.58
8924,0.13,6.87
8925,0.13,7.14
8926,0.13,7.38
8927,0.13,7.6
8928,0.13,7.77
8929,0.12,7.89
8930,0.11,7.97
8931,0.11,7.99
8932,0.11,7.96
8933,0.11,7.89
8934,0.11,7.78
8935,0.1,7.63
8936,0.09,7.45
8937,0.09,7.24
8938,0.09,7.01
8939,0.09,6.76
8940,0.08,6.5
8941,0.08,6.23
8942,0.08,5.97
8943,0.08,5.71
8944,0.08,5.46
8945,0.08,5.21
8946,0.08,4.97
8947,0.08,4.74
8948,0.08,4.52
8949,0.09,4.31
8950,0.08,4.11
8951,0.09,3.94
8952,0.09,3.79
8953,0.09,3.66
8954,0.09,3.55
8955,0.09,3.47
8956,0.1,3.41
8957,0.1,3.38
8958,0.11,3.37
8959,0.11,3.38
8960,0.11,3.41
8961,0.11,3.47
8962,0.11,3.55
8963,0.12,3.66
8964,0.12,3.79
8965,0.12,3.94
8966,0.13,4.13
8967,0.13,4.34
8968,0.13,4.58
8969,0.13,4.84
8970,0.13,5.12
8971,0.13,5.43
8972,0.13,5.74
8973,0.13,6.05
8974,0.13,6.36
8975,0.13,6.65
8976,0.13,6.94
8977,0.13,7.2
8978,0.13,7.44
8979,0.13,7.64
8980,0.12,7.8
8981,0.12,7.92
8982,0.11,7.98
8983,0.11,8.0
8984,0.11,7.96
8985,0.11,7.87
8986,0.1,7.75
8987,0.09,7.59
8988,0.09,7.41
8989,0.09,7.19
8990,0.09,6.96
8991,0.09,6.7
8992,0.09,6.44
8993,0.08,6.17
8994,0.08,5.91
8995,0.08,5.65
8996,0.08,5.4
8997,0.08,5.16
8998,0.08,4.92
8999,0.08,4.69
9000,0.08,4.46
9001,0.08,4.26
9002,0.08,4.07
9003,0.09,3.9
9004,0.08,3.75
9005,0.09,3.63
9006,0.09,3.53
9007,0.09,3.45
9008,0.1,3.4
9009,0.1,3.37
9010,0.11,3.36
9011,0.11,3.38
9012,0.11,3.42
9013,0.11,3.48
9014,0.11,3.57
9015,0.12,3.68
9016,0.12,3.81
9017,0.13,3.97
9018,0.13,4.16
9019,0.13,4.38
9020,0.13,4.62
9021,0.13,4.89
9022,0.13,5.18
9023,0.13,5.49
9024,0.13,5.8
9025,0.13,6.11
9026,0.13,6.42
9027,0.13,6.72
9028,0.13,7.0
9029,0.13,7.25
9030,0.13,7.48
9031,0.12,7.68
9032,0.12,7.83
9033,0.12,7.93
9034,0.11,7.98
9035,0.11,7.97
9036,0.11,7.92
9037,0.1,7.83
9038,0.1,7.7
9039,0.09,7.53
9040,0.09,7.34
9041,0.09,7.11
9042,0.09,6.87
9043,0.08,6.61
9044,0.08,6.35
9045,0.08,6.09
9046,0.08,5.83
9047,0.09,5.57
9048,0.08,5.33
9049,0.08,5.08
9050,0.08,4.85
9051,0.08,4.62
9052,0.09,4.4
9053,0.08,4.19
9054,0.09,4.01
9055,0.09,3.85
9056,0.09,3.71
9057,0.09,3.59
9058,0.09,3.5
9059,0.09,3.43
9060,0.1,3.39
9061,0.1,3.36
9062,0.11,3.37
9063,0.11,3.39
9064,0.11,3.44
9065,0.11,3.52
9066,0.11,3.61
9067,0.12,3.73
9068,0.12,3.87
9069,0.12,4.04
9070,0.13,4.23
9071,0.13,4.46
9072,0.13,4.71
9073,0.13,4.98
9074,0.13,5.28
9075,0.13,5.58
9076,0.13,5.89
9077,0.13,6.2
9078,0.13,6.5
9079,0.13,6.79
9080,0.13,7.07
9081,0.13,7.32
9082,0.13,7.53
9083,0.12,7.72
9084,0.11,7.85
9085,0.11,7.95
9086,0.11,7.98
9087,0.11,7.96
9088,0.11,7.9
9089,0.1,7.79
9090,0.09,7.65
9091,0.09,7.48
9092,0.09,7.28
9093,0.09,7.05
9094,0.09,6.81
9095,0.08,6.55
9096,0.08,6.28
9097,0.08,6.02
9098,0.08,5.76
9099,0.08,5.51
9100,0.08,5.26
9101,0.08,5.02
9102,0.08,4.78
9103,0.08,4.56
9104,0.08,4.34
9105,0.08,4.14
9106,0.09,3.97
9107,0.09,3.81
9108,0.09,3.67
9109,0.09,3.56
9110,0.09,3.48
9111,0.09,3.41
9112,0.1,3.37
9113,0.1,3.36
9114,0.11,3.37
9115,0.11,3.39
9116,0.11,3.45
9117,0.11,3.52
9118,0.11,3.62
9119,0.12,3.75
9120,0.12,3.9
9121,0.12,4.07
9122,0.13,4.27
9123,0.13,4.5
9124,0.13,4.76
9125,0.13,5.04
9126,0.13,5.34
9127,0.13,5.65
9128,0.13,5.96
9129,0.13,6.27
9130,0.13,6.57
9131,0.13,6.85
9132,0.13,7.12
9133,0.12,7.37
9134,0.13,7.58
9135,0.12,7.75
9136,0.11,7.87
9137,0.11,7.95
9138,0.11,7.97
9139,0.11,7.94
9140,0.1,7.86
9141,0.1,7.75
9142,0.09,7.6
9143,0.09,7.42
9144,0.09,7.21
9145,0.08,6.98
9146,0.08,6.73
9147,0.08,6.47
9148,0.08,6.21
9149,0.08,5.95
9150,0.08,5.69
9151,0.08,5.44
9152,0.08,5.19
9153,0.08,4.95
9154,0.07,4.72
9155,0.08,4.5
9156,0.08,4.28
9157,0.09,4.09
9158,0.08,3.92
9159,0.09,3.77
9160,0.09,3.64
9161,0.09,3.54
9162,0.09,3.46
9163,0.09,3.4
9164,0.1,3.37
9165,0.1,3.36
9166,0.11,3.37
9167,0.11,3.41
9168,0.11,3.47
9169,0.11,3.55
9170,0.11,3.66
9171,0.11,3.79
9172,0.12,3.94
9173,0.12,4.13
9174,0.13,4.33
9175,0.13,4.57
9176,0.13,4.83
9177,0.13,5.12
9178,0.13,5.42
9179,0.13,5.73
9180,0.13,6.04
9181,0.13,6.34
9182,0.13,6.64
9183,0.13,6.92
9184,0.13,7.18
9185,0.12,7.41
9186,0.12,7.61
9187,0.11,7.77
9188,0.11,7.88
9189,0.11,7.94
9190,0.11,7.94
9191,0.11,7.9
9192,0.09,7.81
9193,0.09,7.69
9194,0.09,7.53
9195,0.09,7.34
9196,0.09,7.12
9197,0.09,6.89
9198,0.08,6.63
9199,0.08,6.37
9200,0.08,6.11
9201,0.08,5.86
9202,0.08,5.6
9203,0.07,5.35
9204,0.08,5.11
9205,0.08,4.88
9206,0.08,4.65
9207,0.08,4.43
9208,0.09,4.22
9209,0.08,4.03
9210,0.09,3.87
9211,0.09,3.72
9212,0.09,3.6
9213,0.09,3.51
9214,0.09,3.43
9215,0.09,3.38
9216,0.1,3.36
9217,0.1,3.36
9218,0.11,3.37
9219,0.11,3.42
9220,0.11,3.49
9221,0.11,3.58
9222,0.11,3.69
9223,0.11,3.83
9224,0.12,3.99
9225,0.12,4.18
9226,0.13,4.4
9227,0.13,4.64
9228,0.13,4.91
9229,0.13,5.2
9230,0.13,5.5
9231,0.13,5.81
9232,0.13,6.12
9233,0.13,6.43
9234,0.13,6.72
9235,0.13,7.0
9236,0.12,7.25
9237,0.12,7.48
9238,0.11,7.67
9239,0.11,7.81
9240,0.11,7.9
9241,0.11,7.94
9242,0.11,7.93
9243,0.1,7.88
9244,0.1,7.79
9245,0.09,7.65
9246,0.09,7.49
9247,0.09,7.3
9248,0.09,7.07
9249,0.08,6.83
9250,0.08,6.57
9251,0.08,6.31
9252,0.07,6.05
9253,0.08,5.79
9254,0.07,5.54
9255,0.07,5.29
9256,0.07,5.05
9257,0.07,4.82
9258,0.07,4.59
9259,0.08,4.37
9260,0.08,4.17
9261,0.08,3.99
9262,0.09,3.83
9263,0.08,3.69
9264,0.09,3.58
9265,0.09,3.49
9266,0.09,3.42
9267,0.09,3.37
9268,0.1,3.35
9269,0.1,3.36
9270,0.1,3.38
9271,0.11,3.43
9272,0.11,3.51
9273,0.11,3.6
9274,0.11,3.72
9275,0.12,3.86
9276,0.11,4.03
9277,0.12,4.23
9278,0.13,4.45
9279,0.13,4.7
9280,0.13,4.98
9281,0.13,5.27
9282,0.13,5.57
9283,0.13,5.88
9284,0.13,6.19
9285,0.13,6.5
9286,0.13,6.78
9287,0.13,7.06
9288,0.12,7.3
9289,0.12,7.52
9290,0.11,7.7
9291,0.11,7.83
9292,0.11,7.91
9293,0.11,7.94
9294,0.11,7.92
9295,0.1,7.85
9296,0.09,7.75
9297,0.09,7.61
9298,0.09,7.43
9299,0.09,7.22
9300,0.08,6.99
9301,0.08,6.75
9302,0.08,6.49
9303,0.08,6.23
9304,0.07,5.97
9305,0.07,5.72
9306,0.07,5.47
9307,0.07,5.22
9308,0.07,4.98
9309,0.08,4.75
9310,0.07,4.52
9311,0.08,4.31
9312,0.08,4.12
9313,0.08,3.94
9314,0.08,3.79
9315,0.08,3.66
9316,0.09,3.55
9317,0.09,3.47
9318,0.09,3.41
9319,0.09,3.37
9320,0.09,3.36
9321,0.1,3.37
9322,0.11,3.41
9323,0.11,3.47
9324,0.11,3.54
9325,0.11,3.65
9326,0.11,3.77
9327,0.12,3.92
9328,0.12,4.09
9329,0.12,4.3
9330,0.13,4.54
9331,0.13,4.79
9332,0.13,5.07
9333,0.13,5.36
9334,0.13,5.67
9335,0.13,5.97
9336,0.13,6.28
9337,0.13,6.58
9338,0.13,6.86
9339,0.13,7.12
9340,0.12,7.35
9341,0.12,7.56
9342,0.11,7.72
9343,0.11,7.83
9344,0.11,7.9
9345,0.11,7.91
9346,0.1,7.88
9347,0.1,7.8
9348,0.09,7.69
9349,0.09,7.54
9350,0.09,7.35
9351,0.08,7.14
9352,0.08,6.9
9353,0.08,6.66
9354,0.07,6.4
9355,0.07,6.14
9356,0.07,5.88
9357,0.07,5.63
9358,0.07,5.38
9359,0.07,5.14
9360,0.07,4.9
9361,0.07,4.67
9362,0.07,4.45
9363,0.07,4.25
9364,0.08,4.06
9365,0.08,3.89
9366,0.08,3.74
9367,0.09,3.62
9368,0.09,3.52
9369,0.09,3.44
9370,0.09,3.39
9371,0.09,3.36
9372,0.09,3.36
9373,0.11,3.38
9374,0.11,3.42
9375,0.11,3.48
9376,0.11,3.57
9377,0.11,3.67
9378,0.12,3.8
9379,0.11,3.96
9380,0.12,4.14
9381,0.12,4.35
9382,0.13,4.59
9383,0.13,4.86
9384,0.13,5.15
9385,0.13,5.45
9386,0.12,5.76
9387,0.12,6.07
9388,0.13,6.37
9389,0.13,6.65
9390,0.12,6.93
9391,0.12,7.18
9392,0.12,7.41
9393,0.11,7.6
9394,0.11,7.74
9395,0.11,7.84
9396,0.11,7.88
9397,0.1,7.88
9398,0.1,7.84
9399,0.1,7.75
9400,0.09,7.63
9401,0.09,7.46
9402,0.09,7.27
9403,0.09,7.05
9404,0.08,6.81
9405,0.08,6.57
9406,0.07,6.31
9407,0.07,6.05
9408,0.07,5.8
9409,0.07,5.55
9410,0.07,5.3
9411,0.07,5.06
9412,0.07,4.83
9413,0.07,4.6
9414,0.07,4.39
9415,0.07,4.19
9416,0.07,4.0
9417,0.08,3.84
9418,0.08,3.7
9419,0.08,3.59
9420,0.09,3.49
9421,0.09,3.42
9422,0.09,3.38
9423,0.09,3.36
9424,0.1,3.36
9425,0.1,3.38
9426,0.1,3.43
9427,0.11,3.5
9428,0.11,3.58
9429,0.11,3.7
9430,0.11,3.83
9431,0.12,3.99
9432,0.12,4.18
9433,0.12,4.4
9434,0.13,4.65
9435,0.12,4.93
9436,0.13,5.22
9437,0.13,5.52
9438,0.12,5.82
9439,0.12,6.13
9440,0.12,6.42
9441,0.12,6.71
9442,0.12,6.97
9443,0.12,7.21
9444,0.12,7.43
9445,0.11,7.61
9446,0.11,7.74
9447,0.11,7.82
9448,0.11,7.86
9449,0.1,7.85
9450,0.1,7.8
9451,0.09,7.7
9452,0.09,7.56
9453,0.09,7.39
9454,0.08,7.19
9455,0.08,6.97
9456,0.08,6.73
9457,0.08,6.48
9458,0.07,6.23
9459,0.07,5.98
9460,0.07,5.73
9461,0.07,5.48
9462,0.07,5.23
9463,0.07,4.99
9464,0.07,4.76
9465,0.07,4.54
9466,0.07,4.33
9467,0.08,4.14
9468,0.08,3.96
9469,0.08,3.81
9470,0.08,3.68
9471,0.08,3.57
9472,0.09,3.48
9473,0.09,3.42
9474,0.09,3.38
9475,0.09,3.37
9476,0.1,3.38
9477,0.11,3.41
9478,0.1,3.46
9479,0.11,3.53
9480,0.11,3.62
9481,0.11,3.74
9482,0.11,3.88
9483,0.11,4.06
9484,0.12,4.26
9485,0.12,4.49
9486,0.12,4.74
9487,0.12,5.02
9488,0.13,5.31
9489,0.12,5.61
9490,0.12,5.91
9491,0.12,6.21
9492,0.12,6.5
9493,0.12,6.78
9494,0.12,7.04
9495,0.12,7.27
9496,0.11,7.48
9497,0.11,7.64
9498,0.11,7.76
9499,0.1,7.82
9500,0.1,7.85
9501,0.1,7.82
9502,0.09,7.76
9503,0.09,7.64
9504,0.09,7.49
9505,0.08,7.31
9506,0.08,7.11
9507,0.08,6.88
9508,0.07,6.64
9509,0.07,6.39
9510,0.07,6.14
9511,0.07,5.89
9512,0.07,5.63
9513,0.07,5.39
9514,0.07,5.15
9515,0.07,4.91
9516,0.07,4.69
9517,0.07,4.47
9518,0.08,4.27
9519,0.08,4.08
9520,0.08,3.91
9521,0.08,3.76
9522,0.08,3.64
9523,0.09,3.54
9524,0.09,3.46
9525,0.09,3.41
9526,0.09,3.38
9527,0.09,3.37
9528,0.09,3.38
9529,0.1,3.42
9530,0.11,3.48
9531,0.11,3.56
9532,0.11,3.66
9533,0.11,3.78
9534,0.11,3.93
9535,0.11,4.12
9536,0.12,4.32
9537,0.12,4.56
9538,0.12,4.82
9539,0.12,5.1
9540,0.12,5.39
9541,0.13,5.69
9542,0.12,5.99
9543,0.12,6.29
9544,0.12,6.57
9545,0.12,6.84
9546,0.12,7.1
9547,0.11,7.32
9548,0.11,7.51
9549,0.11,7.66
9550,0.11,7.77
9551,0.1,7.82
9552,0.1,7.83
9553,0.09,7.79
9554,0.09,7.72
9555,0.09,7.59
9556,0.08,7.43
9557,0.08,7.25
9558,0.08,7.04
9559,0.07,6.81
9560,0.07,6.57
9561,0.07,6.32
9562,0.07,6.07
9563,0.07,5.81
9564,0.07,5.56
9565,0.07,5.32
9566,0.07,5.08
9567,0.07,4.85
9568,0.07,4.62
9569,0.07,4.41
9570,0.07,4.21
9571,0.07,4.03
9572,0.07,3.86
9573,0.08,3.72
9574,0.09,3.6
9575,0.09,3.51
9576,0.09,3.44
9577,0.09,3.39
9578,0.09,3.37
9579,0.09,3.36
9580,0.1,3.38
9581,0.1,3.43
9582,0.1,3.49
9583,0.11,3.57
9584,0.11,3.68
9585,0.11,3.81
9586,0.11,3.97
9587,0.11,4.16
9588,0.12,4.37
9589,0.12,4.62
9590,0.12,4.88
9591,0.12,5.16
9592,0.12,5.46
9593,0.12,5.76
9594,0.12,6.06
9595,0.12,6.35
9596,0.12,6.64
9597,0.12,6.9
9598,0.11,7.15
9599,0.11,7.36
9600,0.11,7.54
9601,0.11,7.68
9602,0.11,7.77
9603,0.1,7.82
9604,0.1,7.82
9605,0.09,7.77
9606,0.09,7.67
9607,0.09,7.54
9608,0.08,7.37
9609,0.08,7.18
9610,0.08,6.97
9611,0.07,6.74
9612,0.07,6.49
9613,0.07,6.24
9614,0.07,5.98
9615,0.07,5.73
9616,0.07,5.48
9617,0.07,5.24
9618,0.07,5.01
9619,0.07,4.78
9620,0.07,4.56
9621,0.07,4.35
9622,0.08,4.15
9623,0.07,3.97
9624,0.07,3.82
9625,0.08,3.69
9626,0.08,3.57
9627,0.09,3.49
9628,0.09,3.42
9629,0.09,3.38
9630,0.09,3.36
9631,0.09,3.37
9632,0.1,3.39
9633,0.1,3.44
9634,0.1,3.51
9635,0.11,3.6
9636,0.11,3.71
9637,0.11,3.86
9638,0.11,4.02
9639,0.12,4.21
9640,0.12,4.44
9641,0.12,4.68
9642,0.12,4.95
9643,0.12,5.23
9644,0.12,5.53
9645,0.12,5.82
9646,0.12,6.12
9647,0.12,6.41
9648,0.12,6.69
9649,0.12,6.95
9650,0.11,7.19
9651,0.11,7.4
9652,0.11,7.57
9653,0.11,7.7
9654,0.1,7.78
9655,0.1,7.81
9656,0.09,7.79
9657,0.09,7.72
9658,0.09,7.62
9659,0.09,7.48
9660,0.08,7.31
9661,0.08,7.12
9662,0.07,6.9
9663,0.07,6.67
9664,0.07,6.42
9665,0.07,6.16
9666,0.07,5.91
9667,0.07,5.66
9668,0.07,5.42
9669,0.07,5.18
9670,0.07,4.94
9671,0.07,4.72
9672,0.07,4.5
9673,0.07,4.29
9674,0.07,4.1
9675,0.08,3.93
9676,0.07,3.78
9677,0.08,3.66
9678,0.08,3.55
9679,0.08,3.47
9680,0.09,3.41
9681,0.09,3.37
9682,0.09,3.36
9683,0.09,3.37
9684,0.1,3.4
9685,0.1,3.45
9686,0.1,3.52
9687,0.11,3.62
9688,0.11,3.75
9689,0.11,3.89
9690,0.11,4.07
9691,0.11,4.26
9692,0.12,4.49
9693,0.12,4.74
9694,0.12,5.01
9695,0.12,5.3
9696,0.12,5.59
9697,0.12,5.89
9698,0.12,6.18
9699,0.12,6.47
9700,0.11,6.74
9701,0.12,7.0
9702,0.11,7.23
9703,0.11,7.43
9704,0.11,7.59
9705,0.11,7.71
9706,0.1,7.78
9707,0.1,7.8
9708,0.09,7.77
9709,0.09,7.7
9710,0.09,7.59
9711,0.09,7.44
9712,0.08,7.26
9713,0.07,7.06
9714,0.07,6.84
9715,0.07,6.61
9716,0.07,6.35
9717,0.07,6.1
9718,0.07,5.85
9719,0.07,5.6
9720,0.07,5.36
9721,0.07,5.12
9722,0.07,4.89
9723,0.07,4.67
9724,0.07,4.45
9725,0.07,4.25
9726,0.07,4.06
9727,0.07,3.9
9728,0.07,3.75
9729,0.08,3.63
9730,0.08,3.53
9731,0.09,3.45
9732,0.09,3.4
9733,0.09,3.37
9734,0.09,3.36
9735,0.09,3.37
9736,0.09,3.41
9737,0.1,3.46
9738,0.1,3.54
9739,0.1,3.64
9740,0.11,3.77
9741,0.11,3.92
9742,0.11,4.1
9743,0.11,4.3
9744,0.11,4.54
9745,0.12,4.79
9746,0.12,5.07
9747,0.12,5.35
9748,0.12,5.65
9749,0.12,5.95
9750,0.12,6.24
9751,0.12,6.52
9752,0.11,6.79
9753,0.12,7.04
9754,0.11,7.27
9755,0.11,7.45
9756,0.11,7.61
9757,0.1,7.71
9758,0.1,7.77
9759,0.09,7.78
9760,0.09,7.74
9761,0.09,7.66
9762,0.09,7.54
9763,0.08,7.39
9764,0.08,7.21
9765,0.07,7.0
9766,0.07,6.78
9767,0.07,6.54
9768,0.07,6.29
9769,0.07,6.04
9770,0.07,5.79
9771,0.07,5.54
9772,0.07,5.3
9773,0.07,5.06
9774,0.07,4.84
9775,0.07,4.61
9776,0.07,4.4
9777,0.07,4.2
9778,0.07,4.02
9779,0.07,3.86
9780,0.08,3.72
9781,0.07,3.6
9782,0.08,3.5
9783,0.08,3.43
9784,0.09,3.38
9785,0.09,3.36
9786,0.09,3.35
9787,0.09,3.37
9788,0.09,3.41
9789,0.1,3.47
9790,0.1,3.55
9791,0.1,3.65
9792,0.11,3.79
9793,0.11,3.94
9794,0.11,4.13
9795,0.11,4.33
9796,0.11,4.57
9797,0.11,4.83
9798,0.12,5.11
9799,0.12,5.4
9800,0.11,5.69
9801,0.12,5.99
9802,0.12,6.28
9803,0.11,6.56
9804,0.12,6.83
9805,0.11,7.07
9806,0.11,7.29
9807,0.11,7.48
9808,0.1,7.62
9809,0.1,7.72
9810,0.1,7.77
9811,0.09,7.78
9812,0.09,7.73
9813,0.09,7.64
9814,0.09,7.51
9815,0.09,7.36
9816,0.08,7.17
9817,0.07,6.97
9818,0.07,6.74
9819,0.07,6.5
9820,0.07,6.25
9821,0.07,5.99
9822,0.07,5.74
9823,0.07,5.5
9824,0.07,5.26
9825,0.07,5.03
9826,0.07,4.8
9827,0.07,4.58
9828,0.07,4.37
9829,0.07,4.17
9830,0.07,3.99
9831,0.07,3.84
9832,0.07,3.7
9833,0.08,3.59
9834,0.08,3.49
9835,0.08,3.43
9836,0.08,3.38
9837,0.09,3.36
9838,0.09,3.36
9839,0.09,3.38
9840,0.1,3.42
9841,0.1,3.48
9842,0.1,3.57
9843,0.11,3.68
9844,0.11,3.81
9845,0.11,3.97
9846,0.11,4.16
9847,0.11,4.37
9848,0.11,4.61
9849,0.11,4.87
9850,0.12,5.15
9851,0.12,5.44
9852,0.11,5.74
9853,0.11,6.03
9854,0.12,6.32
9855,0.11,6.6
9856,0.12,6.86
9857,0.11,7.11
9858,0.11,7.32
9859,0.11,7.5
9860,0.11,7.64
9861,0.1,7.73
9862,0.09,7.77
9863,0.09,7.76
9864,0.09,7.7
9865,0.09,7.61
9866,0.09,7.48
9867,0.08,7.32
9868,0.08,7.13
9869,0.07,6.92
9870,0.07,6.69
9871,0.07,6.44
9872,0.07,6.19
9873,0.07,5.94
9874,0.07,5.69
9875,0.07,5.45
9876,0.07,5.21
9877,0.07,4.98
9878,0.07,4.75
9879,0.07,4.54
9880,0.07,4.33
9881,0.07,4.14
9882,0.07,3.96
9883,0.07,3.81
9884,0.07,3.67
9885,0.08,3.56
9886,0.07,3.48
9887,0.08,3.41
9888,0.09,3.37
9889,0.09,3.35
9890,0.09,3.35
9891,0.09,3.38
9892,0.09,3.42
9893,0.1,3.49
9894,0.1,3.58
9895,0.11,3.7
9896,0.11,3.83
9897,0.11,3.99
9898,0.11,4.18
9899,0.11,4.4
9900,0.11,4.64
9901,0.11,4.9
9902,0.11,5.18
9903,0.11,5.48
9904,0.11,5.77
9905,0.11,6.07
9906,0.11,6.36
9907,0.11,6.64
9908,0.11,6.9
9909,0.11,7.14
9910,0.11,7.35
9911,0.11,7.52
9912,0.11,7.65
9913,0.1,7.73
9914,0.09,7.76
9915,0.09,7.74
9916,0.09,7.68
9917,0.09,7.58
9918,0.09,7.45
9919,0.08,7.29
9920,0.08,7.1
9921,0.07,6.88
9922,0.07,6.64
9923,0.07,6.4
9924,0.07,6.15
9925,0.07,5.9
9926,0.07,5.65
9927,0.07,5.41
9928,0.07,5.17
9929,0.07,4.94
9930,0.07,4.72
9931,0.07,4.5
9932,0.07,4.29
9933,0.07,4.1
9934,0.07,3.93
9935,0.07,3.78
9936,0.07,3.65
9937,0.07,3.54
9938,0.07,3.46
9939,0.08,3.4
9940,0.09,3.36
9941,0.09,3.34
9942,0.09,3.35
9943,0.09,3.37
9944,0.09,3.43
9945,0.09,3.5
9946,0.1,3.6
9947,0.11,3.71
9948,0.11,3.85
9949,0.11,4.01
9950,0.11,4.2
9951,0.11,4.42
9952,0.11,4.67
9953,0.11,4.93
9954,0.12,5.21
9955,0.11,5.5
9956,0.11,5.8
9957,0.11,6.09
9958,0.11,6.38
9959,0.11,6.66
9960,0.11,6.91
9961,0.11,7.15
9962,0.11,7.35
9963,0.11,7.52
9964,0.1,7.64
9965,0.09,7.72
9966,0.09,7.74
9967,0.09,7.72
9968,0.09,7.66
9969,0.09,7.56
9970,0.08,7.42
9971,0.08,7.25
9972,0.08,7.06
9973,0.07,6.85
9974,0.07,6.61
9975,0.07,6.36
9976,0.07,6.11
9977,0.07,5.86
9978,0.07,5.62
9979,0.07,5.38
9980,0.07,5.14
9981,0.07,4.91
9982,0.07,4.69
9983,0.06,4.47
9984,0.07,4.27
9985,0.07,4.08
9986,0.07,3.91
9987,0.07,3.76
9988,0.08,3.64
9989,0.07,3.53
9990,0.08,3.45
9991,0.08,3.39
9992,0.08,3.35
9993,0.09,3.34
9994,0.09,3.35
9995,0.09,3.38
9996,0.1,3.43
9997,0.1,3.51
9998,0.1,3.6
9999,0.11,3.72
