Sample,Pose,Courant
0,5.37,0.56
1,5.36,0.56
2,5.36,0.56
3,5.36,0.56
4,5.36,0.56
5,5.36,0.56
6,5.36,0.56
7,5.36,0.56
8,5.36,0.56
9,5.36,0.56
10,5.36,0.56
11,5.36,0.56
12,5.36,0.56
13,5.36,0.56
14,5.36,0.56
15,5.35,0.56
16,5.35,0.56
17,5.35,0.56
18,5.35,0.56
19,5.35,0.56
20,5.36,0.56
21,5.36,0.56
22,5.36,0.56
23,5.36,0.56
24,5.36,0.56
25,5.36,0.57
26,5.36,0.56
27,5.36,0.56
28,5.36,0.56
29,5.36,0.56
30,5.36,0.56
31,5.36,0.56
32,5.36,0.56
33,5.37,0.56
34,5.37,0.56
35,5.37,0.56
36,5.37,0.56
37,5.37,0.56
38,5.37,0.56
39,5.37,0.56
40,5.37,0.56
41,5.37,0.57
42,5.37,0.56
43,5.37,0.56
44,5.37,0.56
45,5.37,0.56
46,5.37,0.56
47,5.37,0.56
48,5.37,0.56
49,5.37,0.56
50,5.37,0.56
51,5.37,0.56
52,5.37,0.56
53,5.36,0.56
54,5.36,0.56
55,5.36,0.56
56,5.36,0.56
57,5.36,0.56
58,5.36,0.56
59,5.36,0.56
60,5.36,0.56
61,5.36,0.56
62,5.36,0.56
63,5.36,0.56
64,5.36,0.56
65,5.36,0.56
66,5.36,0.56
67,5.36,0.56
68,5.36,0.56
69,5.36,0.56
70,5.36,0.56
71,5.36,0.56
72,5.36,0.56
73,5.36,0.56
74,5.36,0.56
75,5.36,0.56
76,5.36,0.56
77,5.36,0.56
78,5.36,0.56
79,5.36,0.56
80,5.36,0.56
81,5.36,0.56
82,5.36,0.56
83,5.36,0.56
84,5.36,0.56
85,5.37,0.56
86,5.37,0.56
87,5.37,0.56
88,5.37,0.56
89,5.37,0.57
90,5.37,0.56
91,5.37,0.56
92,5.37,0.56
93,5.37,0.56
94,5.37,0.56
95,5.37,0.56
96,5.37,0.56
97,5.37,0.56
98,5.37,0.56
99,5.37,0.56
100,5.37,0.56
101,5.37,0.56
102,5.37,0.56
103,5.37,0.56
104,5.37,0.56
105,5.36,0.56
106,5.36,0.56
107,5.36,0.56
108,5.36,0.56
109,5.36,0.56
110,5.36,0.56
111,5.36,0.56
112,5.36,0.56
113,5.36,0.56
114,5.36,0.56
115,5.36,0.56
116,5.36,0.56
117,5.36,0.56
118,5.36,0.56
119,5.36,0.56
120,5.36,0.56
121,5.36,0.56
122,5.36,0.56
123,5.36,0.56
124,5.36,0.56
125,5.36,0.56
126,5.36,0.56
127,5.36,0.56
128,5.36,0.56
129,5.36,0.56
130,5.36,0.56
131,5.36,0.56
132,5.36,0.56
133,5.36,0.56
134,5.36,0.56
135,5.36,0.56
136,5.37,0.56
137,5.37,0.56
138,5.37,0.56
139,5.37,0.56
140,5.37,0.56
141,5.37,0.56
142,5.37,0.56
143,5.37,0.56
144,5.37,0.56
145,5.37,0.56
146,5.37,0.56
147,5.37,0.56
148,5.37,0.56
149,5.37,0.56
150,5.37,0.56
151,5.37,0.56
152,5.37,0.56
153,5.37,0.56
154,5.37,0.56
155,5.37,0.56
156,5.37,0.57
157,5.36,0.56
158,5.36,0.56
159,5.36,0.56
160,5.36,0.56
161,5.36,0.56
162,5.36,0.56
163,5.36,0.56
164,5.36,0.56
165,5.36,0.56
166,5.36,0.56
167,5.36,0.56
168,5.36,0.56
169,5.36,0.56
170,5.36,0.57
171,5.36,0.56
172,5.36,0.56
173,5.36,0.56
174,5.36,0.56
175,5.36,0.56
176,5.36,0.56
177,5.36,0.56
178,5.36,0.56
179,5.36,0.56
180,5.36,0.56
181,5.36,0.56
182,5.36,0.56
183,5.36,0.56
184,5.36,0.56
185,5.36,0.56
186,5.36,0.56
187,5.36,0.56
188,5.37,0.56
189,5.37,0.56
190,5.37,0.56
191,5.37,0.56
192,5.37,0.56
193,5.37,0.56
194,5.37,0.56
195,5.37,0.56
196,5.37,0.56
197,5.37,0.56
198,5.37,0.56
199,5.37,0.56
200,5.37,0.56
201,5.37,0.56
202,5.37,0.56
203,5.37,0.56
204,5.37,0.56
205,5.37,0.56
206,5.37,0.56
207,5.37,0.56
208,5.36,0.56
209,5.36,0.56
210,5.36,0.56
211,5.36,0.56
212,5.36,0.56
213,5.36,0.56
214,5.36,0.56
215,5.36,0.56
216,5.36,0.56
217,5.36,0.56
218,5.36,0.56
219,5.36,0.56
220,5.36,0.56
221,5.36,0.56
222,5.36,0.56
223,5.36,0.56
224,5.36,0.56
225,5.36,0.56
226,5.36,0.56
227,5.36,0.56
228,5.36,0.56
229,5.36,0.56
230,5.36,0.56
231,5.36,0.56
232,5.36,0.56
233,5.36,0.56
234,5.36,0.56
235,5.36,0.56
236,5.36,0.56
237,5.36,0.56
238,5.37,0.56
239,5.37,0.56
240,5.37,0.56
241,5.37,0.56
242,5.37,0.56
243,5.37,0.56
244,5.37,0.56
245,5.37,0.56
246,5.37,0.56
247,5.37,0.56
248,5.37,0.56
249,5.37,0.56
250,5.37,0.56
251,5.37,0.56
252,5.37,0.56
253,5.37,0.56
254,5.37,0.56
255,5.37,0.56
256,5.0,-0.19
257,5.0,-0.19
258,5.0,-0.19
259,5.0,-0.19
260,5.0,-0.2
261,5.0,-0.2
262,5.0,-0.19
263,5.0,-0.2
264,5.0,-0.19
265,5.0,-0.2
266,4.99,-0.2
267,4.99,-0.2
268,4.99,-0.19
269,4.99,-0.19
270,4.99,-0.2
271,4.99,-0.2
272,4.99,-0.2
273,4.99,-0.19
274,4.99,-0.19
275,4.98,-0.2
276,4.98,-0.2
277,4.98,-0.2
278,4.98,-0.19
279,4.98,-0.2
280,4.98,-0.2
281,4.98,-0.2
282,4.98,-0.2
283,4.98,-0.2
284,4.98,-0.19
285,4.98,-0.2
286,4.98,-0.2
287,4.98,-0.2
288,4.98,-0.2
289,4.98,-0.2
290,4.98,-0.19
291,4.98,-0.19
292,4.98,-0.2
293,4.98,-0.2
294,4.98,-0.2
295,4.98,-0.2
296,4.98,-0.2
297,4.98,-0.19
298,4.98,-0.2
299,4.98,-0.19
300,4.98,-0.2
301,4.98,-0.2
302,4.98,-0.2
303,4.98,-0.2
304,4.98,-0.2
305,4.98,-0.19
306,4.98,-0.2
307,4.98,-0.2
308,4.98,-0.2
309,4.98,-0.2
310,4.98,-0.2
311,4.98,-0.2
312,4.98,-0.2
313,4.98,-0.2
314,4.98,-0.21
315,4.98,-0.21
316,4.98,-0.21
317,4.98,-0.2
318,4.98,-0.2
319,4.97,-0.21
320,4.97,-0.21
321,4.97,-0.2
322,4.97,-0.21
323,4.97,-0.2
324,4.97,-0.21
325,4.97,-0.21
326,4.97,-0.2
327,4.97,-0.21
328,4.97,-0.2
329,4.97,-0.2
330,4.97,-0.21
331,4.97,-0.2
332,4.97,-0.21
333,4.97,-0.21
334,4.97,-0.21
335,4.97,-0.21
336,4.97,-0.2
337,4.97,-0.21
338,4.97,-0.21
339,4.97,-0.2
340,4.97,-0.2
341,4.97,-0.21
342,4.97,-0.2
343,4.97,-0.21
344,4.97,-0.21
345,4.97,-0.21
346,4.97,-0.21
347,4.97,-0.2
348,4.97,-0.2
349,4.97,-0.2
350,4.97,-0.21
351,4.97,-0.2
352,4.97,-0.21
353,4.97,-0.21
354,4.97,-0.2
355,4.97,-0.2
356,4.97,-0.2
357,4.97,-0.21
358,4.97,-0.2
359,4.96,-0.2
360,4.96,-0.2
361,4.96,-0.21
362,4.96,-0.21
363,4.96,-0.21
364,4.96,-0.21
365,4.96,-0.21
366,4.96,-0.21
367,4.96,-0.21
368,4.96,-0.21
369,4.96,-0.21
370,4.96,-0.21
371,4.96,-0.21
372,4.96,-0.21
373,4.96,-0.21
374,4.96,-0.21
375,4.96,-0.21
376,4.96,-0.21
377,4.96,-0.21
378,4.96,-0.21
379,4.96,-0.21
380,4.96,-0.21
381,4.96,-0.21
382,4.96,-0.21
383,4.96,-0.21
384,4.96,-0.21
385,4.96,-0.21
386,4.96,-0.21
387,4.96,-0.21
388,4.96,-0.21
389,4.96,-0.21
390,4.96,-0.21
391,4.96,-0.21
392,4.95,-0.21
393,4.95,-0.21
394,4.95,-0.21
395,4.95,-0.21
396,4.95,-0.21
397,4.95,-0.21
398,4.95,-0.21
399,4.95,-0.21
400,4.95,-0.21
401,4.95,-0.21
402,4.95,-0.21
403,4.95,-0.21
404,4.95,-0.21
405,4.95,-0.21
406,4.95,-0.21
407,4.95,-0.21
408,4.95,-0.21
409,4.95,-0.21
410,4.95,-0.21
411,4.95,-0.21
412,4.95,-0.21
413,4.95,-0.21
414,4.95,-0.21
415,4.95,-0.21
416,4.95,-0.21
417,4.95,-0.21
418,4.95,-0.21
419,4.95,-0.21
420,4.95,-0.21
421,4.95,-0.21
422,4.95,-0.21
423,4.95,-0.21
424,4.95,-0.21
425,4.95,-0.21
426,4.95,-0.21
427,4.95,-0.21
428,4.95,-0.21
429,4.95,-0.21
430,4.95,-0.21
431,4.95,-0.21
432,4.95,-0.21
433,4.95,-0.21
434,4.95,-0.21
435,4.95,-0.21
436,4.95,-0.21
437,4.95,-0.21
438,4.95,-0.21
439,4.95,-0.21
440,4.94,-0.21
441,4.94,-0.21
442,4.94,-0.21
443,4.94,-0.21
444,4.94,-0.21
445,4.94,-0.21
446,4.94,-0.21
447,4.94,-0.21
448,4.94,-0.21
449,4.94,-0.21
450,4.94,-0.21
451,4.94,-0.21
452,4.94,-0.21
453,4.94,-0.21
454,4.94,-0.21
455,4.94,-0.21
456,4.94,-0.21
457,4.93,-0.21
458,4.93,-0.21
459,4.93,-0.21
460,4.93,-0.21
461,4.93,-0.21
462,4.93,-0.21
463,4.93,-0.21
464,4.93,-0.21
465,4.93,-0.21
466,4.93,-0.21
467,4.93,-0.21
468,4.93,-0.21
469,4.93,-0.21
470,4.93,-0.21
471,4.93,-0.21
472,4.93,-0.21
473,4.93,-0.21
474,4.93,-0.21
475,4.93,-0.21
476,4.93,-0.21
477,4.93,-0.21
478,4.93,-0.21
479,4.93,-0.21
480,4.93,-0.21
481,4.93,-0.21
482,4.93,-0.21
483,4.93,-0.21
484,4.93,-0.21
485,4.93,-0.21
486,4.93,-0.22
487,4.93,-0.21
488,4.93,-0.21
489,4.93,-0.21
490,4.93,-0.22
491,4.93,-0.21
492,4.93,-0.21
493,4.93,-0.21
494,4.93,-0.22
495,4.93,-0.21
496,4.93,-0.21
497,4.93,-0.21
498,4.93,-0.21
499,4.93,-0.21
500,4.93,-0.21
501,4.93,-0.22
502,4.93,-0.21
503,4.93,-0.22
504,4.93,-0.21
505,4.93,-0.22
506,4.93,-0.22
507,4.93,-0.21
508,4.93,-0.22
509,4.93,-0.22
510,4.93,-0.22
511,4.93,-0.22
512,4.93,-0.21
513,4.93,-0.21
514,4.93,-0.21
515,4.93,-0.21
516,4.93,-0.22
517,4.93,-0.22
518,4.93,-0.22
519,4.93,-0.22
520,4.93,-0.22
521,4.93,-0.22
522,4.93,-0.22
523,4.93,-0.22
524,4.93,-0.22
525,4.93,-0.22
526,4.93,-0.22
527,4.92,-0.22
528,4.92,-0.22
529,4.92,-0.22
530,4.92,-0.22
531,4.92,-0.22
532,4.92,-0.22
533,4.92,-0.22
534,4.92,-0.22
535,4.92,-0.22
536,4.92,-0.22
537,4.92,-0.22
538,4.92,-0.22
539,4.92,-0.22
540,4.92,-0.22
541,4.92,-0.22
542,4.92,-0.22
543,4.92,-0.22
544,4.92,-0.22
545,4.92,-0.22
546,4.91,-0.22
547,4.91,-0.22
548,4.92,-0.22
549,4.92,-0.22
550,4.92,-0.22
551,4.92,-0.22
552,4.92,-0.22
553,4.92,-0.22
554,4.92,-0.22
555,4.92,-0.22
556,4.92,-0.22
557,4.92,-0.22
558,4.92,-0.22
559,4.92,-0.22
560,4.92,-0.22
561,4.92,-0.22
562,4.92,-0.22
563,4.92,-0.22
564,4.92,-0.22
565,4.92,-0.22
566,4.92,-0.22
567,4.92,-0.22
568,4.92,-0.22
569,4.92,-0.22
570,4.92,-0.22
571,4.92,-0.22
572,4.92,-0.22
573,4.91,-0.22
574,4.91,-0.22
575,4.91,-0.22
576,4.91,-0.22
577,4.91,-0.22
578,4.91,-0.22
579,4.91,-0.22
580,4.91,-0.22
581,4.91,-0.22
582,4.91,-0.22
583,4.91,-0.22
584,4.91,-0.22
585,4.91,-0.22
586,4.91,-0.22
587,4.91,-0.22
588,4.91,-0.22
589,4.91,-0.22
590,4.91,-0.22
591,4.91,-0.22
592,4.91,-0.22
593,4.91,-0.22
594,4.91,-0.22
595,4.91,-0.22
596,4.91,-0.22
597,4.91,-0.22
598,4.91,-0.22
599,4.91,-0.22
600,4.91,-0.22
601,4.91,-0.22
602,4.91,-0.22
603,4.91,-0.22
604,4.91,-0.22
605,4.91,-0.22
606,4.91,-0.22
607,4.91,-0.22
608,4.91,-0.22
609,4.91,-0.22
610,4.91,-0.22
611,4.91,-0.22
612,4.91,-0.22
613,4.91,-0.22
614,4.91,-0.22
615,4.91,-0.22
616,4.91,-0.22
617,4.91,-0.22
618,4.91,-0.22
619,4.91,-0.22
620,4.91,-0.22
621,4.9,-0.22
622,4.9,-0.22
623,4.9,-0.22
624,4.9,-0.22
625,4.89,-0.22
626,4.88,-0.22
627,4.87,-0.21
628,4.86,-0.22
629,4.84,-0.21
630,4.83,-0.21
631,4.81,-0.22
632,4.79,-0.22
633,4.77,-0.22
634,4.74,-0.22
635,4.71,-0.22
636,4.69,-0.22
637,4.66,-0.22
638,4.63,-0.21
639,4.59,-0.22
640,4.56,-0.22
641,4.53,-0.22
642,4.5,-0.22
643,4.46,-0.22
644,4.43,-0.22
645,4.39,-0.22
646,4.36,-0.22
647,4.33,-0.22
648,4.29,-0.22
649,4.26,-0.22
650,4.23,-0.22
651,4.2,-0.22
652,4.17,-0.22
653,4.14,-0.22
654,4.12,-0.22
655,4.09,-0.22
656,4.07,-0.21
657,4.05,-0.22
658,4.03,-0.22
659,4.01,-0.21
660,3.99,-0.21
661,3.98,-0.22
662,3.96,-0.21
663,3.95,-0.21
664,3.94,-0.21
665,3.93,-0.21
666,3.93,-0.21
667,3.92,-0.21
668,3.91,-0.21
669,3.91,-0.21
670,3.91,-0.21
671,3.9,-0.21
672,3.9,-0.21
673,3.9,-0.21
674,3.9,-0.21
675,3.9,-0.2
676,3.89,-0.21
677,3.89,-0.21
678,3.89,-0.2
679,3.88,-0.2
680,3.88,-0.2
681,3.87,-0.2
682,3.87,-0.2
683,3.86,-0.19
684,3.85,-0.19
685,3.84,-0.19
686,3.83,-0.19
687,3.82,-0.19
688,3.81,-0.19
689,3.79,-0.19
690,3.78,-0.19
691,3.76,-0.19
692,3.75,-0.19
693,3.73,-0.19
694,3.71,-0.19
695,3.7,-0.2
696,3.68,-0.19
697,3.66,-0.19
698,3.64,-0.19
699,3.63,-0.19
700,3.61,-0.2
701,3.6,-0.19
702,3.59,-0.19
703,3.57,-0.2
704,3.56,-0.19
705,3.55,-0.19
706,3.54,-0.19
707,3.53,-0.19
708,3.52,-0.2
709,3.52,-0.19
710,3.51,-0.19
711,3.51,-0.19
712,3.51,-0.19
713,3.51,-0.19
714,3.51,-0.19
715,3.51,-0.19
716,3.51,-0.19
717,3.52,-0.19
718,3.52,-0.19
719,3.52,-0.19
720,3.53,-0.19
721,3.54,-0.19
722,3.54,-0.19
723,3.55,-0.19
724,3.55,-0.19
725,3.56,-0.18
726,3.56,-0.19
727,3.57,-0.18
728,3.57,-0.18
729,3.57,-0.18
730,3.58,-0.19
731,3.58,-0.19
732,3.58,-0.18
733,3.58,-0.18
734,3.58,-0.18
735,3.57,-0.18
736,3.57,-0.18
737,3.57,-0.18
738,3.56,-0.18
739,3.56,-0.18
740,3.55,-0.18
741,3.54,-0.18
742,3.53,-0.18
743,3.52,-0.18
744,3.51,-0.18
745,3.5,-0.18
746,3.49,-0.18
747,3.48,-0.18
748,3.47,-0.18
749,3.46,-0.18
750,3.45,-0.18
751,3.44,-0.18
752,3.43,-0.18
753,3.42,-0.18
754,3.41,-0.18
755,3.4,-0.18
756,3.4,-0.18
757,3.39,-0.18
758,3.39,-0.18
759,3.38,-0.18
760,3.38,-0.18
761,3.38,-0.18
762,3.38,-0.18
763,3.38,-0.18
764,3.38,-0.18
765,3.39,-0.18
766,3.39,-0.17
767,3.4,-0.17
768,3.4,-0.18
769,3.41,-0.17
770,3.41,-0.17
771,3.42,-0.17
772,3.43,-0.17
773,3.44,-0.17
774,3.44,-0.17
775,3.45,-0.17
776,3.46,-0.17
777,3.47,-0.17
778,3.47,-0.17
779,3.48,-0.17
780,3.48,-0.17
781,3.49,-0.17
782,3.49,-0.16
783,3.5,-0.17
784,3.5,-0.17
785,3.5,-0.17
786,3.5,-0.17
787,3.5,-0.17
788,3.5,-0.16
789,3.49,-0.16
790,3.49,-0.17
791,3.49,-0.16
792,3.48,-0.17
793,3.48,-0.16
794,3.47,-0.17
795,3.46,-0.17
796,3.45,-0.17
797,3.45,-0.17
798,3.44,-0.17
799,3.43,-0.17
800,3.42,-0.17
801,3.41,-0.17
802,3.41,-0.16
803,3.4,-0.16
804,3.39,-0.16
805,3.39,-0.17
806,3.38,-0.17
807,3.38,-0.17
808,3.37,-0.17
809,3.37,-0.17
810,3.37,-0.17
811,3.37,-0.17
812,3.37,-0.17
813,3.37,-0.17
814,3.37,-0.17
815,3.37,-0.16
816,3.37,-0.16
817,3.38,-0.16
818,3.38,-0.16
819,3.39,-0.16
820,3.4,-0.16
821,3.4,-0.16
822,3.41,-0.16
823,3.42,-0.15
824,3.43,-0.16
825,3.43,-0.15
826,3.44,-0.16
827,3.45,-0.16
828,3.46,-0.15
829,3.46,-0.15
830,3.47,-0.15
831,3.47,-0.15
832,3.48,-0.15
833,3.48,-0.15
834,3.49,-0.15
835,3.49,-0.15
836,3.49,-0.15
837,3.49,-0.15
838,3.49,-0.15
839,3.49,-0.15
840,3.49,-0.15
841,3.49,-0.15
842,3.49,-0.15
843,3.48,-0.15
844,3.48,-0.15
845,3.47,-0.15
846,3.47,-0.15
847,3.46,-0.15
848,3.45,-0.15
849,3.45,-0.15
850,3.44,-0.15
851,3.43,-0.15
852,3.43,-0.15
853,3.42,-0.15
854,3.42,-0.15
855,3.41,-0.15
856,3.41,-0.15
857,3.4,-0.15
858,3.4,-0.15
859,3.39,-0.15
860,3.39,-0.15
861,3.39,-0.15
862,3.39,-0.15
863,3.39,-0.15
864,3.39,-0.15
865,3.39,-0.15
866,3.4,-0.15
867,3.4,-0.15
868,3.41,-0.15
869,3.41,-0.15
870,3.42,-0.15
871,3.42,-0.15
872,3.43,-0.15
873,3.44,-0.14
874,3.44,-0.15
875,3.45,-0.15
876,3.46,-0.15
877,3.46,-0.14
878,3.47,-0.15
879,3.48,-0.14
880,3.48,-0.14
881,3.49,-0.14
882,3.5,-0.14
883,3.5,-0.14
884,3.51,-0.14
885,3.51,-0.14
886,3.51,-0.14
887,3.51,-0.14
888,3.51,-0.13
889,3.52,-0.13
890,3.51,-0.13
891,3.51,-0.13
892,3.51,-0.13
893,3.51,-0.14
894,3.51,-0.13
895,3.5,-0.13
896,3.5,-0.14
897,3.49,-0.13
898,3.49,-0.13
899,3.48,-0.14
900,3.48,-0.13
901,3.47,-0.13
902,3.47,-0.14
903,3.46,-0.13
904,3.45,-0.13
905,3.45,-0.13
906,3.44,-0.13
907,3.44,-0.13
908,3.44,-0.13
909,3.43,-0.14
910,3.43,-0.13
911,3.43,-0.14
912,3.43,-0.13
913,3.43,-0.13
914,3.43,-0.13
915,3.43,-0.13
916,3.43,-0.13
917,3.44,-0.13
918,3.44,-0.13
919,3.44,-0.13
920,3.45,-0.13
921,3.45,-0.13
922,3.46,-0.13
923,3.46,-0.13
924,3.47,-0.13
925,3.48,-0.13
926,3.48,-0.13
927,3.49,-0.13
928,3.5,-0.13
929,3.5,-0.13
930,3.51,-0.13
931,3.52,-0.13
932,3.52,-0.12
933,3.53,-0.12
934,3.53,-0.12
935,3.54,-0.12
936,3.54,-0.12
937,3.54,-0.12
938,3.54,-0.12
939,3.55,-0.12
940,3.55,-0.12
941,3.55,-0.12
942,3.54,-0.12
943,3.54,-0.12
944,3.54,-0.12
945,3.54,-0.12
946,3.53,-0.12
947,3.53,-0.12
948,3.53,-0.12
949,3.52,-0.12
950,3.52,-0.12
951,3.51,-0.12
952,3.51,-0.12
953,3.5,-0.12
954,3.5,-0.12
955,3.49,-0.12
956,3.49,-0.12
957,3.49,-0.11
958,3.48,-0.12
959,3.48,-0.12
960,3.48,-0.12
961,3.47,-0.12
962,3.47,-0.12
963,3.47,-0.12
964,3.47,-0.11
965,3.47,-0.11
966,3.48,-0.11
967,3.48,-0.11
968,3.48,-0.11
969,3.48,-0.11
970,3.49,-0.11
971,3.49,-0.11
972,3.5,-0.11
973,3.5,-0.11
974,3.51,-0.11
975,3.51,-0.11
976,3.52,-0.11
977,3.52,-0.11
978,3.53,-0.11
979,3.54,-0.11
980,3.54,-0.11
981,3.55,-0.11
982,3.55,-0.11
983,3.56,-0.11
984,3.56,-0.11
985,3.57,-0.11
986,3.57,-0.11
987,3.57,-0.11
988,3.58,-0.11
989,3.58,-0.11
990,3.58,-0.11
991,3.58,-0.1
992,3.58,-0.11
993,3.58,-0.1
994,3.58,-0.11
995,3.58,-0.1
996,3.58,-0.1
997,3.57,-0.1
998,3.57,-0.11
999,3.57,-0.11
1000,3.56,-0.1
1001,3.56,-0.1
1002,3.55,-0.1
1003,3.55,-0.1
1004,3.55,-0.11
1005,3.54,-0.1
1006,3.54,-0.1
1007,3.53,-0.1
1008,3.53,-0.1
1009,3.53,-0.1
1010,3.53,-0.11
1011,3.52,-0.1
1012,3.52,-0.1
1013,3.52,-0.11
1014,3.52,-0.1
1015,3.52,-0.1
1016,3.52,-0.1
1017,3.52,-0.1
1018,3.52,-0.09
1019,3.53,-0.1
1020,3.53,-0.1
1021,3.53,-0.1
1022,3.54,-0.09
1023,3.54,-0.09
1024,3.55,-0.1
1025,3.55,-0.09
1026,3.56,-0.09
1027,3.56,-0.1
1028,3.57,-0.09
1029,3.57,-0.09
1030,3.58,-0.09
1031,3.58,-0.09
1032,3.59,-0.09
1033,3.59,-0.09
1034,3.6,-0.09
1035,3.6,-0.09
1036,3.61,-0.09
1037,3.61,-0.09
1038,3.61,-0.09
1039,3.62,-0.09
1040,3.62,-0.09
1041,3.62,-0.09
1042,3.62,-0.09
1043,3.62,-0.09
1044,3.62,-0.09
1045,3.62,-0.08
1046,3.62,-0.09
1047,3.62,-0.09
1048,3.61,-0.09
1049,3.61,-0.09
1050,3.61,-0.09
1051,3.61,-0.08
1052,3.6,-0.09
1053,3.6,-0.09
1054,3.6,-0.09
1055,3.59,-0.08
1056,3.59,-0.09
1057,3.59,-0.08
1058,3.58,-0.08
1059,3.58,-0.09
1060,3.58,-0.08
1061,3.57,-0.09
1062,3.57,-0.08
1063,3.57,-0.08
1064,3.57,-0.08
1065,3.57,-0.08
1066,3.57,-0.08
1067,3.57,-0.08
1068,3.57,-0.08
1069,3.57,-0.08
1070,3.58,-0.08
1071,3.58,-0.08
1072,3.58,-0.08
1073,3.58,-0.08
1074,3.59,-0.08
1075,3.59,-0.07
1076,3.6,-0.07
1077,3.6,-0.07
1078,3.61,-0.07
1079,3.61,-0.07
1080,3.62,-0.07
1081,3.62,-0.07
1082,3.63,-0.07
1083,3.63,-0.07
1084,3.64,-0.07
1085,3.64,-0.07
1086,3.65,-0.07
1087,3.65,-0.07
1088,3.65,-0.07
1089,3.66,-0.07
1090,3.66,-0.07
1091,3.66,-0.07
1092,3.66,-0.07
1093,3.66,-0.07
1094,3.66,-0.07
1095,3.66,-0.07
1096,3.66,-0.07
1097,3.66,-0.07
1098,3.66,-0.07
1099,3.66,-0.07
1100,3.66,-0.07
1101,3.66,-0.07
1102,3.65,-0.07
1103,3.65,-0.07
1104,3.65,-0.07
1105,3.65,-0.07
1106,3.64,-0.07
1107,3.64,-0.07
1108,3.64,-0.07
1109,3.63,-0.06
1110,3.63,-0.06
1111,3.63,-0.07
1112,3.63,-0.07
1113,3.63,-0.06
1114,3.62,-0.07
1115,3.62,-0.06
1116,3.62,-0.07
1117,3.62,-0.06
1118,3.62,-0.06
1119,3.62,-0.06
1120,3.63,-0.06
1121,3.63,-0.06
1122,3.63,-0.06
1123,3.63,-0.06
1124,3.64,-0.06
1125,3.64,-0.06
1126,3.64,-0.06
1127,3.65,-0.06
1128,3.65,-0.06
1129,3.66,-0.06
1130,3.66,-0.06
1131,3.67,-0.06
1132,3.67,-0.06
1133,3.68,-0.05
1134,3.68,-0.06
1135,3.68,-0.05
1136,3.69,-0.06
1137,3.69,-0.06
1138,3.7,-0.06
1139,3.7,-0.06
1140,3.7,-0.05
1141,3.71,-0.06
1142,3.71,-0.05
1143,3.71,-0.05
1144,3.71,-0.06
1145,3.71,-0.05
1146,3.71,-0.05
1147,3.71,-0.05
1148,3.71,-0.05
1149,3.71,-0.05
1150,3.71,-0.05
1151,3.71,-0.05
1152,3.71,-0.05
1153,3.7,-0.04
1154,3.7,-0.05
1155,3.7,-0.05
1156,3.7,-0.04
1157,3.69,-0.05
1158,3.69,-0.04
1159,3.69,-0.04
1160,3.69,-0.05
1161,3.69,-0.05
1162,3.68,-0.04
1163,3.68,-0.04
1164,3.68,-0.05
1165,3.68,-0.05
1166,3.68,-0.04
1167,3.68,-0.04
1168,3.68,-0.04
1169,3.68,-0.04
1170,3.68,-0.04
1171,3.68,-0.04
1172,3.68,-0.04
1173,3.68,-0.04
1174,3.69,-0.04
1175,3.69,-0.04
1176,3.69,-0.04
1177,3.7,-0.04
1178,3.7,-0.04
1179,3.7,-0.04
1180,3.71,-0.04
1181,3.71,-0.04
1182,3.72,-0.04
1183,3.72,-0.04
1184,3.72,-0.04
1185,3.73,-0.04
1186,3.73,-0.04
1187,3.74,-0.04
1188,3.74,-0.04
1189,3.74,-0.04
1190,3.75,-0.04
1191,3.75,-0.03
1192,3.75,-0.03
1193,3.76,-0.03
1194,3.76,-0.04
1195,3.76,-0.03
1196,3.76,-0.03
1197,3.76,-0.03
1198,3.76,-0.03
1199,3.76,-0.03
1200,3.76,-0.03
1201,3.76,-0.03
1202,3.76,-0.03
1203,3.76,-0.03
1204,3.76,-0.03
1205,3.75,-0.03
1206,3.75,-0.03
1207,3.75,-0.03
1208,3.75,-0.03
1209,3.75,-0.03
1210,3.74,-0.03
1211,3.74,-0.03
1212,3.74,-0.02
1213,3.74,-0.03
1214,3.74,-0.02
1215,3.74,-0.02
1216,3.74,-0.02
1217,3.74,-0.03
1218,3.74,-0.02
1219,3.73,-0.02
1220,3.74,-0.02
1221,3.74,-0.02
1222,3.74,-0.02
1223,3.74,-0.02
1224,3.74,-0.02
1225,3.74,-0.02
1226,3.75,-0.02
1227,3.75,-0.02
1228,3.75,-0.02
1229,3.75,-0.02
1230,3.76,-0.02
1231,3.76,-0.02
1232,3.77,-0.02
1233,3.77,-0.02
1234,3.77,-0.02
1235,3.78,-0.02
1236,3.78,-0.02
1237,3.79,-0.02
1238,3.79,-0.02
1239,3.79,-0.02
1240,3.8,-0.02
1241,3.8,-0.01
1242,3.8,-0.01
1243,3.81,-0.01
1244,3.81,-0.01
1245,3.81,-0.01
1246,3.81,-0.01
1247,3.81,-0.01
1248,3.81,-0.01
1249,3.82,-0.01
1250,3.82,-0.01
1251,3.82,-0.01
1252,3.82,-0.01
1253,3.82,-0.01
1254,3.81,-0.01
1255,3.81,-0.01
1256,3.81,-0.01
1257,3.81,-0.01
1258,3.81,-0.01
1259,3.81,-0.01
1260,3.81,-0.01
1261,3.8,-0.01
1262,3.8,-0.01
1263,3.8,-0.0
1264,3.8,-0.01
1265,3.8,-0.0
1266,3.8,-0.0
1267,3.8,-0.01
1268,3.8,-0.0
1269,3.8,-0.0
1270,3.8,-0.0
1271,3.8,0.0
1272,3.8,-0.0
1273,3.8,-0.0
1274,3.8,-0.0
1275,3.8,0.0
1276,3.8,-0.0
1277,3.8,-0.0
1278,3.81,0.0
1279,3.81,0.0
1280,3.81,0.0
1281,3.82,0.0
1282,3.82,0.0
1283,3.82,0.0
1284,3.83,0.0
1285,3.83,0.01
1286,3.83,0.0
1287,3.84,0.01
1288,3.84,0.01
1289,3.85,0.01
1290,3.85,0.01
1291,3.85,0.01
1292,3.86,0.01
1293,3.86,0.01
1294,3.86,0.01
1295,3.86,0.01
1296,3.87,0.01
1297,3.87,0.01
1298,3.87,0.01
1299,3.87,0.01
1300,3.87,0.01
1301,3.87,0.02
1302,3.87,0.01
1303,3.87,0.02
1304,3.87,0.02
1305,3.87,0.02
1306,3.87,0.02
1307,3.87,0.02
1308,3.87,0.02
1309,3.87,0.02
1310,3.87,0.02
1311,3.87,0.02
1312,3.87,0.02
1313,3.86,0.02
1314,3.86,0.02
1315,3.86,0.02
1316,3.86,0.02
1317,3.86,0.02
1318,3.86,0.02
1319,3.86,0.02
1320,3.86,0.02
1321,3.86,0.02
1322,3.86,0.02
1323,3.86,0.02
1324,3.86,0.02
1325,3.86,0.02
1326,3.86,0.02
1327,3.86,0.02
1328,3.86,0.02
1329,3.86,0.02
1330,3.87,0.02
1331,3.87,0.02
1332,3.87,0.03
1333,3.87,0.03
1334,3.88,0.03
1335,3.88,0.03
1336,3.88,0.03
1337,3.89,0.03
1338,3.89,0.03
1339,3.89,0.03
1340,3.9,0.03
1341,3.9,0.03
1342,3.9,0.03
1343,3.91,0.03
1344,3.91,0.03
1345,3.91,0.03
1346,3.92,0.03
1347,3.92,0.03
1348,3.92,0.03
1349,3.92,0.03
1350,3.93,0.04
1351,3.93,0.04
1352,3.93,0.04
1353,3.93,0.04
1354,3.93,0.04
1355,3.93,0.04
1356,3.93,0.04
1357,3.93,0.04
1358,3.93,0.04
1359,3.93,0.04
1360,3.93,0.04
1361,3.93,0.04
1362,3.93,0.04
1363,3.93,0.04
1364,3.93,0.04
1365,3.92,0.04
1366,3.92,0.04
1367,3.92,0.04
1368,3.92,0.04
1369,3.92,0.04
1370,3.92,0.04
1371,3.92,0.04
1372,3.92,0.04
1373,3.92,0.04
1374,3.92,0.04
1375,3.92,0.04
1376,3.92,0.04
1377,3.92,0.04
1378,3.92,0.04
1379,3.92,0.05
1380,3.92,0.04
1381,3.92,0.05
1382,3.93,0.05
1383,3.93,0.04
1384,3.93,0.05
1385,3.93,0.05
1386,3.94,0.05
1387,3.94,0.05
1388,3.94,0.05
1389,3.95,0.05
1390,3.95,0.05
1391,3.95,0.05
1392,3.96,0.06
1393,3.96,0.05
1394,3.96,0.06
1395,3.97,0.06
1396,3.97,0.06
1397,3.97,0.06
1398,3.97,0.06
1399,3.98,0.06
1400,3.98,0.06
1401,3.98,0.06
1402,3.98,0.06
1403,3.99,0.06
1404,3.99,0.06
1405,3.99,0.06
1406,3.99,0.06
1407,3.99,0.06
1408,3.99,0.06
1409,3.99,0.06
1410,3.99,0.06
1411,3.99,0.06
1412,3.99,0.06
1413,3.99,0.06
1414,3.99,0.06
1415,3.99,0.06
1416,3.99,0.06
1417,3.99,0.06
1418,3.99,0.06
1419,3.98,0.06
1420,3.98,0.07
1421,3.98,0.06
1422,3.98,0.06
1423,3.98,0.07
1424,3.98,0.06
1425,3.98,0.06
1426,3.98,0.06
1427,3.98,0.07
1428,3.98,0.06
1429,3.98,0.06
1430,3.98,0.07
1431,3.99,0.07
1432,3.99,0.07
1433,3.99,0.07
1434,3.99,0.07
1435,3.99,0.07
1436,3.99,0.07
1437,4.0,0.07
1438,4.0,0.07
1439,4.0,0.07
1440,4.01,0.07
1441,4.01,0.07
1442,4.01,0.07
1443,4.01,0.07
1444,4.02,0.07
1445,4.02,0.07
1446,4.02,0.07
1447,4.03,0.07
1448,4.03,0.07
1449,4.03,0.07
1450,4.04,0.08
1451,4.04,0.08
1452,4.04,0.07
1453,4.04,0.07
1454,4.04,0.08
1455,4.05,0.07
1456,4.05,0.08
1457,4.05,0.08
1458,4.05,0.08
1459,4.05,0.08
1460,4.05,0.08
1461,4.05,0.08
1462,4.05,0.08
1463,4.05,0.08
1464,4.05,0.08
1465,4.05,0.08
1466,4.05,0.09
1467,4.05,0.08
1468,4.05,0.09
1469,4.05,0.08
1470,4.05,0.08
1471,4.05,0.09
1472,4.05,0.08
1473,4.05,0.09
1474,4.05,0.09
1475,4.05,0.09
1476,4.05,0.09
1477,4.04,0.09
1478,4.05,0.09
1479,4.05,0.09
1480,4.05,0.09
1481,4.05,0.09
1482,4.05,0.09
1483,4.05,0.09
1484,4.05,0.09
1485,4.05,0.09
1486,4.05,0.09
1487,4.05,0.09
1488,4.06,0.09
1489,4.06,0.09
1490,4.06,0.09
1491,4.06,0.09
1492,4.07,0.09
1493,4.07,0.09
1494,4.07,0.09
1495,4.08,0.09
1496,4.08,0.09
1497,4.08,0.1
1498,4.08,0.1
1499,4.09,0.09
1500,4.09,0.1
1501,4.09,0.1
1502,4.09,0.1
1503,4.1,0.11
1504,4.1,0.1
1505,4.1,0.1
1506,4.1,0.11
1507,4.11,0.1
1508,4.11,0.11
1509,4.11,0.11
1510,4.11,0.11
1511,4.11,0.11
1512,4.11,0.11
1513,4.11,0.11
1514,4.11,0.11
1515,4.11,0.11
1516,4.11,0.11
1517,4.11,0.11
1518,4.11,0.11
1519,4.11,0.11
1520,4.11,0.11
1521,4.11,0.11
1522,4.11,0.11
1523,4.11,0.11
1524,4.11,0.11
1525,4.11,0.11
1526,4.11,0.11
1527,4.11,0.11
1528,4.11,0.11
1529,4.11,0.11
1530,4.11,0.11
1531,4.11,0.11
1532,4.11,0.11
1533,4.11,0.11
1534,4.11,0.11
1535,4.11,0.11
1536,4.11,0.11
1537,4.11,0.11
1538,4.12,0.11
1539,4.12,0.11
1540,4.12,0.12
1541,4.12,0.12
1542,4.12,0.12
1543,4.12,0.12
1544,4.13,0.11
1545,4.13,0.12
1546,4.13,0.12
1547,4.14,0.12
1548,4.14,0.12
1549,4.14,0.12
1550,4.14,0.12
1551,4.15,0.12
1552,4.15,0.12
1553,4.15,0.13
1554,4.15,0.13
1555,4.16,0.13
1556,4.16,0.13
1557,4.16,0.13
1558,4.16,0.13
1559,4.17,0.13
1560,4.17,0.13
1561,4.17,0.13
1562,4.17,0.13
1563,4.17,0.13
1564,4.17,0.13
1565,4.17,0.13
1566,4.17,0.13
1567,4.17,0.13
1568,4.17,0.13
1569,4.17,0.13
1570,4.17,0.13
1571,4.17,0.13
1572,4.17,0.13
1573,4.17,0.13
1574,4.17,0.13
1575,4.17,0.13
1576,4.17,0.13
1577,4.17,0.13
1578,4.17,0.13
1579,4.17,0.14
1580,4.17,0.14
1581,4.17,0.13
1582,4.17,0.14
1583,4.17,0.13
1584,4.17,0.14
1585,4.18,0.14
1586,4.18,0.13
1587,4.18,0.14
1588,4.18,0.13
1589,4.18,0.14
1590,4.18,0.14
1591,4.18,0.14
1592,4.18,0.14
1593,4.19,0.14
1594,4.19,0.14
1595,4.19,0.14
1596,4.19,0.14
1597,4.19,0.14
1598,4.2,0.15
1599,4.2,0.14
1600,4.2,0.15
1601,4.2,0.15
1602,4.21,0.15
1603,4.21,0.15
1604,4.21,0.15
1605,4.21,0.15
1606,4.22,0.15
1607,4.22,0.15
1608,4.22,0.15
1609,4.22,0.15
1610,4.23,0.15
1611,4.23,0.15
1612,4.23,0.15
1613,4.23,0.15
1614,4.23,0.15
1615,4.23,0.15
1616,4.23,0.15
1617,4.23,0.15
1618,4.24,0.16
1619,4.24,0.15
1620,4.24,0.15
1621,4.24,0.16
1622,4.24,0.16
1623,4.24,0.15
1624,4.24,0.15
1625,4.24,0.16
1626,4.24,0.16
1627,4.24,0.16
1628,4.24,0.16
1629,4.24,0.16
1630,4.24,0.16
1631,4.24,0.17
1632,4.24,0.17
1633,4.24,0.16
1634,4.24,0.17
1635,4.24,0.17
1636,4.24,0.17
1637,4.23,0.17
1638,4.23,0.17
1639,4.22,0.17
1640,4.21,0.17
1641,4.2,0.17
1642,4.19,0.18
1643,4.18,0.18
1644,4.16,0.17
1645,4.15,0.18
1646,4.13,0.18
1647,4.11,0.18
1648,4.09,0.18
1649,4.06,0.18
1650,4.04,0.18
1651,4.01,0.18
1652,3.98,0.18
1653,3.96,0.18
1654,3.93,0.18
1655,3.9,0.18
1656,3.87,0.18
1657,3.84,0.17
1658,3.82,0.18
1659,3.79,0.18
1660,3.76,0.18
1661,3.73,0.18
1662,3.71,0.18
1663,3.69,0.18
1664,3.67,0.18
1665,3.65,0.18
1666,3.63,0.19
1667,3.62,0.18
1668,3.6,0.18
1669,3.59,0.18
1670,3.58,0.19
1671,3.58,0.19
1672,3.57,0.19
1673,3.57,0.19
1674,3.57,0.19
1675,3.58,0.19
1676,3.58,0.19
1677,3.59,0.19
1678,3.6,0.19
1679,3.61,0.19
1680,3.62,0.2
1681,3.63,0.19
1682,3.65,0.2
1683,3.66,0.2
1684,3.68,0.2
1685,3.7,0.2
1686,3.72,0.2
1687,3.73,0.21
1688,3.75,0.21
1689,3.77,0.21
1690,3.78,0.21
1691,3.8,0.21
1692,3.82,0.21
1693,3.83,0.21
1694,3.85,0.21
1695,3.86,0.21
1696,3.88,0.21
1697,3.89,0.21
1698,3.9,0.22
1699,3.91,0.22
1700,3.92,0.22
1701,3.93,0.22
1702,3.94,0.22
1703,3.94,0.22
1704,3.95,0.21
1705,3.95,0.22
1706,3.95,0.22
1707,3.95,0.22
1708,3.95,0.22
1709,3.95,0.22
1710,3.95,0.22
1711,3.94,0.22
1712,3.94,0.22
1713,3.93,0.22
1714,3.92,0.22
1715,3.91,0.22
1716,3.91,0.22
1717,3.9,0.22
1718,3.89,0.22
1719,3.88,0.22
1720,3.88,0.22
1721,3.87,0.22
1722,3.87,0.21
1723,3.87,0.21
1724,3.87,0.22
1725,3.87,0.22
1726,3.87,0.21
1727,3.87,0.22
1728,3.88,0.22
1729,3.88,0.22
1730,3.89,0.22
1731,3.91,0.22
1732,3.92,0.22
1733,3.93,0.22
1734,3.95,0.22
1735,3.97,0.22
1736,3.99,0.22
1737,4.01,0.22
1738,4.03,0.22
1739,4.05,0.22
1740,4.07,0.22
1741,4.09,0.22
1742,4.12,0.23
1743,4.14,0.22
1744,4.16,0.22
1745,4.19,0.23
1746,4.21,0.23
1747,4.23,0.24
1748,4.25,0.24
1749,4.27,0.24
1750,4.28,0.24
1751,4.3,0.24
1752,4.31,0.24
1753,4.32,0.24
1754,4.33,0.24
1755,4.34,0.24
1756,4.35,0.24
1757,4.35,0.24
1758,4.35,0.24
1759,4.35,0.24
1760,4.35,0.24
1761,4.35,0.24
1762,4.34,0.24
1763,4.34,0.24
1764,4.33,0.24
1765,4.32,0.24
1766,4.31,0.24
1767,4.3,0.24
1768,4.29,0.24
1769,4.28,0.24
1770,4.27,0.24
1771,4.26,0.23
1772,4.25,0.24
1773,4.24,0.24
1774,4.23,0.24
1775,4.22,0.24
1776,4.22,0.24
1777,4.21,0.24
1778,4.21,0.24
1779,4.21,0.24
1780,4.21,0.24
1781,4.21,0.24
1782,4.21,0.24
1783,4.22,0.24
1784,4.23,0.24
1785,4.24,0.24
1786,4.25,0.24
1787,4.26,0.24
1788,4.27,0.24
1789,4.29,0.24
1790,4.3,0.24
1791,4.32,0.25
1792,4.33,0.25
1793,4.35,0.26
1794,4.37,0.25
1795,4.38,0.26
1796,4.4,0.26
1797,4.41,0.26
1798,4.42,0.26
1799,4.43,0.26
1800,4.43,0.26
1801,4.44,0.26
1802,4.44,0.27
1803,4.44,0.26
1804,4.44,0.26
1805,4.43,0.26
1806,4.42,0.27
1807,4.41,0.26
1808,4.4,0.26
1809,4.38,0.26
1810,4.36,0.26
1811,4.34,0.26
1812,4.32,0.26
1813,4.3,0.26
1814,4.27,0.26
1815,4.25,0.26
1816,4.22,0.26
1817,4.19,0.26
1818,4.17,0.26
1819,4.14,0.26
1820,4.12,0.26
1821,4.09,0.26
1822,4.07,0.26
1823,4.05,0.26
1824,4.03,0.26
1825,4.02,0.26
1826,4.01,0.26
1827,3.99,0.26
1828,3.99,0.26
1829,3.98,0.26
1830,3.98,0.26
1831,3.98,0.26
1832,3.98,0.27
1833,3.98,0.27
1834,3.99,0.27
1835,4.0,0.27
1836,4.01,0.27
1837,4.02,0.28
1838,4.03,0.28
1839,4.05,0.28
1840,4.06,0.28
1841,4.07,0.28
1842,4.09,0.28
1843,4.1,0.29
1844,4.11,0.28
1845,4.13,0.29
1846,4.14,0.29
1847,4.15,0.29
1848,4.16,0.29
1849,4.17,0.29
1850,4.17,0.29
1851,4.18,0.29
1852,4.19,0.29
1853,4.2,0.28
1854,4.21,0.28
1855,4.22,0.29
1856,4.23,0.29
1857,4.24,0.29
1858,4.25,0.29
1859,4.26,0.28
1860,4.27,0.28
1861,4.28,0.28
1862,4.29,0.28
1863,4.3,0.28
1864,4.32,0.28
1865,4.33,0.29
1866,4.35,0.28
1867,4.37,0.28
1868,4.39,0.28
1869,4.42,0.28
1870,4.44,0.28
1871,4.47,0.28
1872,4.51,0.28
1873,4.54,0.28
1874,4.58,0.28
1875,4.62,0.28
1876,4.66,0.28
1877,4.7,0.28
1878,4.74,0.28
1879,4.79,0.28
1880,4.83,0.29
1881,4.88,0.29
1882,4.92,0.29
1883,4.96,0.3
1884,5.01,0.29
1885,5.05,0.3
1886,5.09,0.3
1887,5.13,0.3
1888,5.17,0.3
1889,5.2,0.3
1890,5.23,0.3
1891,5.26,0.3
1892,5.29,0.3
1893,5.31,0.3
1894,5.33,0.3
1895,5.35,0.3
1896,5.36,0.3
1897,5.37,0.3
1898,5.38,0.3
1899,5.38,0.3
1900,5.39,0.3
1901,5.39,0.3
1902,5.38,0.3
1903,5.38,0.3
1904,5.37,0.29
1905,5.37,0.29
1906,5.36,0.29
1907,5.36,0.29
1908,5.35,0.28
1909,5.35,0.28
1910,5.34,0.28
1911,5.34,0.28
1912,5.34,0.28
1913,5.34,0.28
1914,5.34,0.28
1915,5.35,0.28
1916,5.35,0.28
1917,5.37,0.28
1918,5.38,0.28
1919,5.39,0.28
1920,5.41,0.28
1921,5.43,0.28
1922,5.45,0.28
1923,5.47,0.28
1924,5.5,0.28
1925,5.53,0.28
1926,5.55,0.28
1927,5.58,0.28
1928,5.61,0.29
1929,5.64,0.29
1930,5.67,0.3
1931,5.69,0.3
1932,5.72,0.3
1933,5.75,0.3
1934,5.77,0.3
1935,5.79,0.3
1936,5.81,0.3
1937,5.83,0.3
1938,5.84,0.3
1939,5.85,0.31
1940,5.86,0.3
1941,5.87,0.3
1942,5.88,0.3
1943,5.88,0.31
1944,5.88,0.3
1945,5.87,0.3
1946,5.87,0.3
1947,5.86,0.3
1948,5.85,0.3
1949,5.84,0.3
1950,5.83,0.3
1951,5.82,0.3
1952,5.8,0.3
1953,5.79,0.3
1954,5.78,0.29
1955,5.77,0.29
1956,5.76,0.29
1957,5.75,0.29
1958,5.74,0.28
1959,5.74,0.28
1960,5.73,0.28
1961,5.73,0.28
1962,5.73,0.28
1963,5.74,0.28
1964,5.75,0.28
1965,5.75,0.28
1966,5.76,0.28
1967,5.78,0.28
1968,5.79,0.29
1969,5.81,0.28
1970,5.83,0.29
1971,5.84,0.29
1972,5.86,0.29
1973,5.88,0.3
1974,5.91,0.3
1975,5.93,0.3
1976,5.95,0.3
1977,5.97,0.3
1978,5.99,0.3
1979,6.0,0.3
1980,6.02,0.3
1981,6.04,0.3
1982,6.05,0.3
1983,6.06,0.3
1984,6.07,0.31
1985,6.08,0.31
1986,6.08,0.31
1987,6.08,0.31
1988,6.08,0.31
1989,6.08,0.31
1990,6.08,0.31
1991,6.07,0.31
1992,6.06,0.31
1993,6.05,0.31
1994,6.04,0.3
1995,6.03,0.3
1996,6.02,0.3
1997,6.0,0.3
1998,5.99,0.3
1999,5.97,0.3
2000,5.96,0.3
2001,5.95,0.3
2002,5.94,0.3
2003,5.93,0.3
2004,5.92,0.3
2005,5.91,0.3
2006,5.91,0.3
2007,5.91,0.3
2008,5.91,0.3
2009,5.91,0.3
2010,5.91,0.3
2011,5.92,0.3
2012,5.92,0.3
2013,5.93,0.3
2014,5.95,0.3
2015,5.96,0.3
2016,5.97,0.3
2017,5.99,0.3
2018,6.0,0.3
2019,6.02,0.3
2020,6.04,0.3
2021,6.06,0.3
2022,6.07,0.3
2023,6.09,0.31
2024,6.1,0.31
2025,6.12,0.32
2026,6.13,0.32
2027,6.14,0.32
2028,6.15,0.32
2029,6.16,0.32
2030,6.17,0.32
2031,6.17,0.32
2032,6.18,0.32
2033,6.18,0.32
2034,6.18,0.32
2035,6.17,0.32
2036,6.17,0.32
2037,6.16,0.32
2038,6.15,0.32
2039,6.14,0.32
2040,6.13,0.32
2041,6.12,0.32
2042,6.1,0.32
2043,6.09,0.32
2044,6.08,0.31
2045,6.07,0.31
2046,6.05,0.31
2047,6.04,0.3
2048,6.03,0.31
2049,6.02,0.31
2050,6.01,0.3
2051,6.01,0.31
2052,6.0,0.3
2053,6.0,0.3
2054,6.0,0.3
2055,6.0,0.3
2056,6.0,0.3
2057,6.01,0.3
2058,6.01,0.31
2059,6.02,0.31
2060,6.03,0.31
2061,6.04,0.31
2062,6.05,0.32
2063,6.07,0.32
2064,6.08,0.31
2065,6.1,0.32
2066,6.11,0.32
2067,6.12,0.32
2068,6.14,0.32
2069,6.15,0.32
2070,6.17,0.32
2071,6.18,0.32
2072,6.19,0.32
2073,6.2,0.33
2074,6.21,0.33
2075,6.21,0.33
2076,6.22,0.33
2077,6.22,0.33
2078,6.22,0.33
2079,6.22,0.32
2080,6.22,0.33
2081,6.22,0.32
2082,6.21,0.33
2083,6.21,0.33
2084,6.2,0.33
2085,6.19,0.33
2086,6.18,0.32
2087,6.17,0.32
2088,6.15,0.32
2089,6.14,0.32
2090,6.13,0.32
2091,6.12,0.32
2092,6.11,0.32
2093,6.1,0.32
2094,6.09,0.32
2095,6.08,0.32
2096,6.07,0.32
2097,6.07,0.32
2098,6.06,0.32
2099,6.06,0.32
2100,6.06,0.32
2101,6.06,0.32
2102,6.06,0.32
2103,6.07,0.32
2104,6.07,0.32
2105,6.08,0.32
2106,6.09,0.32
2107,6.1,0.32
2108,6.11,0.32
2109,6.12,0.32
2110,6.13,0.32
2111,6.14,0.32
2112,6.16,0.33
2113,6.17,0.33
2114,6.18,0.33
2115,6.19,0.33
2116,6.2,0.33
2117,6.22,0.33
2118,6.23,0.33
2119,6.23,0.34
2120,6.24,0.34
2121,6.25,0.34
2122,6.25,0.34
2123,6.25,0.34
2124,6.25,0.34
2125,6.25,0.34
2126,6.25,0.34
2127,6.25,0.34
2128,6.24,0.34
2129,6.24,0.34
2130,6.23,0.34
2131,6.22,0.33
2132,6.21,0.33
2133,6.2,0.33
2134,6.19,0.33
2135,6.18,0.33
2136,6.17,0.33
2137,6.16,0.33
2138,6.15,0.33
2139,6.14,0.33
2140,6.13,0.33
2141,6.12,0.33
2142,6.11,0.33
2143,6.11,0.33
2144,6.11,0.33
2145,6.1,0.32
2146,6.1,0.32
2147,6.1,0.32
2148,6.1,0.32
2149,6.11,0.33
2150,6.11,0.32
2151,6.12,0.32
2152,6.13,0.33
2153,6.14,0.33
2154,6.15,0.33
2155,6.16,0.34
2156,6.17,0.33
2157,6.18,0.34
2158,6.19,0.34
2159,6.2,0.34
2160,6.21,0.34
2161,6.22,0.34
2162,6.23,0.34
2163,6.24,0.34
2164,6.25,0.34
2165,6.26,0.34
2166,6.26,0.34
2167,6.27,0.34
2168,6.27,0.34
2169,6.28,0.34
2170,6.28,0.35
2171,6.28,0.35
2172,6.27,0.35
2173,6.27,0.35
2174,6.26,0.35
2175,6.26,0.34
2176,6.25,0.34
2177,6.24,0.35
2178,6.24,0.35
2179,6.23,0.34
2180,6.22,0.34
2181,6.21,0.34
2182,6.2,0.34
2183,6.19,0.34
2184,6.18,0.34
2185,6.17,0.34
2186,6.16,0.34
2187,6.16,0.34
2188,6.15,0.34
2189,6.15,0.34
2190,6.14,0.34
2191,6.14,0.34
2192,6.14,0.34
2193,6.14,0.34
2194,6.14,0.34
2195,6.15,0.34
2196,6.15,0.34
2197,6.16,0.34
2198,6.16,0.34
2199,6.17,0.34
2200,6.18,0.34
2201,6.19,0.34
2202,6.2,0.34
2203,6.21,0.34
2204,6.22,0.35
2205,6.23,0.35
2206,6.24,0.35
2207,6.25,0.35
2208,6.25,0.35
2209,6.26,0.35
2210,6.27,0.35
2211,6.28,0.35
2212,6.28,0.35
2213,6.29,0.35
2214,6.29,0.36
2215,6.29,0.36
2216,6.29,0.35
2217,6.29,0.35
2218,6.29,0.35
2219,6.29,0.35
2220,6.28,0.36
2221,6.28,0.35
2222,6.27,0.35
2223,6.26,0.35
2224,6.25,0.35
2225,6.25,0.35
2226,6.24,0.35
2227,6.23,0.34
2228,6.22,0.35
2229,6.21,0.35
2230,6.2,0.35
2231,6.2,0.34
2232,6.19,0.34
2233,6.18,0.35
2234,6.18,0.34
2235,6.18,0.35
2236,6.17,0.34
2237,6.17,0.34
2238,6.17,0.35
2239,6.17,0.34
2240,6.17,0.34
2241,6.18,0.34
2242,6.18,0.34
2243,6.18,0.35
2244,6.19,0.34
2245,6.2,0.34
2246,6.2,0.34
2247,6.21,0.35
2248,6.22,0.35
2249,6.23,0.36
2250,6.24,0.35
2251,6.25,0.35
2252,6.26,0.35
2253,6.26,0.35
2254,6.27,0.36
2255,6.28,0.36
2256,6.29,0.36
2257,6.29,0.36
2258,6.3,0.36
2259,6.3,0.36
2260,6.3,0.36
2261,6.3,0.36
2262,6.3,0.36
2263,6.3,0.36
2264,6.3,0.36
2265,6.3,0.36
2266,6.29,0.36
2267,6.29,0.36
2268,6.28,0.36
2269,6.28,0.36
2270,6.27,0.36
2271,6.26,0.36
2272,6.26,0.36
2273,6.25,0.35
2274,6.24,0.36
2275,6.23,0.36
2276,6.22,0.35
2277,6.22,0.35
2278,6.21,0.36
2279,6.21,0.36
2280,6.2,0.35
2281,6.2,0.35
2282,6.2,0.35
2283,6.19,0.35
2284,6.19,0.36
2285,6.19,0.36
2286,6.2,0.35
2287,6.2,0.35
2288,6.2,0.36
2289,6.21,0.35
2290,6.21,0.36
2291,6.22,0.36
2292,6.23,0.36
2293,6.23,0.36
2294,6.24,0.36
2295,6.25,0.36
2296,6.26,0.36
2297,6.27,0.36
2298,6.27,0.36
2299,6.28,0.36
2300,6.29,0.36
2301,6.3,0.36
2302,6.3,0.37
2303,6.31,0.37
2304,6.31,0.37
2305,6.31,0.37
2306,6.32,0.37
2307,6.32,0.37
2308,6.32,0.37
2309,6.32,0.37
2310,6.32,0.37
2311,6.31,0.37
2312,6.31,0.37
2313,6.3,0.37
2314,6.3,0.37
2315,6.29,0.37
2316,6.29,0.36
2317,6.28,0.37
2318,6.27,0.37
2319,6.27,0.37
2320,6.26,0.36
2321,6.25,0.36
2322,6.25,0.36
2323,6.24,0.36
2324,6.24,0.36
2325,6.23,0.36
2326,6.23,0.36
2327,6.23,0.36
2328,6.22,0.36
2329,6.22,0.36
2330,6.22,0.36
2331,6.22,0.36
2332,6.22,0.36
2333,6.23,0.36
2334,6.23,0.36
2335,6.23,0.36
2336,6.24,0.36
2337,6.24,0.36
2338,6.25,0.37
2339,6.26,0.37
2340,6.27,0.37
2341,6.28,0.37
2342,6.28,0.37
2343,6.29,0.37
2344,6.3,0.37
2345,6.3,0.37
2346,6.31,0.37
2347,6.32,0.37
2348,6.32,0.37
2349,6.32,0.37
2350,6.33,0.37
2351,6.33,0.37
2352,6.33,0.37
2353,6.33,0.37
2354,6.33,0.37
2355,6.33,0.37
2356,6.33,0.37
2357,6.32,0.37
2358,6.32,0.37
2359,6.31,0.37
2360,6.31,0.37
2361,6.3,0.37
2362,6.3,0.37
2363,6.29,0.37
2364,6.29,0.37
2365,6.28,0.37
2366,6.27,0.37
2367,6.27,0.37
2368,6.26,0.37
2369,6.26,0.37
2370,6.25,0.37
2371,6.25,0.37
2372,6.25,0.37
2373,6.25,0.37
2374,6.25,0.37
2375,6.25,0.37
2376,6.25,0.37
2377,6.25,0.37
2378,6.25,0.37
2379,6.25,0.37
2380,6.26,0.37
2381,6.26,0.37
2382,6.27,0.37
2383,6.27,0.37
2384,6.28,0.37
2385,6.28,0.37
2386,6.29,0.37
2387,6.3,0.37
2388,6.3,0.37
2389,6.31,0.37
2390,6.31,0.37
2391,6.32,0.37
2392,6.32,0.37
2393,6.33,0.38
2394,6.33,0.37
2395,6.34,0.37
2396,6.34,0.38
2397,6.34,0.38
2398,6.34,0.37
2399,6.34,0.38
2400,6.34,0.37
2401,6.34,0.38
2402,6.34,0.38
2403,6.33,0.38
2404,6.33,0.37
2405,6.33,0.37
2406,6.32,0.37
2407,6.32,0.38
2408,6.31,0.37
2409,6.31,0.37
2410,6.3,0.37
2411,6.3,0.37
2412,6.29,0.37
2413,6.29,0.37
2414,6.28,0.37
2415,6.28,0.37
2416,6.27,0.37
2417,6.27,0.37
2418,6.27,0.37
2419,6.27,0.37
2420,6.27,0.37
2421,6.27,0.37
2422,6.27,0.37
2423,6.27,0.37
2424,6.27,0.37
2425,6.27,0.37
2426,6.28,0.37
2427,6.28,0.37
2428,6.28,0.37
2429,6.29,0.37
2430,6.29,0.37
2431,6.3,0.38
2432,6.3,0.38
2433,6.31,0.37
2434,6.31,0.38
2435,6.32,0.38
2436,6.33,0.38
2437,6.33,0.38
2438,6.33,0.38
2439,6.34,0.38
2440,6.34,0.38
2441,6.35,0.38
2442,6.35,0.38
2443,6.35,0.38
2444,6.35,0.39
2445,6.35,0.38
2446,6.35,0.38
2447,6.35,0.39
2448,6.35,0.38
2449,6.34,0.39
2450,6.34,0.38
2451,6.34,0.39
2452,6.33,0.38
2453,6.33,0.38
2454,6.33,0.39
2455,6.32,0.38
2456,6.32,0.38
2457,6.31,0.38
2458,6.31,0.37
2459,6.3,0.38
2460,6.3,0.38
2461,6.3,0.38
2462,6.29,0.38
2463,6.29,0.38
2464,6.29,0.37
2465,6.29,0.37
2466,6.29,0.37
2467,6.29,0.38
2468,6.29,0.37
2469,6.29,0.38
2470,6.29,0.37
2471,6.29,0.37
2472,6.3,0.37
2473,6.3,0.37
2474,6.3,0.38
2475,6.31,0.38
2476,6.31,0.37
2477,6.32,0.38
2478,6.32,0.37
2479,6.33,0.38
2480,6.33,0.38
2481,6.34,0.38
2482,6.34,0.38
2483,6.34,0.38
2484,6.35,0.38
2485,6.35,0.38
2486,6.35,0.38
2487,6.35,0.38
2488,6.36,0.38
2489,6.36,0.38
2490,6.36,0.38
2491,6.36,0.39
2492,6.36,0.38
2493,6.35,0.38
2494,6.35,0.39
2495,6.35,0.38
2496,6.35,0.38
2497,6.34,0.38
2498,6.34,0.38
2499,6.34,0.38
2500,6.33,0.38
2501,6.33,0.39
2502,6.32,0.38
2503,6.32,0.38
2504,6.32,0.38
2505,6.31,0.38
2506,6.31,0.38
2507,6.31,0.38
2508,6.3,0.38
2509,6.3,0.39
2510,6.3,0.38
2511,6.3,0.38
2512,6.3,0.38
2513,6.3,0.38
2514,6.3,0.38
2515,6.3,0.39
2516,6.3,0.38
2517,6.3,0.38
2518,6.31,0.38
2519,6.31,0.38
2520,6.31,0.38
2521,6.32,0.39
2522,6.32,0.38
2523,6.33,0.39
2524,6.33,0.39
2525,6.34,0.39
2526,6.34,0.39
2527,6.34,0.39
2528,6.35,0.39
2529,6.35,0.39
2530,6.35,0.39
2531,6.36,0.39
2532,6.36,0.39
2533,6.36,0.39
2534,6.36,0.39
2535,6.36,0.39
2536,6.36,0.39
2537,6.36,0.39
2538,6.36,0.39
2539,6.36,0.39
2540,6.36,0.39
2541,6.36,0.39
2542,6.36,0.39
2543,6.35,0.39
2544,6.35,0.39
2545,6.35,0.39
2546,6.34,0.39
2547,6.34,0.39
2548,6.34,0.39
2549,6.33,0.39
2550,6.33,0.39
2551,6.32,0.39
2552,6.32,0.39
2553,6.32,0.39
2554,6.32,0.39
2555,6.31,0.38
2556,6.31,0.38
2557,6.31,0.38
2558,6.31,0.38
2559,6.31,0.38
2560,6.31,0.38
2561,6.31,0.39
2562,6.31,0.38
2563,6.32,0.38
2564,6.32,0.38
2565,6.32,0.38
2566,6.33,0.38
2567,6.33,0.38
2568,6.33,0.39
2569,6.34,0.39
2570,6.34,0.39
2571,6.34,0.39
2572,6.35,0.39
2573,6.35,0.39
2574,6.35,0.39
2575,6.36,0.39
2576,6.36,0.39
2577,6.36,0.39
2578,6.37,0.39
2579,6.37,0.39
2580,6.37,0.39
2581,6.37,0.39
2582,6.37,0.39
2583,6.37,0.39
2584,6.37,0.39
2585,6.37,0.39
2586,6.36,0.39
2587,6.36,0.39
2588,6.36,0.39
2589,6.36,0.39
2590,6.35,0.39
2591,6.35,0.39
2592,6.35,0.39
2593,6.34,0.39
2594,6.34,0.39
2595,6.34,0.39
2596,6.33,0.39
2597,6.33,0.39
2598,6.33,0.39
2599,6.33,0.39
2600,6.32,0.39
2601,6.32,0.39
2602,6.32,0.39
2603,6.32,0.39
2604,6.32,0.39
2605,6.32,0.39
2606,6.32,0.39
2607,6.32,0.39
2608,6.32,0.39
2609,6.33,0.39
2610,6.33,0.39
2611,6.33,0.39
2612,6.33,0.39
2613,6.34,0.39
2614,6.34,0.39
2615,6.35,0.39
2616,6.35,0.39
2617,6.35,0.39
2618,6.36,0.39
2619,6.36,0.39
2620,6.36,0.39
2621,6.37,0.39
2622,6.37,0.39
2623,6.37,0.39
2624,6.37,0.39
2625,6.37,0.39
2626,6.38,0.39
2627,6.38,0.39
2628,6.38,0.39
2629,6.38,0.39
2630,6.38,0.39
2631,6.37,0.39
2632,6.37,0.39
2633,6.37,0.39
2634,6.37,0.39
2635,6.37,0.39
2636,6.36,0.39
2637,6.36,0.39
2638,6.36,0.39
2639,6.35,0.39
2640,6.35,0.39
2641,6.35,0.39
2642,6.34,0.39
2643,6.34,0.39
2644,6.34,0.39
2645,6.34,0.39
2646,6.34,0.39
2647,6.33,0.39
2648,6.33,0.39
2649,6.33,0.39
2650,6.33,0.39
2651,6.33,0.39
2652,6.33,0.39
2653,6.33,0.39
2654,6.34,0.39
2655,6.34,0.39
2656,6.34,0.39
2657,6.34,0.39
2658,6.34,0.39
2659,6.35,0.39
2660,6.35,0.39
2661,6.35,0.39
2662,6.36,0.39
2663,6.36,0.39
2664,6.36,0.39
2665,6.37,0.39
2666,6.37,0.39
2667,6.37,0.39
2668,6.37,0.39
2669,6.38,0.39
2670,6.38,0.39
2671,6.38,0.39
2672,6.38,0.39
2673,6.38,0.39
2674,6.38,0.39
2675,6.38,0.39
2676,6.38,0.39
2677,6.38,0.39
2678,6.38,0.39
2679,6.37,0.39
2680,6.37,0.39
2681,6.37,0.39
2682,6.37,0.39
2683,6.36,0.39
2684,6.36,0.39
2685,6.36,0.39
2686,6.36,0.39
2687,6.35,0.39
2688,6.35,0.39
2689,6.35,0.39
2690,6.35,0.39
2691,6.34,0.39
2692,6.34,0.39
2693,6.34,0.39
2694,6.34,0.39
2695,6.34,0.39
2696,6.34,0.39
2697,6.34,0.39
2698,6.34,0.39
2699,6.34,0.39
2700,6.34,0.39
2701,6.34,0.39
2702,6.34,0.39
2703,6.35,0.39
2704,6.35,0.39
2705,6.35,0.39
2706,6.35,0.39
2707,6.36,0.39
2708,6.36,0.39
2709,6.36,0.39
2710,6.37,0.39
2711,6.37,0.39
2712,6.37,0.39
2713,6.37,0.39
2714,6.37,0.39
2715,6.38,0.39
2716,6.38,0.39
2717,6.38,0.39
2718,6.38,0.39
2719,6.38,0.39
2720,6.38,0.39
2721,6.38,0.39
2722,6.38,0.39
2723,6.38,0.39
2724,6.37,0.39
2725,6.37,0.39
2726,6.37,0.39
2727,6.37,0.39
2728,6.37,0.39
2729,6.36,0.39
2730,6.36,0.39
2731,6.36,0.39
2732,6.36,0.39
2733,6.35,0.39
2734,6.35,0.39
2735,6.35,0.39
2736,6.35,0.39
2737,6.35,0.39
2738,6.34,0.39
2739,6.34,0.39
2740,6.34,0.39
2741,6.34,0.39
2742,6.34,0.39
2743,6.34,0.39
2744,6.34,0.39
2745,6.34,0.39
2746,6.34,0.39
2747,6.35,0.39
2748,6.35,0.39
2749,6.35,0.39
2750,6.35,0.39
2751,6.35,0.39
2752,6.36,0.39
2753,6.36,0.39
2754,6.36,0.4
2755,6.36,0.4
2756,6.37,0.4
2757,6.37,0.4
2758,6.37,0.39
2759,6.37,0.39
2760,6.38,0.39
2761,6.38,0.4
2762,6.38,0.39
2763,6.38,0.39
2764,6.38,0.39
2765,6.38,0.39
2766,6.38,0.39
2767,6.38,0.4
2768,6.38,0.39
2769,6.38,0.39
2770,6.38,0.39
2771,6.38,0.39
2772,6.37,0.39
2773,6.37,0.39
2774,6.37,0.39
2775,6.37,0.39
2776,6.37,0.39
2777,6.36,0.39
2778,6.36,0.39
2779,6.36,0.39
2780,6.36,0.39
2781,6.35,0.39
2782,6.35,0.39
2783,6.35,0.39
2784,6.35,0.39
2785,6.35,0.39
2786,6.35,0.39
2787,6.35,0.39
2788,6.35,0.39
2789,6.35,0.39
2790,6.35,0.39
2791,6.35,0.39
2792,6.35,0.39
2793,6.35,0.39
2794,6.35,0.4
2795,6.35,0.39
2796,6.35,0.39
2797,6.36,0.39
2798,6.36,0.4
2799,6.36,0.4
2800,6.36,0.39
2801,6.37,0.39
2802,6.37,0.39
2803,6.37,0.39
2804,6.37,0.39
2805,6.37,0.39
2806,6.38,0.39
2807,6.38,0.39
2808,6.38,0.39
2809,6.38,0.39
2810,6.38,0.39
2811,6.38,0.39
2812,6.38,0.39
2813,6.38,0.39
2814,6.38,0.39
2815,6.38,0.39
2816,6.38,0.39
2817,6.38,0.39
2818,6.38,0.39
2819,6.38,0.39
2820,6.37,0.39
2821,6.37,0.39
2822,6.37,0.39
2823,6.37,0.39
2824,6.36,0.39
2825,6.36,0.39
2826,6.36,0.39
2827,6.36,0.39
2828,6.36,0.39
2829,6.35,0.39
2830,6.35,0.39
2831,6.35,0.39
2832,6.35,0.39
2833,6.35,0.39
2834,6.35,0.39
2835,6.35,0.39
2836,6.35,0.39
2837,6.35,0.39
2838,6.35,0.39
2839,6.35,0.39
2840,6.35,0.39
2841,6.35,0.39
2842,6.35,0.39
2843,6.36,0.39
2844,6.36,0.39
2845,6.36,0.39
2846,6.36,0.39
2847,6.36,0.39
2848,6.37,0.39
2849,6.37,0.39
2850,6.37,0.39
2851,6.37,0.39
2852,6.37,0.39
2853,6.38,0.39
2854,6.38,0.39
2855,6.38,0.39
2856,6.38,0.39
2857,6.38,0.39
2858,6.38,0.39
2859,6.38,0.39
2860,6.38,0.39
2861,6.38,0.39
2862,6.38,0.39
2863,6.38,0.39
2864,6.37,0.39
2865,6.37,0.39
2866,6.37,0.39
2867,6.37,0.39
2868,6.37,0.39
2869,6.36,0.39
2870,6.36,0.39
2871,6.36,0.39
2872,6.36,0.39
2873,6.36,0.39
2874,6.35,0.39
2875,6.35,0.39
2876,6.35,0.39
2877,6.35,0.39
2878,6.35,0.39
2879,6.35,0.39
2880,6.35,0.39
2881,6.35,0.39
2882,6.35,0.39
2883,6.35,0.39
2884,6.35,0.39
2885,6.35,0.39
2886,6.35,0.39
2887,6.35,0.39
2888,6.35,0.39
2889,6.36,0.39
2890,6.36,0.39
2891,6.36,0.39
2892,6.36,0.39
2893,6.36,0.39
2894,6.37,0.39
2895,6.37,0.39
2896,6.37,0.39
2897,6.37,0.39
2898,6.37,0.39
2899,6.37,0.39
2900,6.37,0.39
2901,6.37,0.39
2902,6.38,0.39
2903,6.38,0.39
2904,6.38,0.39
2905,6.38,0.39
2906,6.38,0.39
2907,6.37,0.39
2908,6.37,0.39
2909,6.37,0.39
2910,6.37,0.39
2911,6.37,0.39
2912,6.37,0.39
2913,6.37,0.39
2914,6.37,0.39
2915,6.36,0.39
2916,6.36,0.39
2917,6.36,0.39
2918,6.36,0.39
2919,6.36,0.39
2920,6.36,0.39
2921,6.35,0.39
2922,6.35,0.39
2923,6.35,0.39
2924,6.35,0.39
2925,6.35,0.39
2926,6.35,0.39
2927,6.35,0.39
2928,6.35,0.39
2929,6.35,0.39
2930,6.35,0.39
2931,6.35,0.39
2932,6.35,0.39
2933,6.35,0.39
2934,6.36,0.39
2935,6.36,0.39
2936,6.36,0.39
2937,6.36,0.39
2938,6.36,0.39
2939,6.36,0.39
2940,6.37,0.39
2941,6.37,0.39
2942,6.37,0.39
2943,6.37,0.39
2944,6.37,0.39
2945,6.37,0.39
2946,6.37,0.39
2947,6.37,0.39
2948,6.37,0.39
2949,6.37,0.39
2950,6.37,0.39
2951,6.37,0.39
2952,6.37,0.39
2953,6.37,0.39
2954,6.37,0.39
2955,6.37,0.39
2956,6.37,0.39
2957,6.37,0.39
2958,6.37,0.39
2959,6.37,0.39
2960,6.36,0.39
2961,6.36,0.39
2962,6.36,0.39
2963,6.36,0.39
2964,6.36,0.39
2965,6.36,0.39
2966,6.36,0.39
2967,6.35,0.39
2968,6.35,0.39
2969,6.35,0.39
2970,6.35,0.39
2971,6.35,0.39
2972,6.35,0.39
2973,6.35,0.39
2974,6.35,0.39
2975,6.35,0.39
2976,6.35,0.39
2977,6.35,0.39
2978,6.35,0.39
2979,6.36,0.39
2980,6.36,0.39
2981,6.36,0.39
2982,6.36,0.39
2983,6.36,0.39
2984,6.36,0.39
2985,6.36,0.39
2986,6.37,0.39
2987,6.37,0.39
2988,6.37,0.39
2989,6.37,0.39
2990,6.37,0.39
2991,6.37,0.39
2992,6.37,0.39
2993,6.37,0.39
2994,6.37,0.39
2995,6.37,0.39
2996,6.37,0.39
2997,6.37,0.39
2998,6.37,0.39
2999,6.37,0.39
3000,6.37,0.38
3001,6.37,0.39
3002,6.37,0.39
3003,6.37,0.38
3004,6.36,0.39
3005,6.36,0.39
3006,6.36,0.39
3007,6.36,0.39
3008,6.36,0.39
3009,6.36,0.39
3010,6.35,0.39
3011,6.35,0.39
3012,6.35,0.39
3013,6.35,0.38
3014,6.35,0.39
3015,6.35,0.39
3016,6.35,0.39
3017,6.35,0.39
3018,6.35,0.38
3019,6.35,0.38
3020,6.35,0.39
3021,6.35,0.39
3022,6.35,0.39
3023,6.35,0.39
3024,6.35,0.39
3025,6.35,0.38
3026,6.35,0.38
3027,6.35,0.39
3028,6.35,0.39
3029,6.35,0.39
3030,6.36,0.38
3031,6.36,0.39
3032,6.36,0.39
3033,6.36,0.39
3034,6.36,0.39
3035,6.36,0.38
3036,6.36,0.39
3037,6.36,0.39
3038,6.36,0.39
3039,6.36,0.39
3040,6.37,0.38
3041,6.37,0.39
3042,6.37,0.39
3043,6.37,0.39
3044,6.37,0.39
3045,6.36,0.39
3046,6.36,0.39
3047,6.36,0.39
3048,6.36,0.38
3049,6.36,0.39
3050,6.36,0.38
3051,6.36,0.39
3052,6.36,0.39
3053,6.35,0.39
3054,6.35,0.39
3055,6.35,0.39
3056,6.35,0.38
3057,6.35,0.39
3058,6.35,0.38
3059,6.35,0.39
3060,6.35,0.38
3061,6.35,0.38
3062,6.34,0.38
3063,6.34,0.39
3064,6.34,0.39
3065,6.34,0.38
3066,6.34,0.38
3067,6.35,0.38
3068,6.35,0.38
3069,6.35,0.39
3070,6.35,0.38
3071,6.35,0.38
3072,6.35,0.38
3073,6.35,0.38
3074,6.35,0.38
3075,6.35,0.38
3076,6.35,0.38
3077,6.36,0.38
3078,6.36,0.38
3079,6.36,0.38
3080,6.36,0.38
3081,6.36,0.38
3082,6.36,0.38
3083,6.36,0.38
3084,6.36,0.38
3085,6.36,0.38
3086,6.36,0.38
3087,6.36,0.38
3088,6.36,0.38
3089,6.36,0.38
3090,6.36,0.38
3091,6.36,0.38
3092,6.36,0.38
3093,6.36,0.38
3094,6.36,0.38
3095,6.35,0.37
3096,6.35,0.38
3097,6.35,0.38
3098,6.35,0.38
3099,6.35,0.38
3100,6.35,0.38
3101,6.34,0.37
3102,6.34,0.37
3103,6.34,0.38
3104,6.34,0.38
3105,6.34,0.37
3106,6.34,0.37
3107,6.34,0.38
3108,6.34,0.38
3109,6.34,0.38
3110,6.34,0.38
3111,6.34,0.38
3112,6.34,0.37
3113,6.34,0.38
3114,6.34,0.38
3115,6.34,0.37
3116,6.34,0.37
3117,6.34,0.38
3118,6.34,0.38
3119,6.34,0.38
3120,6.34,0.38
3121,6.34,0.38
3122,6.35,0.38
3123,6.35,0.38
3124,6.35,0.38
3125,6.35,0.38
3126,6.35,0.38
3127,6.35,0.38
3128,6.35,0.38
3129,6.35,0.38
3130,6.35,0.38
3131,6.35,0.38
3132,6.35,0.38
3133,6.35,0.38
3134,6.35,0.37
3135,6.35,0.37
3136,6.35,0.37
3137,6.35,0.38
3138,6.35,0.37
3139,6.35,0.37
3140,6.35,0.38
3141,6.35,0.37
3142,6.35,0.37
3143,6.34,0.37
3144,6.34,0.37
3145,6.34,0.37
3146,6.34,0.37
3147,6.34,0.37
3148,6.34,0.37
3149,6.34,0.37
3150,6.33,0.37
3151,6.33,0.37
3152,6.33,0.37
3153,6.33,0.37
3154,6.33,0.37
3155,6.33,0.37
3156,6.33,0.37
3157,6.33,0.37
3158,6.33,0.37
3159,6.33,0.37
3160,6.33,0.37
3161,6.33,0.37
3162,6.33,0.37
3163,6.33,0.37
3164,6.33,0.37
3165,6.33,0.37
3166,6.33,0.37
3167,6.34,0.37
3168,6.34,0.37
3169,6.34,0.37
3170,6.34,0.37
3171,6.34,0.37
3172,6.34,0.37
3173,6.34,0.37
3174,6.34,0.37
3175,6.34,0.37
3176,6.34,0.37
3177,6.34,0.37
3178,6.34,0.37
3179,6.34,0.37
3180,6.34,0.37
3181,6.34,0.37
3182,6.34,0.37
3183,6.34,0.37
3184,6.34,0.37
3185,6.34,0.37
3186,6.34,0.37
3187,6.34,0.37
3188,6.34,0.37
3189,6.33,0.37
3190,6.33,0.37
3191,6.33,0.37
3192,6.33,0.37
3193,6.33,0.37
3194,6.33,0.37
3195,6.33,0.37
3196,6.33,0.37
3197,6.33,0.37
3198,6.33,0.37
3199,6.32,0.37
3200,6.32,0.37
3201,6.32,0.37
3202,6.32,0.37
3203,6.32,0.37
3204,6.32,0.37
3205,6.32,0.37
3206,6.32,0.37
3207,6.32,0.37
3208,6.32,0.37
3209,6.32,0.37
3210,6.32,0.37
3211,6.33,0.37
3212,6.33,0.37
3213,6.33,0.37
3214,6.33,0.37
3215,6.33,0.37
3216,6.33,0.37
3217,6.33,0.37
3218,6.33,0.37
3219,6.33,0.37
3220,6.33,0.37
3221,6.33,0.37
3222,6.33,0.37
3223,6.33,0.37
3224,6.33,0.37
3225,6.33,0.37
3226,6.33,0.37
3227,6.33,0.37
3228,6.33,0.37
3229,6.33,0.37
3230,6.33,0.37
3231,6.33,0.37
3232,6.33,0.37
3233,6.33,0.37
3234,6.32,0.37
3235,6.32,0.37
3236,6.32,0.37
3237,6.32,0.37
3238,6.32,0.36
3239,6.32,0.37
3240,6.32,0.37
3241,6.32,0.37
3242,6.32,0.37
3243,6.32,0.37
3244,6.32,0.36
3245,6.32,0.37
3246,6.32,0.36
3247,6.31,0.36
3248,6.31,0.36
3249,6.31,0.36
3250,6.31,0.37
3251,6.31,0.36
3252,6.32,0.36
3253,6.32,0.37
3254,6.32,0.36
3255,6.32,0.36
3256,6.32,0.36
3257,6.32,0.36
3258,6.32,0.36
3259,6.32,0.36
3260,6.32,0.36
3261,6.32,0.36
3262,6.32,0.36
3263,6.32,0.36
3264,6.32,0.36
3265,6.32,0.36
3266,6.32,0.36
3267,6.32,0.36
3268,6.32,0.36
3269,6.32,0.36
3270,6.32,0.36
3271,6.32,0.36
3272,6.32,0.37
3273,6.32,0.36
3274,6.32,0.36
3275,6.32,0.36
3276,6.32,0.36
3277,6.31,0.36
3278,6.31,0.36
3279,6.31,0.36
3280,6.31,0.36
3281,6.31,0.36
3282,6.31,0.36
3283,6.31,0.36
3284,6.31,0.36
3285,6.31,0.36
3286,6.31,0.36
3287,6.31,0.36
3288,6.31,0.36
3289,6.31,0.36
3290,6.31,0.36
3291,6.3,0.36
3292,6.3,0.36
3293,6.3,0.36
3294,6.3,0.36
3295,6.31,0.36
3296,6.31,0.36
3297,6.31,0.36
3298,6.31,0.36
3299,6.31,0.36
3300,6.31,0.36
3301,6.31,0.36
3302,6.31,0.36
3303,6.31,0.36
3304,6.31,0.36
3305,6.31,0.36
3306,6.31,0.36
3307,6.31,0.36
3308,6.31,0.36
3309,6.31,0.36
3310,6.31,0.36
3311,6.31,0.36
3312,6.31,0.36
3313,6.31,0.36
3314,6.31,0.36
3315,6.31,0.36
3316,6.31,0.36
3317,6.3,0.36
3318,6.3,0.36
3319,6.3,0.35
3320,6.3,0.36
3321,6.3,0.36
3322,6.3,0.36
3323,6.3,0.36
3324,6.3,0.36
3325,6.3,0.36
3326,6.3,0.36
3327,6.3,0.36
3328,6.29,0.36
3329,6.29,0.36
3330,6.29,0.36
3331,6.29,0.36
3332,6.29,0.36
3333,6.29,0.36
3334,6.29,0.35
3335,6.29,0.35
3336,6.29,0.36
3337,6.29,0.35
3338,6.29,0.35
3339,6.29,0.35
3340,6.29,0.36
3341,6.29,0.35
3342,6.29,0.35
3343,6.29,0.35
3344,6.29,0.35
3345,6.29,0.35
3346,6.29,0.35
3347,6.29,0.35
3348,6.3,0.35
3349,6.3,0.35
3350,6.3,0.35
3351,6.3,0.35
3352,6.3,0.35
3353,6.29,0.35
3354,6.29,0.36
3355,6.29,0.35
3356,6.29,0.35
3357,6.29,0.35
3358,6.29,0.35
3359,6.29,0.35
3360,6.29,0.35
3361,6.29,0.35
3362,6.29,0.35
3363,6.29,0.35
3364,6.29,0.35
3365,6.29,0.35
3366,6.29,0.35
3367,6.28,0.35
3368,6.28,0.35
3369,6.28,0.35
3370,6.28,0.35
3371,6.28,0.35
3372,6.28,0.35
3373,6.28,0.35
3374,6.28,0.35
3375,6.28,0.35
3376,6.28,0.35
3377,6.28,0.34
3378,6.28,0.34
3379,6.28,0.34
3380,6.28,0.34
3381,6.28,0.34
3382,6.28,0.34
3383,6.28,0.34
3384,6.28,0.34
3385,6.28,0.34
3386,6.28,0.34
3387,6.28,0.34
3388,6.28,0.35
3389,6.28,0.34
3390,6.28,0.34
3391,6.28,0.34
3392,6.28,0.34
3393,6.28,0.34
3394,6.28,0.34
3395,6.28,0.35
3396,6.28,0.34
3397,6.28,0.34
3398,6.28,0.34
3399,6.28,0.34
3400,6.28,0.34
3401,6.28,0.35
3402,6.28,0.34
3403,6.28,0.34
3404,6.28,0.34
3405,6.28,0.34
3406,6.27,0.34
3407,6.27,0.34
3408,6.27,0.35
3409,6.27,0.34
3410,6.27,0.34
3411,6.27,0.34
3412,6.27,0.34
3413,6.27,0.34
3414,6.27,0.34
3415,6.27,0.34
3416,6.27,0.34
3417,6.27,0.34
3418,6.27,0.34
3419,6.27,0.34
3420,6.27,0.34
3421,6.27,0.34
3422,6.27,0.34
3423,6.27,0.34
3424,6.27,0.34
3425,6.27,0.34
3426,6.27,0.34
3427,6.27,0.34
3428,6.27,0.34
3429,6.27,0.34
3430,6.27,0.34
3431,6.27,0.34
3432,6.27,0.34
3433,6.27,0.34
3434,6.27,0.34
3435,6.27,0.34
3436,6.27,0.34
3437,6.27,0.34
3438,6.27,0.34
3439,6.26,0.34
3440,6.26,0.34
3441,6.26,0.34
3442,6.26,0.34
3443,6.26,0.34
3444,6.26,0.34
3445,6.26,0.34
3446,6.26,0.34
3447,6.26,0.34
3448,6.26,0.34
3449,6.26,0.34
3450,6.26,0.34
3451,6.26,0.34
3452,6.26,0.34
3453,6.26,0.34
3454,6.25,0.33
3455,6.25,0.34
3456,6.25,0.34
3457,6.25,0.33
3458,6.25,0.33
3459,6.25,0.33
3460,6.25,0.33
3461,6.25,0.34
3462,6.25,0.33
3463,6.25,0.33
3464,6.25,0.34
3465,6.25,0.33
3466,6.25,0.33
3467,6.25,0.33
3468,6.25,0.33
3469,6.25,0.33
3470,6.25,0.33
3471,6.25,0.33
3472,6.25,0.34
3473,6.25,0.33
3474,6.25,0.33
3475,6.25,0.34
3476,6.25,0.33
3477,6.25,0.34
3478,6.25,0.33
3479,6.25,0.33
3480,6.25,0.33
3481,6.25,0.34
3482,6.25,0.33
3483,6.25,0.33
3484,6.25,0.33
3485,6.25,0.33
3486,6.25,0.33
3487,6.25,0.33
3488,6.25,0.33
3489,6.24,0.33
3490,6.24,0.33
3491,6.24,0.33
3492,6.24,0.32
3493,6.24,0.33
3494,6.24,0.33
3495,6.24,0.33
3496,6.24,0.33
3497,6.24,0.33
3498,6.24,0.32
3499,6.24,0.33
3500,6.24,0.32
3501,6.24,0.33
3502,6.24,0.32
3503,6.24,0.32
3504,6.24,0.32
3505,6.24,0.32
3506,6.24,0.33
3507,6.23,0.32
3508,6.23,0.33
3509,6.23,0.33
3510,6.23,0.32
3511,6.23,0.32
3512,6.23,0.33
3513,6.23,0.33
3514,6.23,0.33
3515,6.23,0.33
3516,6.23,0.32
3517,6.23,0.33
3518,6.23,0.32
3519,6.23,0.32
3520,6.23,0.33
3521,6.23,0.32
3522,6.23,0.32
3523,6.23,0.32
3524,6.23,0.32
3525,6.23,0.32
3526,6.23,0.32
3527,6.23,0.32
3528,6.23,0.32
3529,6.23,0.32
3530,6.23,0.32
3531,6.23,0.32
3532,6.23,0.32
3533,6.23,0.32
3534,6.23,0.32
3535,6.23,0.32
3536,6.23,0.32
3537,6.23,0.32
3538,6.23,0.32
3539,6.23,0.32
3540,6.22,0.32
3541,6.22,0.32
3542,6.22,0.32
3543,6.22,0.32
3544,6.22,0.32
3545,6.22,0.32
3546,6.22,0.32
3547,6.22,0.32
3548,6.22,0.32
3549,6.22,0.32
3550,6.22,0.32
3551,6.22,0.32
3552,6.22,0.32
3553,6.22,0.32
3554,6.22,0.32
3555,6.22,0.32
3556,6.22,0.32
3557,6.22,0.32
3558,6.22,0.32
3559,6.22,0.32
3560,6.22,0.32
3561,6.22,0.32
3562,6.22,0.32
3563,6.22,0.32
3564,6.22,0.32
3565,6.22,0.32
3566,6.22,0.32
3567,6.22,0.32
3568,6.22,0.32
3569,6.22,0.32
3570,6.22,0.32
3571,6.22,0.32
3572,6.22,0.31
3573,6.21,0.32
3574,6.21,0.32
3575,6.21,0.32
3576,6.21,0.32
3577,6.21,0.32
3578,6.21,0.32
3579,6.21,0.32
3580,6.21,0.32
3581,6.21,0.32
3582,6.21,0.32
3583,6.21,0.31
3584,6.21,0.32
3585,6.21,0.32
3586,6.2,0.31
3587,6.2,0.32
3588,6.2,0.31
3589,6.2,0.32
3590,6.2,0.31
3591,6.2,0.31
3592,6.2,0.31
3593,6.2,0.32
3594,6.2,0.31
3595,6.2,0.31
3596,6.2,0.31
3597,6.2,0.31
3598,6.2,0.31
3599,6.2,0.31
3600,6.2,0.31
3601,6.2,0.31
3602,6.2,0.3
3603,6.2,0.31
3604,6.2,0.31
3605,6.2,0.31
3606,6.2,0.31
3607,6.2,0.31
3608,6.2,0.31
3609,6.2,0.31
3610,6.2,0.31
3611,6.2,0.31
3612,6.2,0.31
3613,6.2,0.31
3614,6.2,0.31
3615,6.2,0.31
3616,6.2,0.31
3617,6.2,0.31
3618,6.19,0.3
3619,6.19,0.3
3620,6.19,0.31
3621,6.19,0.31
3622,6.19,0.3
3623,6.19,0.3
3624,6.19,0.3
3625,6.19,0.31
3626,6.19,0.3
3627,6.19,0.3
3628,6.19,0.3
3629,6.19,0.3
3630,6.19,0.3
3631,6.19,0.3
3632,6.18,0.3
3633,6.18,0.3
3634,6.18,0.3
3635,6.18,0.3
3636,6.18,0.3
3637,6.18,0.3
3638,6.18,0.3
3639,6.18,0.3
3640,6.18,0.3
3641,6.18,0.3
3642,6.18,0.3
3643,6.18,0.3
3644,6.18,0.3
3645,6.18,0.3
3646,6.18,0.3
3647,6.18,0.3
3648,6.18,0.3
3649,6.18,0.3
3650,6.18,0.3
3651,6.18,0.3
3652,6.18,0.3
3653,6.18,0.3
3654,6.18,0.3
3655,6.18,0.3
3656,6.18,0.3
3657,6.18,0.3
3658,6.18,0.3
3659,6.18,0.3
3660,6.18,0.3
3661,6.18,0.3
3662,6.18,0.3
3663,6.18,0.3
3664,6.18,0.3
3665,6.17,0.3
3666,6.17,0.3
3667,6.17,0.3
3668,6.17,0.3
3669,6.17,0.3
3670,6.17,0.3
3671,6.17,0.3
3672,6.17,0.3
3673,6.17,0.3
3674,6.17,0.3
3675,6.17,0.3
3676,6.17,0.3
3677,6.17,0.3
3678,6.16,0.3
3679,6.16,0.3
3680,6.16,0.3
3681,6.16,0.3
3682,6.16,0.3
3683,6.16,0.3
3684,6.16,0.29
3685,6.16,0.3
3686,6.16,0.29
3687,6.16,0.29
3688,6.16,0.3
3689,6.16,0.29
3690,6.16,0.3
3691,6.16,0.29
3692,6.16,0.29
3693,6.16,0.29
3694,6.16,0.29
3695,6.16,0.29
3696,6.16,0.3
3697,6.16,0.3
3698,6.16,0.3
3699,6.16,0.29
3700,6.16,0.3
3701,6.16,0.29
3702,6.16,0.3
3703,6.16,0.29
3704,6.16,0.29
3705,6.16,0.29
3706,6.16,0.29
3707,6.16,0.29
3708,6.15,0.29
3709,6.15,0.29
3710,6.15,0.29
3711,6.15,0.29
3712,6.15,0.29
3713,6.15,0.28
3714,6.15,0.29
3715,6.15,0.29
3716,6.15,0.29
3717,6.15,0.29
3718,6.15,0.29
3719,6.15,0.28
3720,6.15,0.29
3721,6.15,0.29
3722,6.14,0.28
3723,6.14,0.28
3724,6.14,0.29
3725,6.14,0.29
3726,6.14,0.28
3727,6.14,0.29
3728,6.14,0.29
3729,6.14,0.29
3730,6.14,0.28
3731,6.14,0.28
3732,6.14,0.28
3733,6.14,0.29
3734,6.14,0.28
3735,6.14,0.28
3736,6.14,0.28
3737,6.14,0.29
3738,6.14,0.28
3739,6.14,0.28
3740,6.14,0.28
3741,6.14,0.28
3742,6.14,0.28
3743,6.14,0.28
3744,6.14,0.28
3745,6.14,0.28
3746,6.14,0.28
3747,6.14,0.28
3748,6.14,0.28
3749,6.14,0.28
3750,6.14,0.28
3751,6.14,0.28
3752,6.14,0.28
3753,6.13,0.28
3754,6.13,0.28
3755,6.13,0.28
3756,6.13,0.28
3757,6.13,0.28
3758,6.13,0.28
3759,6.13,0.28
3760,6.13,0.28
3761,6.13,0.28
3762,6.13,0.28
3763,6.13,0.28
3764,6.13,0.28
3765,6.13,0.28
3766,6.13,0.28
3767,6.13,0.28
3768,6.13,0.28
3769,6.12,0.28
3770,6.12,0.28
3771,6.12,0.28
3772,6.12,0.28
3773,6.12,0.28
3774,6.12,0.27
3775,6.12,0.28
3776,6.12,0.28
3777,6.12,0.28
3778,6.12,0.28
3779,6.12,0.28
3780,6.12,0.28
3781,6.12,0.28
3782,6.12,0.28
3783,6.12,0.28
3784,6.12,0.28
3785,6.12,0.28
3786,6.12,0.28
3787,6.12,0.28
3788,6.12,0.28
3789,6.12,0.28
3790,6.12,0.27
3791,6.12,0.27
3792,6.12,0.27
3793,6.12,0.27
3794,6.12,0.27
3795,6.12,0.27
3796,6.11,0.27
3797,6.11,0.27
3798,6.11,0.27
3799,6.11,0.27
3800,6.11,0.27
3801,6.11,0.27
3802,6.11,0.27
3803,6.11,0.27
3804,6.11,0.27
3805,6.11,0.27
3806,6.11,0.27
3807,6.11,0.27
3808,6.11,0.27
3809,6.11,0.27
3810,6.11,0.27
3811,6.11,0.27
3812,6.1,0.26
3813,6.1,0.27
3814,6.1,0.27
3815,6.1,0.26
3816,6.1,0.27
3817,6.1,0.27
3818,6.1,0.27
3819,6.1,0.26
3820,6.1,0.26
3821,6.1,0.27
3822,6.1,0.26
3823,6.1,0.26
3824,6.1,0.26
3825,6.1,0.26
3826,6.1,0.26
3827,6.1,0.26
3828,6.1,0.26
3829,6.1,0.26
3830,6.1,0.26
3831,6.1,0.26
3832,6.1,0.26
3833,6.1,0.26
3834,6.1,0.26
3835,6.1,0.26
3836,6.1,0.26
3837,6.1,0.26
3838,6.09,0.26
3839,6.09,0.26
3840,6.09,0.26
3841,6.09,0.26
3842,6.09,0.26
3843,6.09,0.26
3844,6.09,0.26
3845,6.09,0.26
3846,6.09,0.26
3847,6.09,0.26
3848,6.09,0.26
3849,6.09,0.26
3850,6.09,0.26
3851,6.09,0.26
3852,6.09,0.26
3853,6.09,0.26
3854,6.08,0.26
3855,6.08,0.26
3856,6.08,0.26
3857,6.08,0.26
3858,6.08,0.26
3859,6.08,0.26
3860,6.08,0.25
3861,6.08,0.26
3862,6.08,0.26
3863,6.08,0.26
3864,6.08,0.26
3865,6.08,0.26
3866,6.08,0.26
3867,6.08,0.26
3868,6.08,0.26
3869,6.08,0.26
3870,6.08,0.26
3871,6.08,0.25
3872,6.08,0.25
3873,6.08,0.25
3874,6.08,0.25
3875,6.08,0.26
3876,6.08,0.25
3877,6.07,0.25
3878,6.07,0.25
3879,6.07,0.25
3880,6.07,0.25
3881,6.07,0.25
3882,6.07,0.25
3883,6.07,0.25
3884,6.07,0.25
3885,6.07,0.25
3886,6.07,0.25
3887,6.07,0.25
3888,6.07,0.25
3889,6.07,0.25
3890,6.07,0.25
3891,6.07,0.25
3892,6.07,0.24
3893,6.07,0.25
3894,6.06,0.25
3895,6.06,0.25
3896,6.06,0.25
3897,6.06,0.25
3898,6.06,0.24
3899,6.06,0.25
3900,6.06,0.24
3901,6.06,0.24
3902,6.06,0.25
3903,6.06,0.24
3904,6.06,0.24
3905,6.06,0.24
3906,6.06,0.24
3907,6.06,0.24
3908,6.06,0.24
3909,6.06,0.24
3910,6.06,0.24
3911,6.06,0.24
3912,6.06,0.24
3913,6.06,0.24
3914,6.06,0.24
3915,6.05,0.24
3916,6.05,0.24
3917,6.05,0.24
3918,6.05,0.24
3919,6.05,0.24
3920,6.05,0.24
3921,6.05,0.24
3922,6.05,0.24
3923,6.05,0.24
3924,6.05,0.24
3925,6.05,0.24
3926,6.05,0.24
3927,6.05,0.24
3928,6.05,0.24
3929,6.05,0.24
3930,6.05,0.24
3931,6.05,0.24
3932,6.05,0.24
3933,6.05,0.24
3934,6.04,0.24
3935,6.04,0.24
3936,6.04,0.24
3937,6.04,0.24
3938,6.04,0.24
3939,6.04,0.24
3940,6.04,0.24
3941,6.04,0.24
3942,6.04,0.24
3943,6.04,0.24
3944,6.04,0.24
3945,6.04,0.24
3946,6.04,0.24
3947,6.04,0.24
3948,6.04,0.24
3949,6.04,0.24
3950,6.04,0.24
3951,6.03,0.23
3952,6.03,0.24
3953,6.03,0.24
3954,6.03,0.24
3955,6.03,0.24
3956,6.03,0.23
3957,6.03,0.24
3958,6.03,0.23
3959,6.03,0.23
3960,6.03,0.23
3961,6.03,0.24
3962,6.03,0.23
3963,6.03,0.23
3964,6.03,0.23
3965,6.03,0.23
3966,6.03,0.23
3967,6.03,0.23
3968,6.03,0.23
3969,6.03,0.23
3970,6.03,0.23
3971,6.03,0.23
3972,6.03,0.23
3973,6.02,0.23
3974,6.02,0.23
3975,6.02,0.23
3976,6.02,0.23
3977,6.02,0.23
3978,6.02,0.23
3979,6.02,0.22
3980,6.02,0.23
3981,6.02,0.22
3982,6.02,0.23
3983,6.02,0.23
3984,6.02,0.23
3985,6.02,0.22
3986,6.02,0.22
3987,6.02,0.22
3988,6.01,0.23
3989,6.01,0.23
3990,6.01,0.22
3991,6.01,0.22
3992,6.01,0.22
3993,6.01,0.23
3994,6.01,0.22
3995,6.01,0.22
3996,6.01,0.23
3997,6.01,0.22
3998,6.01,0.22
3999,6.01,0.22
4000,6.01,0.22
4001,6.01,0.22
4002,6.01,0.22
4003,6.01,0.22
4004,6.01,0.22
4005,6.01,0.22
4006,6.01,0.22
4007,6.01,0.22
4008,6.01,0.22
4009,6.01,0.22
4010,6.0,0.22
4011,6.0,0.22
4012,6.0,0.22
4013,6.0,0.22
4014,6.0,0.22
4015,6.0,0.22
4016,6.0,0.22
4017,6.0,0.22
4018,6.0,0.22
4019,6.0,0.22
4020,6.0,0.22
4021,6.0,0.22
4022,6.0,0.22
4023,6.0,0.22
4024,6.0,0.22
4025,5.99,0.22
4026,5.99,0.22
4027,5.99,0.22
4028,5.99,0.22
4029,5.99,0.21
4030,5.99,0.21
4031,5.99,0.21
4032,5.99,0.22
4033,5.99,0.22
4034,5.99,0.22
4035,5.99,0.21
4036,5.99,0.22
4037,5.99,0.22
4038,5.99,0.21
4039,5.99,0.21
4040,5.99,0.22
4041,5.99,0.21
4042,5.99,0.21
4043,5.99,0.22
4044,5.99,0.22
4045,5.98,0.22
4046,5.98,0.21
4047,5.98,0.21
4048,5.98,0.21
4049,5.98,0.21
4050,5.98,0.21
4051,5.98,0.21
4052,5.98,0.21
4053,5.98,0.22
4054,5.98,0.21
4055,5.98,0.21
4056,5.98,0.21
4057,5.98,0.21
4058,5.98,0.21
4059,5.98,0.21
4060,5.98,0.21
4061,5.98,0.21
4062,5.98,0.21
4063,5.98,0.21
4064,5.97,0.21
4065,5.97,0.21
4066,5.97,0.21
4067,5.97,0.21
4068,5.97,0.21
4069,5.97,0.21
4070,5.97,0.21
4071,5.97,0.21
4072,5.97,0.21
4073,5.97,0.21
4074,5.97,0.21
4075,5.97,0.21
4076,5.97,0.21
4077,5.97,0.21
4078,5.97,0.21
4079,5.97,0.21
4080,5.97,0.21
4081,5.97,0.21
4082,5.96,0.21
4083,5.96,0.21
4084,5.96,0.21
4085,5.96,0.21
4086,5.96,0.21
4087,5.96,0.21
4088,5.96,0.21
4089,5.96,0.21
4090,5.96,0.2
4091,5.96,0.21
4092,5.96,0.21
4093,5.96,0.21
4094,5.96,0.2
4095,5.96,0.2
4096,5.96,0.2
4097,5.96,0.2
4098,5.96,0.2
4099,5.96,0.21
4100,5.96,0.2
4101,5.96,0.2
4102,5.95,0.2
4103,5.95,0.2
4104,5.95,0.2
4105,5.95,0.2
4106,5.95,0.2
4107,5.95,0.2
4108,5.95,0.2
4109,5.95,0.19
4110,5.95,0.19
4111,5.95,0.2
4112,5.95,0.2
4113,5.95,0.2
4114,5.95,0.19
4115,5.95,0.2
4116,5.94,0.19
4117,5.94,0.2
4118,5.94,0.2
4119,5.94,0.19
4120,5.94,0.2
4121,5.94,0.19
4122,5.94,0.19
4123,5.94,0.2
4124,5.94,0.2
4125,5.94,0.19
4126,5.94,0.19
4127,5.94,0.19
4128,5.94,0.19
4129,5.94,0.19
4130,5.94,0.19
4131,5.94,0.19
4132,5.94,0.19
4133,5.94,0.19
4134,5.94,0.19
4135,5.94,0.19
4136,5.94,0.19
4137,5.93,0.19
4138,5.93,0.19
4139,5.93,0.19
4140,5.93,0.19
4141,5.93,0.19
4142,5.93,0.19
4143,5.93,0.19
4144,5.93,0.19
4145,5.93,0.19
4146,5.93,0.19
4147,5.93,0.19
4148,5.93,0.19
4149,5.93,0.19
4150,5.93,0.19
4151,5.93,0.19
4152,5.93,0.19
4153,5.93,0.19
4154,5.92,0.19
4155,5.92,0.19
4156,5.92,0.19
4157,5.92,0.19
4158,5.92,0.19
4159,5.92,0.19
4160,5.92,0.19
4161,5.92,0.19
4162,5.92,0.18
4163,5.92,0.19
4164,5.92,0.18
4165,5.92,0.19
4166,5.92,0.19
4167,5.92,0.19
4168,5.92,0.19
4169,5.92,0.19
4170,5.92,0.18
4171,5.92,0.18
4172,5.91,0.19
4173,5.91,0.18
4174,5.91,0.18
4175,5.91,0.18
4176,5.91,0.18
4177,5.91,0.18
4178,5.91,0.18
4179,5.91,0.18
4180,5.91,0.18
4181,5.91,0.18
4182,5.91,0.18
4183,5.91,0.18
4184,5.91,0.18
4185,5.91,0.18
4186,5.91,0.18
4187,5.91,0.18
4188,5.91,0.18
4189,5.91,0.18
4190,5.91,0.18
4191,5.9,0.18
4192,5.9,0.18
4193,5.9,0.18
4194,5.9,0.17
4195,5.9,0.17
4196,5.9,0.17
4197,5.9,0.17
4198,5.9,0.18
4199,5.9,0.17
4200,5.9,0.17
4201,5.9,0.17
4202,5.9,0.17
4203,5.9,0.17
4204,5.9,0.17
4205,5.9,0.17
4206,5.9,0.17
4207,5.9,0.17
4208,5.9,0.17
4209,5.9,0.18
4210,5.89,0.17
4211,5.89,0.17
4212,5.89,0.17
4213,5.89,0.17
4214,5.89,0.17
4215,5.89,0.17
4216,5.89,0.17
4217,5.89,0.17
4218,5.89,0.17
4219,5.89,0.17
4220,5.89,0.17
4221,5.89,0.17
4222,5.89,0.17
4223,5.89,0.17
4224,5.89,0.17
4225,5.89,0.17
4226,5.89,0.17
4227,5.89,0.17
4228,5.88,0.17
4229,5.88,0.17
4230,5.88,0.17
4231,5.88,0.17
4232,5.88,0.17
4233,5.88,0.17
4234,5.88,0.17
4235,5.88,0.17
4236,5.88,0.17
4237,5.88,0.17
4238,5.88,0.16
4239,5.88,0.17
4240,5.88,0.17
4241,5.88,0.16
4242,5.88,0.16
4243,5.88,0.16
4244,5.87,0.17
4245,5.87,0.17
4246,5.87,0.16
4247,5.87,0.16
4248,5.87,0.17
4249,5.87,0.17
4250,5.87,0.16
4251,5.87,0.16
4252,5.87,0.17
4253,5.87,0.16
4254,5.87,0.16
4255,5.87,0.16
4256,5.87,0.16
4257,5.87,0.16
4258,5.87,0.16
4259,5.87,0.16
4260,5.87,0.16
4261,5.87,0.16
4262,5.86,0.16
4263,5.86,0.16
4264,5.86,0.16
4265,5.86,0.16
4266,5.86,0.16
4267,5.86,0.16
4268,5.86,0.16
4269,5.86,0.15
4270,5.86,0.15
4271,5.86,0.16
4272,5.86,0.15
4273,5.86,0.15
4274,5.86,0.15
4275,5.86,0.15
4276,5.86,0.15
4277,5.86,0.16
4278,5.86,0.16
4279,5.85,0.15
4280,5.85,0.15
4281,5.85,0.15
4282,5.85,0.15
4283,5.85,0.15
4284,5.85,0.15
4285,5.85,0.15
4286,5.85,0.15
4287,5.85,0.15
4288,5.85,0.15
4289,5.85,0.15
4290,5.85,0.15
4291,5.85,0.15
4292,5.85,0.15
4293,5.85,0.15
4294,5.85,0.15
4295,5.85,0.15
4296,5.84,0.15
4297,5.84,0.15
4298,5.84,0.15
4299,5.84,0.15
4300,5.84,0.15
4301,5.84,0.15
4302,5.84,0.15
4303,5.84,0.15
4304,5.84,0.15
4305,5.84,0.15
4306,5.84,0.15
4307,5.84,0.15
4308,5.84,0.15
4309,5.84,0.15
4310,5.84,0.15
4311,5.84,0.15
4312,5.84,0.15
4313,5.84,0.15
4314,5.84,0.15
4315,5.83,0.15
4316,5.83,0.15
4317,5.83,0.15
4318,5.83,0.14
4319,5.83,0.15
4320,5.83,0.15
4321,5.83,0.14
4322,5.83,0.14
4323,5.83,0.15
4324,5.83,0.14
4325,5.83,0.15
4326,5.83,0.15
4327,5.83,0.15
4328,5.83,0.14
4329,5.83,0.14
4330,5.82,0.14
4331,5.82,0.14
4332,5.82,0.14
4333,5.82,0.14
4334,5.82,0.14
4335,5.82,0.14
4336,5.82,0.14
4337,5.82,0.14
4338,5.82,0.13
4339,5.82,0.14
4340,5.82,0.13
4341,5.82,0.14
4342,5.82,0.14
4343,5.82,0.13
4344,5.82,0.14
4345,5.82,0.14
4346,5.82,0.13
4347,5.82,0.14
4348,5.81,0.13
4349,5.81,0.13
4350,5.81,0.14
4351,5.81,0.14
4352,5.81,0.14
4353,5.81,0.13
4354,5.81,0.13
4355,5.81,0.13
4356,5.81,0.13
4357,5.81,0.14
4358,5.81,0.13
4359,5.81,0.13
4360,5.81,0.13
4361,5.81,0.13
4362,5.81,0.13
4363,5.81,0.13
4364,5.81,0.13
4365,5.8,0.13
4366,5.8,0.13
4367,5.8,0.13
4368,5.8,0.13
4369,5.8,0.13
4370,5.8,0.13
4371,5.8,0.13
4372,5.8,0.13
4373,5.8,0.13
4374,5.8,0.13
4375,5.8,0.13
4376,5.8,0.13
4377,5.8,0.13
4378,5.8,0.13
4379,5.8,0.13
4380,5.79,0.13
4381,5.79,0.13
4382,5.79,0.13
4383,5.79,0.13
4384,5.79,0.13
4385,5.79,0.13
4386,5.79,0.12
4387,5.79,0.13
4388,5.79,0.13
4389,5.79,0.13
4390,5.79,0.13
4391,5.79,0.13
4392,5.79,0.13
4393,5.79,0.13
4394,5.79,0.12
4395,5.79,0.13
4396,5.79,0.13
4397,5.79,0.13
4398,5.79,0.13
4399,5.79,0.12
4400,5.78,0.13
4401,5.78,0.12
4402,5.78,0.12
4403,5.78,0.12
4404,5.78,0.12
4405,5.78,0.12
4406,5.78,0.12
4407,5.78,0.12
4408,5.78,0.12
4409,5.78,0.12
4410,5.78,0.12
4411,5.78,0.12
4412,5.78,0.12
4413,5.78,0.12
4414,5.78,0.11
4415,5.78,0.12
4416,5.77,0.12
4417,5.77,0.12
4418,5.77,0.11
4419,5.77,0.12
4420,5.77,0.11
4421,5.77,0.12
4422,5.77,0.12
4423,5.77,0.12
4424,5.77,0.12
4425,5.77,0.12
4426,5.77,0.11
4427,5.77,0.12
4428,5.77,0.12
4429,5.77,0.11
4430,5.77,0.11
4431,5.77,0.11
4432,5.77,0.11
4433,5.76,0.11
4434,5.76,0.11
4435,5.76,0.11
4436,5.76,0.11
4437,5.76,0.11
4438,5.76,0.11
4439,5.76,0.11
4440,5.76,0.11
4441,5.76,0.11
4442,5.76,0.11
4443,5.76,0.11
4444,5.76,0.11
4445,5.76,0.11
4446,5.76,0.11
4447,5.76,0.11
4448,5.76,0.11
4449,5.76,0.11
4450,5.76,0.11
4451,5.75,0.11
4452,5.75,0.11
4453,5.75,0.11
4454,5.75,0.11
4455,5.75,0.11
4456,5.75,0.11
4457,5.75,0.11
4458,5.75,0.11
4459,5.75,0.11
4460,5.75,0.11
4461,5.75,0.11
4462,5.75,0.11
4463,5.75,0.11
4464,5.75,0.11
4465,5.75,0.11
4466,5.75,0.11
4467,5.74,0.11
4468,5.74,0.11
4469,5.74,0.11
4470,5.74,0.11
4471,5.74,0.11
4472,5.74,0.11
4473,5.74,0.11
4474,5.74,0.11
4475,5.74,0.11
4476,5.74,0.1
4477,5.74,0.11
4478,5.74,0.1
4479,5.74,0.1
4480,5.74,0.1
4481,5.74,0.1
4482,5.74,0.1
4483,5.74,0.1
4484,5.74,0.1
4485,5.73,0.1
4486,5.73,0.1
4487,5.73,0.1
4488,5.73,0.1
4489,5.73,0.1
4490,5.73,0.1
4491,5.73,0.1
4492,5.73,0.1
4493,5.73,0.1
4494,5.73,0.1
4495,5.73,0.1
4496,5.73,0.1
4497,5.73,0.1
4498,5.73,0.09
4499,5.73,0.1
4500,5.73,0.09
4501,5.72,0.1
4502,5.72,0.09
4503,5.72,0.09
4504,5.72,0.09
4505,5.72,0.1
4506,5.72,0.09
4507,5.72,0.09
4508,5.72,0.09
4509,5.72,0.1
4510,5.72,0.09
4511,5.72,0.09
4512,5.72,0.09
4513,5.72,0.09
4514,5.72,0.09
4515,5.72,0.09
4516,5.71,0.09
4517,5.71,0.09
4518,5.71,0.09
4519,5.71,0.09
4520,5.71,0.09
4521,5.71,0.09
4522,5.71,0.09
4523,5.71,0.09
4524,5.71,0.09
4525,5.71,0.09
4526,5.71,0.09
4527,5.71,0.09
4528,5.71,0.09
4529,5.71,0.09
4530,5.71,0.09
4531,5.71,0.09
4532,5.71,0.09
4533,5.71,0.09
4534,5.7,0.09
4535,5.7,0.09
4536,5.7,0.09
4537,5.7,0.09
4538,5.7,0.09
4539,5.7,0.09
4540,5.7,0.09
4541,5.7,0.09
4542,5.7,0.09
4543,5.7,0.09
4544,5.7,0.09
4545,5.7,0.08
4546,5.7,0.08
4547,5.7,0.08
4548,5.7,0.09
4549,5.7,0.09
4550,5.69,0.09
4551,5.69,0.09
4552,5.69,0.08
4553,5.69,0.09
4554,5.69,0.08
4555,5.69,0.08
4556,5.69,0.08
4557,5.69,0.08
4558,5.69,0.08
4559,5.69,0.08
4560,5.69,0.08
4561,5.69,0.08
4562,5.69,0.08
4563,5.69,0.08
4564,5.69,0.08
4565,5.69,0.08
4566,5.69,0.08
4567,5.68,0.08
4568,5.68,0.08
4569,5.68,0.08
4570,5.68,0.08
4571,5.68,0.08
4572,5.68,0.08
4573,5.68,0.07
4574,5.68,0.08
4575,5.68,0.08
4576,5.68,0.08
4577,5.68,0.07
4578,5.68,0.07
4579,5.68,0.07
4580,5.68,0.08
4581,5.68,0.08
4582,5.68,0.07
4583,5.68,0.07
4584,5.68,0.07
4585,5.67,0.07
4586,5.67,0.07
4587,5.67,0.07
4588,5.67,0.07
4589,5.67,0.07
4590,5.67,0.07
4591,5.67,0.07
4592,5.67,0.07
4593,5.67,0.07
4594,5.67,0.07
4595,5.67,0.07
4596,5.67,0.07
4597,5.67,0.07
4598,5.67,0.07
4599,5.67,0.07
4600,5.67,0.07
4601,5.67,0.07
4602,5.67,0.07
4603,5.66,0.07
4604,5.66,0.07
4605,5.66,0.07
4606,5.66,0.07
4607,5.66,0.07
4608,5.66,0.07
4609,5.66,0.07
4610,5.66,0.07
4611,5.66,0.07
4612,5.66,0.07
4613,5.66,0.07
4614,5.66,0.07
4615,5.66,0.07
4616,5.66,0.07
4617,5.66,0.07
4618,5.66,0.07
4619,5.66,0.07
4620,5.66,0.07
4621,5.65,0.07
4622,5.65,0.07
4623,5.65,0.07
4624,5.65,0.07
4625,5.65,0.07
4626,5.65,0.06
4627,5.65,0.07
4628,5.65,0.06
4629,5.65,0.07
4630,5.65,0.07
4631,5.65,0.07
4632,5.65,0.06
4633,5.65,0.07
4634,5.65,0.06
4635,5.65,0.06
4636,5.64,0.06
4637,5.64,0.06
4638,5.64,0.06
4639,5.64,0.06
4640,5.64,0.06
4641,5.64,0.06
4642,5.64,0.06
4643,5.64,0.06
4644,5.64,0.06
4645,5.64,0.06
4646,5.64,0.06
4647,5.64,0.06
4648,5.64,0.06
4649,5.64,0.06
4650,5.64,0.06
4651,5.64,0.06
4652,5.63,0.06
4653,5.63,0.06
4654,5.63,0.06
4655,5.63,0.06
4656,5.63,0.06
4657,5.63,0.06
4658,5.63,0.06
4659,5.63,0.06
4660,5.63,0.06
4661,5.63,0.06
4662,5.63,0.06
4663,5.63,0.06
4664,5.63,0.06
4665,5.63,0.06
4666,5.63,0.06
4667,5.63,0.06
4668,5.63,0.06
4669,5.62,0.06
4670,5.62,0.06
4671,5.62,0.05
4672,5.62,0.06
4673,5.62,0.06
4674,5.62,0.06
4675,5.62,0.06
4676,5.62,0.06
4677,5.62,0.06
4678,5.62,0.06
4679,5.62,0.06
4680,5.62,0.06
4681,5.62,0.06
4682,5.62,0.06
4683,5.62,0.06
4684,5.62,0.06
4685,5.62,0.06
4686,5.62,0.05
4687,5.61,0.05
4688,5.61,0.06
4689,5.61,0.05
4690,5.61,0.05
4691,5.61,0.05
4692,5.61,0.05
4693,5.61,0.05
4694,5.61,0.05
4695,5.61,0.05
4696,5.61,0.06
4697,5.61,0.05
4698,5.61,0.05
4699,5.61,0.05
4700,5.61,0.05
4701,5.61,0.05
4702,5.61,0.04
4703,5.61,0.05
4704,5.6,0.05
4705,5.6,0.04
4706,5.6,0.04
4707,5.6,0.05
4708,5.6,0.04
4709,5.6,0.05
4710,5.6,0.04
4711,5.6,0.04
4712,5.6,0.04
4713,5.6,0.04
4714,5.6,0.04
4715,5.6,0.04
4716,5.6,0.04
4717,5.6,0.04
4718,5.6,0.04
4719,5.6,0.04
4720,5.59,0.05
4721,5.59,0.04
4722,5.59,0.04
4723,5.59,0.04
4724,5.59,0.04
4725,5.59,0.04
4726,5.59,0.04
4727,5.59,0.04
4728,5.59,0.04
4729,5.59,0.04
4730,5.59,0.04
4731,5.59,0.04
4732,5.59,0.04
4733,5.59,0.04
4734,5.59,0.04
4735,5.58,0.04
4736,5.58,0.04
4737,5.58,0.04
4738,5.58,0.04
4739,5.58,0.04
4740,5.58,0.04
4741,5.58,0.04
4742,5.58,0.04
4743,5.58,0.04
4744,5.58,0.04
4745,5.58,0.04
4746,5.58,0.04
4747,5.58,0.04
4748,5.58,0.04
4749,5.58,0.04
4750,5.58,0.04
4751,5.58,0.04
4752,5.57,0.04
4753,5.57,0.04
4754,5.57,0.04
4755,5.57,0.04
4756,5.57,0.03
4757,5.57,0.04
4758,5.57,0.04
4759,5.57,0.04
4760,5.57,0.03
4761,5.57,0.03
4762,5.57,0.03
4763,5.57,0.03
4764,5.57,0.03
4765,5.57,0.03
4766,5.57,0.03
4767,5.57,0.03
4768,5.56,0.03
4769,5.56,0.03
4770,5.56,0.03
4771,5.56,0.03
4772,5.56,0.03
4773,5.56,0.04
4774,5.56,0.03
4775,5.56,0.03
4776,5.56,0.03
4777,5.56,0.03
4778,5.56,0.03
4779,5.56,0.03
4780,5.56,0.03
4781,5.56,0.03
4782,5.56,0.03
4783,5.56,0.03
4784,5.55,0.03
4785,5.55,0.02
4786,5.55,0.02
4787,5.55,0.02
4788,5.55,0.02
4789,5.55,0.03
4790,5.55,0.03
4791,5.55,0.03
4792,5.55,0.02
4793,5.55,0.02
4794,5.55,0.02
4795,5.55,0.02
4796,5.55,0.03
4797,5.55,0.02
4798,5.55,0.02
4799,5.55,0.02
4800,5.54,0.02
4801,5.54,0.02
4802,5.54,0.02
4803,5.54,0.02
4804,5.54,0.02
4805,5.54,0.02
4806,5.54,0.02
4807,5.54,0.02
4808,5.54,0.02
4809,5.54,0.02
4810,5.54,0.02
4811,5.54,0.02
4812,5.54,0.02
4813,5.54,0.02
4814,5.54,0.02
4815,5.54,0.02
4816,5.53,0.02
4817,5.53,0.02
4818,5.53,0.02
4819,5.53,0.02
4820,5.53,0.02
4821,5.53,0.02
4822,5.53,0.02
4823,5.53,0.02
4824,5.53,0.02
4825,5.53,0.02
4826,5.53,0.02
4827,5.53,0.02
4828,5.53,0.02
4829,5.53,0.02
4830,5.53,0.02
4831,5.53,0.02
4832,5.53,0.02
4833,5.52,0.02
4834,5.52,0.02
4835,5.52,0.01
4836,5.52,0.02
4837,5.52,0.02
4838,5.52,0.02
4839,5.52,0.02
4840,5.52,0.02
4841,5.52,0.02
4842,5.52,0.01
4843,5.52,0.01
4844,5.52,0.01
4845,5.52,0.01
4846,5.52,0.02
4847,5.52,0.01
4848,5.51,0.02
4849,5.51,0.01
4850,5.51,0.01
4851,5.51,0.01
4852,5.51,0.01
4853,5.51,0.02
4854,5.51,0.01
4855,5.51,0.01
4856,5.51,0.01
4857,5.51,0.01
4858,5.51,0.0
4859,5.51,0.01
4860,5.51,0.01
4861,5.51,0.01
4862,5.51,0.0
4863,5.51,0.01
4864,5.5,0.01
4865,5.5,0.01
4866,5.5,0.0
4867,5.5,0.0
4868,5.5,0.0
4869,5.5,0.01
4870,5.5,0.01
4871,5.5,0.0
4872,5.5,0.0
4873,5.5,0.01
4874,5.5,0.01
4875,5.5,0.01
4876,5.5,0.0
4877,5.5,0.0
4878,5.5,0.0
4879,5.5,0.0
4880,5.49,0.0
4881,5.49,0.0
4882,5.49,-0.0
4883,5.49,0.0
4884,5.49,0.0
4885,5.49,-0.0
4886,5.49,0.0
4887,5.49,0.0
4888,5.49,0.0
4889,5.49,0.0
4890,5.49,0.0
4891,5.49,0.0
4892,5.49,-0.0
4893,5.49,0.0
4894,5.49,0.0
4895,5.49,0.0
4896,5.49,-0.0
4897,5.48,-0.0
4898,5.48,-0.0
4899,5.48,0.0
4900,5.48,-0.0
4901,5.48,-0.0
4902,5.48,-0.0
4903,5.48,-0.0
4904,5.48,-0.0
4905,5.48,-0.0
4906,5.48,-0.0
4907,5.48,-0.0
4908,5.48,-0.0
4909,5.48,-0.0
4910,5.48,-0.01
4911,5.48,-0.01
4912,5.48,-0.0
4913,5.47,-0.01
4914,5.47,-0.0
4915,5.47,-0.01
4916,5.47,-0.01
4917,5.47,-0.0
4918,5.47,-0.0
4919,5.47,-0.0
4920,5.47,-0.0
4921,5.47,-0.0
4922,5.47,-0.01
4923,5.47,-0.01
4924,5.47,-0.01
4925,5.47,-0.01
4926,5.47,-0.01
4927,5.47,-0.01
4928,5.47,-0.01
4929,5.47,-0.01
4930,5.47,-0.01
4931,5.47,-0.01
4932,5.47,-0.01
4933,5.46,-0.01
4934,5.46,-0.01
4935,5.46,-0.01
4936,5.46,-0.01
4937,5.46,-0.01
4938,5.46,-0.01
4939,5.46,-0.01
4940,5.46,-0.01
4941,5.46,-0.01
4942,5.46,-0.02
4943,5.46,-0.02
4944,5.46,-0.02
4945,5.46,-0.02
4946,5.46,-0.02
4947,5.46,-0.01
4948,5.46,-0.01
4949,5.45,-0.02
4950,5.45,-0.02
4951,5.45,-0.02
4952,5.45,-0.02
4953,5.45,-0.02
4954,5.45,-0.02
4955,5.45,-0.02
4956,5.45,-0.02
4957,5.45,-0.02
4958,5.45,-0.02
4959,5.45,-0.02
4960,5.45,-0.02
4961,5.45,-0.02
4962,5.45,-0.02
4963,5.45,-0.02
4964,5.45,-0.02
4965,5.45,-0.02
4966,5.45,-0.02
4967,5.44,-0.02
4968,5.44,-0.02
4969,5.44,-0.02
4970,5.44,-0.02
4971,5.44,-0.02
4972,5.44,-0.02
4973,5.44,-0.02
4974,5.44,-0.02
4975,5.44,-0.02
4976,5.44,-0.02
4977,5.44,-0.02
4978,5.44,-0.02
4979,5.44,-0.02
4980,5.44,-0.02
4981,5.44,-0.02
4982,5.44,-0.02
4983,5.43,-0.02
4984,5.43,-0.03
4985,5.43,-0.02
4986,5.43,-0.02
4987,5.43,-0.02
4988,5.43,-0.02
4989,5.43,-0.02
4990,5.43,-0.02
4991,5.43,-0.02
4992,5.43,-0.02
4993,5.43,-0.02
4994,5.43,-0.02
4995,5.43,-0.03
4996,5.43,-0.02
4997,5.43,-0.02
4998,5.43,-0.02
4999,5.43,-0.03
5000,5.43,-0.02
5001,5.42,-0.03
5002,5.42,-0.03
5003,5.42,-0.03
5004,5.42,-0.03
5005,5.42,-0.03
5006,5.42,-0.03
5007,5.42,-0.03
5008,5.42,-0.02
5009,5.42,-0.03
5010,5.42,-0.03
5011,5.42,-0.03
5012,5.42,-0.03
5013,5.42,-0.03
5014,5.42,-0.03
5015,5.42,-0.03
5016,5.42,-0.03
5017,5.42,-0.03
5018,5.41,-0.03
5019,5.41,-0.03
5020,5.41,-0.03
5021,5.41,-0.03
5022,5.41,-0.04
5023,5.41,-0.03
5024,5.41,-0.03
5025,5.41,-0.03
5026,5.41,-0.03
5027,5.41,-0.03
5028,5.41,-0.03
5029,5.41,-0.03
5030,5.41,-0.03
5031,5.41,-0.04
5032,5.41,-0.04
5033,5.41,-0.04
5034,5.41,-0.04
5035,5.4,-0.04
5036,5.4,-0.04
5037,5.4,-0.04
5038,5.4,-0.04
5039,5.4,-0.04
5040,5.4,-0.04
5041,5.4,-0.04
5042,5.4,-0.04
5043,5.4,-0.04
5044,5.4,-0.04
5045,5.4,-0.04
5046,5.4,-0.04
5047,5.4,-0.04
5048,5.4,-0.04
5049,5.4,-0.04
5050,5.4,-0.04
5051,5.4,-0.03
5052,5.4,-0.04
5053,5.39,-0.04
5054,5.39,-0.04
5055,5.39,-0.04
5056,5.39,-0.04
5057,5.39,-0.04
5058,5.39,-0.04
5059,5.39,-0.04
5060,5.39,-0.04
5061,5.39,-0.04
5062,5.39,-0.04
5063,5.39,-0.04
5064,5.39,-0.04
5065,5.39,-0.04
5066,5.39,-0.04
5067,5.39,-0.04
5068,5.39,-0.04
5069,5.39,-0.04
5070,5.38,-0.04
5071,5.38,-0.04
5072,5.38,-0.04
5073,5.38,-0.04
5074,5.38,-0.04
5075,5.38,-0.04
5076,5.38,-0.04
5077,5.38,-0.04
5078,5.38,-0.04
5079,5.38,-0.04
5080,5.38,-0.04
5081,5.38,-0.04
5082,5.38,-0.04
5083,5.38,-0.04
5084,5.38,-0.05
5085,5.38,-0.05
5086,5.38,-0.04
5087,5.38,-0.04
5088,5.38,-0.04
5089,5.37,-0.05
5090,5.37,-0.05
5091,5.37,-0.04
5092,5.37,-0.04
5093,5.37,-0.05
5094,5.37,-0.05
5095,5.37,-0.05
5096,5.37,-0.05
5097,5.37,-0.05
5098,5.37,-0.05
5099,5.37,-0.05
5100,5.37,-0.05
5101,5.37,-0.05
5102,5.37,-0.05
5103,5.37,-0.05
5104,5.37,-0.05
5105,5.37,-0.05
5106,5.36,-0.05
5107,5.36,-0.05
5108,5.36,-0.05
5109,5.36,-0.06
5110,5.36,-0.05
5111,5.36,-0.05
5112,5.36,-0.06
5113,5.36,-0.06
5114,5.36,-0.06
5115,5.36,-0.06
5116,5.36,-0.06
5117,5.36,-0.06
5118,5.36,-0.05
5119,5.36,-0.05
5120,5.36,-0.06
5121,5.36,-0.06
5122,5.36,-0.06
5123,5.36,-0.06
5124,5.36,-0.06
5125,5.36,-0.06
5126,5.36,-0.06
5127,5.36,-0.06
5128,5.35,-0.06
5129,5.35,-0.06
5130,5.35,-0.06
5131,5.35,-0.06
5132,5.35,-0.06
5133,5.35,-0.06
5134,5.35,-0.06
5135,5.35,-0.06
5136,5.35,-0.06
5137,5.35,-0.06
5138,5.35,-0.06
5139,5.35,-0.06
5140,5.35,-0.06
5141,5.35,-0.06
5142,5.35,-0.06
5143,5.35,-0.06
5144,5.35,-0.06
5145,5.34,-0.06
5146,5.34,-0.06
5147,5.34,-0.06
5148,5.34,-0.06
5149,5.34,-0.06
5150,5.34,-0.06
5151,5.34,-0.06
5152,5.34,-0.06
5153,5.34,-0.06
5154,5.34,-0.06
5155,5.34,-0.06
5156,5.34,-0.06
5157,5.34,-0.06
5158,5.34,-0.06
5159,5.34,-0.06
5160,5.34,-0.06
5161,5.34,-0.06
5162,5.34,-0.06
5163,5.33,-0.06
5164,5.33,-0.06
5165,5.33,-0.07
5166,5.33,-0.06
5167,5.33,-0.06
5168,5.33,-0.06
5169,5.33,-0.06
5170,5.33,-0.06
5171,5.33,-0.06
5172,5.33,-0.07
5173,5.33,-0.07
5174,5.33,-0.07
5175,5.33,-0.07
5176,5.33,-0.07
5177,5.33,-0.06
5178,5.33,-0.06
5179,5.33,-0.07
5180,5.33,-0.07
5181,5.33,-0.07
5182,5.32,-0.06
5183,5.32,-0.07
5184,5.32,-0.07
5185,5.32,-0.07
5186,5.32,-0.07
5187,5.32,-0.06
5188,5.32,-0.07
5189,5.32,-0.07
5190,5.32,-0.07
5191,5.32,-0.07
5192,5.32,-0.07
5193,5.32,-0.07
5194,5.32,-0.07
5195,5.32,-0.07
5196,5.32,-0.07
5197,5.32,-0.07
5198,5.32,-0.07
5199,5.32,-0.07
5200,5.32,-0.07
5201,5.32,-0.07
5202,5.31,-0.07
5203,5.31,-0.07
5204,5.31,-0.07
5205,5.31,-0.07
5206,5.31,-0.07
5207,5.31,-0.07
5208,5.31,-0.07
5209,5.31,-0.07
5210,5.31,-0.07
5211,5.31,-0.07
5212,5.31,-0.07
5213,5.31,-0.07
5214,5.31,-0.07
5215,5.31,-0.07
5216,5.31,-0.07
5217,5.31,-0.07
5218,5.31,-0.07
5219,5.31,-0.07
5220,5.3,-0.07
5221,5.3,-0.07
5222,5.3,-0.07
5223,5.3,-0.07
5224,5.3,-0.08
5225,5.3,-0.07
5226,5.3,-0.07
5227,5.3,-0.07
5228,5.3,-0.07
5229,5.3,-0.08
5230,5.3,-0.07
5231,5.3,-0.08
5232,5.3,-0.07
5233,5.3,-0.08
5234,5.3,-0.07
5235,5.3,-0.08
5236,5.3,-0.07
5237,5.3,-0.07
5238,5.3,-0.07
5239,5.29,-0.07
5240,5.29,-0.08
5241,5.29,-0.08
5242,5.29,-0.08
5243,5.29,-0.08
5244,5.29,-0.07
5245,5.29,-0.08
5246,5.29,-0.08
5247,5.29,-0.07
5248,5.29,-0.08
5249,5.29,-0.08
5250,5.29,-0.07
5251,5.29,-0.08
5252,5.29,-0.08
5253,5.29,-0.08
5254,5.29,-0.08
5255,5.29,-0.09
5256,5.29,-0.09
5257,5.29,-0.08
5258,5.29,-0.08
5259,5.28,-0.09
5260,5.28,-0.08
5261,5.28,-0.08
5262,5.28,-0.08
5263,5.28,-0.08
5264,5.28,-0.09
5265,5.28,-0.08
5266,5.28,-0.08
5267,5.28,-0.08
5268,5.28,-0.09
5269,5.28,-0.09
5270,5.28,-0.08
5271,5.28,-0.08
5272,5.28,-0.08
5273,5.28,-0.08
5274,5.28,-0.09
5275,5.28,-0.09
5276,5.28,-0.08
5277,5.28,-0.09
5278,5.27,-0.09
5279,5.27,-0.09
5280,5.27,-0.09
5281,5.27,-0.09
5282,5.27,-0.09
5283,5.27,-0.09
5284,5.27,-0.09
5285,5.27,-0.09
5286,5.27,-0.09
5287,5.27,-0.09
5288,5.27,-0.09
5289,5.27,-0.09
5290,5.27,-0.09
5291,5.27,-0.09
5292,5.27,-0.09
5293,5.27,-0.09
5294,5.27,-0.09
5295,5.27,-0.09
5296,5.27,-0.09
5297,5.26,-0.09
5298,5.26,-0.09
5299,5.26,-0.09
5300,5.26,-0.09
5301,5.26,-0.09
5302,5.26,-0.09
5303,5.26,-0.09
5304,5.26,-0.09
5305,5.26,-0.09
5306,5.26,-0.09
5307,5.26,-0.09
5308,5.26,-0.09
5309,5.26,-0.09
5310,5.26,-0.09
5311,5.26,-0.09
5312,5.26,-0.09
5313,5.26,-0.09
5314,5.26,-0.09
5315,5.26,-0.09
5316,5.26,-0.09
5317,5.26,-0.09
5318,5.26,-0.09
5319,5.25,-0.09
5320,5.25,-0.1
5321,5.25,-0.09
5322,5.25,-0.09
5323,5.25,-0.09
5324,5.25,-0.09
5325,5.25,-0.09
5326,5.25,-0.09
5327,5.25,-0.09
5328,5.25,-0.09
5329,5.25,-0.09
5330,5.25,-0.09
5331,5.25,-0.09
5332,5.25,-0.09
5333,5.25,-0.09
5334,5.25,-0.09
5335,5.25,-0.09
5336,5.25,-0.1
5337,5.25,-0.09
5338,5.24,-0.09
5339,5.24,-0.1
5340,5.24,-0.1
5341,5.24,-0.1
5342,5.24,-0.09
5343,5.24,-0.1
5344,5.24,-0.1
5345,5.24,-0.1
5346,5.24,-0.1
5347,5.24,-0.1
5348,5.24,-0.1
5349,5.24,-0.1
5350,5.24,-0.1
5351,5.24,-0.1
5352,5.24,-0.1
5353,5.24,-0.1
5354,5.24,-0.1
5355,5.24,-0.11
5356,5.24,-0.1
5357,5.24,-0.11
5358,5.24,-0.1
5359,5.24,-0.1
5360,5.24,-0.1
5361,5.23,-0.1
5362,5.23,-0.1
5363,5.23,-0.1
5364,5.23,-0.1
5365,5.23,-0.1
5366,5.23,-0.1
5367,5.23,-0.1
5368,5.23,-0.11
5369,5.23,-0.1
5370,5.23,-0.11
5371,5.23,-0.11
5372,5.23,-0.11
5373,5.23,-0.11
5374,5.23,-0.1
5375,5.23,-0.11
5376,5.23,-0.11
5377,5.23,-0.11
5378,5.23,-0.11
5379,5.22,-0.11
5380,5.22,-0.11
5381,5.22,-0.11
5382,5.22,-0.11
5383,5.22,-0.11
5384,5.22,-0.11
5385,5.22,-0.11
5386,5.22,-0.11
5387,5.22,-0.11
5388,5.22,-0.11
5389,5.22,-0.11
5390,5.22,-0.11
5391,5.22,-0.11
5392,5.22,-0.11
5393,5.22,-0.11
5394,5.22,-0.11
5395,5.22,-0.11
5396,5.22,-0.11
5397,5.22,-0.11
5398,5.22,-0.11
5399,5.22,-0.11
5400,5.22,-0.11
5401,5.21,-0.11
5402,5.21,-0.11
5403,5.21,-0.11
5404,5.21,-0.11
5405,5.21,-0.11
5406,5.21,-0.11
5407,5.21,-0.11
5408,5.21,-0.11
5409,5.21,-0.11
5410,5.21,-0.11
5411,5.21,-0.11
5412,5.21,-0.11
5413,5.21,-0.11
5414,5.21,-0.11
5415,5.21,-0.11
5416,5.21,-0.11
5417,5.21,-0.11
5418,5.21,-0.11
5419,5.21,-0.11
5420,5.21,-0.11
5421,5.21,-0.11
5422,5.21,-0.11
5423,5.2,-0.11
5424,5.2,-0.11
5425,5.2,-0.11
5426,5.2,-0.11
5427,5.2,-0.11
5428,5.2,-0.11
5429,5.2,-0.11
5430,5.2,-0.11
5431,5.2,-0.11
5432,5.2,-0.11
5433,5.2,-0.11
5434,5.2,-0.12
5435,5.2,-0.11
5436,5.2,-0.12
5437,5.2,-0.12
5438,5.2,-0.12
5439,5.2,-0.12
5440,5.2,-0.12
5441,5.2,-0.12
5442,5.2,-0.12
5443,5.19,-0.12
5444,5.19,-0.12
5445,5.19,-0.12
5446,5.19,-0.12
5447,5.19,-0.12
5448,5.19,-0.12
5449,5.19,-0.12
5450,5.19,-0.12
5451,5.19,-0.12
5452,5.19,-0.12
5453,5.19,-0.12
5454,5.19,-0.12
5455,5.19,-0.12
5456,5.19,-0.12
5457,5.19,-0.12
5458,5.19,-0.12
5459,5.19,-0.12
5460,5.19,-0.12
5461,5.19,-0.12
5462,5.19,-0.12
5463,5.19,-0.12
5464,5.18,-0.12
5465,5.18,-0.12
5466,5.18,-0.12
5467,5.18,-0.12
5468,5.18,-0.12
5469,5.18,-0.12
5470,5.18,-0.12
5471,5.18,-0.12
5472,5.18,-0.13
5473,5.18,-0.13
5474,5.18,-0.12
5475,5.18,-0.13
5476,5.18,-0.13
5477,5.18,-0.12
5478,5.18,-0.13
5479,5.18,-0.13
5480,5.18,-0.13
5481,5.18,-0.13
5482,5.18,-0.13
5483,5.18,-0.13
5484,5.18,-0.12
5485,5.18,-0.13
5486,5.18,-0.13
5487,5.18,-0.13
5488,5.18,-0.13
5489,5.17,-0.13
5490,5.17,-0.13
5491,5.17,-0.13
5492,5.17,-0.13
5493,5.17,-0.13
5494,5.17,-0.13
5495,5.17,-0.13
5496,5.17,-0.13
5497,5.17,-0.13
5498,5.17,-0.13
5499,5.17,-0.13
5500,5.17,-0.13
5501,5.17,-0.13
5502,5.17,-0.13
5503,5.17,-0.13
5504,5.17,-0.13
5505,5.17,-0.13
5506,5.17,-0.13
5507,5.17,-0.13
5508,5.16,-0.13
5509,5.16,-0.13
5510,5.16,-0.13
5511,5.16,-0.13
5512,5.16,-0.13
5513,5.16,-0.13
5514,5.16,-0.13
5515,5.16,-0.13
5516,5.16,-0.13
5517,5.16,-0.13
5518,5.16,-0.13
5519,5.16,-0.13
5520,5.16,-0.13
5521,5.16,-0.13
5522,5.16,-0.13
5523,5.16,-0.13
5524,5.16,-0.13
5525,5.16,-0.13
5526,5.16,-0.13
5527,5.16,-0.13
5528,5.16,-0.13
5529,5.16,-0.13
5530,5.16,-0.13
5531,5.16,-0.13
5532,5.15,-0.13
5533,5.15,-0.13
5534,5.15,-0.13
5535,5.15,-0.13
5536,5.15,-0.13
5537,5.15,-0.13
5538,5.15,-0.13
5539,5.15,-0.13
5540,5.15,-0.14
5541,5.15,-0.13
5542,5.15,-0.14
5543,5.15,-0.14
5544,5.15,-0.14
5545,5.15,-0.14
5546,5.15,-0.14
5547,5.15,-0.14
5548,5.15,-0.13
5549,5.15,-0.14
5550,5.15,-0.13
5551,5.15,-0.13
5552,5.15,-0.14
5553,5.15,-0.13
5554,5.15,-0.13
5555,5.15,-0.13
5556,5.14,-0.14
5557,5.14,-0.13
5558,5.14,-0.14
5559,5.14,-0.13
5560,5.14,-0.14
5561,5.14,-0.14
5562,5.14,-0.13
5563,5.14,-0.13
5564,5.14,-0.13
5565,5.14,-0.14
5566,5.14,-0.14
5567,5.14,-0.13
5568,5.14,-0.14
5569,5.14,-0.14
5570,5.14,-0.14
5571,5.14,-0.14
5572,5.14,-0.14
5573,5.14,-0.14
5574,5.14,-0.14
5575,5.14,-0.14
5576,5.14,-0.14
5577,5.14,-0.14
5578,5.13,-0.14
5579,5.13,-0.15
5580,5.13,-0.14
5581,5.13,-0.14
5582,5.13,-0.14
5583,5.13,-0.14
5584,5.13,-0.15
5585,5.13,-0.14
5586,5.13,-0.15
5587,5.13,-0.14
5588,5.13,-0.14
5589,5.13,-0.14
5590,5.13,-0.15
5591,5.13,-0.15
5592,5.13,-0.15
5593,5.13,-0.15
5594,5.13,-0.15
5595,5.13,-0.14
5596,5.13,-0.14
5597,5.13,-0.15
5598,5.13,-0.14
5599,5.13,-0.15
5600,5.13,-0.15
5601,5.12,-0.15
5602,5.12,-0.14
5603,5.12,-0.15
5604,5.12,-0.15
5605,5.12,-0.14
5606,5.12,-0.15
5607,5.12,-0.15
5608,5.12,-0.15
5609,5.12,-0.15
5610,5.12,-0.15
5611,5.12,-0.15
5612,5.12,-0.15
5613,5.12,-0.15
5614,5.12,-0.15
5615,5.12,-0.15
5616,5.12,-0.15
5617,5.12,-0.15
5618,5.12,-0.15
5619,5.12,-0.15
5620,5.12,-0.15
5621,5.12,-0.15
5622,5.12,-0.15
5623,5.12,-0.15
5624,5.12,-0.15
5625,5.12,-0.15
5626,5.12,-0.15
5627,5.12,-0.15
5628,5.12,-0.15
5629,5.12,-0.15
5630,5.12,-0.15
5631,5.11,-0.15
5632,5.11,-0.15
5633,5.11,-0.15
5634,5.11,-0.15
5635,5.11,-0.15
5636,5.11,-0.15
5637,5.11,-0.15
5638,5.11,-0.15
5639,5.11,-0.15
5640,5.11,-0.15
5641,5.11,-0.15
5642,5.11,-0.15
5643,5.11,-0.15
5644,5.11,-0.15
5645,5.11,-0.15
5646,5.11,-0.15
5647,5.11,-0.15
5648,5.11,-0.15
5649,5.11,-0.15
5650,5.11,-0.15
5651,5.11,-0.15
5652,5.11,-0.15
5653,5.11,-0.15
5654,5.11,-0.15
5655,5.11,-0.16
5656,5.11,-0.15
5657,5.11,-0.15
5658,5.11,-0.15
5659,5.11,-0.15
5660,5.1,-0.15
5661,5.1,-0.15
5662,5.1,-0.15
5663,5.1,-0.15
5664,5.1,-0.15
5665,5.1,-0.15
5666,5.1,-0.15
5667,5.1,-0.15
5668,5.1,-0.15
5669,5.1,-0.15
5670,5.1,-0.15
5671,5.1,-0.16
5672,5.1,-0.16
5673,5.1,-0.15
5674,5.1,-0.16
5675,5.1,-0.15
5676,5.1,-0.16
5677,5.1,-0.15
5678,5.1,-0.15
5679,5.09,-0.15
5680,5.09,-0.15
5681,5.09,-0.15
5682,5.09,-0.15
5683,5.09,-0.15
5684,5.09,-0.16
5685,5.09,-0.16
5686,5.09,-0.16
5687,5.09,-0.16
5688,5.09,-0.16
5689,5.09,-0.16
5690,5.09,-0.16
5691,5.09,-0.16
5692,5.09,-0.16
5693,5.09,-0.16
5694,5.09,-0.16
5695,5.09,-0.16
5696,5.09,-0.16
5697,5.09,-0.16
5698,5.09,-0.16
5699,5.09,-0.16
5700,5.09,-0.16
5701,5.09,-0.16
5702,5.09,-0.16
5703,5.09,-0.16
5704,5.09,-0.16
5705,5.09,-0.16
5706,5.09,-0.16
5707,5.09,-0.17
5708,5.09,-0.17
5709,5.09,-0.16
5710,5.08,-0.16
5711,5.08,-0.16
5712,5.08,-0.16
5713,5.08,-0.16
5714,5.08,-0.16
5715,5.08,-0.16
5716,5.08,-0.16
5717,5.08,-0.16
5718,5.08,-0.17
5719,5.08,-0.17
5720,5.08,-0.17
5721,5.08,-0.16
5722,5.08,-0.16
5723,5.08,-0.17
5724,5.08,-0.16
5725,5.08,-0.16
5726,5.08,-0.17
5727,5.07,-0.17
5728,5.07,-0.17
5729,5.07,-0.17
5730,5.07,-0.16
5731,5.07,-0.17
5732,5.07,-0.17
5733,5.07,-0.17
5734,5.07,-0.17
5735,5.07,-0.17
5736,5.07,-0.17
5737,5.07,-0.17
5738,5.07,-0.17
5739,5.07,-0.17
5740,5.07,-0.17
5741,5.07,-0.17
5742,5.07,-0.17
5743,5.07,-0.17
5744,5.07,-0.17
5745,5.07,-0.17
5746,5.07,-0.17
5747,5.07,-0.17
5748,5.07,-0.17
5749,5.07,-0.17
5750,5.07,-0.17
5751,5.07,-0.17
5752,5.07,-0.17
5753,5.07,-0.17
5754,5.07,-0.17
5755,5.07,-0.17
5756,5.07,-0.17
5757,5.07,-0.17
5758,5.06,-0.17
5759,5.06,-0.17
5760,5.06,-0.17
5761,5.06,-0.17
5762,5.06,-0.17
5763,5.06,-0.17
5764,5.06,-0.17
5765,5.06,-0.17
5766,5.06,-0.17
5767,5.06,-0.17
5768,5.06,-0.17
5769,5.06,-0.17
5770,5.06,-0.17
5771,5.06,-0.17
5772,5.06,-0.17
5773,5.06,-0.17
5774,5.06,-0.17
5775,5.06,-0.17
5776,5.06,-0.17
5777,5.06,-0.17
5778,5.06,-0.17
5779,5.06,-0.17
5780,5.06,-0.17
5781,5.06,-0.17
5782,5.06,-0.17
5783,5.06,-0.17
5784,5.06,-0.17
5785,5.06,-0.17
5786,5.06,-0.17
5787,5.06,-0.17
5788,5.06,-0.17
5789,5.06,-0.17
5790,5.06,-0.17
5791,5.06,-0.17
5792,5.06,-0.17
5793,5.06,-0.17
5794,5.06,-0.17
5795,5.06,-0.17
5796,5.05,-0.17
5797,5.05,-0.17
5798,5.05,-0.17
5799,5.05,-0.17
5800,5.05,-0.17
5801,5.05,-0.17
5802,5.05,-0.17
5803,5.05,-0.17
5804,5.05,-0.17
5805,5.05,-0.17
5806,5.05,-0.17
5807,5.05,-0.17
5808,5.05,-0.17
5809,5.05,-0.17
5810,5.04,-0.17
5811,5.04,-0.17
5812,5.04,-0.17
5813,5.04,-0.18
5814,5.04,-0.18
5815,5.04,-0.17
5816,5.05,-0.17
5817,5.05,-0.17
5818,5.05,-0.18
5819,5.05,-0.17
5820,5.05,-0.18
5821,5.05,-0.18
5822,5.05,-0.18
5823,5.05,-0.17
5824,5.05,-0.18
5825,5.05,-0.18
5826,5.05,-0.17
5827,5.05,-0.18
5828,5.05,-0.18
5829,5.05,-0.18
5830,5.05,-0.18
5831,5.05,-0.18
5832,5.05,-0.18
5833,5.04,-0.18
5834,5.04,-0.18
5835,5.04,-0.18
5836,5.04,-0.18
5837,5.04,-0.18
5838,5.04,-0.18
5839,5.04,-0.18
5840,5.04,-0.18
5841,5.04,-0.18
5842,5.04,-0.18
5843,5.04,-0.18
5844,5.03,-0.18
5845,5.03,-0.18
5846,5.03,-0.18
5847,5.03,-0.18
5848,5.03,-0.18
5849,5.03,-0.18
5850,5.03,-0.18
5851,5.03,-0.18
5852,5.03,-0.18
5853,5.03,-0.18
5854,5.03,-0.18
5855,5.03,-0.18
5856,5.03,-0.18
5857,5.03,-0.18
5858,5.03,-0.18
5859,5.03,-0.18
5860,5.03,-0.18
5861,5.03,-0.18
5862,5.03,-0.18
5863,5.03,-0.18
5864,5.03,-0.19
5865,5.03,-0.18
5866,5.03,-0.18
5867,5.03,-0.19
5868,5.03,-0.18
5869,5.03,-0.18
5870,5.03,-0.18
5871,5.03,-0.18
5872,5.03,-0.19
5873,5.03,-0.19
5874,5.03,-0.19
5875,5.03,-0.19
5876,5.03,-0.19
5877,5.03,-0.19
5878,5.03,-0.19
5879,5.03,-0.19
5880,5.03,-0.19
5881,5.03,-0.19
5882,5.03,-0.19
5883,5.02,-0.19
5884,5.02,-0.19
5885,5.02,-0.19
5886,5.02,-0.19
5887,5.02,-0.19
5888,5.02,-0.19
5889,5.02,-0.19
5890,5.02,-0.19
5891,5.02,-0.19
5892,5.02,-0.19
5893,5.01,-0.19
5894,5.01,-0.19
5895,5.01,-0.19
5896,5.01,-0.19
5897,5.01,-0.19
5898,5.01,-0.19
5899,5.01,-0.19
5900,5.01,-0.19
5901,5.01,-0.19
5902,5.01,-0.19
5903,5.01,-0.19
5904,5.01,-0.19
5905,5.01,-0.19
5906,5.01,-0.19
5907,5.01,-0.19
5908,5.01,-0.19
5909,5.02,-0.19
5910,5.02,-0.19
5911,5.02,-0.19
5912,5.02,-0.19
5913,5.02,-0.19
5914,5.02,-0.19
5915,5.02,-0.19
5916,5.02,-0.19
5917,5.02,-0.19
5918,5.02,-0.19
5919,5.02,-0.19
5920,5.02,-0.19
5921,5.02,-0.19
5922,5.02,-0.19
5923,5.01,-0.19
5924,5.01,-0.19
5925,5.01,-0.19
5926,5.01,-0.19
5927,5.01,-0.19
5928,5.01,-0.19
5929,5.01,-0.19
5930,5.01,-0.19
5931,5.01,-0.19
5932,5.01,-0.19
5933,5.0,-0.19
5934,5.0,-0.19
5935,5.0,-0.19
5936,5.0,-0.19
5937,5.0,-0.19
5938,5.0,-0.19
5939,5.0,-0.19
5940,5.0,-0.19
5941,5.0,-0.19
5942,5.0,-0.19
5943,5.0,-0.19
5944,5.0,-0.19
5945,5.0,-0.19
5946,5.0,-0.19
5947,5.0,-0.19
5948,5.0,-0.19
5949,5.0,-0.19
5950,5.0,-0.19
5951,5.0,-0.19
5952,5.0,-0.19
5953,5.0,-0.19
5954,5.0,-0.19
5955,5.0,-0.19
5956,5.0,-0.19
5957,5.0,-0.19
5958,5.0,-0.19
5959,5.0,-0.19
5960,5.0,-0.19
5961,5.0,-0.19
5962,5.0,-0.19
5963,5.0,-0.19
5964,5.0,-0.19
5965,5.0,-0.19
5966,5.0,-0.19
5967,5.0,-0.19
5968,5.0,-0.19
5969,5.0,-0.19
5970,5.0,-0.19
5971,5.0,-0.19
5972,5.0,-0.19
5973,5.0,-0.19
5974,5.0,-0.2
5975,5.0,-0.2
5976,4.99,-0.2
5977,4.99,-0.19
5978,4.99,-0.2
5979,4.99,-0.19
5980,4.99,-0.2
5981,4.99,-0.2
5982,4.99,-0.2
5983,4.99,-0.2
5984,4.99,-0.2
5985,4.99,-0.19
5986,4.99,-0.19
5987,4.99,-0.2
5988,4.99,-0.2
5989,4.99,-0.2
5990,4.99,-0.2
5991,4.99,-0.2
5992,4.99,-0.2
5993,4.99,-0.2
5994,4.99,-0.2
5995,4.99,-0.2
5996,4.99,-0.2
5997,4.99,-0.2
5998,4.99,-0.2
5999,4.99,-0.2
6000,4.99,-0.2
6001,4.99,-0.2
6002,4.99,-0.2
6003,4.99,-0.2
6004,4.99,-0.2
6005,4.99,-0.2
6006,4.99,-0.2
6007,4.99,-0.2
6008,4.99,-0.2
6009,4.99,-0.2
6010,4.99,-0.19
6011,4.99,-0.2
6012,4.99,-0.2
6013,4.99,-0.2
6014,4.99,-0.2
6015,4.98,-0.2
6016,4.98,-0.2
6017,4.98,-0.2
6018,4.98,-0.2
6019,4.98,-0.2
6020,4.98,-0.2
6021,4.98,-0.2
6022,4.98,-0.2
6023,4.98,-0.2
6024,4.98,-0.2
6025,4.98,-0.2
6026,4.98,-0.2
6027,4.98,-0.2
6028,4.98,-0.2
6029,4.98,-0.2
6030,4.98,-0.2
6031,4.98,-0.2
6032,4.98,-0.2
6033,4.98,-0.2
6034,4.98,-0.2
6035,4.98,-0.2
6036,4.98,-0.21
6037,4.98,-0.2
6038,4.98,-0.21
6039,4.98,-0.2
6040,4.98,-0.21
6041,4.98,-0.2
6042,4.98,-0.21
6043,4.98,-0.21
6044,4.98,-0.21
6045,4.98,-0.21
6046,4.98,-0.21
6047,4.98,-0.21
6048,4.98,-0.21
6049,4.98,-0.21
6050,4.98,-0.21
6051,4.98,-0.21
6052,4.98,-0.21
6053,4.98,-0.2
6054,4.98,-0.21
6055,4.97,-0.21
6056,4.97,-0.21
6057,4.97,-0.21
6058,4.97,-0.21
6059,4.97,-0.21
6060,4.97,-0.21
6061,4.97,-0.21
6062,4.97,-0.21
6063,4.97,-0.21
6064,4.97,-0.21
6065,4.97,-0.21
6066,4.97,-0.2
6067,4.97,-0.21
6068,4.97,-0.21
6069,4.97,-0.21
6070,4.97,-0.21
6071,4.96,-0.21
6072,4.96,-0.21
6073,4.96,-0.21
6074,4.96,-0.21
6075,4.96,-0.21
6076,4.97,-0.21
6077,4.97,-0.21
6078,4.97,-0.21
6079,4.97,-0.21
6080,4.97,-0.21
6081,4.97,-0.2
6082,4.97,-0.2
6083,4.97,-0.21
6084,4.97,-0.21
6085,4.97,-0.21
6086,4.97,-0.21
6087,4.97,-0.21
6088,4.97,-0.21
6089,4.97,-0.21
6090,4.97,-0.21
6091,4.97,-0.21
6092,4.97,-0.21
6093,4.97,-0.21
6094,4.97,-0.2
6095,4.97,-0.21
6096,4.97,-0.21
6097,4.97,-0.21
6098,4.97,-0.21
6099,4.97,-0.21
6100,4.97,-0.21
6101,4.97,-0.21
6102,4.97,-0.21
6103,4.96,-0.21
6104,4.96,-0.21
6105,4.96,-0.21
6106,4.96,-0.21
6107,4.96,-0.21
6108,4.96,-0.21
6109,4.96,-0.21
6110,4.96,-0.21
6111,4.96,-0.21
6112,4.96,-0.21
6113,4.96,-0.21
6114,4.96,-0.21
6115,4.96,-0.21
6116,4.96,-0.21
6117,4.96,-0.21
6118,4.96,-0.21
6119,4.96,-0.21
6120,4.96,-0.21
6121,4.96,-0.21
6122,4.96,-0.21
6123,4.96,-0.21
6124,4.96,-0.21
6125,4.96,-0.21
6126,4.96,-0.21
6127,4.96,-0.21
6128,4.96,-0.21
6129,4.96,-0.21
6130,4.96,-0.21
6131,4.96,-0.21
6132,4.96,-0.21
6133,4.96,-0.21
6134,4.96,-0.21
6135,4.96,-0.21
6136,4.96,-0.21
6137,4.96,-0.21
6138,4.96,-0.21
6139,4.96,-0.21
6140,4.96,-0.21
6141,4.96,-0.21
6142,4.96,-0.21
6143,4.95,-0.21
6144,4.95,-0.21
6145,4.95,-0.21
6146,4.95,-0.21
6147,4.95,-0.21
6148,4.95,-0.21
6149,4.95,-0.21
6150,4.95,-0.21
6151,4.95,-0.21
6152,4.95,-0.21
6153,4.95,-0.21
6154,4.95,-0.21
6155,4.95,-0.21
6156,4.95,-0.21
6157,4.95,-0.21
6158,4.95,-0.21
6159,4.95,-0.21
6160,4.95,-0.21
6161,4.95,-0.21
6162,4.95,-0.21
6163,4.95,-0.21
6164,4.95,-0.21
6165,4.95,-0.21
6166,4.95,-0.21
6167,4.95,-0.21
6168,4.95,-0.21
6169,4.95,-0.21
6170,4.95,-0.21
6171,4.95,-0.21
6172,4.95,-0.21
6173,4.95,-0.21
6174,4.95,-0.21
6175,4.95,-0.21
6176,4.95,-0.22
6177,4.95,-0.21
6178,4.95,-0.21
6179,4.95,-0.21
6180,4.95,-0.21
6181,4.95,-0.21
6182,4.95,-0.21
6183,4.95,-0.22
6184,4.95,-0.22
6185,4.95,-0.22
6186,4.95,-0.21
6187,4.95,-0.22
6188,4.95,-0.22
6189,4.95,-0.22
6190,4.95,-0.21
6191,4.95,-0.22
6192,4.95,-0.22
6193,4.95,-0.21
6194,4.95,-0.22
6195,4.94,-0.22
6196,4.94,-0.22
6197,4.94,-0.21
6198,4.94,-0.22
6199,4.94,-0.22
6200,4.94,-0.22
6201,4.94,-0.21
6202,4.94,-0.22
6203,4.94,-0.22
6204,4.94,-0.22
6205,4.94,-0.22
6206,4.94,-0.22
6207,4.94,-0.22
6208,4.94,-0.22
6209,4.94,-0.22
6210,4.94,-0.21
6211,4.94,-0.22
6212,4.94,-0.22
6213,4.94,-0.22
6214,4.94,-0.22
6215,4.94,-0.22
6216,4.94,-0.22
6217,4.94,-0.22
6218,4.94,-0.22
6219,4.94,-0.21
6220,4.94,-0.21
6221,4.94,-0.22
6222,4.94,-0.21
6223,4.94,-0.21
6224,4.94,-0.21
6225,4.94,-0.21
6226,4.94,-0.22
6227,4.94,-0.22
6228,4.94,-0.21
6229,4.94,-0.21
6230,4.94,-0.22
6231,4.94,-0.22
6232,4.94,-0.22
6233,4.94,-0.21
6234,4.94,-0.22
6235,4.94,-0.22
6236,4.94,-0.21
6237,4.94,-0.22
6238,4.93,-0.22
6239,4.93,-0.22
6240,4.93,-0.22
6241,4.93,-0.22
6242,4.93,-0.21
6243,4.93,-0.22
6244,4.93,-0.22
6245,4.93,-0.21
6246,4.93,-0.22
6247,4.93,-0.22
6248,4.93,-0.22
6249,4.93,-0.21
6250,4.93,-0.22
6251,4.93,-0.22
6252,4.93,-0.22
6253,4.93,-0.22
6254,4.93,-0.22
6255,4.93,-0.21
6256,4.93,-0.22
6257,4.93,-0.22
6258,4.93,-0.22
6259,4.93,-0.22
6260,4.93,-0.22
6261,4.93,-0.21
6262,4.93,-0.22
6263,4.93,-0.21
6264,4.93,-0.22
6265,4.93,-0.22
6266,4.93,-0.22
6267,4.93,-0.21
6268,4.93,-0.22
6269,4.93,-0.22
6270,4.93,-0.22
6271,4.93,-0.22
6272,4.93,-0.22
6273,4.93,-0.21
6274,4.93,-0.22
6275,4.93,-0.22
6276,4.93,-0.22
6277,4.93,-0.22
6278,4.93,-0.22
6279,4.93,-0.22
6280,4.93,-0.22
6281,4.93,-0.22
6282,4.93,-0.22
6283,4.93,-0.22
6284,4.93,-0.22
6285,4.93,-0.22
6286,4.93,-0.22
6287,4.93,-0.22
6288,4.93,-0.22
6289,4.92,-0.22
6290,4.92,-0.22
6291,4.92,-0.22
6292,4.92,-0.22
6293,4.92,-0.22
6294,4.92,-0.22
6295,4.92,-0.22
6296,4.92,-0.22
6297,4.92,-0.22
6298,4.92,-0.22
6299,4.92,-0.22
6300,4.92,-0.22
6301,4.92,-0.22
6302,4.92,-0.22
6303,4.92,-0.22
6304,4.92,-0.22
6305,4.92,-0.22
6306,4.92,-0.22
6307,4.92,-0.22
6308,4.92,-0.22
6309,4.92,-0.22
6310,4.92,-0.22
6311,4.92,-0.22
6312,4.92,-0.22
6313,4.92,-0.22
6314,4.92,-0.22
6315,4.92,-0.22
6316,4.92,-0.22
6317,4.92,-0.22
6318,4.92,-0.22
6319,4.92,-0.22
6320,4.92,-0.22
6321,4.92,-0.22
6322,4.92,-0.22
6323,4.92,-0.22
6324,4.92,-0.22
6325,4.92,-0.22
6326,4.92,-0.22
6327,4.92,-0.22
6328,4.92,-0.22
6329,4.92,-0.22
6330,4.92,-0.22
6331,4.92,-0.22
6332,4.92,-0.22
6333,4.92,-0.22
6334,4.92,-0.22
6335,4.92,-0.22
6336,4.92,-0.22
6337,4.92,-0.22
6338,4.92,-0.22
6339,4.92,-0.22
6340,4.92,-0.22
6341,4.92,-0.22
6342,4.92,-0.22
6343,4.92,-0.22
6344,4.92,-0.22
6345,4.92,-0.22
6346,4.92,-0.22
6347,4.92,-0.22
6348,4.92,-0.22
6349,4.92,-0.22
6350,4.92,-0.22
6351,4.92,-0.22
6352,4.92,-0.22
6353,4.92,-0.22
6354,4.92,-0.22
6355,4.92,-0.22
6356,4.92,-0.22
6357,4.92,-0.22
6358,4.92,-0.22
6359,4.92,-0.22
6360,4.91,-0.22
6361,4.91,-0.22
6362,4.91,-0.22
6363,4.91,-0.22
6364,4.91,-0.22
6365,4.91,-0.22
6366,4.91,-0.22
6367,4.91,-0.22
6368,4.91,-0.22
6369,4.91,-0.22
6370,4.91,-0.22
6371,4.91,-0.22
6372,4.91,-0.22
6373,4.91,-0.22
6374,4.91,-0.22
6375,4.91,-0.22
6376,4.91,-0.22
6377,4.92,-0.22
6378,4.92,-0.22
6379,4.92,-0.22
6380,4.92,-0.22
6381,4.92,-0.22
6382,4.92,-0.22
6383,4.92,-0.22
6384,4.92,-0.22
6385,4.92,-0.22
6386,4.92,-0.22
6387,4.92,-0.22
6388,4.92,-0.22
6389,4.92,-0.22
6390,4.92,-0.22
6391,4.92,-0.22
6392,4.92,-0.22
6393,4.92,-0.22
6394,4.92,-0.22
6395,4.91,-0.22
6396,4.91,-0.22
6397,4.91,-0.22
6398,4.91,-0.22
6399,4.91,-0.22
6400,4.91,-0.23
6401,4.91,-0.22
6402,4.91,-0.22
6403,4.91,-0.22
6404,4.91,-0.22
6405,4.91,-0.23
6406,4.91,-0.23
6407,4.91,-0.23
6408,4.91,-0.23
6409,4.91,-0.22
6410,4.91,-0.22
6411,4.91,-0.23
6412,4.91,-0.22
6413,4.91,-0.23
6414,4.91,-0.22
6415,4.91,-0.22
6416,4.91,-0.23
6417,4.91,-0.22
6418,4.91,-0.22
6419,4.91,-0.22
6420,4.91,-0.23
6421,4.91,-0.22
6422,4.91,-0.23
6423,4.91,-0.22
6424,4.91,-0.23
6425,4.91,-0.23
6426,4.91,-0.23
6427,4.91,-0.23
6428,4.91,-0.22
6429,4.91,-0.22
6430,4.91,-0.23
6431,4.91,-0.23
6432,4.91,-0.23
6433,4.91,-0.22
6434,4.91,-0.22
6435,4.91,-0.23
6436,4.91,-0.22
6437,4.91,-0.22
6438,4.91,-0.23
6439,4.91,-0.22
6440,4.91,-0.23
6441,4.91,-0.22
6442,4.91,-0.22
6443,4.91,-0.23
6444,4.91,-0.23
6445,4.91,-0.23
6446,4.91,-0.22
6447,4.91,-0.22
6448,4.91,-0.23
6449,4.91,-0.22
6450,4.91,-0.22
6451,4.91,-0.22
6452,4.91,-0.22
6453,4.91,-0.22
6454,4.91,-0.23
6455,4.91,-0.23
6456,4.91,-0.23
6457,4.91,-0.23
6458,4.91,-0.22
6459,4.91,-0.23
6460,4.9,-0.22
6461,4.9,-0.23
6462,4.9,-0.22
6463,4.9,-0.22
6464,4.9,-0.23
6465,4.9,-0.22
6466,4.9,-0.22
6467,4.9,-0.22
6468,4.9,-0.22
6469,4.9,-0.22
6470,4.9,-0.22
6471,4.9,-0.23
6472,4.9,-0.23
6473,4.9,-0.23
6474,4.9,-0.23
6475,4.9,-0.23
6476,4.9,-0.22
6477,4.9,-0.23
6478,4.9,-0.22
6479,4.9,-0.22
6480,4.9,-0.23
6481,4.9,-0.23
6482,4.9,-0.22
6483,4.9,-0.22
6484,4.9,-0.23
6485,4.9,-0.22
6486,4.9,-0.22
6487,4.9,-0.22
6488,4.9,-0.23
6489,4.9,-0.22
6490,4.9,-0.23
6491,4.9,-0.22
6492,4.9,-0.22
6493,4.9,-0.22
6494,4.9,-0.22
6495,4.9,-0.23
6496,4.9,-0.23
6497,4.9,-0.22
6498,4.9,-0.22
6499,4.9,-0.22
6500,4.9,-0.23
6501,4.9,-0.22
6502,4.9,-0.22
6503,4.9,-0.23
6504,4.9,-0.23
6505,4.9,-0.22
6506,4.9,-0.23
6507,4.9,-0.22
6508,4.9,-0.22
6509,4.9,-0.23
6510,4.9,-0.22
6511,4.9,-0.22
6512,4.9,-0.23
6513,4.9,-0.22
6514,4.9,-0.22
6515,4.9,-0.22
6516,4.9,-0.23
6517,4.9,-0.23
6518,4.9,-0.22
6519,4.9,-0.23
6520,4.9,-0.23
6521,4.9,-0.23
6522,4.9,-0.23
6523,4.9,-0.22
6524,4.9,-0.23
6525,4.9,-0.22
6526,4.9,-0.22
6527,4.9,-0.22
6528,4.9,-0.23
6529,4.9,-0.23
6530,4.9,-0.22
6531,4.9,-0.22
6532,4.9,-0.23
6533,4.9,-0.22
6534,4.9,-0.22
6535,4.9,-0.22
6536,4.9,-0.23
6537,4.9,-0.23
6538,4.9,-0.23
6539,4.9,-0.23
6540,4.9,-0.22
6541,4.9,-0.22
6542,4.9,-0.23
6543,4.9,-0.22
6544,4.9,-0.23
6545,4.9,-0.22
6546,4.9,-0.22
6547,4.9,-0.23
6548,4.9,-0.23
6549,4.9,-0.23
6550,4.9,-0.23
6551,4.9,-0.22
6552,4.9,-0.22
6553,4.9,-0.23
6554,4.9,-0.22
6555,4.9,-0.22
6556,4.9,-0.23
6557,4.9,-0.22
6558,4.9,-0.22
6559,4.9,-0.22
6560,4.9,-0.22
6561,4.9,-0.22
6562,4.9,-0.23
6563,4.9,-0.22
6564,4.9,-0.23
6565,4.9,-0.23
6566,4.9,-0.22
6567,4.9,-0.23
6568,4.9,-0.23
6569,4.9,-0.23
6570,4.9,-0.23
6571,4.9,-0.23
6572,4.9,-0.22
6573,4.9,-0.23
6574,4.9,-0.23
6575,4.9,-0.22
6576,4.9,-0.22
6577,4.9,-0.22
6578,4.9,-0.22
6579,4.9,-0.23
6580,4.9,-0.23
6581,4.9,-0.23
6582,4.9,-0.22
6583,4.9,-0.22
6584,4.9,-0.23
6585,4.9,-0.22
6586,4.9,-0.22
6587,4.9,-0.23
6588,4.9,-0.23
6589,4.9,-0.23
6590,4.9,-0.23
6591,4.9,-0.23
6592,4.9,-0.22
6593,4.9,-0.22
6594,4.9,-0.22
6595,4.9,-0.23
6596,4.9,-0.22
6597,4.9,-0.22
6598,4.9,-0.22
6599,4.9,-0.22
6600,4.9,-0.23
6601,4.9,-0.23
6602,4.9,-0.22
6603,4.9,-0.22
6604,4.9,-0.23
6605,4.9,-0.23
6606,4.9,-0.23
6607,4.9,-0.22
6608,4.9,-0.22
6609,4.9,-0.22
6610,4.9,-0.22
6611,4.9,-0.23
6612,4.9,-0.22
6613,4.9,-0.22
6614,4.9,-0.23
6615,4.9,-0.22
6616,4.9,-0.23
6617,4.9,-0.23
6618,4.9,-0.22
6619,4.9,-0.22
6620,4.9,-0.23
6621,4.9,-0.22
6622,4.9,-0.22
6623,4.9,-0.22
6624,4.9,-0.22
6625,4.9,-0.23
6626,4.9,-0.22
6627,4.9,-0.22
6628,4.9,-0.22
6629,4.9,-0.22
6630,4.9,-0.22
6631,4.9,-0.22
6632,4.9,-0.23
6633,4.9,-0.22
6634,4.9,-0.23
6635,4.9,-0.22
6636,4.9,-0.23
6637,4.9,-0.23
6638,4.9,-0.22
6639,4.9,-0.22
6640,4.9,-0.22
6641,4.9,-0.23
6642,4.9,-0.22
6643,4.9,-0.22
6644,4.9,-0.23
6645,4.9,-0.23
6646,4.9,-0.22
6647,4.9,-0.23
6648,4.9,-0.23
6649,4.9,-0.23
6650,4.9,-0.22
6651,4.9,-0.23
6652,4.9,-0.23
6653,4.9,-0.23
6654,4.9,-0.22
6655,4.9,-0.22
6656,4.9,-0.23
6657,4.9,-0.23
6658,4.9,-0.22
6659,4.9,-0.22
6660,4.9,-0.23
6661,4.9,-0.22
6662,4.9,-0.23
6663,4.9,-0.22
6664,4.9,-0.23
6665,4.9,-0.22
6666,4.9,-0.22
6667,4.9,-0.23
6668,4.9,-0.22
6669,4.9,-0.22
6670,4.9,-0.22
6671,4.9,-0.22
6672,4.9,-0.23
6673,4.9,-0.22
6674,4.9,-0.22
6675,4.9,-0.22
6676,4.9,-0.22
6677,4.9,-0.22
6678,4.9,-0.22
6679,4.9,-0.23
6680,4.9,-0.23
6681,4.9,-0.22
6682,4.9,-0.22
6683,4.9,-0.22
6684,4.9,-0.22
6685,4.9,-0.22
6686,4.9,-0.22
6687,4.9,-0.22
6688,4.9,-0.22
6689,4.9,-0.23
6690,4.9,-0.22
6691,4.9,-0.22
6692,4.9,-0.23
6693,4.9,-0.22
6694,4.9,-0.22
6695,4.9,-0.23
6696,4.9,-0.23
6697,4.9,-0.22
6698,4.9,-0.22
6699,4.9,-0.23
6700,4.9,-0.22
6701,4.9,-0.23
6702,4.9,-0.22
6703,4.9,-0.23
6704,4.9,-0.23
6705,4.9,-0.22
6706,4.9,-0.22
6707,4.9,-0.22
6708,4.9,-0.23
6709,4.9,-0.22
6710,4.9,-0.23
6711,4.9,-0.22
6712,4.9,-0.23
6713,4.9,-0.22
6714,4.9,-0.22
6715,4.9,-0.23
6716,4.9,-0.22
6717,4.9,-0.22
6718,4.9,-0.22
6719,4.9,-0.22
6720,4.9,-0.23
6721,4.9,-0.22
6722,4.9,-0.22
6723,4.9,-0.22
6724,4.9,-0.23
6725,4.9,-0.22
6726,4.9,-0.22
6727,4.9,-0.22
6728,4.9,-0.23
6729,4.9,-0.23
6730,4.9,-0.22
6731,4.9,-0.22
6732,4.9,-0.23
6733,4.9,-0.23
6734,4.9,-0.22
6735,4.9,-0.22
6736,4.9,-0.23
6737,4.9,-0.22
6738,4.9,-0.22
6739,4.9,-0.22
6740,4.9,-0.23
6741,4.9,-0.22
6742,4.9,-0.23
6743,4.9,-0.23
6744,4.9,-0.23
6745,4.9,-0.22
6746,4.9,-0.22
6747,4.9,-0.22
6748,4.9,-0.22
6749,4.9,-0.23
6750,4.9,-0.22
6751,4.9,-0.22
6752,4.9,-0.22
6753,4.9,-0.22
6754,4.9,-0.22
6755,4.9,-0.22
6756,4.9,-0.22
6757,4.9,-0.22
6758,4.9,-0.23
6759,4.9,-0.22
6760,4.9,-0.23
6761,4.9,-0.23
6762,4.9,-0.22
6763,4.9,-0.22
6764,4.9,-0.22
6765,4.9,-0.23
6766,4.9,-0.23
6767,4.9,-0.22
6768,4.9,-0.22
6769,4.9,-0.22
6770,4.9,-0.22
6771,4.9,-0.22
6772,4.9,-0.22
6773,4.9,-0.22
6774,4.89,-0.22
6775,4.9,-0.23
6776,4.9,-0.23
6777,4.9,-0.22
6778,4.9,-0.22
6779,4.9,-0.23
6780,4.9,-0.22
6781,4.9,-0.23
6782,4.9,-0.23
6783,4.9,-0.22
6784,4.9,-0.23
6785,4.9,-0.23
6786,4.9,-0.22
6787,4.9,-0.22
6788,4.9,-0.23
6789,4.9,-0.22
6790,4.9,-0.22
6791,4.9,-0.23
6792,4.9,-0.23
6793,4.9,-0.22
6794,4.9,-0.22
6795,4.9,-0.22
6796,4.9,-0.23
6797,4.9,-0.23
6798,4.9,-0.23
6799,4.9,-0.22
6800,4.9,-0.23
6801,4.9,-0.22
6802,4.9,-0.22
6803,4.9,-0.23
6804,4.9,-0.23
6805,4.9,-0.22
6806,4.89,-0.22
6807,4.89,-0.22
6808,4.89,-0.22
6809,4.89,-0.22
6810,4.89,-0.22
6811,4.89,-0.22
6812,4.89,-0.23
6813,4.89,-0.22
6814,4.89,-0.22
6815,4.89,-0.22
6816,4.89,-0.23
6817,4.89,-0.22
6818,4.89,-0.22
6819,4.89,-0.22
6820,4.89,-0.22
6821,4.89,-0.23
6822,4.89,-0.23
6823,4.89,-0.23
6824,4.89,-0.23
6825,4.89,-0.22
6826,4.89,-0.22
6827,4.89,-0.23
6828,4.89,-0.22
6829,4.89,-0.23
6830,4.89,-0.22
6831,4.89,-0.22
6832,4.89,-0.23
6833,4.89,-0.23
6834,4.89,-0.22
6835,4.89,-0.22
6836,4.89,-0.22
6837,4.89,-0.22
6838,4.89,-0.22
6839,4.89,-0.22
6840,4.89,-0.23
6841,4.9,-0.22
6842,4.89,-0.22
6843,4.9,-0.22
6844,4.89,-0.22
6845,4.89,-0.22
6846,4.89,-0.22
6847,4.89,-0.22
6848,4.89,-0.23
6849,4.89,-0.22
6850,4.89,-0.23
6851,4.89,-0.22
6852,4.89,-0.23
6853,4.89,-0.22
6854,4.89,-0.22
6855,4.89,-0.22
6856,4.89,-0.23
6857,4.89,-0.22
6858,4.89,-0.22
6859,4.89,-0.22
6860,4.89,-0.23
6861,4.89,-0.22
6862,4.89,-0.22
6863,4.89,-0.22
6864,4.89,-0.23
6865,4.89,-0.23
6866,4.89,-0.22
6867,4.89,-0.22
6868,4.89,-0.23
6869,4.89,-0.22
6870,4.89,-0.22
6871,4.89,-0.23
6872,4.89,-0.22
6873,4.89,-0.22
6874,4.89,-0.23
6875,4.89,-0.22
6876,4.9,-0.23
6877,4.9,-0.22
6878,4.9,-0.22
6879,4.9,-0.22
6880,4.9,-0.22
6881,4.9,-0.22
6882,4.9,-0.22
6883,4.9,-0.22
6884,4.9,-0.23
6885,4.9,-0.22
6886,4.9,-0.22
6887,4.9,-0.22
6888,4.9,-0.23
6889,4.9,-0.23
6890,4.9,-0.22
6891,4.9,-0.22
6892,4.9,-0.22
6893,4.9,-0.23
6894,4.9,-0.22
6895,4.9,-0.22
6896,4.89,-0.23
6897,4.89,-0.23
6898,4.89,-0.22
6899,4.89,-0.22
6900,4.89,-0.22
6901,4.89,-0.22
6902,4.89,-0.23
6903,4.89,-0.22
6904,4.89,-0.23
6905,4.89,-0.23
6906,4.89,-0.22
6907,4.89,-0.23
6908,4.89,-0.23
6909,4.89,-0.23
6910,4.89,-0.23
6911,4.89,-0.23
6912,4.89,-0.23
6913,4.89,-0.23
6914,4.89,-0.22
6915,4.9,-0.22
6916,4.9,-0.22
6917,4.9,-0.23
6918,4.9,-0.22
6919,4.9,-0.23
6920,4.9,-0.23
6921,4.9,-0.22
6922,4.9,-0.22
6923,4.9,-0.22
6924,4.9,-0.22
6925,4.9,-0.22
6926,4.9,-0.22
6927,4.9,-0.22
6928,4.9,-0.23
6929,4.9,-0.23
6930,4.9,-0.22
6931,4.9,-0.22
6932,4.9,-0.23
6933,4.9,-0.22
6934,4.9,-0.23
6935,4.9,-0.23
6936,4.9,-0.23
6937,4.9,-0.22
6938,4.9,-0.23
6939,4.9,-0.23
6940,4.9,-0.22
6941,4.89,-0.22
6942,4.89,-0.22
6943,4.89,-0.22
6944,4.89,-0.23
6945,4.89,-0.23
6946,4.89,-0.22
6947,4.89,-0.23
6948,4.89,-0.22
6949,4.89,-0.22
6950,4.89,-0.22
6951,4.89,-0.22
6952,4.89,-0.22
6953,4.89,-0.22
6954,4.89,-0.22
6955,4.89,-0.22
6956,4.89,-0.22
6957,4.89,-0.22
6958,4.89,-0.22
6959,4.9,-0.22
6960,4.9,-0.22
6961,4.9,-0.22
6962,4.9,-0.22
6963,4.9,-0.22
6964,4.9,-0.22
6965,4.9,-0.22
6966,4.9,-0.22
6967,4.9,-0.22
6968,4.9,-0.22
6969,4.9,-0.22
6970,4.9,-0.22
6971,4.9,-0.22
6972,4.9,-0.22
6973,4.9,-0.22
6974,4.9,-0.22
6975,4.9,-0.22
6976,4.9,-0.22
6977,4.9,-0.22
6978,4.9,-0.22
6979,4.9,-0.22
6980,4.9,-0.22
6981,4.9,-0.22
6982,4.9,-0.22
6983,4.9,-0.22
6984,4.9,-0.22
6985,4.9,-0.22
6986,4.9,-0.22
6987,4.9,-0.22
6988,4.9,-0.22
6989,4.9,-0.22
6990,4.9,-0.22
6991,4.9,-0.22
6992,4.9,-0.22
6993,4.9,-0.22
6994,4.9,-0.22
6995,4.9,-0.22
6996,4.9,-0.22
6997,4.9,-0.22
6998,4.9,-0.22
6999,4.9,-0.22
7000,4.9,-0.22
7001,4.9,-0.22
7002,4.9,-0.22
7003,4.9,-0.22
7004,4.9,-0.22
7005,4.9,-0.22
7006,4.9,-0.22
7007,4.9,-0.22
7008,4.9,-0.22
7009,4.9,-0.22
7010,4.9,-0.22
7011,4.9,-0.22
7012,4.91,-0.22
7013,4.91,-0.22
7014,4.91,-0.22
7015,4.91,-0.22
7016,4.91,-0.22
7017,4.91,-0.22
7018,4.91,-0.22
7019,4.91,-0.22
7020,4.91,-0.22
7021,4.91,-0.22
7022,4.91,-0.22
7023,4.91,-0.22
7024,4.91,-0.22
7025,4.91,-0.22
7026,4.91,-0.22
7027,4.91,-0.22
7028,4.91,-0.22
7029,4.91,-0.22
7030,4.91,-0.22
7031,4.91,-0.22
7032,4.91,-0.22
7033,4.91,-0.22
7034,4.91,-0.22
7035,4.91,-0.22
7036,4.91,-0.22
7037,4.91,-0.22
7038,4.91,-0.22
7039,4.91,-0.22
7040,4.91,-0.22
7041,4.91,-0.22
7042,4.91,-0.22
7043,4.91,-0.22
7044,4.91,-0.22
7045,4.91,-0.22
7046,4.91,-0.22
7047,4.91,-0.22
7048,4.91,-0.22
7049,4.91,-0.22
7050,4.91,-0.22
7051,4.91,-0.22
7052,4.91,-0.22
7053,4.91,-0.22
7054,4.91,-0.22
7055,4.91,-0.22
7056,4.91,-0.22
7057,4.91,-0.22
7058,4.91,-0.22
7059,4.91,-0.22
7060,4.91,-0.22
7061,4.91,-0.22
7062,4.91,-0.22
7063,4.91,-0.22
7064,4.91,-0.22
7065,4.91,-0.22
7066,4.91,-0.22
7067,4.91,-0.22
7068,4.91,-0.22
7069,4.91,-0.22
7070,4.91,-0.22
7071,4.91,-0.22
7072,4.91,-0.22
7073,4.91,-0.22
7074,4.91,-0.22
7075,4.91,-0.22
7076,4.91,-0.22
7077,4.91,-0.22
7078,4.91,-0.22
7079,4.91,-0.22
7080,4.91,-0.22
7081,4.91,-0.22
7082,4.91,-0.22
7083,4.91,-0.22
7084,4.91,-0.22
7085,4.91,-0.22
7086,4.91,-0.22
7087,4.91,-0.22
7088,4.91,-0.22
7089,4.91,-0.22
7090,4.91,-0.22
7091,4.91,-0.22
7092,4.91,-0.22
7093,4.91,-0.22
7094,4.91,-0.22
7095,4.91,-0.22
7096,4.91,-0.22
7097,4.91,-0.22
7098,4.91,-0.22
7099,4.91,-0.22
7100,4.91,-0.22
7101,4.91,-0.22
7102,4.91,-0.22
7103,4.91,-0.22
7104,4.91,-0.22
7105,4.91,-0.22
7106,4.91,-0.21
7107,4.91,-0.22
7108,4.91,-0.21
7109,4.91,-0.22
7110,4.91,-0.22
7111,4.92,-0.21
7112,4.92,-0.22
7113,4.92,-0.22
7114,4.92,-0.21
7115,4.92,-0.22
7116,4.92,-0.22
7117,4.92,-0.22
7118,4.92,-0.22
7119,4.92,-0.22
7120,4.92,-0.21
7121,4.92,-0.21
7122,4.92,-0.21
7123,4.92,-0.22
7124,4.92,-0.22
7125,4.92,-0.22
7126,4.92,-0.21
7127,4.92,-0.22
7128,4.92,-0.22
7129,4.92,-0.22
7130,4.92,-0.22
7131,4.92,-0.21
7132,4.92,-0.21
7133,4.92,-0.22
7134,4.92,-0.21
7135,4.92,-0.22
7136,4.92,-0.21
7137,4.92,-0.21
7138,4.92,-0.22
7139,4.92,-0.21
7140,4.92,-0.22
7141,4.92,-0.22
7142,4.92,-0.22
7143,4.92,-0.21
7144,4.92,-0.22
7145,4.92,-0.22
7146,4.92,-0.21
7147,4.92,-0.22
7148,4.92,-0.22
7149,4.92,-0.22
7150,4.92,-0.22
7151,4.92,-0.22
7152,4.92,-0.22
7153,4.92,-0.22
7154,4.92,-0.22
7155,4.92,-0.21
7156,4.92,-0.21
7157,4.92,-0.21
7158,4.92,-0.21
7159,4.92,-0.22
7160,4.92,-0.21
7161,4.92,-0.22
7162,4.92,-0.21
7163,4.92,-0.21
7164,4.92,-0.21
7165,4.92,-0.22
7166,4.92,-0.22
7167,4.93,-0.21
7168,4.93,-0.22
7169,4.93,-0.21
7170,4.93,-0.21
7171,4.93,-0.21
7172,4.93,-0.22
7173,4.92,-0.22
7174,4.92,-0.22
7175,4.92,-0.22
7176,4.92,-0.22
7177,4.92,-0.22
7178,4.92,-0.22
7179,4.92,-0.22
7180,4.92,-0.22
7181,4.92,-0.22
7182,4.92,-0.21
7183,4.92,-0.22
7184,4.92,-0.22
7185,4.92,-0.21
7186,4.92,-0.21
7187,4.92,-0.22
7188,4.92,-0.22
7189,4.92,-0.22
7190,4.92,-0.21
7191,4.92,-0.22
7192,4.92,-0.21
7193,4.92,-0.21
7194,4.92,-0.21
7195,4.92,-0.22
7196,4.92,-0.21
7197,4.92,-0.21
7198,4.92,-0.21
7199,4.92,-0.22
7200,4.92,-0.21
7201,4.92,-0.21
7202,4.92,-0.21
7203,4.92,-0.21
7204,4.92,-0.21
7205,4.92,-0.21
7206,4.93,-0.21
7207,4.93,-0.21
7208,4.93,-0.21
7209,4.93,-0.21
7210,4.93,-0.21
7211,4.93,-0.21
7212,4.93,-0.21
7213,4.93,-0.21
7214,4.93,-0.21
7215,4.93,-0.21
7216,4.93,-0.21
7217,4.93,-0.21
7218,4.93,-0.21
7219,4.93,-0.21
7220,4.93,-0.21
7221,4.93,-0.21
7222,4.93,-0.21
7223,4.93,-0.21
7224,4.93,-0.21
7225,4.93,-0.21
7226,4.93,-0.21
7227,4.93,-0.21
7228,4.93,-0.21
7229,4.93,-0.21
7230,4.93,-0.21
7231,4.93,-0.21
7232,4.93,-0.21
7233,4.93,-0.21
7234,4.93,-0.21
7235,4.93,-0.21
7236,4.93,-0.21
7237,4.93,-0.21
7238,4.93,-0.21
7239,4.93,-0.21
7240,4.93,-0.21
7241,4.93,-0.21
7242,4.93,-0.21
7243,4.93,-0.21
7244,4.93,-0.21
7245,4.93,-0.21
7246,4.93,-0.21
7247,4.93,-0.21
7248,4.93,-0.21
7249,4.93,-0.21
7250,4.93,-0.21
7251,4.93,-0.21
7252,4.94,-0.21
7253,4.94,-0.21
7254,4.94,-0.21
7255,4.94,-0.21
7256,4.94,-0.21
7257,4.94,-0.21
7258,4.94,-0.21
7259,4.94,-0.21
7260,4.94,-0.21
7261,4.94,-0.21
7262,4.94,-0.21
7263,4.94,-0.21
7264,4.94,-0.21
7265,4.94,-0.21
7266,4.94,-0.21
7267,4.94,-0.21
7268,4.94,-0.21
7269,4.94,-0.21
7270,4.94,-0.21
7271,4.94,-0.21
7272,4.94,-0.21
7273,4.94,-0.21
7274,4.94,-0.21
7275,4.94,-0.21
7276,4.94,-0.21
7277,4.94,-0.21
7278,4.94,-0.21
7279,4.94,-0.21
7280,4.94,-0.21
7281,4.94,-0.21
7282,4.94,-0.21
7283,4.94,-0.21
7284,4.94,-0.21
7285,4.94,-0.21
7286,4.94,-0.21
7287,4.94,-0.21
7288,4.94,-0.21
7289,4.94,-0.21
7290,4.94,-0.21
7291,4.94,-0.21
7292,4.94,-0.21
7293,4.94,-0.21
7294,4.94,-0.21
7295,4.94,-0.21
7296,4.94,-0.21
7297,4.94,-0.21
7298,4.94,-0.21
7299,4.94,-0.21
7300,4.94,-0.21
7301,4.94,-0.21
7302,4.94,-0.21
7303,4.94,-0.21
7304,4.94,-0.21
7305,4.94,-0.2
7306,4.94,-0.21
7307,4.94,-0.21
7308,4.94,-0.21
7309,4.94,-0.21
7310,4.94,-0.21
7311,4.94,-0.21
7312,4.94,-0.2
7313,4.95,-0.2
7314,4.95,-0.21
7315,4.95,-0.21
7316,4.95,-0.21
7317,4.95,-0.2
7318,4.95,-0.21
7319,4.95,-0.21
7320,4.95,-0.21
7321,4.95,-0.21
7322,4.95,-0.21
7323,4.95,-0.2
7324,4.95,-0.21
7325,4.95,-0.21
7326,4.95,-0.2
7327,4.95,-0.21
7328,4.95,-0.21
7329,4.95,-0.21
7330,4.95,-0.21
7331,4.95,-0.21
7332,4.95,-0.21
7333,4.95,-0.21
7334,4.95,-0.2
7335,4.95,-0.21
7336,4.95,-0.21
7337,4.95,-0.21
7338,4.95,-0.2
7339,4.95,-0.2
7340,4.95,-0.21
7341,4.95,-0.21
7342,4.95,-0.21
7343,4.95,-0.21
7344,4.95,-0.21
7345,4.95,-0.21
7346,4.95,-0.21
7347,4.95,-0.21
7348,4.95,-0.21
7349,4.95,-0.21
7350,4.95,-0.21
7351,4.95,-0.2
7352,4.95,-0.21
7353,4.95,-0.21
7354,4.95,-0.21
7355,4.95,-0.21
7356,4.95,-0.21
7357,4.95,-0.2
7358,4.95,-0.21
7359,4.95,-0.2
7360,4.95,-0.21
7361,4.95,-0.21
7362,4.95,-0.21
7363,4.95,-0.21
7364,4.95,-0.2
7365,4.95,-0.21
7366,4.95,-0.21
7367,4.95,-0.2
7368,4.95,-0.21
7369,4.95,-0.2
7370,4.95,-0.2
7371,4.95,-0.2
7372,4.95,-0.2
7373,4.95,-0.2
7374,4.95,-0.2
7375,4.95,-0.2
7376,4.95,-0.2
7377,4.95,-0.2
7378,4.95,-0.2
7379,4.95,-0.2
7380,4.95,-0.2
7381,4.95,-0.2
7382,4.95,-0.2
7383,4.95,-0.2
7384,4.95,-0.2
7385,4.95,-0.2
7386,4.95,-0.2
7387,4.95,-0.19
7388,4.95,-0.2
7389,4.95,-0.2
7390,4.95,-0.2
7391,4.95,-0.2
7392,4.95,-0.2
7393,4.96,-0.2
7394,4.96,-0.2
7395,4.96,-0.2
7396,4.96,-0.2
7397,4.96,-0.2
7398,4.96,-0.2
7399,4.96,-0.2
7400,4.96,-0.2
7401,4.96,-0.2
7402,4.96,-0.2
7403,4.96,-0.2
7404,4.96,-0.2
7405,4.96,-0.2
7406,4.96,-0.2
7407,4.96,-0.2
7408,4.96,-0.2
7409,4.96,-0.2
7410,4.96,-0.2
7411,4.96,-0.2
7412,4.96,-0.2
7413,4.96,-0.2
7414,4.96,-0.2
7415,4.96,-0.2
7416,4.96,-0.2
7417,4.96,-0.2
7418,4.96,-0.2
7419,4.96,-0.2
7420,4.96,-0.2
7421,4.96,-0.2
7422,4.96,-0.2
7423,4.96,-0.2
7424,4.96,-0.2
7425,4.96,-0.2
7426,4.96,-0.2
7427,4.96,-0.2
7428,4.96,-0.2
7429,4.96,-0.2
7430,4.96,-0.2
7431,4.96,-0.2
7432,4.96,-0.2
7433,4.96,-0.19
7434,4.96,-0.2
7435,4.96,-0.2
7436,4.96,-0.2
7437,4.96,-0.2
7438,4.96,-0.2
7439,4.96,-0.2
7440,4.96,-0.2
7441,4.97,-0.2
7442,4.97,-0.19
7443,4.97,-0.2
7444,4.97,-0.2
7445,4.97,-0.19
7446,4.97,-0.19
7447,4.97,-0.19
7448,4.97,-0.19
7449,4.97,-0.19
7450,4.97,-0.19
7451,4.97,-0.2
7452,4.97,-0.19
7453,4.97,-0.19
7454,4.97,-0.19
7455,4.97,-0.19
7456,4.97,-0.19
7457,4.97,-0.19
7458,4.97,-0.19
7459,4.97,-0.19
7460,4.97,-0.19
7461,4.97,-0.19
7462,4.97,-0.19
7463,4.97,-0.19
7464,4.97,-0.19
7465,4.97,-0.19
7466,4.97,-0.19
7467,4.97,-0.19
7468,4.97,-0.19
7469,4.97,-0.19
7470,4.97,-0.19
7471,4.97,-0.19
7472,4.97,-0.19
7473,4.97,-0.19
7474,4.97,-0.19
7475,4.97,-0.19
7476,4.97,-0.19
7477,4.97,-0.19
7478,4.97,-0.19
7479,4.97,-0.19
7480,4.97,-0.19
7481,4.97,-0.19
7482,4.97,-0.19
7483,4.98,-0.19
7484,4.98,-0.19
7485,4.98,-0.19
7486,4.98,-0.19
7487,4.98,-0.19
7488,4.98,-0.19
7489,4.98,-0.19
7490,4.98,-0.19
7491,4.98,-0.19
7492,4.98,-0.19
7493,4.98,-0.19
7494,4.98,-0.19
7495,4.98,-0.19
7496,4.98,-0.19
7497,4.98,-0.19
7498,4.98,-0.19
7499,4.98,-0.19
7500,4.98,-0.19
7501,4.98,-0.19
7502,4.98,-0.19
7503,4.98,-0.19
7504,4.98,-0.19
7505,4.98,-0.19
7506,4.98,-0.19
7507,4.98,-0.19
7508,4.98,-0.19
7509,4.98,-0.19
7510,4.98,-0.19
7511,4.98,-0.19
7512,4.98,-0.19
7513,4.98,-0.19
7514,4.98,-0.19
7515,4.98,-0.19
7516,4.98,-0.19
7517,4.98,-0.19
7518,4.98,-0.19
7519,4.98,-0.19
7520,4.98,-0.19
7521,4.98,-0.19
7522,4.98,-0.19
7523,4.98,-0.19
7524,4.98,-0.19
7525,4.98,-0.19
7526,4.98,-0.19
7527,4.98,-0.19
7528,4.98,-0.19
7529,4.98,-0.19
7530,4.98,-0.19
7531,4.98,-0.19
7532,4.99,-0.19
7533,4.99,-0.19
7534,4.99,-0.19
7535,4.99,-0.19
7536,4.99,-0.19
7537,4.99,-0.19
7538,4.99,-0.18
7539,4.99,-0.19
7540,4.99,-0.18
7541,4.99,-0.19
7542,4.99,-0.19
7543,4.99,-0.19
7544,4.99,-0.19
7545,4.99,-0.19
7546,4.99,-0.19
7547,4.99,-0.19
7548,4.99,-0.19
7549,4.99,-0.19
7550,4.99,-0.19
7551,4.99,-0.19
7552,4.99,-0.19
7553,4.99,-0.19
7554,4.99,-0.19
7555,4.99,-0.19
7556,4.99,-0.19
7557,4.99,-0.19
7558,4.99,-0.19
7559,4.99,-0.19
7560,4.99,-0.19
7561,4.99,-0.19
7562,4.99,-0.19
7563,4.99,-0.18
7564,4.99,-0.19
7565,4.99,-0.19
7566,4.99,-0.19
7567,4.99,-0.19
7568,4.99,-0.19
7569,4.99,-0.19
7570,4.99,-0.19
7571,4.99,-0.19
7572,4.99,-0.19
7573,4.99,-0.19
7574,4.99,-0.19
7575,5.0,-0.19
7576,5.0,-0.19
7577,5.0,-0.19
7578,5.0,-0.19
7579,5.0,-0.19
7580,5.0,-0.19
7581,5.0,-0.19
7582,5.0,-0.19
7583,5.0,-0.18
7584,5.0,-0.19
7585,5.0,-0.18
7586,5.0,-0.18
7587,5.0,-0.18
7588,5.0,-0.18
7589,5.0,-0.18
7590,5.0,-0.18
7591,5.0,-0.18
7592,5.0,-0.19
7593,5.0,-0.18
7594,5.0,-0.18
7595,5.0,-0.18
7596,5.0,-0.18
7597,5.0,-0.18
7598,5.0,-0.18
7599,5.0,-0.18
7600,5.0,-0.18
7601,5.0,-0.18
7602,5.0,-0.18
7603,5.0,-0.18
7604,5.0,-0.18
7605,5.0,-0.18
7606,5.0,-0.18
7607,5.0,-0.18
7608,5.0,-0.18
7609,5.0,-0.18
7610,5.0,-0.18
7611,5.0,-0.18
7612,5.0,-0.18
7613,5.01,-0.17
7614,5.01,-0.18
7615,5.01,-0.18
7616,5.01,-0.18
7617,5.01,-0.18
7618,5.01,-0.18
7619,5.01,-0.18
7620,5.01,-0.18
7621,5.01,-0.18
7622,5.01,-0.18
7623,5.01,-0.18
7624,5.01,-0.18
7625,5.01,-0.18
7626,5.01,-0.18
7627,5.01,-0.18
7628,5.01,-0.18
7629,5.01,-0.18
7630,5.01,-0.18
7631,5.01,-0.18
7632,5.01,-0.18
7633,5.01,-0.18
7634,5.01,-0.18
7635,5.01,-0.18
7636,5.01,-0.18
7637,5.01,-0.18
7638,5.01,-0.18
7639,5.01,-0.18
7640,5.01,-0.18
7641,5.01,-0.18
7642,5.01,-0.18
7643,5.01,-0.18
7644,5.01,-0.17
7645,5.01,-0.17
7646,5.01,-0.18
7647,5.01,-0.17
7648,5.01,-0.18
7649,5.01,-0.17
7650,5.01,-0.17
7651,5.01,-0.17
7652,5.01,-0.17
7653,5.01,-0.17
7654,5.01,-0.18
7655,5.01,-0.17
7656,5.01,-0.17
7657,5.01,-0.17
7658,5.01,-0.17
7659,5.01,-0.17
7660,5.01,-0.17
7661,5.01,-0.17
7662,5.01,-0.17
7663,5.02,-0.17
7664,5.02,-0.17
7665,5.02,-0.17
7666,5.02,-0.17
7667,5.02,-0.17
7668,5.02,-0.17
7669,5.02,-0.17
7670,5.02,-0.17
7671,5.02,-0.17
7672,5.02,-0.17
7673,5.02,-0.17
7674,5.02,-0.17
7675,5.02,-0.17
7676,5.02,-0.17
7677,5.02,-0.17
7678,5.02,-0.17
7679,5.02,-0.18
7680,5.02,-0.17
7681,5.02,-0.17
7682,5.02,-0.17
7683,5.02,-0.17
7684,5.02,-0.17
7685,5.02,-0.17
7686,5.02,-0.17
7687,5.02,-0.17
7688,5.02,-0.17
7689,5.02,-0.17
7690,5.02,-0.17
7691,5.02,-0.17
7692,5.02,-0.17
7693,5.02,-0.17
7694,5.02,-0.18
7695,5.02,-0.17
7696,5.02,-0.17
7697,5.02,-0.17
7698,5.02,-0.17
7699,5.02,-0.17
7700,5.02,-0.17
7701,5.02,-0.17
7702,5.02,-0.17
7703,5.02,-0.17
7704,5.02,-0.17
7705,5.02,-0.17
7706,5.02,-0.17
7707,5.02,-0.17
7708,5.02,-0.17
7709,5.02,-0.17
7710,5.02,-0.17
7711,5.02,-0.17
7712,5.03,-0.17
7713,5.03,-0.17
7714,5.03,-0.17
7715,5.03,-0.17
7716,5.03,-0.17
7717,5.03,-0.17
7718,5.03,-0.17
7719,5.03,-0.17
7720,5.03,-0.17
7721,5.03,-0.17
7722,5.03,-0.17
7723,5.03,-0.17
7724,5.03,-0.17
7725,5.03,-0.17
7726,5.03,-0.17
7727,5.03,-0.17
7728,5.03,-0.17
7729,5.03,-0.17
7730,5.03,-0.17
7731,5.03,-0.17
7732,5.03,-0.17
7733,5.03,-0.17
7734,5.03,-0.17
7735,5.03,-0.17
7736,5.03,-0.17
7737,5.03,-0.17
7738,5.03,-0.17
7739,5.03,-0.17
7740,5.03,-0.17
7741,5.03,-0.17
7742,5.03,-0.17
7743,5.03,-0.17
7744,5.03,-0.17
7745,5.03,-0.17
7746,5.03,-0.17
7747,5.03,-0.17
7748,5.04,-0.17
7749,5.04,-0.17
7750,5.04,-0.17
7751,5.04,-0.17
7752,5.04,-0.17
7753,5.04,-0.17
7754,5.04,-0.17
7755,5.04,-0.17
7756,5.04,-0.17
7757,5.04,-0.17
7758,5.04,-0.17
7759,5.04,-0.17
7760,5.04,-0.17
7761,5.04,-0.17
7762,5.04,-0.17
7763,5.04,-0.17
7764,5.04,-0.17
7765,5.04,-0.17
7766,5.04,-0.16
7767,5.04,-0.17
7768,5.04,-0.17
7769,5.04,-0.16
7770,5.04,-0.16
7771,5.04,-0.17
7772,5.04,-0.17
7773,5.04,-0.16
7774,5.04,-0.16
7775,5.04,-0.16
7776,5.04,-0.17
7777,5.04,-0.17
7778,5.04,-0.16
7779,5.04,-0.17
7780,5.04,-0.16
7781,5.04,-0.16
7782,5.04,-0.16
7783,5.04,-0.16
7784,5.04,-0.16
7785,5.04,-0.16
7786,5.05,-0.16
7787,5.05,-0.16
7788,5.05,-0.16
7789,5.05,-0.17
7790,5.05,-0.16
7791,5.05,-0.16
7792,5.05,-0.17
7793,5.05,-0.16
7794,5.05,-0.16
7795,5.05,-0.16
7796,5.05,-0.17
7797,5.05,-0.16
7798,5.05,-0.16
7799,5.05,-0.17
7800,5.05,-0.16
7801,5.05,-0.16
7802,5.05,-0.16
7803,5.05,-0.16
7804,5.05,-0.16
7805,5.05,-0.16
7806,5.05,-0.16
7807,5.05,-0.16
7808,5.05,-0.16
7809,5.05,-0.16
7810,5.05,-0.16
7811,5.05,-0.16
7812,5.05,-0.16
7813,5.05,-0.16
7814,5.05,-0.16
7815,5.05,-0.16
7816,5.05,-0.17
7817,5.05,-0.16
7818,5.05,-0.16
7819,5.05,-0.16
7820,5.05,-0.16
7821,5.05,-0.16
7822,5.05,-0.16
7823,5.05,-0.16
7824,5.05,-0.15
7825,5.05,-0.16
7826,5.05,-0.16
7827,5.05,-0.16
7828,5.05,-0.16
7829,5.05,-0.16
7830,5.05,-0.15
7831,5.05,-0.16
7832,5.05,-0.16
7833,5.06,-0.15
7834,5.06,-0.15
7835,5.06,-0.15
7836,5.06,-0.15
7837,5.06,-0.15
7838,5.06,-0.15
7839,5.06,-0.15
7840,5.06,-0.15
7841,5.06,-0.16
7842,5.06,-0.15
7843,5.06,-0.15
7844,5.06,-0.15
7845,5.06,-0.15
7846,5.06,-0.16
7847,5.06,-0.15
7848,5.06,-0.15
7849,5.06,-0.15
7850,5.06,-0.15
7851,5.06,-0.16
7852,5.06,-0.15
7853,5.06,-0.15
7854,5.06,-0.16
7855,5.06,-0.15
7856,5.06,-0.15
7857,5.07,-0.16
7858,5.07,-0.15
7859,5.07,-0.15
7860,5.07,-0.15
7861,5.07,-0.16
7862,5.07,-0.16
7863,5.07,-0.15
7864,5.07,-0.15
7865,5.07,-0.15
7866,5.07,-0.15
7867,5.07,-0.15
7868,5.07,-0.16
7869,5.07,-0.15
7870,5.07,-0.15
7871,5.07,-0.16
7872,5.07,-0.15
7873,5.07,-0.15
7874,5.07,-0.15
7875,5.07,-0.15
7876,5.07,-0.15
7877,5.07,-0.15
7878,5.07,-0.15
7879,5.07,-0.15
7880,5.07,-0.15
7881,5.07,-0.15
7882,5.07,-0.15
7883,5.07,-0.15
7884,5.07,-0.15
7885,5.07,-0.15
7886,5.07,-0.15
7887,5.07,-0.15
7888,5.07,-0.15
7889,5.07,-0.15
7890,5.07,-0.15
7891,5.07,-0.15
7892,5.07,-0.15
7893,5.07,-0.15
7894,5.07,-0.15
7895,5.07,-0.15
7896,5.07,-0.15
7897,5.07,-0.15
7898,5.07,-0.15
7899,5.07,-0.15
7900,5.07,-0.15
7901,5.08,-0.15
7902,5.08,-0.15
7903,5.08,-0.15
7904,5.08,-0.15
7905,5.08,-0.15
7906,5.08,-0.15
7907,5.08,-0.15
7908,5.08,-0.15
7909,5.08,-0.15
7910,5.08,-0.15
7911,5.08,-0.15
7912,5.08,-0.15
7913,5.08,-0.15
7914,5.08,-0.15
7915,5.08,-0.15
7916,5.08,-0.15
7917,5.08,-0.15
7918,5.08,-0.15
7919,5.08,-0.15
7920,5.08,-0.15
7921,5.08,-0.15
7922,5.08,-0.15
7923,5.08,-0.15
7924,5.08,-0.15
7925,5.08,-0.15
7926,5.08,-0.15
7927,5.08,-0.15
7928,5.08,-0.15
7929,5.08,-0.15
7930,5.08,-0.15
7931,5.08,-0.15
7932,5.08,-0.15
7933,5.08,-0.15
7934,5.08,-0.15
7935,5.08,-0.15
7936,5.08,-0.15
7937,5.08,-0.15
7938,5.08,-0.15
7939,5.08,-0.15
7940,5.08,-0.14
7941,5.08,-0.15
7942,5.08,-0.14
7943,5.08,-0.14
7944,5.08,-0.15
7945,5.08,-0.14
7946,5.08,-0.15
7947,5.08,-0.14
7948,5.08,-0.15
7949,5.09,-0.14
7950,5.09,-0.14
7951,5.09,-0.14
7952,5.09,-0.15
7953,5.09,-0.14
7954,5.09,-0.15
7955,5.09,-0.15
7956,5.09,-0.15
7957,5.09,-0.15
7958,5.09,-0.15
7959,5.09,-0.15
7960,5.09,-0.14
7961,5.09,-0.15
7962,5.09,-0.14
7963,5.09,-0.14
7964,5.09,-0.15
7965,5.09,-0.15
7966,5.09,-0.14
7967,5.09,-0.14
7968,5.09,-0.15
7969,5.09,-0.14
7970,5.09,-0.14
7971,5.09,-0.14
7972,5.09,-0.15
7973,5.09,-0.14
7974,5.09,-0.14
7975,5.09,-0.14
7976,5.09,-0.14
7977,5.09,-0.14
7978,5.09,-0.15
7979,5.09,-0.15
7980,5.09,-0.14
7981,5.09,-0.15
7982,5.09,-0.14
7983,5.09,-0.15
7984,5.09,-0.14
7985,5.09,-0.15
7986,5.1,-0.14
7987,5.1,-0.14
7988,5.1,-0.14
7989,5.1,-0.14
7990,5.1,-0.14
7991,5.1,-0.14
7992,5.1,-0.14
7993,5.1,-0.14
7994,5.1,-0.13
7995,5.1,-0.14
7996,5.1,-0.14
7997,5.1,-0.13
7998,5.1,-0.14
7999,5.1,-0.14
8000,5.1,-0.14
8001,5.1,-0.14
8002,5.1,-0.13
8003,5.1,-0.13
8004,5.1,-0.13
8005,5.1,-0.13
8006,5.1,-0.14
8007,5.1,-0.14
8008,5.1,-0.14
8009,5.1,-0.14
8010,5.1,-0.13
8011,5.1,-0.14
8012,5.1,-0.14
8013,5.11,-0.13
8014,5.11,-0.14
8015,5.11,-0.13
8016,5.11,-0.13
8017,5.11,-0.13
8018,5.11,-0.14
8019,5.11,-0.13
8020,5.11,-0.13
8021,5.11,-0.13
8022,5.11,-0.13
8023,5.11,-0.13
8024,5.11,-0.14
8025,5.11,-0.13
8026,5.11,-0.13
8027,5.11,-0.13
8028,5.11,-0.14
8029,5.11,-0.13
8030,5.11,-0.13
8031,5.11,-0.14
8032,5.11,-0.14
8033,5.11,-0.14
8034,5.11,-0.13
8035,5.11,-0.13
8036,5.11,-0.13
8037,5.11,-0.13
8038,5.11,-0.14
8039,5.11,-0.14
8040,5.11,-0.14
8041,5.11,-0.14
8042,5.11,-0.14
8043,5.11,-0.13
8044,5.11,-0.13
8045,5.11,-0.13
8046,5.11,-0.13
8047,5.11,-0.13
8048,5.11,-0.13
8049,5.11,-0.13
8050,5.11,-0.13
8051,5.11,-0.13
8052,5.11,-0.13
8053,5.11,-0.13
8054,5.11,-0.13
8055,5.11,-0.13
8056,5.11,-0.13
8057,5.11,-0.13
8058,5.11,-0.13
8059,5.11,-0.13
8060,5.11,-0.13
8061,5.12,-0.13
8062,5.12,-0.13
8063,5.12,-0.13
8064,5.12,-0.13
8065,5.12,-0.13
8066,5.12,-0.13
8067,5.12,-0.13
8068,5.12,-0.13
8069,5.12,-0.13
8070,5.12,-0.13
8071,5.12,-0.13
8072,5.12,-0.13
8073,5.12,-0.13
8074,5.12,-0.13
8075,5.12,-0.13
8076,5.12,-0.13
8077,5.12,-0.13
8078,5.12,-0.13
8079,5.12,-0.13
8080,5.12,-0.13
8081,5.12,-0.13
8082,5.12,-0.13
8083,5.12,-0.13
8084,5.12,-0.13
8085,5.12,-0.13
8086,5.12,-0.13
8087,5.12,-0.13
8088,5.12,-0.13
8089,5.12,-0.13
8090,5.12,-0.13
8091,5.12,-0.13
8092,5.12,-0.13
8093,5.12,-0.13
8094,5.12,-0.13
8095,5.12,-0.13
8096,5.12,-0.13
8097,5.12,-0.13
8098,5.12,-0.13
8099,5.12,-0.13
8100,5.12,-0.13
8101,5.12,-0.13
8102,5.12,-0.13
8103,5.12,-0.13
8104,5.13,-0.13
8105,5.13,-0.13
8106,5.13,-0.13
8107,5.13,-0.13
8108,5.13,-0.13
8109,5.13,-0.13
8110,5.13,-0.13
8111,5.13,-0.13
8112,5.13,-0.13
8113,5.13,-0.13
8114,5.13,-0.13
8115,5.13,-0.13
8116,5.13,-0.12
8117,5.13,-0.13
8118,5.13,-0.13
8119,5.13,-0.12
8120,5.13,-0.13
8121,5.13,-0.13
8122,5.13,-0.13
8123,5.13,-0.12
8124,5.13,-0.13
8125,5.13,-0.13
8126,5.13,-0.13
8127,5.14,-0.12
8128,5.14,-0.13
8129,5.14,-0.13
8130,5.14,-0.13
8131,5.14,-0.13
8132,5.14,-0.13
8133,5.14,-0.13
8134,5.14,-0.12
8135,5.14,-0.12
8136,5.14,-0.13
8137,5.14,-0.12
8138,5.14,-0.13
8139,5.14,-0.13
8140,5.14,-0.13
8141,5.14,-0.13
8142,5.14,-0.12
8143,5.14,-0.13
8144,5.14,-0.13
8145,5.14,-0.13
8146,5.14,-0.13
8147,5.14,-0.13
8148,5.14,-0.13
8149,5.14,-0.12
8150,5.14,-0.12
8151,5.14,-0.12
8152,5.14,-0.12
8153,5.14,-0.12
8154,5.14,-0.12
8155,5.14,-0.12
8156,5.14,-0.12
8157,5.14,-0.12
8158,5.14,-0.12
8159,5.14,-0.12
8160,5.14,-0.12
8161,5.14,-0.12
8162,5.14,-0.12
8163,5.14,-0.12
8164,5.14,-0.12
8165,5.14,-0.12
8166,5.14,-0.12
8167,5.14,-0.12
8168,5.15,-0.12
8169,5.15,-0.12
8170,5.15,-0.12
8171,5.15,-0.12
8172,5.15,-0.12
8173,5.15,-0.12
8174,5.15,-0.12
8175,5.15,-0.12
8176,5.15,-0.12
8177,5.15,-0.12
8178,5.15,-0.12
8179,5.15,-0.12
8180,5.15,-0.12
8181,5.15,-0.12
8182,5.15,-0.12
8183,5.15,-0.11
8184,5.15,-0.11
8185,5.15,-0.12
8186,5.15,-0.12
8187,5.15,-0.11
8188,5.15,-0.12
8189,5.15,-0.12
8190,5.15,-0.12
8191,5.15,-0.12
8192,5.15,-0.12
8193,5.15,-0.12
8194,5.15,-0.12
8195,5.15,-0.12
8196,5.15,-0.12
8197,5.15,-0.11
8198,5.15,-0.12
8199,5.15,-0.12
8200,5.15,-0.11
8201,5.15,-0.12
8202,5.15,-0.11
8203,5.15,-0.11
8204,5.15,-0.12
8205,5.15,-0.11
8206,5.15,-0.12
8207,5.15,-0.11
8208,5.15,-0.12
8209,5.16,-0.11
8210,5.16,-0.11
8211,5.16,-0.11
8212,5.16,-0.11
8213,5.16,-0.11
8214,5.16,-0.11
8215,5.16,-0.11
8216,5.16,-0.11
8217,5.16,-0.11
8218,5.16,-0.11
8219,5.16,-0.11
8220,5.16,-0.11
8221,5.16,-0.11
8222,5.16,-0.11
8223,5.16,-0.11
8224,5.16,-0.11
8225,5.16,-0.11
8226,5.16,-0.11
8227,5.16,-0.11
8228,5.16,-0.11
8229,5.16,-0.11
8230,5.17,-0.11
8231,5.17,-0.11
8232,5.17,-0.11
8233,5.17,-0.11
8234,5.17,-0.11
8235,5.17,-0.11
8236,5.17,-0.11
8237,5.17,-0.11
8238,5.17,-0.11
8239,5.17,-0.11
8240,5.17,-0.11
8241,5.17,-0.11
8242,5.17,-0.11
8243,5.17,-0.11
8244,5.17,-0.11
8245,5.17,-0.11
8246,5.17,-0.11
8247,5.17,-0.11
8248,5.17,-0.11
8249,5.17,-0.11
8250,5.17,-0.11
8251,5.17,-0.11
8252,5.17,-0.11
8253,5.17,-0.11
8254,5.17,-0.11
8255,5.17,-0.11
8256,5.17,-0.11
8257,5.17,-0.11
8258,5.17,-0.11
8259,5.17,-0.11
8260,5.17,-0.11
8261,5.17,-0.11
8262,5.17,-0.11
8263,5.17,-0.11
8264,5.17,-0.11
8265,5.17,-0.11
8266,5.17,-0.11
8267,5.17,-0.11
8268,5.17,-0.11
8269,5.17,-0.11
8270,5.17,-0.11
8271,5.17,-0.11
8272,5.17,-0.11
8273,5.17,-0.11
8274,5.18,-0.11
8275,5.18,-0.11
8276,5.18,-0.11
8277,5.18,-0.11
8278,5.18,-0.11
8279,5.18,-0.11
8280,5.18,-0.11
8281,5.18,-0.11
8282,5.18,-0.1
8283,5.18,-0.11
8284,5.18,-0.11
8285,5.18,-0.11
8286,5.18,-0.11
8287,5.18,-0.11
8288,5.18,-0.11
8289,5.18,-0.11
8290,5.18,-0.11
8291,5.18,-0.11
8292,5.18,-0.11
8293,5.18,-0.11
8294,5.18,-0.11
8295,5.18,-0.11
8296,5.18,-0.11
8297,5.18,-0.11
8298,5.18,-0.11
8299,5.18,-0.11
8300,5.18,-0.11
8301,5.18,-0.11
8302,5.18,-0.11
8303,5.18,-0.11
8304,5.18,-0.11
8305,5.18,-0.11
8306,5.18,-0.11
8307,5.18,-0.11
8308,5.18,-0.11
8309,5.18,-0.11
8310,5.18,-0.11
8311,5.18,-0.11
8312,5.18,-0.1
8313,5.18,-0.1
8314,5.18,-0.1
8315,5.18,-0.11
8316,5.18,-0.1
8317,5.19,-0.1
8318,5.19,-0.1
8319,5.19,-0.11
8320,5.19,-0.1
8321,5.19,-0.1
8322,5.19,-0.1
8323,5.19,-0.1
8324,5.19,-0.1
8325,5.19,-0.1
8326,5.19,-0.1
8327,5.19,-0.1
8328,5.19,-0.1
8329,5.19,-0.1
8330,5.19,-0.1
8331,5.19,-0.1
8332,5.19,-0.1
8333,5.19,-0.1
8334,5.19,-0.1
8335,5.19,-0.1
8336,5.19,-0.1
8337,5.19,-0.1
8338,5.19,-0.1
8339,5.19,-0.1
8340,5.19,-0.1
8341,5.19,-0.1
8342,5.19,-0.1
8343,5.19,-0.1
8344,5.19,-0.1
8345,5.19,-0.1
8346,5.19,-0.1
8347,5.19,-0.1
8348,5.19,-0.1
8349,5.19,-0.1
8350,5.19,-0.1
8351,5.19,-0.1
8352,5.2,-0.1
8353,5.2,-0.1
8354,5.2,-0.1
8355,5.2,-0.1
8356,5.2,-0.1
8357,5.2,-0.1
8358,5.2,-0.1
8359,5.2,-0.1
8360,5.2,-0.09
8361,5.2,-0.1
8362,5.2,-0.1
8363,5.2,-0.1
8364,5.2,-0.09
8365,5.2,-0.09
8366,5.2,-0.09
8367,5.2,-0.09
8368,5.2,-0.1
8369,5.2,-0.1
8370,5.2,-0.09
8371,5.2,-0.09
8372,5.2,-0.1
8373,5.2,-0.09
8374,5.2,-0.09
8375,5.2,-0.09
8376,5.2,-0.09
8377,5.2,-0.1
8378,5.2,-0.09
8379,5.2,-0.09
8380,5.2,-0.09
8381,5.2,-0.09
8382,5.2,-0.09
8383,5.2,-0.09
8384,5.2,-0.09
8385,5.21,-0.09
8386,5.21,-0.09
8387,5.21,-0.09
8388,5.21,-0.09
8389,5.21,-0.09
8390,5.21,-0.09
8391,5.21,-0.09
8392,5.21,-0.09
8393,5.21,-0.09
8394,5.21,-0.09
8395,5.21,-0.09
8396,5.21,-0.09
8397,5.21,-0.09
8398,5.21,-0.09
8399,5.21,-0.09
8400,5.21,-0.09
8401,5.21,-0.09
8402,5.21,-0.09
8403,5.21,-0.09
8404,5.21,-0.09
8405,5.21,-0.09
8406,5.21,-0.09
8407,5.21,-0.09
8408,5.21,-0.1
8409,5.21,-0.09
8410,5.21,-0.09
8411,5.21,-0.09
8412,5.21,-0.09
8413,5.21,-0.09
8414,5.21,-0.09
8415,5.21,-0.09
8416,5.21,-0.09
8417,5.21,-0.09
8418,5.21,-0.09
8419,5.21,-0.09
8420,5.21,-0.09
8421,5.21,-0.09
8422,5.21,-0.09
8423,5.21,-0.09
8424,5.21,-0.09
8425,5.21,-0.09
8426,5.21,-0.09
8427,5.21,-0.09
8428,5.21,-0.09
8429,5.22,-0.09
8430,5.22,-0.09
8431,5.22,-0.09
8432,5.22,-0.09
8433,5.22,-0.09
8434,5.22,-0.09
8435,5.22,-0.09
8436,5.22,-0.09
8437,5.22,-0.09
8438,5.22,-0.09
8439,5.22,-0.09
8440,5.22,-0.09
8441,5.22,-0.09
8442,5.22,-0.09
8443,5.22,-0.09
8444,5.22,-0.09
8445,5.22,-0.09
8446,5.22,-0.09
8447,5.22,-0.09
8448,5.22,-0.09
8449,5.22,-0.09
8450,5.22,-0.09
8451,5.22,-0.09
8452,5.22,-0.09
8453,5.22,-0.09
8454,5.22,-0.09
8455,5.22,-0.09
8456,5.22,-0.09
8457,5.22,-0.09
8458,5.22,-0.09
8459,5.22,-0.09
8460,5.22,-0.09
8461,5.22,-0.09
8462,5.22,-0.09
8463,5.22,-0.09
8464,5.22,-0.09
8465,5.22,-0.09
8466,5.22,-0.09
8467,5.22,-0.09
8468,5.22,-0.09
8469,5.23,-0.09
8470,5.23,-0.09
8471,5.23,-0.09
8472,5.23,-0.09
8473,5.23,-0.08
8474,5.23,-0.08
8475,5.23,-0.09
8476,5.23,-0.09
8477,5.23,-0.08
8478,5.23,-0.09
8479,5.23,-0.09
8480,5.23,-0.08
8481,5.23,-0.08
8482,5.23,-0.08
8483,5.23,-0.09
8484,5.23,-0.08
8485,5.23,-0.09
8486,5.23,-0.09
8487,5.23,-0.09
8488,5.23,-0.08
8489,5.24,-0.09
8490,5.24,-0.08
8491,5.24,-0.08
8492,5.24,-0.09
8493,5.24,-0.08
8494,5.24,-0.08
8495,5.24,-0.08
8496,5.24,-0.08
8497,5.24,-0.08
8498,5.24,-0.09
8499,5.24,-0.09
8500,5.24,-0.09
8501,5.24,-0.08
8502,5.24,-0.08
8503,5.24,-0.08
8504,5.24,-0.08
8505,5.24,-0.08
8506,5.24,-0.09
8507,5.24,-0.08
8508,5.24,-0.08
8509,5.24,-0.09
8510,5.24,-0.08
8511,5.24,-0.08
8512,5.24,-0.08
8513,5.24,-0.08
8514,5.24,-0.09
8515,5.24,-0.08
8516,5.24,-0.08
8517,5.24,-0.08
8518,5.24,-0.08
8519,5.24,-0.08
8520,5.24,-0.08
8521,5.24,-0.08
8522,5.24,-0.08
8523,5.24,-0.08
8524,5.24,-0.08
8525,5.24,-0.08
8526,5.24,-0.08
8527,5.24,-0.08
8528,5.24,-0.08
8529,5.24,-0.08
8530,5.24,-0.07
8531,5.24,-0.08
8532,5.24,-0.08
8533,5.25,-0.07
8534,5.25,-0.08
8535,5.25,-0.08
8536,5.25,-0.08
8537,5.25,-0.08
8538,5.25,-0.07
8539,5.25,-0.08
8540,5.25,-0.07
8541,5.25,-0.08
8542,5.25,-0.07
8543,5.25,-0.07
8544,5.25,-0.07
8545,5.25,-0.07
8546,5.25,-0.07
8547,5.25,-0.07
8548,5.25,-0.07
8549,5.25,-0.07
8550,5.25,-0.07
8551,5.25,-0.07
8552,5.25,-0.07
8553,5.25,-0.07
8554,5.25,-0.08
8555,5.25,-0.07
8556,5.25,-0.07
8557,5.25,-0.07
8558,5.25,-0.08
8559,5.25,-0.07
8560,5.25,-0.08
8561,5.25,-0.08
8562,5.25,-0.08
8563,5.25,-0.07
8564,5.25,-0.07
8565,5.25,-0.07
8566,5.25,-0.07
8567,5.25,-0.07
8568,5.25,-0.08
8569,5.25,-0.08
8570,5.26,-0.08
8571,5.26,-0.08
8572,5.26,-0.07
8573,5.26,-0.07
8574,5.26,-0.07
8575,5.26,-0.07
8576,5.26,-0.07
8577,5.26,-0.07
8578,5.26,-0.07
8579,5.26,-0.07
8580,5.26,-0.07
8581,5.26,-0.07
8582,5.26,-0.07
8583,5.26,-0.07
8584,5.26,-0.07
8585,5.26,-0.07
8586,5.26,-0.07
8587,5.26,-0.07
8588,5.26,-0.07
8589,5.26,-0.07
8590,5.26,-0.07
8591,5.26,-0.07
8592,5.26,-0.07
8593,5.26,-0.07
8594,5.26,-0.07
8595,5.26,-0.07
8596,5.26,-0.07
8597,5.27,-0.07
8598,5.27,-0.07
8599,5.27,-0.07
8600,5.27,-0.07
8601,5.27,-0.07
8602,5.27,-0.07
8603,5.27,-0.07
8604,5.27,-0.07
8605,5.27,-0.07
8606,5.27,-0.07
8607,5.27,-0.07
8608,5.27,-0.07
8609,5.27,-0.07
8610,5.27,-0.07
8611,5.27,-0.07
8612,5.27,-0.07
8613,5.27,-0.07
8614,5.27,-0.07
8615,5.27,-0.07
8616,5.27,-0.07
8617,5.27,-0.07
8618,5.27,-0.07
8619,5.27,-0.07
8620,5.27,-0.07
8621,5.27,-0.07
8622,5.27,-0.07
8623,5.27,-0.07
8624,5.27,-0.07
8625,5.27,-0.07
8626,5.27,-0.07
8627,5.27,-0.07
8628,5.27,-0.07
8629,5.27,-0.07
8630,5.27,-0.07
8631,5.27,-0.07
8632,5.27,-0.07
8633,5.27,-0.06
8634,5.27,-0.06
8635,5.27,-0.07
8636,5.27,-0.07
8637,5.27,-0.07
8638,5.27,-0.07
8639,5.27,-0.07
8640,5.27,-0.07
8641,5.27,-0.07
8642,5.27,-0.07
8643,5.27,-0.06
8644,5.28,-0.07
8645,5.28,-0.07
8646,5.28,-0.07
8647,5.28,-0.07
8648,5.28,-0.07
8649,5.28,-0.07
8650,5.28,-0.06
8651,5.28,-0.06
8652,5.28,-0.07
8653,5.28,-0.06
8654,5.28,-0.07
8655,5.28,-0.06
8656,5.28,-0.07
8657,5.28,-0.07
8658,5.28,-0.07
8659,5.28,-0.06
8660,5.28,-0.07
8661,5.28,-0.07
8662,5.28,-0.06
8663,5.28,-0.06
8664,5.28,-0.06
8665,5.28,-0.07
8666,5.28,-0.06
8667,5.28,-0.07
8668,5.28,-0.06
8669,5.28,-0.06
8670,5.28,-0.06
8671,5.28,-0.07
8672,5.28,-0.07
8673,5.28,-0.06
8674,5.28,-0.06
8675,5.28,-0.06
8676,5.28,-0.06
8677,5.28,-0.06
8678,5.28,-0.07
8679,5.28,-0.07
8680,5.28,-0.06
8681,5.28,-0.06
8682,5.28,-0.07
8683,5.28,-0.06
8684,5.29,-0.06
8685,5.29,-0.06
8686,5.29,-0.06
8687,5.29,-0.06
8688,5.29,-0.06
8689,5.29,-0.06
8690,5.29,-0.06
8691,5.29,-0.06
8692,5.29,-0.06
8693,5.29,-0.06
8694,5.29,-0.06
8695,5.29,-0.06
8696,5.29,-0.06
8697,5.29,-0.06
8698,5.29,-0.06
8699,5.29,-0.06
8700,5.29,-0.06
8701,5.29,-0.06
8702,5.29,-0.06
8703,5.29,-0.06
8704,5.29,-0.06
8705,5.29,-0.06
8706,5.29,-0.06
8707,5.29,-0.06
8708,5.29,-0.06
8709,5.29,-0.06
8710,5.3,-0.06
8711,5.3,-0.06
8712,5.3,-0.06
8713,5.3,-0.06
8714,5.3,-0.06
8715,5.3,-0.06
8716,5.3,-0.06
8717,5.3,-0.06
8718,5.3,-0.06
8719,5.3,-0.06
8720,5.3,-0.06
8721,5.3,-0.06
8722,5.3,-0.06
8723,5.3,-0.06
8724,5.3,-0.06
8725,5.3,-0.06
8726,5.3,-0.06
8727,5.3,-0.06
8728,5.3,-0.06
8729,5.3,-0.06
8730,5.3,-0.06
8731,5.3,-0.06
8732,5.3,-0.06
8733,5.3,-0.06
8734,5.3,-0.06
8735,5.3,-0.06
8736,5.3,-0.06
8737,5.3,-0.06
8738,5.3,-0.06
8739,5.3,-0.06
8740,5.3,-0.06
8741,5.3,-0.06
8742,5.3,-0.06
8743,5.3,-0.06
8744,5.3,-0.06
8745,5.3,-0.06
8746,5.3,-0.06
8747,5.3,-0.06
8748,5.3,-0.06
8749,5.3,-0.06
8750,5.3,-0.06
8751,5.3,-0.06
8752,5.3,-0.06
8753,5.3,-0.06
8754,5.31,-0.06
8755,5.31,-0.06
8756,5.31,-0.06
8757,5.31,-0.06
8758,5.31,-0.06
8759,5.31,-0.06
8760,5.31,-0.06
8761,5.31,-0.06
8762,5.31,-0.06
8763,5.31,-0.05
8764,5.31,-0.06
8765,5.31,-0.06
8766,5.31,-0.06
8767,5.31,-0.06
8768,5.31,-0.06
8769,5.31,-0.06
8770,5.31,-0.06
8771,5.31,-0.06
8772,5.31,-0.06
8773,5.31,-0.06
8774,5.31,-0.06
8775,5.31,-0.06
8776,5.31,-0.06
8777,5.31,-0.06
8778,5.31,-0.06
8779,5.31,-0.06
8780,5.31,-0.05
8781,5.31,-0.06
8782,5.31,-0.06
8783,5.31,-0.05
8784,5.31,-0.06
8785,5.31,-0.06
8786,5.31,-0.06
8787,5.31,-0.06
8788,5.31,-0.06
8789,5.31,-0.06
8790,5.31,-0.06
8791,5.31,-0.06
8792,5.31,-0.06
8793,5.31,-0.05
8794,5.32,-0.05
8795,5.32,-0.06
8796,5.32,-0.06
8797,5.32,-0.05
8798,5.32,-0.06
8799,5.32,-0.05
8800,5.32,-0.05
8801,5.32,-0.06
8802,5.32,-0.05
8803,5.32,-0.05
8804,5.32,-0.05
8805,5.32,-0.05
8806,5.32,-0.05
8807,5.32,-0.05
8808,5.32,-0.05
8809,5.32,-0.05
8810,5.32,-0.05
8811,5.32,-0.05
8812,5.32,-0.05
8813,5.32,-0.05
8814,5.32,-0.04
8815,5.32,-0.05
8816,5.32,-0.05
8817,5.32,-0.05
8818,5.32,-0.05
8819,5.32,-0.05
8820,5.32,-0.05
8821,5.32,-0.05
8822,5.32,-0.05
8823,5.33,-0.04
8824,5.33,-0.05
8825,5.33,-0.04
8826,5.33,-0.05
8827,5.33,-0.05
8828,5.33,-0.05
8829,5.33,-0.05
8830,5.33,-0.04
8831,5.33,-0.05
8832,5.33,-0.05
8833,5.33,-0.04
8834,5.33,-0.05
8835,5.33,-0.05
8836,5.33,-0.05
8837,5.33,-0.05
8838,5.33,-0.05
8839,5.33,-0.05
8840,5.33,-0.05
8841,5.33,-0.05
8842,5.33,-0.05
8843,5.33,-0.04
8844,5.33,-0.05
8845,5.33,-0.05
8846,5.33,-0.05
8847,5.33,-0.05
8848,5.33,-0.05
8849,5.33,-0.05
8850,5.33,-0.04
8851,5.33,-0.05
8852,5.33,-0.05
8853,5.33,-0.05
8854,5.33,-0.04
8855,5.33,-0.05
8856,5.33,-0.05
8857,5.33,-0.04
8858,5.33,-0.04
8859,5.33,-0.04
8860,5.33,-0.04
8861,5.33,-0.04
8862,5.33,-0.04
8863,5.33,-0.04
8864,5.33,-0.04
8865,5.34,-0.04
8866,5.34,-0.04
8867,5.34,-0.04
8868,5.34,-0.04
8869,5.34,-0.04
8870,5.34,-0.04
8871,5.34,-0.04
8872,5.34,-0.04
8873,5.34,-0.04
8874,5.34,-0.04
8875,5.34,-0.04
8876,5.34,-0.04
8877,5.34,-0.04
8878,5.34,-0.04
8879,5.34,-0.04
8880,5.34,-0.04
8881,5.34,-0.04
8882,5.34,-0.04
8883,5.34,-0.04
8884,5.34,-0.04
8885,5.34,-0.04
8886,5.34,-0.04
8887,5.34,-0.04
8888,5.34,-0.04
8889,5.34,-0.04
8890,5.34,-0.04
8891,5.34,-0.04
8892,5.34,-0.04
8893,5.34,-0.04
8894,5.34,-0.04
8895,5.34,-0.04
8896,5.34,-0.04
8897,5.34,-0.04
8898,5.34,-0.04
8899,5.34,-0.04
8900,5.34,-0.04
8901,5.34,-0.04
8902,5.34,-0.04
8903,5.34,-0.04
8904,5.35,-0.04
8905,5.35,-0.04
8906,5.35,-0.04
8907,5.35,-0.04
8908,5.35,-0.04
8909,5.35,-0.04
8910,5.35,-0.04
8911,5.35,-0.04
8912,5.35,-0.04
8913,5.35,-0.04
8914,5.35,-0.04
8915,5.35,-0.04
8916,5.35,-0.04
8917,5.35,-0.04
8918,5.35,-0.04
8919,5.35,-0.04
8920,5.35,-0.04
8921,5.35,-0.04
8922,5.35,-0.04
8923,5.35,-0.04
8924,5.35,-0.04
8925,5.35,-0.04
8926,5.35,-0.03
8927,5.35,-0.04
8928,5.35,-0.04
8929,5.35,-0.04
8930,5.35,-0.04
8931,5.35,-0.04
8932,5.35,-0.04
8933,5.35,-0.04
8934,5.35,-0.04
8935,5.35,-0.04
8936,5.35,-0.04
8937,5.35,-0.04
8938,5.35,-0.04
8939,5.35,-0.04
8940,5.35,-0.04
8941,5.35,-0.04
8942,5.36,-0.04
8943,5.36,-0.04
8944,5.36,-0.04
8945,5.36,-0.04
8946,5.36,-0.04
8947,5.36,-0.04
8948,5.36,-0.04
8949,5.36,-0.04
8950,5.36,-0.04
8951,5.36,-0.04
8952,5.36,-0.04
8953,5.36,-0.04
8954,5.36,-0.04
8955,5.36,-0.04
8956,5.36,-0.04
8957,5.36,-0.04
8958,5.36,-0.04
8959,5.36,-0.04
8960,5.36,-0.04
8961,5.36,-0.04
8962,5.36,-0.04
8963,5.36,-0.04
8964,5.36,-0.04
8965,5.36,-0.03
8966,5.36,-0.04
8967,5.36,-0.04
8968,5.36,-0.04
8969,5.36,-0.04
8970,5.36,-0.04
8971,5.36,-0.04
8972,5.36,-0.04
8973,5.36,-0.03
8974,5.36,-0.03
8975,5.36,-0.04
8976,5.36,-0.03
8977,5.36,-0.04
8978,5.36,-0.03
8979,5.36,-0.03
8980,5.36,-0.03
8981,5.36,-0.03
8982,5.36,-0.04
8983,5.36,-0.03
8984,5.36,-0.04
8985,5.36,-0.03
8986,5.36,-0.03
8987,5.37,-0.03
8988,5.37,-0.03
8989,5.37,-0.03
8990,5.37,-0.03
8991,5.37,-0.03
8992,5.37,-0.03
8993,5.37,-0.03
8994,5.37,-0.03
8995,5.37,-0.03
8996,5.37,-0.03
8997,5.37,-0.03
8998,5.37,-0.03
8999,5.37,-0.03
9000,5.37,-0.03
9001,5.37,-0.03
9002,5.37,-0.03
9003,5.37,-0.03
9004,5.37,-0.03
9005,5.37,-0.03
9006,5.37,-0.02
9007,5.37,-0.03
9008,5.37,-0.03
9009,5.37,-0.03
9010,5.37,-0.03
9011,5.37,-0.03
9012,5.37,-0.03
9013,5.37,-0.03
9014,5.37,-0.03
9015,5.37,-0.03
9016,5.37,-0.03
9017,5.37,-0.03
9018,5.37,-0.03
9019,5.37,-0.03
9020,5.37,-0.03
9021,5.37,-0.03
9022,5.37,-0.04
9023,5.37,-0.03
9024,5.37,-0.03
9025,5.37,-0.03
9026,5.37,-0.03
9027,5.38,-0.03
9028,5.38,-0.03
9029,5.38,-0.03
9030,5.38,-0.03
9031,5.38,-0.03
9032,5.38,-0.03
9033,5.38,-0.03
9034,5.38,-0.03
9035,5.38,-0.03
9036,5.38,-0.03
9037,5.38,-0.03
9038,5.38,-0.03
9039,5.38,-0.03
9040,5.38,-0.02
9041,5.38,-0.03
9042,5.38,-0.02
9043,5.38,-0.03
9044,5.38,-0.03
9045,5.38,-0.02
9046,5.38,-0.02
9047,5.38,-0.02
9048,5.38,-0.02
9049,5.38,-0.02
9050,5.38,-0.03
9051,5.38,-0.02
9052,5.38,-0.02
9053,5.38,-0.02
9054,5.38,-0.02
9055,5.38,-0.02
9056,5.38,-0.02
9057,5.38,-0.02
9058,5.38,-0.02
9059,5.38,-0.02
9060,5.38,-0.02
9061,5.38,-0.02
9062,5.38,-0.02
9063,5.38,-0.02
9064,5.38,-0.02
9065,5.38,-0.02
9066,5.38,-0.02
9067,5.38,-0.02
9068,5.38,-0.02
9069,5.38,-0.02
9070,5.38,-0.02
9071,5.38,-0.02
9072,5.38,-0.02
9073,5.39,-0.02
9074,5.39,-0.02
9075,5.39,-0.02
9076,5.39,-0.02
9077,5.39,-0.02
9078,5.39,-0.02
9079,5.39,-0.02
9080,5.39,-0.02
9081,5.39,-0.02
9082,5.39,-0.02
9083,5.39,-0.02
9084,5.39,-0.02
9085,5.39,-0.02
9086,5.39,-0.02
9087,5.39,-0.02
9088,5.39,-0.02
9089,5.39,-0.02
9090,5.39,-0.02
9091,5.39,-0.02
9092,5.39,-0.02
9093,5.39,-0.02
9094,5.39,-0.02
9095,5.39,-0.02
9096,5.39,-0.02
9097,5.39,-0.02
9098,5.39,-0.02
9099,5.39,-0.02
9100,5.39,-0.02
9101,5.39,-0.02
9102,5.39,-0.02
9103,5.39,-0.02
9104,5.39,-0.02
9105,5.39,-0.02
9106,5.39,-0.02
9107,5.39,-0.02
9108,5.39,-0.02
9109,5.39,-0.02
9110,5.39,-0.02
9111,5.39,-0.02
9112,5.39,-0.02
9113,5.39,-0.02
9114,5.39,-0.02
9115,5.39,-0.02
9116,5.39,-0.02
9117,5.39,-0.02
9118,5.39,-0.02
9119,5.39,-0.02
9120,5.39,-0.02
9121,5.39,-0.02
9122,5.39,-0.02
9123,5.39,-0.02
9124,5.4,-0.02
9125,5.4,-0.01
9126,5.4,-0.02
9127,5.4,-0.02
9128,5.4,-0.02
9129,5.4,-0.02
9130,5.4,-0.02
9131,5.4,-0.02
9132,5.4,-0.02
9133,5.4,-0.02
9134,5.4,-0.02
9135,5.4,-0.02
9136,5.4,-0.02
9137,5.4,-0.02
9138,5.4,-0.02
9139,5.4,-0.02
9140,5.4,-0.02
9141,5.4,-0.02
9142,5.4,-0.02
9143,5.4,-0.02
9144,5.4,-0.02
9145,5.4,-0.02
9146,5.4,-0.02
9147,5.4,-0.02
9148,5.4,-0.02
9149,5.4,-0.02
9150,5.4,-0.02
9151,5.4,-0.02
9152,5.4,-0.02
9153,5.4,-0.02
9154,5.4,-0.02
9155,5.4,-0.02
9156,5.4,-0.02
9157,5.4,-0.02
9158,5.4,-0.02
9159,5.4,-0.02
9160,5.4,-0.02
9161,5.4,-0.02
9162,5.4,-0.02
9163,5.4,-0.02
9164,5.4,-0.02
9165,5.4,-0.02
9166,5.4,-0.02
9167,5.4,-0.02
9168,5.4,-0.02
9169,5.4,-0.02
9170,5.4,-0.02
9171,5.4,-0.02
9172,5.4,-0.02
9173,5.4,-0.01
9174,5.4,-0.01
9175,5.4,-0.02
9176,5.4,-0.02
9177,5.4,-0.02
9178,5.4,-0.01
9179,5.4,-0.01
9180,5.4,-0.01
9181,5.4,-0.01
9182,5.4,-0.01
9183,5.41,-0.01
9184,5.41,-0.01
9185,5.41,-0.01
9186,5.41,-0.01
9187,5.41,-0.01
9188,5.41,-0.01
9189,5.41,-0.01
9190,5.41,-0.01
9191,5.41,-0.01
9192,5.41,-0.01
9193,5.41,-0.01
9194,5.41,-0.01
9195,5.41,-0.01
9196,5.41,-0.01
9197,5.41,-0.01
9198,5.41,-0.01
9199,5.41,-0.01
9200,5.41,-0.01
9201,5.41,-0.01
9202,5.41,-0.01
9203,5.41,-0.02
9204,5.41,-0.01
9205,5.41,-0.0
9206,5.41,-0.01
9207,5.41,-0.01
9208,5.41,-0.01
9209,5.41,-0.01
9210,5.41,-0.01
9211,5.41,-0.01
9212,5.41,-0.01
9213,5.41,-0.01
9214,5.41,-0.01
9215,5.41,-0.01
9216,5.41,-0.01
9217,5.41,-0.01
9218,5.41,-0.01
9219,5.41,-0.02
9220,5.41,-0.01
9221,5.41,-0.01
9222,5.41,-0.01
9223,5.41,-0.01
9224,5.41,-0.01
9225,5.41,-0.01
9226,5.41,-0.01
9227,5.41,-0.01
9228,5.41,-0.02
9229,5.41,-0.01
9230,5.41,-0.01
9231,5.41,-0.02
9232,5.41,-0.01
9233,5.41,-0.01
9234,5.41,-0.01
9235,5.41,-0.01
9236,5.41,-0.02
9237,5.42,-0.01
9238,5.42,-0.01
9239,5.42,-0.01
9240,5.42,-0.01
9241,5.42,-0.01
9242,5.42,-0.0
9243,5.42,-0.01
9244,5.42,-0.01
9245,5.42,-0.01
9246,5.42,-0.01
9247,5.42,-0.01
9248,5.42,-0.0
9249,5.42,-0.0
9250,5.42,-0.0
9251,5.42,-0.0
9252,5.42,-0.0
9253,5.42,-0.0
9254,5.42,-0.0
9255,5.42,-0.0
9256,5.42,-0.0
9257,5.42,-0.0
9258,5.42,-0.0
9259,5.42,-0.01
9260,5.42,-0.0
9261,5.42,-0.01
9262,5.42,-0.0
9263,5.42,-0.01
9264,5.42,-0.0
9265,5.42,-0.0
9266,5.42,-0.0
9267,5.42,-0.0
9268,5.42,-0.0
9269,5.42,-0.0
9270,5.42,-0.0
9271,5.42,-0.0
9272,5.42,-0.01
9273,5.42,-0.0
9274,5.42,-0.0
9275,5.42,-0.0
9276,5.42,-0.01
9277,5.42,-0.0
9278,5.42,-0.0
9279,5.42,-0.01
9280,5.42,-0.0
9281,5.42,-0.0
9282,5.42,-0.0
9283,5.43,-0.0
9284,5.43,-0.0
9285,5.43,-0.01
9286,5.43,-0.0
9287,5.43,-0.0
9288,5.43,-0.0
9289,5.43,-0.0
9290,5.43,-0.01
9291,5.43,-0.0
9292,5.43,-0.01
9293,5.43,-0.01
9294,5.43,-0.01
9295,5.43,-0.01
9296,5.43,-0.0
9297,5.43,-0.01
9298,5.43,-0.0
9299,5.43,-0.01
9300,5.43,-0.0
9301,5.43,-0.0
9302,5.43,-0.0
9303,5.43,-0.01
9304,5.43,-0.0
9305,5.43,-0.01
9306,5.43,-0.0
9307,5.43,-0.01
9308,5.43,-0.01
9309,5.43,-0.0
9310,5.43,-0.0
9311,5.43,-0.01
9312,5.43,-0.0
9313,5.43,-0.0
9314,5.43,-0.0
9315,5.43,-0.0
9316,5.43,-0.0
9317,5.43,0.0
9318,5.43,-0.0
9319,5.43,-0.0
9320,5.43,-0.0
9321,5.43,-0.0
9322,5.43,-0.0
9323,5.43,-0.0
9324,5.43,0.0
9325,5.43,-0.0
9326,5.43,-0.0
9327,5.43,0.0
9328,5.43,0.0
9329,5.43,-0.0
9330,5.43,-0.0
9331,5.43,0.0
9332,5.43,0.0
9333,5.43,0.0
9334,5.43,0.0
9335,5.44,0.0
9336,5.44,-0.0
9337,5.44,0.0
9338,5.44,-0.0
9339,5.44,0.0
9340,5.44,0.0
9341,5.44,0.0
9342,5.44,0.0
9343,5.44,0.0
9344,5.44,-0.0
9345,5.44,0.0
9346,5.44,0.0
9347,5.44,0.0
9348,5.44,0.0
9349,5.44,0.0
9350,5.44,0.0
9351,5.44,-0.0
9352,5.44,-0.0
9353,5.44,0.0
9354,5.44,0.0
9355,5.44,0.0
9356,5.44,0.0
9357,5.44,0.0
9358,5.44,0.0
9359,5.44,-0.0
9360,5.44,0.0
9361,5.44,0.0
9362,5.44,0.0
9363,5.44,0.0
9364,5.44,0.0
9365,5.44,0.0
9366,5.44,0.0
9367,5.44,-0.0
9368,5.44,0.0
9369,5.44,0.0
9370,5.44,0.0
9371,5.44,0.0
9372,5.44,0.0
9373,5.44,0.0
9374,5.44,0.0
9375,5.44,-0.0
9376,5.44,-0.0
9377,5.44,0.0
9378,5.44,0.01
9379,5.44,0.0
9380,5.44,0.0
9381,5.44,0.0
9382,5.44,0.0
9383,5.44,0.0
9384,5.44,0.0
9385,5.44,0.0
9386,5.44,0.0
9387,5.44,-0.0
9388,5.44,-0.0
9389,5.44,-0.0
9390,5.44,0.0
9391,5.44,0.0
9392,5.44,0.0
9393,5.44,0.0
9394,5.44,0.01
9395,5.44,0.0
9396,5.44,0.01
9397,5.45,0.0
9398,5.45,0.01
9399,5.45,0.0
9400,5.45,0.0
9401,5.45,0.01
9402,5.45,0.01
9403,5.45,0.01
9404,5.45,0.01
9405,5.45,0.01
9406,5.45,0.01
9407,5.45,0.01
9408,5.45,0.01
9409,5.45,0.01
9410,5.45,0.01
9411,5.45,0.01
9412,5.45,0.01
9413,5.45,0.01
9414,5.45,0.01
9415,5.45,0.01
9416,5.45,0.01
9417,5.45,0.01
9418,5.45,0.01
9419,5.45,0.01
9420,5.45,0.01
9421,5.45,0.01
9422,5.45,0.01
9423,5.45,0.01
9424,5.45,0.01
9425,5.45,0.01
9426,5.45,0.01
9427,5.45,0.01
9428,5.46,0.01
9429,5.46,0.01
9430,5.46,0.01
9431,5.46,0.01
9432,5.46,0.01
9433,5.46,0.01
9434,5.46,0.01
9435,5.46,0.0
9436,5.46,0.01
9437,5.46,0.01
9438,5.46,0.01
9439,5.46,0.01
9440,5.46,0.01
9441,5.46,0.01
9442,5.46,0.01
9443,5.46,0.01
9444,5.46,0.01
9445,5.46,0.01
9446,5.46,0.01
9447,5.46,0.01
9448,5.46,0.01
9449,5.46,0.01
9450,5.46,0.01
9451,5.46,0.01
9452,5.46,0.01
9453,5.46,0.01
9454,5.46,0.01
9455,5.46,0.01
9456,5.46,0.01
9457,5.46,0.0
9458,5.46,0.01
9459,5.46,0.0
9460,5.46,0.01
9461,5.46,0.01
9462,5.46,0.01
9463,5.46,0.01
9464,5.46,0.01
9465,5.46,0.01
9466,5.46,0.01
9467,5.46,0.01
9468,5.46,0.01
9469,5.46,0.01
9470,5.46,0.01
9471,5.46,0.01
9472,5.46,0.0
9473,5.46,0.01
9474,5.46,0.01
9475,5.46,0.01
9476,5.46,0.01
9477,5.46,0.01
9478,5.46,0.01
9479,5.46,0.01
9480,5.46,0.02
9481,5.46,0.01
9482,5.46,0.02
9483,5.46,0.01
9484,5.46,0.02
9485,5.46,0.02
9486,5.46,0.01
9487,5.46,0.01
9488,5.46,0.02
9489,5.46,0.02
9490,5.46,0.02
9491,5.46,0.02
9492,5.46,0.02
9493,5.46,0.02
9494,5.46,0.02
9495,5.47,0.02
9496,5.47,0.02
9497,5.47,0.01
9498,5.47,0.02
9499,5.47,0.02
9500,5.47,0.01
9501,5.47,0.01
9502,5.47,0.02
9503,5.47,0.01
9504,5.47,0.02
9505,5.47,0.01
9506,5.47,0.02
9507,5.47,0.02
9508,5.47,0.02
9509,5.47,0.02
9510,5.47,0.02
9511,5.47,0.02
9512,5.47,0.02
9513,5.47,0.02
9514,5.47,0.01
9515,5.47,0.02
9516,5.47,0.02
9517,5.47,0.02
9518,5.47,0.02
9519,5.47,0.02
9520,5.47,0.02
9521,5.47,0.02
9522,5.47,0.01
9523,5.47,0.01
9524,5.47,0.01
9525,5.47,0.01
9526,5.47,0.01
9527,5.47,0.02
9528,5.47,0.02
9529,5.47,0.02
9530,5.47,0.02
9531,5.47,0.01
9532,5.47,0.02
9533,5.47,0.01
9534,5.47,0.01
9535,5.47,0.01
9536,5.47,0.02
9537,5.47,0.01
9538,5.47,0.01
9539,5.47,0.02
9540,5.47,0.02
9541,5.47,0.02
9542,5.47,0.01
9543,5.47,0.02
9544,5.47,0.02
9545,5.47,0.02
9546,5.47,0.02
9547,5.48,0.02
9548,5.48,0.02
9549,5.48,0.01
9550,5.48,0.01
9551,5.48,0.02
9552,5.48,0.02
9553,5.48,0.02
9554,5.48,0.02
9555,5.48,0.02
9556,5.48,0.02
9557,5.48,0.02
9558,5.48,0.02
9559,5.48,0.02
9560,5.48,0.01
9561,5.48,0.02
9562,5.48,0.02
9563,5.48,0.02
9564,5.48,0.02
9565,5.48,0.02
9566,5.48,0.02
9567,5.48,0.02
9568,5.48,0.02
9569,5.48,0.02
9570,5.48,0.02
9571,5.48,0.02
9572,5.48,0.02
9573,5.48,0.02
9574,5.48,0.02
9575,5.48,0.02
9576,5.48,0.02
9577,5.48,0.02
9578,5.48,0.02
9579,5.48,0.02
9580,5.48,0.02
9581,5.48,0.02
9582,5.48,0.02
9583,5.48,0.02
9584,5.48,0.02
9585,5.48,0.02
9586,5.48,0.02
9587,5.48,0.02
9588,5.48,0.02
9589,5.48,0.02
9590,5.48,0.02
9591,5.48,0.02
9592,5.48,0.02
9593,5.48,0.02
9594,5.48,0.02
9595,5.48,0.02
9596,5.49,0.02
9597,5.49,0.02
9598,5.49,0.02
9599,5.49,0.02
9600,5.49,0.02
9601,5.49,0.02
9602,5.49,0.02
9603,5.49,0.02
9604,5.49,0.02
9605,5.49,0.02
9606,5.49,0.02
9607,5.49,0.02
9608,5.49,0.02
9609,5.49,0.02
9610,5.49,0.02
9611,5.49,0.02
9612,5.49,0.02
9613,5.49,0.02
9614,5.49,0.02
9615,5.49,0.02
9616,5.49,0.02
9617,5.49,0.02
9618,5.49,0.02
9619,5.49,0.02
9620,5.49,0.02
9621,5.49,0.02
9622,5.49,0.02
9623,5.49,0.02
9624,5.49,0.02
9625,5.49,0.02
9626,5.49,0.02
9627,5.49,0.02
9628,5.49,0.02
9629,5.49,0.02
9630,5.49,0.02
9631,5.49,0.02
9632,5.49,0.02
9633,5.49,0.02
9634,5.49,0.02
9635,5.49,0.02
9636,5.49,0.02
9637,5.49,0.02
9638,5.49,0.02
9639,5.49,0.02
9640,5.49,0.02
9641,5.49,0.02
9642,5.49,0.02
9643,5.49,0.02
9644,5.49,0.02
9645,5.49,0.02
9646,5.49,0.02
9647,5.49,0.02
9648,5.49,0.02
9649,5.49,0.02
9650,5.49,0.02
9651,5.49,0.02
9652,5.49,0.02
9653,5.49,0.02
9654,5.49,0.02
9655,5.49,0.02
9656,5.49,0.02
9657,5.49,0.02
9658,5.49,0.02
9659,5.49,0.02
9660,5.49,0.02
9661,5.49,0.02
9662,5.49,0.02
9663,5.49,0.02
9664,5.49,0.02
9665,5.49,0.02
9666,5.49,0.02
9667,5.49,0.03
9668,5.49,0.02
9669,5.49,0.02
9670,5.49,0.03
9671,5.49,0.02
9672,5.49,0.03
9673,5.49,0.02
9674,5.49,0.02
9675,5.49,0.03
9676,5.49,0.02
9677,5.49,0.03
9678,5.49,0.03
9679,5.49,0.02
9680,5.49,0.03
9681,5.49,0.03
9682,5.49,0.02
9683,5.5,0.03
9684,5.5,0.03
9685,5.5,0.03
9686,5.5,0.02
9687,5.5,0.03
9688,5.5,0.03
9689,5.5,0.03
9690,5.5,0.02
9691,5.5,0.02
9692,5.5,0.03
9693,5.5,0.03
9694,5.5,0.03
9695,5.5,0.03
9696,5.5,0.03
9697,5.5,0.03
9698,5.5,0.03
9699,5.5,0.03
9700,5.5,0.03
9701,5.5,0.02
9702,5.5,0.03
9703,5.5,0.03
9704,5.5,0.03
9705,5.5,0.03
9706,5.5,0.03
9707,5.5,0.03
9708,5.5,0.02
9709,5.5,0.02
9710,5.5,0.03
9711,5.5,0.02
9712,5.5,0.03
9713,5.5,0.03
9714,5.5,0.02
9715,5.5,0.02
9716,5.5,0.03
9717,5.5,0.03
9718,5.5,0.02
9719,5.5,0.03
9720,5.5,0.03
9721,5.5,0.02
9722,5.5,0.03
9723,5.5,0.03
9724,5.5,0.02
9725,5.5,0.02
9726,5.5,0.03
9727,5.5,0.02
9728,5.5,0.02
9729,5.5,0.03
9730,5.5,0.03
9731,5.5,0.02
9732,5.5,0.03
9733,5.5,0.02
9734,5.5,0.02
9735,5.51,0.03
9736,5.51,0.03
9737,5.51,0.02
9738,5.51,0.03
9739,5.51,0.03
9740,5.51,0.03
9741,5.51,0.03
9742,5.51,0.03
9743,5.51,0.02
9744,5.51,0.03
9745,5.51,0.03
9746,5.51,0.02
9747,5.51,0.02
9748,5.51,0.03
9749,5.51,0.03
9750,5.51,0.03
9751,5.51,0.02
9752,5.51,0.03
9753,5.5,0.03
9754,5.5,0.03
9755,5.5,0.03
9756,5.5,0.03
9757,5.5,0.03
9758,5.5,0.02
9759,5.5,0.02
9760,5.5,0.02
9761,5.5,0.03
9762,5.5,0.02
9763,5.5,0.02
9764,5.5,0.03
9765,5.5,0.02
9766,5.5,0.02
9767,5.5,0.02
9768,5.51,0.03
9769,5.51,0.03
9770,5.51,0.03
9771,5.51,0.03
9772,5.51,0.03
9773,5.51,0.03
9774,5.51,0.03
9775,5.51,0.03
9776,5.51,0.03
9777,5.51,0.04
9778,5.51,0.04
9779,5.51,0.03
9780,5.51,0.04
9781,5.51,0.03
9782,5.51,0.03
9783,5.51,0.03
9784,5.51,0.03
9785,5.51,0.03
9786,5.51,0.04
9787,5.51,0.03
9788,5.51,0.03
9789,5.51,0.03
9790,5.51,0.03
9791,5.51,0.03
9792,5.51,0.04
9793,5.51,0.03
9794,5.51,0.03
9795,5.51,0.04
9796,5.51,0.03
9797,5.51,0.03
9798,5.51,0.03
9799,5.51,0.04
9800,5.51,0.04
9801,5.51,0.03
9802,5.51,0.04
9803,5.51,0.03
9804,5.51,0.03
9805,5.51,0.03
9806,5.51,0.04
9807,5.51,0.04
9808,5.51,0.04
9809,5.51,0.03
9810,5.51,0.04
9811,5.51,0.03
9812,5.51,0.03
9813,5.51,0.03
9814,5.51,0.03
9815,5.51,0.03
9816,5.52,0.03
9817,5.52,0.03
9818,5.52,0.03
9819,5.52,0.03
9820,5.52,0.04
9821,5.52,0.04
9822,5.52,0.03
9823,5.52,0.04
9824,5.52,0.03
9825,5.52,0.03
9826,5.52,0.04
9827,5.52,0.04
9828,5.52,0.03
9829,5.52,0.03
9830,5.52,0.04
9831,5.52,0.04
9832,5.52,0.04
9833,5.52,0.04
9834,5.52,0.03
9835,5.52,0.03
9836,5.52,0.03
9837,5.52,0.04
9838,5.52,0.03
9839,5.52,0.03
9840,5.52,0.04
9841,5.52,0.03
9842,5.52,0.03
9843,5.52,0.03
9844,5.52,0.03
9845,5.52,0.04
9846,5.52,0.04
9847,5.52,0.03
9848,5.52,0.03
9849,5.52,0.03
9850,5.52,0.03
9851,5.52,0.03
9852,5.52,0.03
9853,5.52,0.03
9854,5.52,0.03
9855,5.52,0.03
9856,5.52,0.03
9857,5.52,0.03
9858,5.52,0.03
9859,5.52,0.04
9860,5.52,0.03
9861,5.52,0.04
9862,5.52,0.04
9863,5.52,0.03
9864,5.52,0.04
9865,5.52,0.03
9866,5.52,0.04
9867,5.52,0.03
9868,5.52,0.04
9869,5.52,0.03
9870,5.52,0.04
9871,5.52,0.03
9872,5.52,0.04
9873,5.52,0.03
9874,5.52,0.03
9875,5.52,0.03
9876,5.52,0.04
9877,5.52,0.03
9878,5.52,0.04
9879,5.52,0.03
9880,5.52,0.03
9881,5.52,0.03
9882,5.52,0.04
9883,5.52,0.04
9884,5.52,0.03
9885,5.52,0.04
9886,5.52,0.04
9887,5.52,0.03
9888,5.52,0.04
9889,5.52,0.03
9890,5.52,0.03
9891,5.52,0.04
9892,5.52,0.04
9893,5.52,0.03
9894,5.52,0.04
9895,5.52,0.03
9896,5.52,0.04
9897,5.52,0.04
9898,5.52,0.04
9899,5.52,0.03
9900,5.52,0.03
9901,5.52,0.04
9902,5.52,0.04
9903,5.52,0.04
9904,5.52,0.04
9905,5.52,0.04
9906,5.52,0.04
9907,5.52,0.04
9908,5.52,0.04
9909,5.52,0.04
9910,5.52,0.04
9911,5.52,0.04
9912,5.52,0.04
9913,5.52,0.04
9914,5.52,0.04
9915,5.52,0.04
9916,5.52,0.04
9917,5.52,0.04
9918,5.52,0.04
9919,5.52,0.04
9920,5.52,0.04
9921,5.52,0.04
9922,5.52,0.04
9923,5.52,0.04
9924,5.53,0.04
9925,5.53,0.04
9926,5.53,0.04
9927,5.53,0.04
9928,5.53,0.04
9929,5.53,0.04
9930,5.53,0.04
9931,5.53,0.04
9932,5.53,0.04
9933,5.53,0.04
9934,5.53,0.04
9935,5.53,0.04
9936,5.53,0.04
9937,5.53,0.04
9938,5.53,0.04
9939,5.53,0.04
9940,5.53,0.04
9941,5.53,0.04
9942,5.53,0.04
9943,5.53,0.04
9944,5.53,0.04
9945,5.53,0.04
9946,5.53,0.04
9947,5.53,0.04
9948,5.53,0.04
9949,5.53,0.04
9950,5.53,0.04
9951,5.53,0.04
9952,5.53,0.04
9953,5.53,0.04
9954,5.53,0.04
9955,5.53,0.04
9956,5.53,0.04
9957,5.53,0.04
9958,5.53,0.04
9959,5.53,0.04
9960,5.53,0.04
9961,5.53,0.04
9962,5.53,0.04
9963,5.53,0.04
9964,5.53,0.04
9965,5.53,0.04
9966,5.53,0.04
9967,5.53,0.04
9968,5.53,0.04
9969,5.53,0.04
9970,5.53,0.04
9971,5.53,0.04
9972,5.53,0.04
9973,5.53,0.04
9974,5.53,0.04
9975,5.53,0.04
9976,5.53,0.04
9977,5.53,0.04
9978,5.53,0.04
9979,5.53,0.04
9980,5.53,0.04
9981,5.53,0.04
9982,5.53,0.04
9983,5.53,0.04
9984,5.53,0.04
9985,5.53,0.04
9986,5.53,0.04
9987,5.53,0.04
9988,5.53,0.04
9989,5.53,0.04
9990,5.53,0.04
9991,5.53,0.04
9992,5.53,0.04
9993,5.53,0.04
9994,5.53,0.04
9995,5.53,0.04
9996,5.53,0.04
9997,5.53,0.04
9998,5.53,0.04
9999,5.53,0.04
