Sample,Pose,Courant
0,5.53,0.04
1,5.53,0.04
2,5.53,0.04
3,5.53,0.04
4,5.53,0.04
5,5.53,0.04
6,5.53,0.04
7,5.53,0.04
8,5.53,0.04
9,5.53,0.04
10,5.53,0.04
11,5.53,0.04
12,5.53,0.04
13,5.53,0.04
14,5.53,0.04
15,5.53,0.04
16,5.53,0.04
17,5.53,0.04
18,5.53,0.04
19,5.54,0.04
20,5.54,0.04
21,5.54,0.04
22,5.54,0.04
23,5.54,0.04
24,5.54,0.04
25,5.54,0.04
26,5.54,0.04
27,5.54,0.04
28,5.54,0.04
29,5.54,0.04
30,5.54,0.04
31,5.54,0.04
32,5.54,0.04
33,5.54,0.04
34,5.53,0.04
35,5.53,0.04
36,5.53,0.04
37,5.53,0.04
38,5.53,0.04
39,5.53,0.04
40,5.53,0.04
41,5.53,0.04
42,5.53,0.04
43,5.53,0.04
44,5.54,0.04
45,5.54,0.04
46,5.54,0.04
47,5.54,0.04
48,5.54,0.04
49,5.54,0.04
50,5.54,0.04
51,5.54,0.04
52,5.54,0.04
53,5.54,0.04
54,5.54,0.04
55,5.54,0.04
56,5.54,0.04
57,5.54,0.04
58,5.54,0.04
59,5.54,0.04
60,5.54,0.04
61,5.54,0.04
62,5.54,0.04
63,5.54,0.04
64,5.54,0.04
65,5.54,0.04
66,5.54,0.04
67,5.54,0.04
68,5.54,0.04
69,5.54,0.04
70,5.54,0.04
71,5.54,0.04
72,5.54,0.04
73,5.54,0.04
74,5.54,0.04
75,5.54,0.04
76,5.54,0.04
77,5.54,0.04
78,5.54,0.04
79,5.54,0.04
80,5.54,0.04
81,5.54,0.04
82,5.54,0.05
83,5.54,0.04
84,5.54,0.04
85,5.54,0.04
86,5.54,0.04
87,5.54,0.04
88,5.54,0.04
89,5.54,0.04
90,5.54,0.04
91,5.54,0.04
92,5.54,0.04
93,5.54,0.04
94,5.54,0.04
95,5.54,0.04
96,5.54,0.04
97,5.54,0.05
98,5.54,0.04
99,5.54,0.04
100,5.55,0.04
101,5.55,0.04
102,5.55,0.04
103,5.55,0.04
104,5.55,0.04
105,5.55,0.04
106,5.55,0.04
107,5.55,0.05
108,5.55,0.04
109,5.55,0.04
110,5.55,0.05
111,5.55,0.04
112,5.55,0.04
113,5.55,0.04
114,5.55,0.05
115,5.55,0.04
116,5.55,0.04
117,5.55,0.04
118,5.55,0.04
119,5.55,0.04
120,5.55,0.04
121,5.55,0.05
122,5.55,0.04
123,5.55,0.04
124,5.55,0.05
125,5.55,0.04
126,5.55,0.04
127,5.55,0.05
128,5.55,0.04
129,5.55,0.04
130,5.55,0.04
131,5.55,0.04
132,5.55,0.04
133,5.55,0.05
134,5.55,0.04
135,5.55,0.04
136,5.55,0.04
137,5.55,0.05
138,5.55,0.04
139,5.55,0.04
140,5.55,0.05
141,5.55,0.04
142,5.55,0.04
143,5.55,0.04
144,5.55,0.05
145,5.55,0.05
146,5.55,0.04
147,5.55,0.05
148,5.55,0.04
149,5.55,0.04
150,5.55,0.04
151,5.55,0.04
152,5.55,0.04
153,5.55,0.04
154,5.55,0.04
155,5.55,0.04
156,5.55,0.04
157,5.55,0.04
158,5.55,0.04
159,5.55,0.04
160,5.55,0.04
161,5.55,0.04
162,5.55,0.04
163,5.55,0.04
164,5.55,0.04
165,5.55,0.04
166,5.55,0.04
167,5.55,0.04
168,5.55,0.04
169,5.55,0.04
170,5.55,0.04
171,5.55,0.04
172,5.55,0.04
173,5.55,0.04
174,5.55,0.04
175,5.55,0.04
176,5.55,0.04
177,5.55,0.04
178,5.55,0.04
179,5.55,0.04
180,5.55,0.04
181,5.55,0.04
182,5.55,0.04
183,5.55,0.04
184,5.55,0.04
185,5.55,0.04
186,5.55,0.04
187,5.55,0.04
188,5.55,0.04
189,5.55,0.04
190,5.55,0.04
191,5.55,0.04
192,5.55,0.04
193,5.55,0.04
194,5.55,0.04
195,5.55,0.04
196,5.55,0.04
197,5.55,0.04
198,5.55,0.04
199,5.55,0.04
200,5.55,0.05
201,5.55,0.04
202,5.55,0.05
203,5.55,0.04
204,5.55,0.04
205,5.55,0.04
206,5.55,0.04
207,5.55,0.04
208,5.55,0.04
209,5.55,0.04
210,5.55,0.04
211,5.55,0.04
212,5.55,0.04
213,5.55,0.05
214,5.55,0.04
215,5.55,0.04
216,5.55,0.04
217,5.55,0.04
218,5.55,0.04
219,5.55,0.04
220,5.55,0.04
221,5.55,0.04
222,5.55,0.04
223,5.55,0.04
224,5.55,0.05
225,5.55,0.04
226,5.55,0.05
227,5.55,0.05
228,5.55,0.05
229,5.55,0.04
230,5.55,0.04
231,5.55,0.04
232,5.55,0.04
233,5.55,0.04
234,5.55,0.04
235,5.55,0.04
236,5.55,0.04
237,5.55,0.04
238,5.55,0.04
239,5.55,0.04
240,5.55,0.04
241,5.55,0.04
242,5.55,0.04
243,5.55,0.04
244,5.55,0.04
245,5.55,0.04
246,5.55,0.04
247,5.55,0.04
248,5.55,0.04
249,5.55,0.04
250,5.55,0.04
251,5.55,0.04
252,5.55,0.04
253,5.3,-0.07
254,5.3,-0.07
255,5.3,-0.07
256,5.3,-0.07
257,5.3,-0.07
258,5.3,-0.07
259,5.3,-0.07
260,5.3,-0.07
261,5.3,-0.07
262,5.3,-0.07
263,5.3,-0.07
264,5.3,-0.07
265,5.3,-0.07
266,5.3,-0.07
267,5.3,-0.07
268,5.3,-0.07
269,5.3,-0.07
270,5.3,-0.07
271,5.3,-0.07
272,5.3,-0.07
273,5.3,-0.07
274,5.3,-0.07
275,5.3,-0.07
276,5.3,-0.07
277,5.29,-0.07
278,5.29,-0.07
279,5.29,-0.07
280,5.29,-0.07
281,5.29,-0.07
282,5.29,-0.07
283,5.29,-0.07
284,5.29,-0.07
285,5.29,-0.07
286,5.29,-0.07
287,5.29,-0.07
288,5.29,-0.07
289,5.29,-0.07
290,5.29,-0.07
291,5.29,-0.07
292,5.29,-0.07
293,5.29,-0.07
294,5.29,-0.07
295,5.29,-0.07
296,5.29,-0.07
297,5.29,-0.07
298,5.29,-0.07
299,5.29,-0.07
300,5.29,-0.07
301,5.29,-0.07
302,5.29,-0.07
303,5.29,-0.07
304,5.29,-0.07
305,5.29,-0.07
306,5.29,-0.07
307,5.29,-0.07
308,5.29,-0.07
309,5.29,-0.07
310,5.29,-0.07
311,5.29,-0.07
312,5.29,-0.07
313,5.29,-0.07
314,5.29,-0.07
315,5.29,-0.07
316,5.29,-0.07
317,5.29,-0.07
318,5.29,-0.07
319,5.29,-0.07
320,5.29,-0.07
321,5.29,-0.08
322,5.29,-0.07
323,5.29,-0.07
324,5.29,-0.07
325,5.29,-0.07
326,5.29,-0.07
327,5.29,-0.07
328,5.29,-0.07
329,5.29,-0.07
330,5.29,-0.07
331,5.28,-0.07
332,5.28,-0.07
333,5.28,-0.07
334,5.28,-0.07
335,5.28,-0.07
336,5.28,-0.07
337,5.28,-0.07
338,5.28,-0.07
339,5.28,-0.07
340,5.28,-0.07
341,5.28,-0.07
342,5.28,-0.07
343,5.28,-0.07
344,5.28,-0.07
345,5.28,-0.07
346,5.28,-0.07
347,5.28,-0.07
348,5.28,-0.07
349,5.28,-0.07
350,5.28,-0.07
351,5.28,-0.07
352,5.29,-0.07
353,5.29,-0.07
354,5.29,-0.07
355,5.29,-0.07
356,5.29,-0.07
357,5.29,-0.07
358,5.29,-0.07
359,5.29,-0.07
360,5.29,-0.07
361,5.29,-0.07
362,5.29,-0.07
363,5.29,-0.07
364,5.29,-0.07
365,5.29,-0.07
366,5.29,-0.07
367,5.29,-0.07
368,5.29,-0.07
369,5.28,-0.07
370,5.28,-0.07
371,5.28,-0.07
372,5.28,-0.07
373,5.28,-0.07
374,5.28,-0.07
375,5.28,-0.07
376,5.28,-0.07
377,5.28,-0.07
378,5.28,-0.07
379,5.28,-0.07
380,5.28,-0.07
381,5.28,-0.07
382,5.28,-0.07
383,5.28,-0.07
384,5.28,-0.07
385,5.28,-0.07
386,5.28,-0.07
387,5.28,-0.07
388,5.28,-0.07
389,5.28,-0.07
390,5.28,-0.07
391,5.28,-0.07
392,5.28,-0.07
393,5.28,-0.07
394,5.28,-0.07
395,5.28,-0.07
396,5.28,-0.07
397,5.28,-0.07
398,5.28,-0.07
399,5.28,-0.07
400,5.28,-0.07
401,5.28,-0.07
402,5.28,-0.07
403,5.28,-0.07
404,5.28,-0.07
405,5.28,-0.07
406,5.28,-0.07
407,5.28,-0.07
408,5.28,-0.07
409,5.28,-0.07
410,5.28,-0.07
411,5.28,-0.07
412,5.28,-0.07
413,5.28,-0.07
414,5.28,-0.07
415,5.28,-0.07
416,5.28,-0.07
417,5.28,-0.07
418,5.28,-0.07
419,5.28,-0.07
420,5.28,-0.07
421,5.28,-0.07
422,5.28,-0.07
423,5.28,-0.07
424,5.28,-0.07
425,5.28,-0.07
426,5.28,-0.07
427,5.28,-0.07
428,5.28,-0.07
429,5.28,-0.07
430,5.28,-0.07
431,5.28,-0.07
432,5.28,-0.07
433,5.28,-0.07
434,5.28,-0.07
435,5.28,-0.07
436,5.28,-0.07
437,5.29,-0.07
438,5.29,-0.07
439,5.29,-0.07
440,5.29,-0.07
441,5.29,-0.07
442,5.29,-0.07
443,5.29,-0.07
444,5.29,-0.07
445,5.29,-0.07
446,5.29,-0.07
447,5.29,-0.07
448,5.29,-0.07
449,5.29,-0.07
450,5.29,-0.07
451,5.29,-0.07
452,5.29,-0.07
453,5.28,-0.07
454,5.28,-0.07
455,5.28,-0.07
456,5.28,-0.07
457,5.28,-0.07
458,5.28,-0.07
459,5.28,-0.07
460,5.28,-0.07
461,5.28,-0.07
462,5.28,-0.07
463,5.28,-0.07
464,5.28,-0.07
465,5.28,-0.07
466,5.28,-0.07
467,5.28,-0.07
468,5.28,-0.07
469,5.28,-0.07
470,5.28,-0.07
471,5.28,-0.07
472,5.28,-0.07
473,5.28,-0.07
474,5.28,-0.07
475,5.28,-0.07
476,5.28,-0.07
477,5.28,-0.07
478,5.28,-0.07
479,5.28,-0.07
480,5.28,-0.07
481,5.28,-0.07
482,5.29,-0.07
483,5.29,-0.07
484,5.29,-0.07
485,5.29,-0.07
486,5.29,-0.07
487,5.29,-0.07
488,5.29,-0.07
489,5.29,-0.07
490,5.29,-0.07
491,5.29,-0.07
492,5.29,-0.07
493,5.29,-0.07
494,5.29,-0.07
495,5.29,-0.07
496,5.29,-0.07
497,5.29,-0.07
498,5.29,-0.07
499,5.28,-0.07
500,5.28,-0.07
501,5.28,-0.07
502,5.28,-0.07
503,5.28,-0.07
504,5.28,-0.07
505,5.28,-0.07
506,5.28,-0.07
507,5.28,-0.07
508,5.28,-0.07
509,5.28,-0.07
510,5.28,-0.07
511,5.28,-0.07
512,5.28,-0.07
513,5.28,-0.07
514,5.28,-0.07
515,5.28,-0.07
516,5.28,-0.07
517,5.28,-0.07
518,5.28,-0.07
519,5.28,-0.07
520,5.28,-0.07
521,5.28,-0.07
522,5.28,-0.07
523,5.28,-0.07
524,5.28,-0.07
525,5.28,-0.07
526,5.28,-0.07
527,5.28,-0.07
528,5.28,-0.07
529,5.28,-0.07
530,5.28,-0.07
531,5.28,-0.07
532,5.28,-0.07
533,5.29,-0.07
534,5.29,-0.07
535,5.28,-0.07
536,5.29,-0.07
537,5.29,-0.07
538,5.28,-0.07
539,5.28,-0.07
540,5.28,-0.07
541,5.28,-0.07
542,5.28,-0.07
543,5.28,-0.07
544,5.28,-0.07
545,5.28,-0.07
546,5.28,-0.07
547,5.28,-0.07
548,5.28,-0.07
549,5.28,-0.07
550,5.28,-0.07
551,5.28,-0.07
552,5.28,-0.07
553,5.28,-0.07
554,5.28,-0.07
555,5.28,-0.07
556,5.28,-0.07
557,5.28,-0.07
558,5.28,-0.07
559,5.28,-0.07
560,5.28,-0.07
561,5.28,-0.07
562,5.28,-0.07
563,5.28,-0.07
564,5.28,-0.07
565,5.28,-0.07
566,5.28,-0.07
567,5.28,-0.07
568,5.28,-0.07
569,5.28,-0.07
570,5.28,-0.07
571,5.28,-0.07
572,5.28,-0.07
573,5.28,-0.07
574,5.28,-0.07
575,5.28,-0.07
576,5.28,-0.07
577,5.28,-0.07
578,5.28,-0.07
579,5.28,-0.07
580,5.28,-0.07
581,5.28,-0.07
582,5.28,-0.07
583,5.28,-0.07
584,5.28,-0.07
585,5.28,-0.07
586,5.28,-0.07
587,5.28,-0.07
588,5.28,-0.07
589,5.28,-0.07
590,5.28,-0.07
591,5.28,-0.07
592,5.28,-0.07
593,5.28,-0.07
594,5.28,-0.07
595,5.28,-0.07
596,5.28,-0.07
597,5.28,-0.07
598,5.28,-0.07
599,5.28,-0.07
600,5.28,-0.07
601,5.28,-0.08
602,5.28,-0.07
603,5.28,-0.07
604,5.28,-0.07
605,5.28,-0.07
606,5.28,-0.07
607,5.28,-0.07
608,5.28,-0.07
609,5.28,-0.07
610,5.28,-0.07
611,5.28,-0.07
612,5.28,-0.08
613,5.28,-0.07
614,5.28,-0.07
615,5.28,-0.07
616,5.28,-0.07
617,5.28,-0.07
618,5.28,-0.08
619,5.28,-0.07
620,5.28,-0.08
621,5.28,-0.07
622,5.28,-0.07
623,5.28,-0.07
624,5.28,-0.07
625,5.28,-0.08
626,5.28,-0.07
627,5.28,-0.08
628,5.28,-0.07
629,5.28,-0.07
630,5.28,-0.08
631,5.28,-0.07
632,5.28,-0.08
633,5.28,-0.07
634,5.28,-0.07
635,5.28,-0.08
636,5.28,-0.08
637,5.28,-0.07
638,5.28,-0.07
639,5.28,-0.07
640,5.28,-0.08
641,5.28,-0.08
642,5.28,-0.07
643,5.28,-0.07
644,5.28,-0.07
645,5.28,-0.07
646,5.28,-0.08
647,5.28,-0.07
648,5.28,-0.07
649,5.28,-0.08
650,5.28,-0.08
651,5.28,-0.07
652,5.28,-0.07
653,5.28,-0.07
654,5.28,-0.07
655,5.28,-0.07
656,5.28,-0.07
657,5.28,-0.07
658,5.28,-0.07
659,5.28,-0.08
660,5.28,-0.08
661,5.28,-0.07
662,5.27,-0.07
663,5.27,-0.07
664,5.27,-0.08
665,5.27,-0.07
666,5.27,-0.07
667,5.27,-0.08
668,5.27,-0.07
669,5.27,-0.07
670,5.27,-0.07
671,5.27,-0.08
672,5.27,-0.07
673,5.27,-0.07
674,5.27,-0.07
675,5.27,-0.08
676,5.27,-0.08
677,5.27,-0.08
678,5.27,-0.07
679,5.27,-0.08
680,5.27,-0.07
681,5.27,-0.07
682,5.27,-0.08
683,5.27,-0.08
684,5.27,-0.07
685,5.27,-0.08
686,5.27,-0.08
687,5.27,-0.08
688,5.27,-0.08
689,5.27,-0.07
690,5.27,-0.08
691,5.27,-0.08
692,5.27,-0.07
693,5.27,-0.07
694,5.27,-0.07
695,5.27,-0.07
696,5.27,-0.07
697,5.27,-0.07
698,5.27,-0.07
699,5.27,-0.07
700,5.27,-0.07
701,5.27,-0.07
702,5.27,-0.07
703,5.26,-0.07
704,5.25,-0.07
705,5.24,-0.07
706,5.22,-0.06
707,5.21,-0.06
708,5.19,-0.06
709,5.16,-0.06
710,5.14,-0.06
711,5.1,-0.06
712,5.07,-0.06
713,5.02,-0.06
714,4.98,-0.06
715,4.93,-0.06
716,4.87,-0.06
717,4.82,-0.06
718,4.77,-0.06
719,4.71,-0.07
720,4.66,-0.07
721,4.61,-0.07
722,4.55,-0.07
723,4.5,-0.07
724,4.45,-0.07
725,4.4,-0.07
726,4.36,-0.07
727,4.32,-0.07
728,4.28,-0.07
729,4.24,-0.07
730,4.21,-0.07
731,4.19,-0.07
732,4.17,-0.07
733,4.15,-0.07
734,4.14,-0.07
735,4.13,-0.07
736,4.13,-0.07
737,4.13,-0.07
738,4.13,-0.07
739,4.14,-0.07
740,4.15,-0.07
741,4.16,-0.06
742,4.18,-0.06
743,4.2,-0.06
744,4.22,-0.06
745,4.24,-0.06
746,4.26,-0.05
747,4.28,-0.05
748,4.3,-0.04
749,4.32,-0.04
750,4.34,-0.04
751,4.36,-0.04
752,4.38,-0.04
753,4.39,-0.04
754,4.4,-0.04
755,4.41,-0.04
756,4.41,-0.04
757,4.41,-0.04
758,4.41,-0.03
759,4.41,-0.03
760,4.4,-0.03
761,4.38,-0.04
762,4.36,-0.03
763,4.34,-0.03
764,4.32,-0.04
765,4.29,-0.04
766,4.26,-0.04
767,4.23,-0.04
768,4.2,-0.04
769,4.16,-0.04
770,4.12,-0.04
771,4.09,-0.04
772,4.05,-0.04
773,4.01,-0.04
774,3.98,-0.04
775,3.95,-0.05
776,3.91,-0.04
777,3.88,-0.05
778,3.86,-0.05
779,3.83,-0.05
780,3.81,-0.05
781,3.79,-0.06
782,3.78,-0.05
783,3.77,-0.05
784,3.77,-0.05
785,3.76,-0.05
786,3.76,-0.05
787,3.77,-0.05
788,3.78,-0.05
789,3.79,-0.04
790,3.8,-0.04
791,3.82,-0.04
792,3.84,-0.04
793,3.86,-0.04
794,3.88,-0.04
795,3.91,-0.04
796,3.93,-0.04
797,3.96,-0.04
798,3.98,-0.03
799,4.01,-0.03
800,4.03,-0.02
801,4.06,-0.02
802,4.08,-0.02
803,4.1,-0.02
804,4.11,-0.02
805,4.13,-0.02
806,4.14,-0.02
807,4.15,-0.02
808,4.15,-0.02
809,4.16,-0.01
810,4.16,-0.02
811,4.15,-0.01
812,4.14,-0.02
813,4.13,-0.02
814,4.11,-0.02
815,4.1,-0.02
816,4.08,-0.02
817,4.05,-0.02
818,4.03,-0.02
819,4.0,-0.02
820,3.97,-0.02
821,3.94,-0.02
822,3.92,-0.03
823,3.89,-0.02
824,3.86,-0.03
825,3.83,-0.03
826,3.8,-0.03
827,3.78,-0.03
828,3.76,-0.03
829,3.73,-0.04
830,3.72,-0.04
831,3.7,-0.04
832,3.69,-0.04
833,3.68,-0.04
834,3.68,-0.04
835,3.67,-0.04
836,3.67,-0.04
837,3.68,-0.04
838,3.69,-0.03
839,3.7,-0.03
840,3.71,-0.03
841,3.73,-0.03
842,3.74,-0.02
843,3.76,-0.02
844,3.78,-0.02
845,3.81,-0.02
846,3.83,-0.02
847,3.86,-0.02
848,3.88,-0.02
849,3.91,-0.01
850,3.93,-0.01
851,3.96,-0.01
852,3.98,-0.0
853,4.0,-0.01
854,4.02,-0.0
855,4.04,-0.0
856,4.05,-0.01
857,4.06,-0.0
858,4.07,-0.0
859,4.08,-0.0
860,4.08,-0.0
861,4.08,-0.0
862,4.08,0.0
863,4.08,0.0
864,4.07,0.0
865,4.06,-0.0
866,4.04,-0.0
867,4.02,-0.0
868,4.01,-0.0
869,3.99,-0.01
870,3.96,-0.01
871,3.94,-0.01
872,3.92,-0.01
873,3.89,-0.01
874,3.87,-0.01
875,3.84,-0.01
876,3.82,-0.02
877,3.8,-0.02
878,3.77,-0.02
879,3.75,-0.02
880,3.74,-0.02
881,3.72,-0.02
882,3.71,-0.02
883,3.7,-0.02
884,3.69,-0.02
885,3.69,-0.02
886,3.69,-0.02
887,3.69,-0.02
888,3.69,-0.02
889,3.7,-0.02
890,3.71,-0.02
891,3.72,-0.02
892,3.74,-0.02
893,3.76,-0.01
894,3.77,-0.01
895,3.79,-0.01
896,3.82,-0.0
897,3.84,-0.0
898,3.86,-0.0
899,3.89,-0.0
900,3.91,0.0
901,3.93,0.0
902,3.95,0.0
903,3.97,0.01
904,3.99,0.01
905,4.01,0.01
906,4.03,0.01
907,4.04,0.02
908,4.06,0.01
909,4.06,0.02
910,4.07,0.01
911,4.08,0.02
912,4.08,0.02
913,4.08,0.02
914,4.07,0.02
915,4.06,0.02
916,4.06,0.01
917,4.04,0.02
918,4.03,0.02
919,4.01,0.01
920,4.0,0.02
921,3.98,0.01
922,3.96,0.01
923,3.94,0.01
924,3.91,0.0
925,3.89,0.0
926,3.87,0.0
927,3.85,0.0
928,3.83,0.0
929,3.81,-0.0
930,3.8,-0.0
931,3.78,-0.0
932,3.77,-0.0
933,3.76,-0.0
934,3.75,-0.0
935,3.74,0.0
936,3.74,0.0
937,3.74,0.0
938,3.74,-0.0
939,3.74,0.0
940,3.75,-0.0
941,3.76,-0.0
942,3.77,0.0
943,3.78,0.0
944,3.8,0.0
945,3.82,0.01
946,3.83,0.0
947,3.85,0.01
948,3.87,0.01
949,3.89,0.01
950,3.92,0.02
951,3.94,0.02
952,3.96,0.02
953,3.98,0.02
954,4.0,0.02
955,4.02,0.02
956,4.03,0.02
957,4.05,0.02
958,4.06,0.02
959,4.07,0.02
960,4.08,0.02
961,4.09,0.02
962,4.09,0.02
963,4.1,0.02
964,4.1,0.02
965,4.09,0.02
966,4.09,0.03
967,4.08,0.02
968,4.07,0.02
969,4.06,0.02
970,4.05,0.02
971,4.03,0.03
972,4.02,0.02
973,4.0,0.02
974,3.98,0.02
975,3.96,0.02
976,3.94,0.02
977,3.93,0.02
978,3.91,0.02
979,3.89,0.02
980,3.87,0.02
981,3.85,0.02
982,3.84,0.02
983,3.83,0.02
984,3.82,0.01
985,3.81,0.02
986,3.8,0.02
987,3.79,0.02
988,3.79,0.02
989,3.79,0.02
990,3.79,0.02
991,3.8,0.02
992,3.8,0.02
993,3.81,0.02
994,3.82,0.02
995,3.83,0.02
996,3.85,0.02
997,3.86,0.02
998,3.88,0.02
999,3.89,0.03
1000,3.91,0.03
1001,3.93,0.03
1002,3.95,0.03
1003,3.97,0.03
1004,3.99,0.03
1005,4.01,0.04
1006,4.03,0.04
1007,4.04,0.04
1008,4.06,0.04
1009,4.07,0.04
1010,4.09,0.04
1011,4.1,0.04
1012,4.11,0.04
1013,4.11,0.04
1014,4.12,0.04
1015,4.12,0.04
1016,4.12,0.04
1017,4.12,0.04
1018,4.12,0.04
1019,4.11,0.04
1020,4.1,0.04
1021,4.09,0.04
1022,4.08,0.04
1023,4.07,0.04
1024,4.06,0.04
1025,4.04,0.04
1026,4.03,0.04
1027,4.01,0.04
1028,3.99,0.04
1029,3.98,0.04
1030,3.96,0.04
1031,3.94,0.04
1032,3.93,0.03
1033,3.91,0.04
1034,3.9,0.03
1035,3.89,0.03
1036,3.88,0.03
1037,3.87,0.03
1038,3.86,0.04
1039,3.85,0.03
1040,3.85,0.03
1041,3.85,0.03
1042,3.85,0.03
1043,3.85,0.04
1044,3.86,0.03
1045,3.87,0.04
1046,3.87,0.04
1047,3.88,0.04
1048,3.9,0.04
1049,3.91,0.04
1050,3.92,0.04
1051,3.94,0.04
1052,3.95,0.04
1053,3.97,0.05
1054,3.99,0.05
1055,4.01,0.05
1056,4.02,0.05
1057,4.04,0.06
1058,4.06,0.06
1059,4.07,0.05
1060,4.09,0.06
1061,4.1,0.06
1062,4.11,0.06
1063,4.12,0.06
1064,4.13,0.06
1065,4.14,0.06
1066,4.15,0.06
1067,4.15,0.06
1068,4.15,0.06
1069,4.15,0.06
1070,4.15,0.06
1071,4.14,0.06
1072,4.14,0.06
1073,4.13,0.06
1074,4.12,0.06
1075,4.11,0.06
1076,4.1,0.06
1077,4.09,0.06
1078,4.07,0.06
1079,4.06,0.05
1080,4.05,0.05
1081,4.03,0.05
1082,4.02,0.06
1083,4.0,0.05
1084,3.99,0.06
1085,3.97,0.06
1086,3.96,0.05
1087,3.95,0.05
1088,3.94,0.05
1089,3.93,0.05
1090,3.93,0.05
1091,3.92,0.05
1092,3.92,0.05
1093,3.92,0.05
1094,3.92,0.05
1095,3.92,0.05
1096,3.92,0.05
1097,3.93,0.05
1098,3.93,0.06
1099,3.94,0.06
1100,3.95,0.06
1101,3.96,0.06
1102,3.98,0.06
1103,3.99,0.06
1104,4.0,0.06
1105,4.02,0.06
1106,4.03,0.06
1107,4.05,0.06
1108,4.07,0.06
1109,4.08,0.06
1110,4.1,0.06
1111,4.11,0.07
1112,4.12,0.06
1113,4.13,0.07
1114,4.15,0.07
1115,4.16,0.07
1116,4.16,0.07
1117,4.17,0.07
1118,4.18,0.07
1119,4.18,0.07
1120,4.18,0.07
1121,4.18,0.07
1122,4.18,0.07
1123,4.18,0.07
1124,4.17,0.07
1125,4.17,0.07
1126,4.16,0.07
1127,4.15,0.07
1128,4.14,0.07
1129,4.13,0.07
1130,4.12,0.07
1131,4.11,0.07
1132,4.09,0.07
1133,4.08,0.07
1134,4.07,0.07
1135,4.05,0.07
1136,4.04,0.07
1137,4.03,0.07
1138,4.02,0.07
1139,4.01,0.07
1140,4.0,0.07
1141,3.99,0.07
1142,3.98,0.06
1143,3.98,0.06
1144,3.97,0.07
1145,3.97,0.07
1146,3.97,0.07
1147,3.97,0.07
1148,3.97,0.07
1149,3.98,0.07
1150,3.98,0.07
1151,3.99,0.07
1152,4.0,0.07
1153,4.01,0.07
1154,4.02,0.07
1155,4.03,0.07
1156,4.05,0.07
1157,4.06,0.07
1158,4.07,0.07
1159,4.09,0.07
1160,4.1,0.08
1161,4.11,0.08
1162,4.13,0.08
1163,4.14,0.08
1164,4.15,0.08
1165,4.17,0.08
1166,4.18,0.08
1167,4.19,0.08
1168,4.19,0.08
1169,4.2,0.09
1170,4.21,0.08
1171,4.21,0.09
1172,4.21,0.09
1173,4.22,0.08
1174,4.21,0.09
1175,4.21,0.09
1176,4.21,0.09
1177,4.2,0.09
1178,4.2,0.09
1179,4.19,0.09
1180,4.18,0.08
1181,4.17,0.09
1182,4.16,0.09
1183,4.15,0.09
1184,4.14,0.09
1185,4.13,0.09
1186,4.12,0.09
1187,4.1,0.09
1188,4.09,0.09
1189,4.08,0.09
1190,4.07,0.08
1191,4.06,0.08
1192,4.05,0.08
1193,4.05,0.08
1194,4.04,0.09
1195,4.04,0.08
1196,4.03,0.08
1197,4.03,0.08
1198,4.03,0.08
1199,4.03,0.09
1200,4.03,0.09
1201,4.04,0.09
1202,4.04,0.09
1203,4.05,0.09
1204,4.05,0.09
1205,4.06,0.09
1206,4.07,0.09
1207,4.08,0.09
1208,4.09,0.09
1209,4.11,0.09
1210,4.12,0.09
1211,4.13,0.09
1212,4.14,0.09
1213,4.16,0.09
1214,4.17,0.09
1215,4.18,0.1
1216,4.19,0.1
1217,4.2,0.1
1218,4.21,0.1
1219,4.22,0.1
1220,4.23,0.1
1221,4.24,0.1
1222,4.24,0.1
1223,4.25,0.1
1224,4.25,0.11
1225,4.25,0.1
1226,4.25,0.11
1227,4.25,0.11
1228,4.25,0.11
1229,4.25,0.11
1230,4.24,0.11
1231,4.23,0.1
1232,4.23,0.1
1233,4.22,0.11
1234,4.21,0.11
1235,4.2,0.11
1236,4.19,0.1
1237,4.18,0.1
1238,4.17,0.11
1239,4.16,0.11
1240,4.15,0.11
1241,4.14,0.11
1242,4.13,0.11
1243,4.12,0.1
1244,4.11,0.1
1245,4.11,0.11
1246,4.1,0.11
1247,4.1,0.1
1248,4.09,0.1
1249,4.09,0.1
1250,4.09,0.1
1251,4.09,0.11
1252,4.09,0.11
1253,4.09,0.11
1254,4.1,0.11
1255,4.1,0.1
1256,4.11,0.11
1257,4.12,0.11
1258,4.13,0.11
1259,4.14,0.11
1260,4.15,0.11
1261,4.16,0.11
1262,4.17,0.11
1263,4.18,0.11
1264,4.19,0.11
1265,4.2,0.11
1266,4.21,0.11
1267,4.22,0.11
1268,4.24,0.11
1269,4.25,0.11
1270,4.25,0.12
1271,4.26,0.12
1272,4.27,0.12
1273,4.28,0.12
1274,4.28,0.12
1275,4.29,0.12
1276,4.29,0.12
1277,4.29,0.12
1278,4.29,0.12
1279,4.29,0.12
1280,4.29,0.13
1281,4.29,0.13
1282,4.28,0.13
1283,4.28,0.13
1284,4.27,0.13
1285,4.27,0.13
1286,4.26,0.12
1287,4.25,0.13
1288,4.24,0.12
1289,4.23,0.12
1290,4.22,0.13
1291,4.21,0.12
1292,4.2,0.11
1293,4.2,0.12
1294,4.19,0.12
1295,4.18,0.12
1296,4.17,0.12
1297,4.16,0.12
1298,4.16,0.12
1299,4.15,0.12
1300,4.15,0.12
1301,4.15,0.12
1302,4.15,0.12
1303,4.15,0.12
1304,4.15,0.12
1305,4.15,0.12
1306,4.16,0.13
1307,4.16,0.12
1308,4.17,0.13
1309,4.17,0.13
1310,4.18,0.13
1311,4.19,0.13
1312,4.2,0.13
1313,4.21,0.13
1314,4.22,0.13
1315,4.23,0.13
1316,4.24,0.13
1317,4.25,0.13
1318,4.26,0.13
1319,4.27,0.13
1320,4.28,0.13
1321,4.29,0.13
1322,4.3,0.14
1323,4.31,0.13
1324,4.31,0.13
1325,4.32,0.14
1326,4.33,0.14
1327,4.33,0.15
1328,4.33,0.15
1329,4.33,0.15
1330,4.34,0.15
1331,4.34,0.14
1332,4.33,0.14
1333,4.33,0.15
1334,4.33,0.14
1335,4.32,0.14
1336,4.32,0.14
1337,4.31,0.14
1338,4.31,0.14
1339,4.3,0.14
1340,4.29,0.14
1341,4.28,0.14
1342,4.27,0.15
1343,4.27,0.14
1344,4.26,0.14
1345,4.25,0.14
1346,4.24,0.14
1347,4.23,0.14
1348,4.23,0.14
1349,4.22,0.14
1350,4.22,0.14
1351,4.21,0.14
1352,4.21,0.14
1353,4.21,0.14
1354,4.21,0.14
1355,4.21,0.15
1356,4.21,0.14
1357,4.21,0.14
1358,4.21,0.15
1359,4.22,0.15
1360,4.22,0.14
1361,4.23,0.15
1362,4.23,0.15
1363,4.24,0.15
1364,4.25,0.15
1365,4.26,0.15
1366,4.27,0.15
1367,4.28,0.15
1368,4.29,0.15
1369,4.3,0.15
1370,4.31,0.15
1371,4.32,0.16
1372,4.32,0.15
1373,4.33,0.15
1374,4.34,0.15
1375,4.35,0.15
1376,4.36,0.16
1377,4.36,0.16
1378,4.37,0.16
1379,4.37,0.16
1380,4.37,0.16
1381,4.38,0.16
1382,4.38,0.16
1383,4.38,0.17
1384,4.38,0.17
1385,4.38,0.16
1386,4.37,0.16
1387,4.37,0.16
1388,4.37,0.16
1389,4.36,0.16
1390,4.35,0.16
1391,4.35,0.16
1392,4.34,0.16
1393,4.34,0.16
1394,4.33,0.16
1395,4.32,0.16
1396,4.31,0.16
1397,4.31,0.16
1398,4.3,0.16
1399,4.29,0.16
1400,4.29,0.16
1401,4.28,0.16
1402,4.28,0.16
1403,4.27,0.17
1404,4.27,0.17
1405,4.27,0.16
1406,4.27,0.16
1407,4.27,0.17
1408,4.27,0.16
1409,4.27,0.17
1410,4.27,0.17
1411,4.28,0.16
1412,4.28,0.16
1413,4.29,0.17
1414,4.29,0.16
1415,4.3,0.17
1416,4.3,0.17
1417,4.31,0.17
1418,4.32,0.17
1419,4.33,0.17
1420,4.34,0.17
1421,4.35,0.17
1422,4.35,0.17
1423,4.36,0.17
1424,4.37,0.17
1425,4.38,0.17
1426,4.39,0.17
1427,4.39,0.18
1428,4.4,0.18
1429,4.41,0.18
1430,4.41,0.18
1431,4.41,0.18
1432,4.42,0.17
1433,4.42,0.18
1434,4.42,0.18
1435,4.42,0.18
1436,4.42,0.18
1437,4.42,0.18
1438,4.42,0.18
1439,4.42,0.18
1440,4.41,0.18
1441,4.41,0.18
1442,4.4,0.18
1443,4.4,0.18
1444,4.39,0.18
1445,4.39,0.19
1446,4.38,0.18
1447,4.37,0.18
1448,4.37,0.18
1449,4.36,0.18
1450,4.36,0.18
1451,4.35,0.18
1452,4.35,0.18
1453,4.34,0.18
1454,4.34,0.18
1455,4.33,0.18
1456,4.33,0.19
1457,4.33,0.18
1458,4.33,0.19
1459,4.33,0.18
1460,4.33,0.18
1461,4.33,0.19
1462,4.33,0.18
1463,4.33,0.19
1464,4.34,0.19
1465,4.34,0.18
1466,4.35,0.19
1467,4.35,0.19
1468,4.36,0.19
1469,4.36,0.19
1470,4.37,0.19
1471,4.38,0.19
1472,4.39,0.19
1473,4.39,0.19
1474,4.4,0.19
1475,4.41,0.19
1476,4.42,0.19
1477,4.43,0.19
1478,4.43,0.19
1479,4.44,0.19
1480,4.45,0.19
1481,4.45,0.19
1482,4.46,0.2
1483,4.46,0.2
1484,4.46,0.2
1485,4.47,0.2
1486,4.47,0.2
1487,4.47,0.2
1488,4.47,0.2
1489,4.47,0.2
1490,4.47,0.2
1491,4.46,0.2
1492,4.46,0.2
1493,4.46,0.2
1494,4.45,0.2
1495,4.45,0.21
1496,4.44,0.2
1497,4.44,0.2
1498,4.43,0.2
1499,4.43,0.2
1500,4.42,0.2
1501,4.42,0.2
1502,4.41,0.2
1503,4.41,0.2
1504,4.4,0.21
1505,4.4,0.2
1506,4.39,0.2
1507,4.39,0.2
1508,4.39,0.2
1509,4.38,0.2
1510,4.38,0.2
1511,4.38,0.2
1512,4.38,0.21
1513,4.38,0.21
1514,4.38,0.2
1515,4.39,0.21
1516,4.39,0.21
1517,4.39,0.21
1518,4.4,0.21
1519,4.4,0.21
1520,4.41,0.21
1521,4.41,0.21
1522,4.42,0.21
1523,4.43,0.21
1524,4.44,0.21
1525,4.44,0.21
1526,4.45,0.21
1527,4.46,0.21
1528,4.46,0.21
1529,4.47,0.21
1530,4.48,0.22
1531,4.48,0.21
1532,4.49,0.22
1533,4.5,0.22
1534,4.5,0.21
1535,4.5,0.22
1536,4.51,0.22
1537,4.51,0.22
1538,4.51,0.22
1539,4.51,0.22
1540,4.51,0.22
1541,4.51,0.22
1542,4.51,0.22
1543,4.51,0.22
1544,4.51,0.22
1545,4.51,0.22
1546,4.5,0.22
1547,4.5,0.22
1548,4.49,0.22
1549,4.49,0.22
1550,4.49,0.22
1551,4.48,0.22
1552,4.48,0.22
1553,4.47,0.22
1554,4.47,0.22
1555,4.46,0.22
1556,4.46,0.22
1557,4.45,0.22
1558,4.45,0.22
1559,4.45,0.22
1560,4.44,0.22
1561,4.44,0.22
1562,4.44,0.22
1563,4.44,0.22
1564,4.44,0.22
1565,4.44,0.22
1566,4.44,0.22
1567,4.44,0.22
1568,4.45,0.22
1569,4.45,0.22
1570,4.45,0.22
1571,4.46,0.22
1572,4.46,0.22
1573,4.47,0.22
1574,4.47,0.22
1575,4.48,0.22
1576,4.49,0.23
1577,4.49,0.23
1578,4.5,0.23
1579,4.51,0.23
1580,4.51,0.23
1581,4.52,0.23
1582,4.52,0.23
1583,4.53,0.23
1584,4.54,0.23
1585,4.54,0.24
1586,4.54,0.24
1587,4.55,0.24
1588,4.55,0.24
1589,4.55,0.24
1590,4.56,0.24
1591,4.56,0.24
1592,4.56,0.24
1593,4.56,0.24
1594,4.56,0.24
1595,4.56,0.24
1596,4.56,0.24
1597,4.55,0.24
1598,4.55,0.24
1599,4.55,0.24
1600,4.54,0.24
1601,4.54,0.24
1602,4.54,0.24
1603,4.53,0.24
1604,4.53,0.24
1605,4.52,0.24
1606,4.52,0.24
1607,4.52,0.24
1608,4.51,0.24
1609,4.51,0.24
1610,4.5,0.24
1611,4.5,0.24
1612,4.5,0.24
1613,4.5,0.24
1614,4.5,0.24
1615,4.5,0.24
1616,4.5,0.24
1617,4.5,0.24
1618,4.5,0.24
1619,4.5,0.24
1620,4.5,0.24
1621,4.5,0.24
1622,4.51,0.24
1623,4.51,0.24
1624,4.52,0.24
1625,4.52,0.24
1626,4.53,0.24
1627,4.53,0.24
1628,4.54,0.25
1629,4.54,0.24
1630,4.55,0.25
1631,4.55,0.25
1632,4.56,0.25
1633,4.57,0.25
1634,4.57,0.25
1635,4.58,0.26
1636,4.58,0.25
1637,4.59,0.26
1638,4.59,0.25
1639,4.6,0.25
1640,4.6,0.25
1641,4.6,0.26
1642,4.61,0.26
1643,4.61,0.26
1644,4.61,0.26
1645,4.61,0.26
1646,4.61,0.26
1647,4.61,0.25
1648,4.61,0.26
1649,4.61,0.26
1650,4.6,0.26
1651,4.6,0.26
1652,4.6,0.26
1653,4.59,0.26
1654,4.59,0.26
1655,4.59,0.26
1656,4.58,0.26
1657,4.58,0.26
1658,4.58,0.26
1659,4.57,0.26
1660,4.57,0.26
1661,4.57,0.26
1662,4.56,0.26
1663,4.56,0.26
1664,4.56,0.26
1665,4.56,0.26
1666,4.55,0.26
1667,4.55,0.26
1668,4.55,0.26
1669,4.55,0.26
1670,4.55,0.26
1671,4.56,0.26
1672,4.56,0.26
1673,4.56,0.26
1674,4.56,0.26
1675,4.57,0.27
1676,4.57,0.27
1677,4.58,0.27
1678,4.58,0.27
1679,4.59,0.27
1680,4.59,0.27
1681,4.6,0.26
1682,4.6,0.27
1683,4.61,0.27
1684,4.61,0.27
1685,4.62,0.27
1686,4.62,0.27
1687,4.63,0.27
1688,4.63,0.28
1689,4.64,0.28
1690,4.64,0.28
1691,4.65,0.28
1692,4.65,0.28
1693,4.65,0.28
1694,4.65,0.28
1695,4.66,0.28
1696,4.66,0.28
1697,4.66,0.28
1698,4.66,0.28
1699,4.66,0.28
1700,4.66,0.28
1701,4.66,0.28
1702,4.65,0.28
1703,4.65,0.28
1704,4.65,0.28
1705,4.65,0.28
1706,4.64,0.28
1707,4.64,0.28
1708,4.64,0.28
1709,4.63,0.28
1710,4.63,0.28
1711,4.63,0.28
1712,4.62,0.28
1713,4.62,0.28
1714,4.62,0.28
1715,4.62,0.28
1716,4.61,0.28
1717,4.61,0.28
1718,4.61,0.28
1719,4.61,0.28
1720,4.61,0.28
1721,4.61,0.28
1722,4.61,0.28
1723,4.61,0.28
1724,4.61,0.28
1725,4.62,0.28
1726,4.62,0.28
1727,4.62,0.28
1728,4.63,0.29
1729,4.63,0.28
1730,4.63,0.29
1731,4.64,0.29
1732,4.64,0.29
1733,4.65,0.29
1734,4.65,0.29
1735,4.66,0.29
1736,4.66,0.3
1737,4.67,0.29
1738,4.67,0.29
1739,4.68,0.29
1740,4.68,0.3
1741,4.69,0.29
1742,4.69,0.3
1743,4.69,0.3
1744,4.7,0.3
1745,4.7,0.3
1746,4.7,0.3
1747,4.7,0.3
1748,4.71,0.3
1749,4.71,0.3
1750,4.71,0.3
1751,4.71,0.3
1752,4.71,0.3
1753,4.71,0.3
1754,4.7,0.3
1755,4.7,0.3
1756,4.7,0.3
1757,4.7,0.3
1758,4.7,0.3
1759,4.69,0.3
1760,4.69,0.3
1761,4.69,0.3
1762,4.68,0.3
1763,4.68,0.3
1764,4.68,0.3
1765,4.68,0.3
1766,4.67,0.3
1767,4.67,0.3
1768,4.67,0.3
1769,4.67,0.3
1770,4.67,0.3
1771,4.67,0.3
1772,4.67,0.3
1773,4.67,0.3
1774,4.67,0.3
1775,4.67,0.3
1776,4.67,0.3
1777,4.67,0.3
1778,4.67,0.3
1779,4.68,0.31
1780,4.68,0.31
1781,4.68,0.3
1782,4.69,0.31
1783,4.69,0.31
1784,4.69,0.31
1785,4.7,0.31
1786,4.7,0.31
1787,4.71,0.31
1788,4.71,0.31
1789,4.72,0.3
1790,4.72,0.31
1791,4.73,0.31
1792,4.73,0.32
1793,4.73,0.32
1794,4.74,0.32
1795,4.74,0.32
1796,4.74,0.32
1797,4.75,0.32
1798,4.75,0.32
1799,4.75,0.32
1800,4.75,0.32
1801,4.75,0.32
1802,4.76,0.32
1803,4.76,0.32
1804,4.76,0.32
1805,4.75,0.32
1806,4.75,0.32
1807,4.75,0.32
1808,4.75,0.32
1809,4.75,0.32
1810,4.75,0.32
1811,4.74,0.32
1812,4.74,0.32
1813,4.74,0.32
1814,4.74,0.32
1815,4.73,0.32
1816,4.73,0.32
1817,4.73,0.32
1818,4.73,0.32
1819,4.73,0.32
1820,4.72,0.32
1821,4.72,0.32
1822,4.72,0.32
1823,4.72,0.32
1824,4.72,0.32
1825,4.72,0.32
1826,4.72,0.32
1827,4.72,0.33
1828,4.72,0.33
1829,4.73,0.33
1830,4.73,0.33
1831,4.73,0.33
1832,4.73,0.33
1833,4.74,0.33
1834,4.74,0.33
1835,4.74,0.33
1836,4.75,0.34
1837,4.75,0.33
1838,4.76,0.33
1839,4.76,0.33
1840,4.76,0.33
1841,4.77,0.33
1842,4.77,0.33
1843,4.78,0.34
1844,4.78,0.34
1845,4.78,0.33
1846,4.79,0.34
1847,4.79,0.34
1848,4.79,0.34
1849,4.8,0.34
1850,4.8,0.34
1851,4.8,0.34
1852,4.8,0.34
1853,4.8,0.34
1854,4.8,0.34
1855,4.81,0.34
1856,4.81,0.34
1857,4.8,0.34
1858,4.8,0.34
1859,4.8,0.34
1860,4.8,0.34
1861,4.8,0.34
1862,4.8,0.34
1863,4.8,0.34
1864,4.79,0.34
1865,4.79,0.34
1866,4.79,0.34
1867,4.79,0.34
1868,4.79,0.34
1869,4.78,0.34
1870,4.78,0.34
1871,4.78,0.35
1872,4.78,0.34
1873,4.78,0.34
1874,4.78,0.34
1875,4.78,0.34
1876,4.78,0.34
1877,4.78,0.35
1878,4.78,0.34
1879,4.78,0.35
1880,4.78,0.35
1881,4.78,0.35
1882,4.78,0.35
1883,4.78,0.35
1884,4.79,0.35
1885,4.79,0.35
1886,4.79,0.35
1887,4.8,0.35
1888,4.8,0.35
1889,4.8,0.35
1890,4.81,0.35
1891,4.81,0.35
1892,4.81,0.35
1893,4.82,0.35
1894,4.82,0.36
1895,4.83,0.36
1896,4.83,0.36
1897,4.83,0.36
1898,4.84,0.35
1899,4.84,0.36
1900,4.84,0.36
1901,4.85,0.36
1902,4.85,0.36
1903,4.85,0.36
1904,4.85,0.36
1905,4.85,0.36
1906,4.85,0.36
1907,4.85,0.36
1908,4.85,0.36
1909,4.85,0.36
1910,4.85,0.36
1911,4.85,0.36
1912,4.85,0.36
1913,4.85,0.36
1914,4.85,0.36
1915,4.85,0.36
1916,4.85,0.36
1917,4.84,0.36
1918,4.84,0.36
1919,4.84,0.36
1920,4.84,0.36
1921,4.84,0.36
1922,4.83,0.36
1923,4.83,0.36
1924,4.83,0.36
1925,4.83,0.36
1926,4.83,0.37
1927,4.83,0.37
1928,4.83,0.36
1929,4.83,0.37
1930,4.83,0.37
1931,4.83,0.37
1932,4.83,0.37
1933,4.83,0.37
1934,4.84,0.37
1935,4.84,0.37
1936,4.84,0.37
1937,4.84,0.37
1938,4.85,0.37
1939,4.85,0.37
1940,4.85,0.37
1941,4.85,0.37
1942,4.86,0.37
1943,4.86,0.37
1944,4.87,0.37
1945,4.87,0.37
1946,4.87,0.37
1947,4.88,0.37
1948,4.88,0.37
1949,4.88,0.37
1950,4.89,0.37
1951,4.89,0.37
1952,4.89,0.37
1953,4.89,0.38
1954,4.9,0.38
1955,4.9,0.37
1956,4.9,0.38
1957,4.9,0.38
1958,4.9,0.37
1959,4.9,0.37
1960,4.9,0.38
1961,4.9,0.38
1962,4.9,0.37
1963,4.9,0.38
1964,4.9,0.37
1965,4.9,0.38
1966,4.9,0.38
1967,4.9,0.38
1968,4.9,0.38
1969,4.9,0.38
1970,4.89,0.38
1971,4.89,0.38
1972,4.89,0.38
1973,4.89,0.38
1974,4.89,0.39
1975,4.89,0.39
1976,4.88,0.39
1977,4.88,0.38
1978,4.88,0.39
1979,4.88,0.39
1980,4.88,0.39
1981,4.88,0.39
1982,4.88,0.39
1983,4.88,0.39
1984,4.88,0.39
1985,4.89,0.39
1986,4.89,0.39
1987,4.89,0.39
1988,4.89,0.39
1989,4.89,0.39
1990,4.9,0.39
1991,4.9,0.39
1992,4.9,0.39
1993,4.91,0.39
1994,4.91,0.39
1995,4.91,0.39
1996,4.92,0.39
1997,4.92,0.39
1998,4.92,0.39
1999,4.93,0.39
2000,4.93,0.39
2001,4.93,0.39
2002,4.94,0.39
2003,4.94,0.39
2004,4.94,0.39
2005,4.94,0.4
2006,4.94,0.4
2007,4.95,0.4
2008,4.95,0.4
2009,4.95,0.39
2010,4.95,0.39
2011,4.95,0.4
2012,4.95,0.4
2013,4.95,0.4
2014,4.95,0.4
2015,4.95,0.4
2016,4.95,0.4
2017,4.95,0.4
2018,4.95,0.4
2019,4.95,0.4
2020,4.95,0.4
2021,4.94,0.4
2022,4.94,0.4
2023,4.94,0.4
2024,4.94,0.4
2025,4.94,0.4
2026,4.94,0.41
2027,4.94,0.4
2028,4.94,0.41
2029,4.94,0.41
2030,4.93,0.41
2031,4.93,0.41
2032,4.93,0.4
2033,4.93,0.41
2034,4.94,0.41
2035,4.94,0.41
2036,4.94,0.41
2037,4.94,0.41
2038,4.94,0.41
2039,4.94,0.41
2040,4.94,0.41
2041,4.95,0.41
2042,4.95,0.41
2043,4.95,0.41
2044,4.95,0.41
2045,4.96,0.41
2046,4.96,0.41
2047,4.96,0.41
2048,4.97,0.41
2049,4.97,0.41
2050,4.97,0.41
2051,4.97,0.41
2052,4.98,0.41
2053,4.98,0.41
2054,4.98,0.41
2055,4.99,0.41
2056,4.99,0.42
2057,4.99,0.41
2058,4.99,0.42
2059,4.99,0.41
2060,5.0,0.41
2061,5.0,0.42
2062,5.0,0.42
2063,5.0,0.42
2064,5.0,0.42
2065,5.0,0.42
2066,5.0,0.42
2067,5.0,0.42
2068,5.0,0.42
2069,5.0,0.42
2070,5.0,0.42
2071,5.0,0.42
2072,5.0,0.42
2073,4.99,0.42
2074,4.99,0.42
2075,4.99,0.42
2076,4.99,0.42
2077,4.99,0.42
2078,4.99,0.42
2079,4.99,0.42
2080,4.99,0.42
2081,4.99,0.42
2082,4.99,0.42
2083,4.99,0.42
2084,4.99,0.42
2085,4.99,0.43
2086,4.99,0.43
2087,4.99,0.43
2088,4.99,0.43
2089,4.99,0.43
2090,4.99,0.43
2091,4.99,0.43
2092,4.99,0.43
2093,5.0,0.43
2094,5.0,0.43
2095,5.0,0.43
2096,5.0,0.43
2097,5.0,0.43
2098,5.01,0.43
2099,5.01,0.43
2100,5.01,0.43
2101,5.02,0.43
2102,5.02,0.43
2103,5.02,0.43
2104,5.03,0.43
2105,5.03,0.43
2106,5.03,0.43
2107,5.03,0.43
2108,5.04,0.43
2109,5.04,0.43
2110,5.04,0.43
2111,5.04,0.43
2112,5.04,0.44
2113,5.04,0.43
2114,5.05,0.44
2115,5.05,0.44
2116,5.05,0.43
2117,5.05,0.43
2118,5.05,0.44
2119,5.05,0.44
2120,5.05,0.44
2121,5.05,0.44
2122,5.05,0.44
2123,5.05,0.44
2124,5.05,0.44
2125,5.05,0.44
2126,5.04,0.44
2127,5.04,0.44
2128,5.04,0.44
2129,5.04,0.44
2130,5.04,0.44
2131,5.04,0.45
2132,5.04,0.45
2133,5.04,0.45
2134,5.04,0.45
2135,5.04,0.44
2136,5.04,0.44
2137,5.04,0.45
2138,5.04,0.45
2139,5.04,0.45
2140,5.04,0.45
2141,5.04,0.45
2142,5.04,0.45
2143,5.04,0.45
2144,5.04,0.45
2145,5.05,0.45
2146,5.05,0.45
2147,5.05,0.45
2148,5.05,0.45
2149,5.05,0.45
2150,5.06,0.45
2151,5.06,0.45
2152,5.06,0.45
2153,5.07,0.45
2154,5.07,0.45
2155,5.07,0.45
2156,5.07,0.45
2157,5.08,0.45
2158,5.08,0.45
2159,5.08,0.45
2160,5.08,0.45
2161,5.09,0.45
2162,5.09,0.45
2163,5.09,0.46
2164,5.09,0.45
2165,5.09,0.45
2166,5.09,0.46
2167,5.09,0.46
2168,5.1,0.46
2169,5.1,0.46
2170,5.1,0.46
2171,5.1,0.46
2172,5.1,0.46
2173,5.1,0.46
2174,5.1,0.46
2175,5.1,0.46
2176,5.09,0.46
2177,5.09,0.46
2178,5.09,0.46
2179,5.09,0.46
2180,5.09,0.47
2181,5.09,0.47
2182,5.09,0.46
2183,5.09,0.47
2184,5.09,0.46
2185,5.09,0.46
2186,5.09,0.46
2187,5.09,0.47
2188,5.09,0.47
2189,5.09,0.47
2190,5.09,0.47
2191,5.09,0.47
2192,5.09,0.47
2193,5.09,0.47
2194,5.09,0.47
2195,5.09,0.47
2196,5.09,0.47
2197,5.1,0.47
2198,5.1,0.47
2199,5.1,0.47
2200,5.1,0.47
2201,5.1,0.47
2202,5.11,0.47
2203,5.11,0.47
2204,5.11,0.47
2205,5.11,0.47
2206,5.12,0.47
2207,5.12,0.47
2208,5.12,0.47
2209,5.12,0.47
2210,5.13,0.47
2211,5.13,0.47
2212,5.13,0.47
2213,5.13,0.47
2214,5.13,0.47
2215,5.14,0.47
2216,5.14,0.48
2217,5.14,0.47
2218,5.14,0.47
2219,5.14,0.47
2220,5.14,0.48
2221,5.14,0.48
2222,5.14,0.47
2223,5.14,0.48
2224,5.14,0.48
2225,5.14,0.48
2226,5.14,0.48
2227,5.14,0.48
2228,5.14,0.48
2229,5.14,0.48
2230,5.14,0.48
2231,5.14,0.48
2232,5.14,0.48
2233,5.14,0.49
2234,5.14,0.48
2235,5.14,0.48
2236,5.14,0.49
2237,5.14,0.48
2238,5.14,0.48
2239,5.14,0.48
2240,5.14,0.48
2241,5.14,0.48
2242,5.14,0.48
2243,5.14,0.49
2244,5.14,0.49
2245,5.14,0.49
2246,5.14,0.49
2247,5.14,0.49
2248,5.14,0.49
2249,5.14,0.49
2250,5.15,0.49
2251,5.15,0.49
2252,5.15,0.49
2253,5.15,0.49
2254,5.15,0.49
2255,5.16,0.49
2256,5.16,0.49
2257,5.16,0.49
2258,5.16,0.49
2259,5.17,0.49
2260,5.17,0.49
2261,5.17,0.49
2262,5.17,0.49
2263,5.18,0.49
2264,5.18,0.49
2265,5.18,0.49
2266,5.18,0.49
2267,5.18,0.5
2268,5.18,0.49
2269,5.18,0.5
2270,5.19,0.49
2271,5.19,0.49
2272,5.19,0.5
2273,5.19,0.49
2274,5.19,0.49
2275,5.19,0.49
2276,5.19,0.49
2277,5.19,0.49
2278,5.19,0.5
2279,5.19,0.5
2280,5.19,0.5
2281,5.19,0.5
2282,5.19,0.5
2283,5.19,0.5
2284,5.19,0.5
2285,5.19,0.49
2286,5.19,0.5
2287,5.19,0.5
2288,5.18,0.5
2289,5.18,0.5
2290,5.18,0.5
2291,5.18,0.5
2292,5.18,0.51
2293,5.18,0.5
2294,5.19,0.5
2295,5.19,0.51
2296,5.19,0.51
2297,5.19,0.51
2298,5.19,0.51
2299,5.19,0.51
2300,5.19,0.51
2301,5.19,0.51
2302,5.19,0.51
2303,5.2,0.51
2304,5.2,0.51
2305,5.2,0.51
2306,5.2,0.51
2307,5.2,0.51
2308,5.21,0.51
2309,5.21,0.51
2310,5.21,0.51
2311,5.21,0.51
2312,5.21,0.51
2313,5.22,0.51
2314,5.22,0.51
2315,5.22,0.51
2316,5.22,0.51
2317,5.22,0.51
2318,5.23,0.51
2319,5.23,0.51
2320,5.23,0.51
2321,5.23,0.51
2322,5.23,0.51
2323,5.23,0.51
2324,5.23,0.51
2325,5.23,0.51
2326,5.23,0.51
2327,5.23,0.51
2328,5.23,0.52
2329,5.23,0.51
2330,5.23,0.52
2331,5.23,0.51
2332,5.23,0.52
2333,5.23,0.52
2334,5.23,0.52
2335,5.23,0.52
2336,5.23,0.52
2337,5.23,0.52
2338,5.23,0.52
2339,5.23,0.52
2340,5.23,0.52
2341,5.23,0.52
2342,5.23,0.52
2343,5.23,0.52
2344,5.23,0.52
2345,5.23,0.52
2346,5.23,0.52
2347,5.23,0.52
2348,5.23,0.52
2349,5.23,0.52
2350,5.23,0.52
2351,5.23,0.52
2352,5.24,0.52
2353,5.24,0.52
2354,5.24,0.52
2355,5.24,0.52
2356,5.24,0.52
2357,5.24,0.52
2358,5.25,0.52
2359,5.25,0.52
2360,5.25,0.52
2361,5.25,0.52
2362,5.26,0.53
2363,5.26,0.52
2364,5.26,0.52
2365,5.26,0.52
2366,5.26,0.52
2367,5.27,0.52
2368,5.27,0.52
2369,5.27,0.53
2370,5.27,0.53
2371,5.27,0.53
2372,5.28,0.53
2373,5.28,0.53
2374,5.28,0.53
2375,5.28,0.53
2376,5.28,0.53
2377,5.28,0.54
2378,5.28,0.54
2379,5.28,0.54
2380,5.28,0.53
2381,5.28,0.53
2382,5.28,0.53
2383,5.28,0.53
2384,5.28,0.54
2385,5.28,0.53
2386,5.28,0.54
2387,5.28,0.53
2388,5.28,0.54
2389,5.28,0.54
2390,5.28,0.54
2391,5.28,0.54
2392,5.28,0.54
2393,5.27,0.53
2394,5.27,0.54
2395,5.27,0.54
2396,5.27,0.54
2397,5.27,0.54
2398,5.27,0.54
2399,5.28,0.54
2400,5.28,0.54
2401,5.28,0.54
2402,5.28,0.54
2403,5.28,0.54
2404,5.28,0.54
2405,5.28,0.54
2406,5.28,0.54
2407,5.28,0.54
2408,5.29,0.54
2409,5.29,0.54
2410,5.29,0.54
2411,5.29,0.54
2412,5.29,0.54
2413,5.3,0.54
2414,5.3,0.54
2415,5.3,0.54
2416,5.3,0.54
2417,5.3,0.54
2418,5.31,0.54
2419,5.31,0.54
2420,5.31,0.54
2421,5.31,0.55
2422,5.31,0.54
2423,5.31,0.54
2424,5.32,0.55
2425,5.32,0.55
2426,5.32,0.55
2427,5.32,0.55
2428,5.32,0.55
2429,5.32,0.55
2430,5.32,0.55
2431,5.32,0.55
2432,5.32,0.56
2433,5.32,0.55
2434,5.32,0.55
2435,5.32,0.55
2436,5.32,0.55
2437,5.32,0.55
2438,5.32,0.55
2439,5.32,0.55
2440,5.32,0.55
2441,5.32,0.55
2442,5.32,0.56
2443,5.32,0.55
2444,5.32,0.55
2445,5.32,0.56
2446,5.32,0.56
2447,5.32,0.56
2448,5.32,0.55
2449,5.32,0.56
2450,5.32,0.56
2451,5.32,0.56
2452,5.32,0.56
2453,5.32,0.56
2454,5.32,0.56
2455,5.32,0.56
2456,5.33,0.56
2457,5.33,0.56
2458,5.33,0.56
2459,5.33,0.56
2460,5.33,0.56
2461,5.33,0.56
2462,5.33,0.56
2463,5.34,0.56
2464,5.34,0.56
2465,5.34,0.56
2466,5.34,0.56
2467,5.35,0.56
2468,5.35,0.56
2469,5.35,0.56
2470,5.35,0.56
2471,5.35,0.56
2472,5.35,0.56
2473,5.36,0.56
2474,5.36,0.56
2475,5.36,0.56
2476,5.36,0.56
2477,5.36,0.56
2478,5.36,0.56
2479,5.36,0.56
2480,5.36,0.56
2481,5.37,0.56
2482,5.37,0.56
2483,5.37,0.56
2484,5.37,0.57
2485,5.37,0.57
2486,5.37,0.57
2487,5.37,0.57
2488,5.37,0.57
2489,5.37,0.57
2490,5.37,0.57
2491,5.36,0.57
2492,5.36,0.57
2493,5.36,0.57
2494,5.36,0.57
2495,5.36,0.57
2496,5.36,0.58
2497,5.36,0.57
2498,5.36,0.57
2499,5.36,0.57
2500,5.36,0.58
2501,5.36,0.57
2502,5.37,0.58
2503,5.37,0.57
2504,5.37,0.58
2505,5.37,0.58
2506,5.37,0.57
2507,5.37,0.58
2508,5.37,0.58
2509,5.37,0.58
2510,5.37,0.58
2511,5.37,0.58
2512,5.38,0.58
2513,5.38,0.58
2514,5.38,0.58
2515,5.38,0.58
2516,5.38,0.58
2517,5.38,0.58
2518,5.39,0.58
2519,5.39,0.58
2520,5.39,0.58
2521,5.39,0.58
2522,5.39,0.58
2523,5.4,0.58
2524,5.4,0.58
2525,5.4,0.58
2526,5.4,0.58
2527,5.4,0.58
2528,5.4,0.58
2529,5.4,0.58
2530,5.4,0.58
2531,5.41,0.58
2532,5.41,0.58
2533,5.41,0.58
2534,5.41,0.58
2535,5.41,0.59
2536,5.41,0.58
2537,5.41,0.58
2538,5.41,0.58
2539,5.41,0.59
2540,5.41,0.58
2541,5.41,0.58
2542,5.41,0.59
2543,5.41,0.59
2544,5.41,0.59
2545,5.41,0.59
2546,5.41,0.59
2547,5.41,0.59
2548,5.41,0.59
2549,5.41,0.59
2550,5.41,0.59
2551,5.41,0.59
2552,5.41,0.59
2553,5.41,0.59
2554,5.41,0.59
2555,5.41,0.59
2556,5.41,0.59
2557,5.41,0.59
2558,5.41,0.59
2559,5.41,0.59
2560,5.42,0.59
2561,5.42,0.59
2562,5.42,0.59
2563,5.42,0.59
2564,5.42,0.59
2565,5.42,0.59
2566,5.42,0.59
2567,5.43,0.6
2568,5.43,0.6
2569,5.43,0.6
2570,5.43,0.6
2571,5.43,0.6
2572,5.43,0.6
2573,5.44,0.6
2574,5.44,0.6
2575,5.44,0.6
2576,5.44,0.6
2577,5.44,0.6
2578,5.44,0.6
2579,5.44,0.6
2580,5.44,0.6
2581,5.45,0.6
2582,5.45,0.6
2583,5.45,0.6
2584,5.45,0.6
2585,5.45,0.6
2586,5.45,0.6
2587,5.45,0.6
2588,5.45,0.6
2589,5.45,0.6
2590,5.45,0.6
2591,5.45,0.6
2592,5.45,0.6
2593,5.45,0.6
2594,5.45,0.6
2595,5.45,0.6
2596,5.45,0.6
2597,5.45,0.6
2598,5.45,0.6
2599,5.45,0.6
2600,5.45,0.6
2601,5.45,0.6
2602,5.45,0.6
2603,5.45,0.6
2604,5.45,0.6
2605,5.45,0.6
2606,5.45,0.61
2607,5.45,0.61
2608,5.45,0.61
2609,5.45,0.61
2610,5.45,0.61
2611,5.45,0.6
2612,5.46,0.61
2613,5.46,0.61
2614,5.46,0.61
2615,5.46,0.61
2616,5.46,0.61
2617,5.46,0.61
2618,5.46,0.61
2619,5.46,0.61
2620,5.47,0.61
2621,5.47,0.61
2622,5.47,0.61
2623,5.47,0.61
2624,5.47,0.61
2625,5.47,0.61
2626,5.48,0.61
2627,5.48,0.61
2628,5.48,0.62
2629,5.48,0.62
2630,5.48,0.61
2631,5.48,0.62
2632,5.48,0.62
2633,5.48,0.62
2634,5.48,0.62
2635,5.48,0.62
2636,5.49,0.62
2637,5.49,0.62
2638,5.49,0.62
2639,5.49,0.62
2640,5.49,0.62
2641,5.49,0.62
2642,5.49,0.62
2643,5.49,0.62
2644,5.49,0.62
2645,5.49,0.62
2646,5.49,0.62
2647,5.49,0.62
2648,5.49,0.62
2649,5.49,0.62
2650,5.49,0.62
2651,5.49,0.62
2652,5.49,0.62
2653,5.49,0.62
2654,5.49,0.62
2655,5.49,0.62
2656,5.49,0.62
2657,5.49,0.62
2658,5.49,0.62
2659,5.49,0.62
2660,5.49,0.62
2661,5.49,0.62
2662,5.49,0.62
2663,5.49,0.62
2664,5.49,0.62
2665,5.5,0.62
2666,5.5,0.62
2667,5.5,0.63
2668,5.5,0.62
2669,5.5,0.62
2670,5.5,0.62
2671,5.5,0.62
2672,5.51,0.63
2673,5.51,0.63
2674,5.51,0.62
2675,5.51,0.63
2676,5.51,0.63
2677,5.51,0.63
2678,5.51,0.62
2679,5.52,0.63
2680,5.52,0.63
2681,5.52,0.62
2682,5.52,0.63
2683,5.52,0.63
2684,5.52,0.63
2685,5.52,0.63
2686,5.52,0.63
2687,5.52,0.63
2688,5.52,0.63
2689,5.52,0.63
2690,5.52,0.63
2691,5.52,0.63
2692,5.52,0.64
2693,5.52,0.64
2694,5.52,0.64
2695,5.52,0.64
2696,5.52,0.64
2697,5.52,0.64
2698,5.52,0.63
2699,5.52,0.63
2700,5.52,0.63
2701,5.52,0.63
2702,5.52,0.64
2703,5.52,0.64
2704,5.52,0.64
2705,5.52,0.64
2706,5.52,0.64
2707,5.53,0.64
2708,5.53,0.64
2709,5.53,0.64
2710,5.53,0.64
2711,5.53,0.64
2712,5.53,0.64
2713,5.53,0.64
2714,5.53,0.64
2715,5.53,0.64
2716,5.53,0.64
2717,5.53,0.64
2718,5.54,0.64
2719,5.54,0.64
2720,5.54,0.64
2721,5.54,0.64
2722,5.54,0.64
2723,5.54,0.64
2724,5.54,0.64
2725,5.55,0.64
2726,5.55,0.64
2727,5.55,0.64
2728,5.55,0.64
2729,5.55,0.64
2730,5.55,0.64
2731,5.55,0.64
2732,5.55,0.64
2733,5.55,0.65
2734,5.55,0.64
2735,5.56,0.65
2736,5.56,0.65
2737,5.56,0.64
2738,5.56,0.64
2739,5.56,0.65
2740,5.56,0.65
2741,5.56,0.64
2742,5.56,0.65
2743,5.56,0.65
2744,5.56,0.65
2745,5.56,0.65
2746,5.56,0.65
2747,5.56,0.65
2748,5.56,0.65
2749,5.56,0.65
2750,5.56,0.65
2751,5.56,0.65
2752,5.56,0.65
2753,5.56,0.65
2754,5.56,0.65
2755,5.56,0.65
2756,5.56,0.65
2757,5.56,0.65
2758,5.56,0.65
2759,5.56,0.65
2760,5.56,0.65
2761,5.56,0.65
2762,5.56,0.65
2763,5.56,0.65
2764,5.57,0.65
2765,5.57,0.65
2766,5.57,0.65
2767,5.57,0.65
2768,5.57,0.65
2769,5.57,0.65
2770,5.57,0.65
2771,5.57,0.65
2772,5.57,0.65
2773,5.58,0.65
2774,5.58,0.65
2775,5.58,0.65
2776,5.58,0.65
2777,5.58,0.65
2778,5.58,0.65
2779,5.58,0.65
2780,5.58,0.66
2781,5.58,0.65
2782,5.59,0.65
2783,5.59,0.65
2784,5.59,0.65
2785,5.59,0.65
2786,5.59,0.66
2787,5.59,0.66
2788,5.59,0.66
2789,5.59,0.66
2790,5.59,0.66
2791,5.59,0.66
2792,5.59,0.66
2793,5.59,0.66
2794,5.59,0.66
2795,5.59,0.66
2796,5.59,0.66
2797,5.59,0.66
2798,5.59,0.66
2799,5.59,0.66
2800,5.59,0.66
2801,5.59,0.66
2802,5.59,0.66
2803,5.59,0.66
2804,5.59,0.67
2805,5.59,0.67
2806,5.59,0.67
2807,5.6,0.66
2808,5.6,0.67
2809,5.6,0.67
2810,5.6,0.66
2811,5.6,0.67
2812,5.6,0.67
2813,5.6,0.67
2814,5.6,0.67
2815,5.6,0.67
2816,5.6,0.67
2817,5.6,0.67
2818,5.6,0.67
2819,5.6,0.67
2820,5.6,0.67
2821,5.61,0.67
2822,5.61,0.67
2823,5.61,0.67
2824,5.61,0.67
2825,5.61,0.67
2826,5.61,0.67
2827,5.61,0.67
2828,5.61,0.67
2829,5.61,0.67
2830,5.62,0.67
2831,5.62,0.67
2832,5.62,0.67
2833,5.62,0.67
2834,5.62,0.67
2835,5.62,0.67
2836,5.62,0.67
2837,5.62,0.67
2838,5.62,0.67
2839,5.62,0.67
2840,5.62,0.67
2841,5.62,0.67
2842,5.62,0.67
2843,5.62,0.67
2844,5.62,0.67
2845,5.62,0.67
2846,5.63,0.67
2847,5.63,0.67
2848,5.63,0.67
2849,5.63,0.68
2850,5.63,0.67
2851,5.63,0.67
2852,5.63,0.67
2853,5.63,0.67
2854,5.63,0.67
2855,5.63,0.68
2856,5.63,0.68
2857,5.63,0.68
2858,5.63,0.67
2859,5.63,0.68
2860,5.63,0.67
2861,5.63,0.68
2862,5.63,0.68
2863,5.63,0.68
2864,5.63,0.68
2865,5.63,0.68
2866,5.63,0.68
2867,5.63,0.68
2868,5.64,0.68
2869,5.64,0.68
2870,5.64,0.68
2871,5.64,0.68
2872,5.64,0.69
2873,5.64,0.68
2874,5.64,0.68
2875,5.64,0.69
2876,5.64,0.68
2877,5.65,0.69
2878,5.65,0.69
2879,5.65,0.69
2880,5.65,0.69
2881,5.65,0.69
2882,5.65,0.69
2883,5.65,0.69
2884,5.65,0.69
2885,5.65,0.69
2886,5.65,0.69
2887,5.65,0.68
2888,5.65,0.69
2889,5.66,0.69
2890,5.66,0.69
2891,5.66,0.69
2892,5.66,0.69
2893,5.66,0.69
2894,5.66,0.69
2895,5.66,0.69
2896,5.66,0.69
2897,5.66,0.69
2898,5.66,0.69
2899,5.66,0.69
2900,5.66,0.69
2901,5.66,0.69
2902,5.66,0.69
2903,5.66,0.69
2904,5.66,0.69
2905,5.66,0.69
2906,5.66,0.69
2907,5.66,0.69
2908,5.66,0.69
2909,5.66,0.69
2910,5.66,0.69
2911,5.66,0.69
2912,5.66,0.69
2913,5.66,0.69
2914,5.66,0.69
2915,5.66,0.69
2916,5.66,0.69
2917,5.67,0.69
2918,5.67,0.69
2919,5.67,0.69
2920,5.67,0.69
2921,5.67,0.69
2922,5.67,0.69
2923,5.67,0.69
2924,5.67,0.69
2925,5.67,0.7
2926,5.67,0.7
2927,5.68,0.7
2928,5.68,0.69
2929,5.68,0.7
2930,5.68,0.69
2931,5.68,0.69
2932,5.68,0.69
2933,5.68,0.69
2934,5.68,0.69
2935,5.68,0.7
2936,5.68,0.7
2937,5.68,0.7
2938,5.69,0.69
2939,5.69,0.7
2940,5.69,0.7
2941,5.69,0.7
2942,5.69,0.7
2943,5.69,0.7
2944,5.69,0.7
2945,5.69,0.7
2946,5.69,0.71
2947,5.69,0.71
2948,5.69,0.71
2949,5.69,0.7
2950,5.69,0.7
2951,5.69,0.7
2952,5.69,0.71
2953,5.69,0.7
2954,5.69,0.7
2955,5.69,0.7
2956,5.69,0.7
2957,5.69,0.71
2958,5.69,0.7
2959,5.69,0.71
2960,5.69,0.71
2961,5.69,0.71
2962,5.69,0.71
2963,5.69,0.71
2964,5.69,0.71
2965,5.69,0.7
2966,5.7,0.71
2967,5.7,0.71
2968,5.7,0.71
2969,5.7,0.71
2970,5.7,0.71
2971,5.7,0.71
2972,5.7,0.71
2973,5.7,0.71
2974,5.7,0.71
2975,5.7,0.71
2976,5.7,0.71
2977,5.7,0.71
2978,5.71,0.71
2979,5.71,0.71
2980,5.71,0.71
2981,5.71,0.71
2982,5.71,0.71
2983,5.71,0.71
2984,5.71,0.71
2985,5.71,0.71
2986,5.71,0.71
2987,5.71,0.71
2988,5.71,0.71
2989,5.71,0.71
2990,5.72,0.71
2991,5.72,0.71
2992,5.72,0.71
2993,5.72,0.71
2994,5.72,0.71
2995,5.72,0.71
2996,5.72,0.71
2997,5.72,0.71
2998,5.72,0.71
2999,5.72,0.71
3000,5.72,0.71
3001,5.72,0.72
3002,5.72,0.71
3003,5.72,0.71
3004,5.72,0.71
3005,5.72,0.71
3006,5.72,0.72
3007,5.72,0.71
3008,5.72,0.71
3009,5.72,0.71
3010,5.72,0.71
3011,5.72,0.71
3012,5.72,0.72
3013,5.72,0.72
3014,5.72,0.72
3015,5.72,0.72
3016,5.72,0.72
3017,5.72,0.72
3018,5.73,0.72
3019,5.73,0.72
3020,5.73,0.72
3021,5.73,0.72
3022,5.73,0.72
3023,5.73,0.72
3024,5.73,0.72
3025,5.73,0.72
3026,5.73,0.72
3027,5.73,0.72
3028,5.73,0.72
3029,5.73,0.72
3030,5.74,0.72
3031,5.74,0.72
3032,5.74,0.72
3033,5.74,0.72
3034,5.74,0.72
3035,5.74,0.72
3036,5.74,0.72
3037,5.74,0.72
3038,5.74,0.73
3039,5.74,0.73
3040,5.74,0.73
3041,5.74,0.73
3042,5.74,0.73
3043,5.74,0.73
3044,5.75,0.73
3045,5.75,0.73
3046,5.75,0.73
3047,5.75,0.73
3048,5.75,0.73
3049,5.75,0.73
3050,5.75,0.73
3051,5.75,0.73
3052,5.75,0.73
3053,5.75,0.73
3054,5.75,0.73
3055,5.75,0.73
3056,5.75,0.73
3057,5.75,0.73
3058,5.75,0.73
3059,5.75,0.73
3060,5.75,0.73
3061,5.75,0.73
3062,5.75,0.73
3063,5.75,0.73
3064,5.75,0.73
3065,5.75,0.73
3066,5.75,0.73
3067,5.75,0.73
3068,5.75,0.73
3069,5.75,0.73
3070,5.76,0.73
3071,5.76,0.73
3072,5.76,0.73
3073,5.76,0.73
3074,5.76,0.73
3075,5.76,0.73
3076,5.76,0.73
3077,5.76,0.73
3078,5.76,0.73
3079,5.76,0.73
3080,5.76,0.73
3081,5.76,0.73
3082,5.76,0.73
3083,5.77,0.73
3084,5.77,0.73
3085,5.77,0.73
3086,5.77,0.73
3087,5.77,0.73
3088,5.77,0.73
3089,5.77,0.73
3090,5.77,0.73
3091,5.77,0.73
3092,5.77,0.73
3093,5.77,0.73
3094,5.77,0.74
3095,5.77,0.74
3096,5.77,0.74
3097,5.77,0.74
3098,5.77,0.73
3099,5.77,0.74
3100,5.77,0.74
3101,5.77,0.74
3102,5.77,0.74
3103,5.77,0.73
3104,5.78,0.74
3105,5.78,0.74
3106,5.78,0.74
3107,5.78,0.74
3108,5.78,0.74
3109,5.78,0.74
3110,5.78,0.74
3111,5.78,0.73
3112,5.78,0.74
3113,5.78,0.74
3114,5.78,0.74
3115,5.78,0.74
3116,5.78,0.74
3117,5.78,0.75
3118,5.78,0.74
3119,5.78,0.74
3120,5.78,0.74
3121,5.78,0.75
3122,5.78,0.74
3123,5.78,0.74
3124,5.78,0.75
3125,5.78,0.75
3126,5.79,0.75
3127,5.79,0.74
3128,5.79,0.74
3129,5.79,0.74
3130,5.79,0.75
3131,5.79,0.75
3132,5.79,0.75
3133,5.79,0.75
3134,5.79,0.75
3135,5.79,0.75
3136,5.79,0.75
3137,5.79,0.75
3138,5.79,0.75
3139,5.79,0.75
3140,5.8,0.75
3141,5.8,0.74
3142,5.8,0.75
3143,5.8,0.75
3144,5.8,0.75
3145,5.8,0.75
3146,5.8,0.75
3147,5.8,0.75
3148,5.8,0.75
3149,5.8,0.75
3150,5.8,0.75
3151,5.8,0.75
3152,5.8,0.75
3153,5.8,0.75
3154,5.8,0.75
3155,5.8,0.75
3156,5.8,0.75
3157,5.8,0.75
3158,5.8,0.75
3159,5.8,0.75
3160,5.8,0.75
3161,5.8,0.75
3162,5.8,0.75
3163,5.8,0.75
3164,5.8,0.75
3165,5.8,0.75
3166,5.8,0.75
3167,5.8,0.75
3168,5.8,0.75
3169,5.81,0.75
3170,5.81,0.75
3171,5.81,0.75
3172,5.81,0.75
3173,5.81,0.75
3174,5.81,0.75
3175,5.81,0.75
3176,5.81,0.75
3177,5.81,0.75
3178,5.81,0.75
3179,5.81,0.76
3180,5.81,0.75
3181,5.81,0.75
3182,5.81,0.75
3183,5.81,0.76
3184,5.82,0.75
3185,5.82,0.76
3186,5.82,0.75
3187,5.82,0.76
3188,5.82,0.75
3189,5.82,0.75
3190,5.82,0.75
3191,5.82,0.76
3192,5.82,0.75
3193,5.82,0.76
3194,5.82,0.76
3195,5.82,0.75
3196,5.82,0.76
3197,5.82,0.76
3198,5.82,0.75
3199,5.82,0.76
3200,5.82,0.76
3201,5.82,0.75
3202,5.82,0.76
3203,5.82,0.76
3204,5.82,0.76
3205,5.82,0.76
3206,5.82,0.76
3207,5.83,0.76
3208,5.83,0.76
3209,5.83,0.76
3210,5.83,0.76
3211,5.83,0.76
3212,5.83,0.76
3213,5.83,0.76
3214,5.83,0.76
3215,5.83,0.76
3216,5.83,0.76
3217,5.83,0.76
3218,5.83,0.76
3219,5.83,0.76
3220,5.83,0.76
3221,5.83,0.76
3222,5.83,0.76
3223,5.83,0.76
3224,5.83,0.76
3225,5.83,0.76
3226,5.83,0.76
3227,5.83,0.76
3228,5.83,0.76
3229,5.83,0.76
3230,5.83,0.77
3231,5.84,0.76
3232,5.84,0.76
3233,5.84,0.76
3234,5.84,0.76
3235,5.84,0.77
3236,5.84,0.77
3237,5.84,0.77
3238,5.84,0.77
3239,5.84,0.77
3240,5.84,0.77
3241,5.84,0.77
3242,5.84,0.77
3243,5.84,0.77
3244,5.84,0.77
3245,5.84,0.77
3246,5.84,0.77
3247,5.84,0.77
3248,5.85,0.77
3249,5.85,0.77
3250,5.85,0.77
3251,5.85,0.77
3252,5.85,0.77
3253,5.85,0.77
3254,5.85,0.77
3255,5.85,0.77
3256,5.85,0.77
3257,5.85,0.77
3258,5.85,0.77
3259,5.85,0.77
3260,5.85,0.77
3261,5.85,0.77
3262,5.85,0.77
3263,5.85,0.77
3264,5.85,0.77
3265,5.85,0.77
3266,5.85,0.77
3267,5.85,0.77
3268,5.85,0.77
3269,5.85,0.77
3270,5.85,0.77
3271,5.85,0.77
3272,5.85,0.77
3273,5.85,0.77
3274,5.85,0.77
3275,5.86,0.77
3276,5.86,0.77
3277,5.86,0.77
3278,5.86,0.77
3279,5.86,0.77
3280,5.86,0.77
3281,5.86,0.77
3282,5.86,0.77
3283,5.86,0.77
3284,5.86,0.77
3285,5.86,0.77
3286,5.86,0.77
3287,5.86,0.77
3288,5.86,0.77
3289,5.86,0.77
3290,5.87,0.77
3291,5.87,0.77
3292,5.87,0.77
3293,5.87,0.77
3294,5.87,0.77
3295,5.87,0.77
3296,5.87,0.77
3297,5.87,0.77
3298,5.87,0.77
3299,5.87,0.78
3300,5.87,0.77
3301,5.87,0.77
3302,5.87,0.78
3303,5.87,0.77
3304,5.87,0.78
3305,5.87,0.78
3306,5.87,0.78
3307,5.87,0.78
3308,5.87,0.78
3309,5.87,0.78
3310,5.87,0.78
3311,5.87,0.78
3312,5.87,0.78
3313,5.87,0.78
3314,5.87,0.78
3315,5.87,0.78
3316,5.87,0.78
3317,5.87,0.78
3318,5.87,0.78
3319,5.87,0.78
3320,5.87,0.78
3321,5.87,0.78
3322,5.87,0.78
3323,5.88,0.78
3324,5.88,0.78
3325,5.88,0.78
3326,5.88,0.78
3327,5.88,0.78
3328,5.88,0.78
3329,5.88,0.78
3330,5.88,0.78
3331,5.88,0.78
3332,5.88,0.78
3333,5.88,0.78
3334,5.88,0.78
3335,5.88,0.78
3336,5.88,0.78
3337,5.88,0.78
3338,5.88,0.78
3339,5.88,0.79
3340,5.88,0.78
3341,5.89,0.79
3342,5.89,0.79
3343,5.89,0.79
3344,5.89,0.79
3345,5.89,0.78
3346,5.89,0.79
3347,5.89,0.79
3348,5.89,0.79
3349,5.89,0.79
3350,5.89,0.79
3351,5.89,0.79
3352,5.89,0.79
3353,5.89,0.79
3354,5.89,0.79
3355,5.89,0.79
3356,5.89,0.79
3357,5.89,0.79
3358,5.89,0.78
3359,5.89,0.79
3360,5.89,0.79
3361,5.89,0.79
3362,5.89,0.79
3363,5.89,0.79
3364,5.89,0.79
3365,5.89,0.79
3366,5.89,0.79
3367,5.89,0.79
3368,5.89,0.79
3369,5.89,0.79
3370,5.89,0.79
3371,5.9,0.79
3372,5.9,0.79
3373,5.9,0.79
3374,5.9,0.79
3375,5.9,0.79
3376,5.9,0.79
3377,5.9,0.79
3378,5.9,0.79
3379,5.9,0.79
3380,5.9,0.79
3381,5.9,0.79
3382,5.9,0.79
3383,5.9,0.79
3384,5.9,0.79
3385,5.9,0.79
3386,5.9,0.79
3387,5.9,0.79
3388,5.9,0.79
3389,5.9,0.79
3390,5.9,0.79
3391,5.9,0.79
3392,5.91,0.79
3393,5.91,0.79
3394,5.91,0.79
3395,5.91,0.79
3396,5.91,0.79
3397,5.91,0.79
3398,5.91,0.79
3399,5.91,0.79
3400,5.91,0.79
3401,5.91,0.79
3402,5.91,0.79
3403,5.91,0.79
3404,5.91,0.79
3405,5.91,0.79
3406,5.91,0.79
3407,5.91,0.8
3408,5.91,0.79
3409,5.91,0.79
3410,5.91,0.79
3411,5.91,0.8
3412,5.91,0.79
3413,5.91,0.79
3414,5.91,0.79
3415,5.91,0.79
3416,5.91,0.8
3417,5.91,0.79
3418,5.91,0.79
3419,5.91,0.8
3420,5.91,0.8
3421,5.91,0.8
3422,5.91,0.8
3423,5.91,0.8
3424,5.91,0.8
3425,5.91,0.8
3426,5.92,0.8
3427,5.92,0.79
3428,5.92,0.8
3429,5.92,0.8
3430,5.92,0.79
3431,5.92,0.8
3432,5.92,0.8
3433,5.92,0.8
3434,5.92,0.8
3435,5.92,0.8
3436,5.92,0.8
3437,5.92,0.8
3438,5.92,0.79
3439,5.92,0.8
3440,5.92,0.8
3441,5.92,0.79
3442,5.92,0.8
3443,5.92,0.8
3444,5.92,0.8
3445,5.92,0.8
3446,5.93,0.8
3447,5.93,0.8
3448,5.93,0.8
3449,5.93,0.8
3450,5.93,0.8
3451,5.93,0.8
3452,5.93,0.8
3453,5.93,0.8
3454,5.93,0.8
3455,5.93,0.8
3456,5.93,0.8
3457,5.93,0.8
3458,5.93,0.8
3459,5.93,0.8
3460,5.93,0.8
3461,5.93,0.8
3462,5.93,0.8
3463,5.93,0.8
3464,5.93,0.8
3465,5.93,0.8
3466,5.93,0.8
3467,5.93,0.8
3468,5.93,0.8
3469,5.93,0.8
3470,5.93,0.8
3471,5.93,0.8
3472,5.93,0.8
3473,5.93,0.8
3474,5.93,0.8
3475,5.93,0.8
3476,5.93,0.8
3477,5.93,0.8
3478,5.93,0.8
3479,5.93,0.8
3480,5.93,0.8
3481,5.93,0.8
3482,5.94,0.8
3483,5.94,0.8
3484,5.94,0.8
3485,5.94,0.8
3486,5.94,0.8
3487,5.94,0.8
3488,5.94,0.8
3489,5.94,0.8
3490,5.94,0.8
3491,5.94,0.8
3492,5.94,0.8
3493,5.94,0.8
3494,5.94,0.8
3495,5.94,0.8
3496,5.94,0.8
3497,5.94,0.8
3498,5.94,0.8
3499,5.94,0.8
3500,5.94,0.8
3501,5.94,0.8
3502,5.94,0.81
3503,5.94,0.81
3504,5.94,0.8
3505,5.94,0.81
3506,5.94,0.81
3507,5.94,0.81
3508,5.94,0.8
3509,5.94,0.8
3510,5.95,0.8
3511,5.95,0.81
3512,5.95,0.81
3513,5.95,0.8
3514,5.95,0.81
3515,5.95,0.8
3516,5.95,0.8
3517,5.95,0.8
3518,5.95,0.8
3519,5.95,0.81
3520,5.95,0.81
3521,5.95,0.8
3522,5.95,0.8
3523,5.95,0.81
3524,5.95,0.81
3525,5.95,0.8
3526,5.95,0.8
3527,5.95,0.81
3528,5.95,0.8
3529,5.95,0.81
3530,5.95,0.8
3531,5.95,0.81
3532,5.95,0.8
3533,5.95,0.8
3534,5.95,0.81
3535,5.95,0.81
3536,5.96,0.8
3537,5.96,0.8
3538,5.96,0.81
3539,5.96,0.81
3540,5.96,0.81
3541,5.96,0.81
3542,5.96,0.81
3543,5.96,0.81
3544,5.96,0.81
3545,5.96,0.81
3546,5.96,0.81
3547,5.96,0.81
3548,5.96,0.81
3549,5.96,0.81
3550,5.96,0.81
3551,5.96,0.81
3552,5.96,0.81
3553,5.96,0.81
3554,5.96,0.81
3555,5.96,0.82
3556,5.96,0.81
3557,5.96,0.82
3558,5.96,0.81
3559,5.96,0.81
3560,5.96,0.81
3561,5.96,0.81
3562,5.96,0.81
3563,5.96,0.81
3564,5.96,0.82
3565,5.96,0.81
3566,5.96,0.82
3567,5.96,0.81
3568,5.96,0.81
3569,5.96,0.81
3570,5.96,0.81
3571,5.96,0.81
3572,5.96,0.81
3573,5.97,0.81
3574,5.97,0.81
3575,5.97,0.81
3576,5.97,0.81
3577,5.97,0.82
3578,5.97,0.82
3579,5.97,0.81
3580,5.97,0.81
3581,5.97,0.81
3582,5.97,0.81
3583,5.97,0.82
3584,5.97,0.82
3585,5.97,0.81
3586,5.97,0.81
3587,5.97,0.81
3588,5.97,0.82
3589,5.97,0.81
3590,5.97,0.82
3591,5.97,0.82
3592,5.97,0.82
3593,5.97,0.82
3594,5.97,0.82
3595,5.97,0.82
3596,5.97,0.82
3597,5.97,0.82
3598,5.97,0.82
3599,5.97,0.82
3600,5.97,0.82
3601,5.97,0.82
3602,5.97,0.82
3603,5.97,0.82
3604,5.97,0.82
3605,5.97,0.82
3606,5.97,0.82
3607,5.97,0.82
3608,5.97,0.82
3609,5.97,0.82
3610,5.97,0.82
3611,5.97,0.82
3612,5.97,0.82
3613,5.97,0.82
3614,5.98,0.82
3615,5.98,0.82
3616,5.98,0.82
3617,5.98,0.82
3618,5.98,0.82
3619,5.98,0.82
3620,5.98,0.82
3621,5.98,0.82
3622,5.98,0.82
3623,5.98,0.82
3624,5.98,0.82
3625,5.98,0.82
3626,5.98,0.82
3627,5.98,0.82
3628,5.98,0.82
3629,5.98,0.82
3630,5.98,0.82
3631,5.98,0.82
3632,5.99,0.82
3633,5.99,0.82
3634,5.99,0.82
3635,5.99,0.82
3636,5.99,0.82
3637,5.99,0.82
3638,5.99,0.82
3639,5.99,0.82
3640,5.99,0.82
3641,5.99,0.82
3642,5.99,0.82
3643,5.99,0.82
3644,5.99,0.82
3645,5.99,0.82
3646,5.99,0.82
3647,5.99,0.82
3648,5.99,0.82
3649,5.99,0.82
3650,5.99,0.82
3651,5.99,0.82
3652,5.99,0.82
3653,5.99,0.82
3654,5.99,0.82
3655,5.99,0.82
3656,5.99,0.82
3657,5.99,0.82
3658,5.99,0.82
3659,5.99,0.82
3660,5.99,0.82
3661,5.99,0.82
3662,5.99,0.82
3663,5.99,0.82
3664,5.99,0.82
3665,5.99,0.82
3666,5.99,0.82
3667,5.99,0.82
3668,5.99,0.82
3669,5.99,0.83
3670,5.99,0.82
3671,5.99,0.83
3672,5.99,0.82
3673,5.99,0.82
3674,5.99,0.82
3675,5.99,0.82
3676,5.99,0.82
3677,6.0,0.82
3678,6.0,0.82
3679,6.0,0.82
3680,6.0,0.82
3681,6.0,0.82
3682,6.0,0.82
3683,6.0,0.82
3684,6.0,0.82
3685,6.0,0.82
3686,6.0,0.82
3687,6.0,0.82
3688,6.0,0.82
3689,6.0,0.82
3690,6.0,0.82
3691,6.0,0.82
3692,6.0,0.82
3693,6.0,0.82
3694,6.0,0.82
3695,6.0,0.82
3696,6.0,0.82
3697,6.0,0.83
3698,6.0,0.82
3699,6.0,0.82
3700,6.0,0.82
3701,6.0,0.82
3702,6.0,0.82
3703,6.0,0.82
3704,6.0,0.82
3705,6.0,0.82
3706,6.0,0.82
3707,6.0,0.82
3708,6.0,0.82
3709,6.0,0.82
3710,6.0,0.82
3711,6.0,0.82
3712,6.0,0.82
3713,6.0,0.82
3714,6.0,0.82
3715,6.0,0.83
3716,6.0,0.83
3717,6.0,0.83
3718,6.0,0.83
3719,6.0,0.83
3720,6.0,0.83
3721,6.0,0.83
3722,6.0,0.83
3723,6.0,0.83
3724,6.0,0.83
3725,6.0,0.83
3726,6.0,0.83
3727,6.0,0.83
3728,6.0,0.84
3729,6.0,0.83
3730,6.0,0.83
3731,6.01,0.83
3732,6.01,0.83
3733,6.01,0.83
3734,6.01,0.83
3735,6.01,0.83
3736,6.01,0.83
3737,6.01,0.84
3738,6.01,0.84
3739,6.01,0.83
3740,6.01,0.83
3741,6.01,0.83
3742,6.01,0.83
3743,6.01,0.83
3744,6.01,0.83
3745,6.01,0.83
3746,6.01,0.84
3747,6.01,0.83
3748,6.01,0.83
3749,6.01,0.83
3750,6.01,0.84
3751,6.01,0.83
3752,6.01,0.83
3753,6.01,0.83
3754,6.01,0.83
3755,6.01,0.83
3756,6.01,0.83
3757,6.01,0.83
3758,6.01,0.83
3759,6.01,0.83
3760,6.01,0.83
3761,6.01,0.82
3762,6.01,0.83
3763,6.01,0.83
3764,6.01,0.83
3765,6.01,0.83
3766,6.01,0.84
3767,6.01,0.83
3768,6.01,0.83
3769,6.01,0.83
3770,6.01,0.83
3771,6.01,0.83
3772,6.01,0.83
3773,6.01,0.83
3774,6.01,0.83
3775,6.01,0.83
3776,6.01,0.83
3777,6.01,0.83
3778,6.01,0.83
3779,6.01,0.83
3780,6.01,0.83
3781,6.01,0.83
3782,6.01,0.83
3783,6.01,0.83
3784,6.01,0.83
3785,6.01,0.83
3786,6.01,0.83
3787,6.01,0.83
3788,6.02,0.83
3789,6.02,0.83
3790,6.02,0.84
3791,6.02,0.83
3792,6.02,0.83
3793,6.02,0.83
3794,6.02,0.83
3795,6.02,0.83
3796,6.02,0.83
3797,6.02,0.84
3798,6.02,0.83
3799,6.02,0.83
3800,6.02,0.84
3801,6.02,0.84
3802,6.02,0.84
3803,6.02,0.84
3804,6.02,0.84
3805,6.02,0.83
3806,6.02,0.84
3807,6.02,0.84
3808,6.02,0.84
3809,6.02,0.83
3810,6.02,0.84
3811,6.01,0.84
3812,6.01,0.84
3813,6.01,0.84
3814,6.02,0.84
3815,6.02,0.84
3816,6.02,0.84
3817,6.02,0.84
3818,6.02,0.84
3819,6.02,0.84
3820,6.02,0.84
3821,6.02,0.84
3822,6.02,0.84
3823,6.02,0.84
3824,6.02,0.84
3825,6.02,0.84
3826,6.02,0.84
3827,6.02,0.84
3828,6.02,0.84
3829,6.02,0.84
3830,6.02,0.84
3831,6.02,0.84
3832,6.02,0.84
3833,6.02,0.84
3834,6.02,0.84
3835,6.03,0.84
3836,6.03,0.84
3837,6.03,0.84
3838,6.03,0.84
3839,6.03,0.84
3840,6.03,0.84
3841,6.03,0.84
3842,6.03,0.84
3843,6.03,0.84
3844,6.03,0.84
3845,6.03,0.84
3846,6.03,0.84
3847,6.03,0.84
3848,6.03,0.84
3849,6.03,0.84
3850,6.03,0.84
3851,6.03,0.84
3852,6.03,0.84
3853,6.03,0.84
3854,6.03,0.84
3855,6.03,0.84
3856,6.03,0.84
3857,6.03,0.84
3858,6.02,0.84
3859,6.02,0.84
3860,6.02,0.84
3861,6.02,0.84
3862,6.02,0.84
3863,6.02,0.84
3864,6.02,0.84
3865,6.02,0.84
3866,6.02,0.84
3867,6.02,0.84
3868,6.02,0.84
3869,6.02,0.84
3870,6.02,0.84
3871,6.02,0.84
3872,6.02,0.84
3873,6.02,0.84
3874,6.02,0.83
3875,6.02,0.84
3876,6.02,0.84
3877,6.03,0.84
3878,6.03,0.84
3879,6.03,0.84
3880,6.03,0.84
3881,6.03,0.84
3882,6.03,0.84
3883,6.03,0.84
3884,6.03,0.84
3885,6.03,0.84
3886,6.03,0.84
3887,6.03,0.84
3888,6.03,0.84
3889,6.03,0.84
3890,6.03,0.84
3891,6.03,0.84
3892,6.03,0.84
3893,6.03,0.84
3894,6.03,0.84
3895,6.03,0.84
3896,6.03,0.84
3897,6.03,0.84
3898,6.03,0.84
3899,6.03,0.83
3900,6.03,0.84
3901,6.03,0.84
3902,6.03,0.84
3903,6.03,0.84
3904,6.03,0.84
3905,6.03,0.84
3906,6.03,0.84
3907,6.03,0.84
3908,6.03,0.84
3909,6.03,0.84
3910,6.03,0.84
3911,6.03,0.84
3912,6.03,0.84
3913,6.03,0.84
3914,6.03,0.84
3915,6.03,0.84
3916,6.03,0.84
3917,6.03,0.84
3918,6.03,0.84
3919,6.03,0.84
3920,6.03,0.84
3921,6.03,0.84
3922,6.03,0.84
3923,6.03,0.84
3924,6.03,0.84
3925,6.03,0.84
3926,6.03,0.84
3927,6.03,0.84
3928,6.03,0.84
3929,6.03,0.84
3930,6.03,0.84
3931,6.03,0.84
3932,6.03,0.84
3933,6.03,0.84
3934,6.03,0.84
3935,6.04,0.84
3936,6.04,0.84
3937,6.04,0.84
3938,6.04,0.84
3939,6.04,0.84
3940,6.04,0.84
3941,6.04,0.84
3942,6.04,0.84
3943,6.04,0.84
3944,6.04,0.84
3945,6.04,0.84
3946,6.04,0.85
3947,6.04,0.84
3948,6.04,0.84
3949,6.04,0.84
3950,6.04,0.84
3951,6.04,0.84
3952,6.04,0.84
3953,6.04,0.84
3954,6.04,0.84
3955,6.04,0.84
3956,6.04,0.84
3957,6.04,0.84
3958,6.04,0.84
3959,6.04,0.84
3960,6.04,0.84
3961,6.04,0.84
3962,6.04,0.84
3963,6.04,0.84
3964,6.04,0.84
3965,6.04,0.84
3966,6.04,0.84
3967,6.04,0.84
3968,6.04,0.84
3969,6.04,0.84
3970,6.04,0.84
3971,6.04,0.84
3972,6.04,0.84
3973,6.04,0.84
3974,6.04,0.84
3975,6.04,0.84
3976,6.04,0.84
3977,6.04,0.84
3978,6.04,0.84
3979,6.04,0.84
3980,6.04,0.84
3981,6.04,0.84
3982,6.04,0.84
3983,6.04,0.84
3984,6.04,0.84
3985,6.04,0.84
3986,6.04,0.84
3987,6.04,0.84
3988,6.04,0.84
3989,6.04,0.84
3990,6.04,0.84
3991,6.04,0.84
3992,6.04,0.84
3993,6.05,0.84
3994,6.05,0.84
3995,6.05,0.84
3996,6.05,0.84
3997,6.05,0.84
3998,6.05,0.84
3999,6.05,0.84
4000,6.05,0.84
4001,6.05,0.84
4002,6.05,0.84
4003,6.05,0.84
4004,6.05,0.84
4005,6.04,0.84
4006,6.04,0.84
4007,6.04,0.84
4008,6.04,0.84
4009,6.04,0.84
4010,6.04,0.84
4011,6.04,0.84
4012,6.04,0.84
4013,6.04,0.84
4014,6.04,0.84
4015,6.04,0.84
4016,6.04,0.84
4017,6.04,0.84
4018,6.04,0.84
4019,6.04,0.84
4020,6.04,0.84
4021,6.04,0.84
4022,6.04,0.84
4023,6.04,0.84
4024,6.04,0.84
4025,6.04,0.84
4026,6.04,0.84
4027,6.04,0.84
4028,6.04,0.84
4029,6.04,0.84
4030,6.04,0.84
4031,6.04,0.84
4032,6.04,0.84
4033,6.04,0.84
4034,6.04,0.84
4035,6.04,0.84
4036,6.04,0.84
4037,6.05,0.84
4038,6.05,0.84
4039,6.05,0.84
4040,6.05,0.84
4041,6.05,0.84
4042,6.05,0.84
4043,6.05,0.84
4044,6.05,0.84
4045,6.05,0.84
4046,6.05,0.84
4047,6.05,0.84
4048,6.05,0.84
4049,6.05,0.84
4050,6.05,0.84
4051,6.05,0.84
4052,6.05,0.84
4053,6.05,0.84
4054,6.05,0.84
4055,6.05,0.84
4056,6.05,0.84
4057,6.05,0.84
4058,6.05,0.84
4059,6.05,0.84
4060,6.05,0.84
4061,6.05,0.84
4062,6.04,0.84
4063,6.04,0.84
4064,6.04,0.84
4065,6.04,0.84
4066,6.04,0.84
4067,6.04,0.84
4068,6.04,0.84
4069,6.04,0.84
4070,6.04,0.84
4071,6.04,0.84
4072,6.04,0.84
4073,6.04,0.84
4074,6.04,0.84
4075,6.04,0.84
4076,6.04,0.84
4077,6.04,0.84
4078,6.04,0.84
4079,6.04,0.84
4080,6.04,0.84
4081,6.04,0.84
4082,6.04,0.84
4083,6.04,0.84
4084,6.04,0.84
4085,6.04,0.84
4086,6.05,0.84
4087,6.05,0.84
4088,6.05,0.84
4089,6.05,0.84
4090,6.05,0.84
4091,6.05,0.84
4092,6.05,0.84
4093,6.05,0.84
4094,6.05,0.84
4095,6.05,0.84
4096,6.05,0.84
4097,6.05,0.84
4098,6.05,0.84
4099,6.05,0.84
4100,6.05,0.84
4101,6.05,0.84
4102,6.05,0.84
4103,6.05,0.84
4104,6.05,0.84
4105,6.05,0.84
4106,6.05,0.84
4107,6.05,0.84
4108,6.05,0.84
4109,6.05,0.84
4110,6.05,0.84
4111,6.05,0.84
4112,6.04,0.84
4113,6.04,0.84
4114,6.04,0.84
4115,6.04,0.84
4116,6.04,0.84
4117,6.04,0.84
4118,6.04,0.84
4119,6.04,0.84
4120,6.04,0.84
4121,6.04,0.84
4122,6.04,0.84
4123,6.04,0.84
4124,6.04,0.84
4125,6.04,0.84
4126,6.04,0.84
4127,6.04,0.84
4128,6.04,0.84
4129,6.04,0.84
4130,6.04,0.84
4131,6.04,0.84
4132,6.04,0.84
4133,6.04,0.84
4134,6.04,0.84
4135,6.04,0.84
4136,6.04,0.84
4137,6.04,0.84
4138,6.05,0.84
4139,6.05,0.84
4140,6.05,0.84
4141,6.05,0.84
4142,6.05,0.84
4143,6.05,0.84
4144,6.05,0.84
4145,6.05,0.84
4146,6.05,0.84
4147,6.05,0.84
4148,6.05,0.84
4149,6.05,0.84
4150,6.05,0.84
4151,6.05,0.84
4152,6.05,0.84
4153,6.05,0.84
4154,6.05,0.84
4155,6.05,0.84
4156,6.05,0.84
4157,6.05,0.84
4158,6.05,0.84
4159,6.05,0.84
4160,6.05,0.84
4161,6.05,0.84
4162,6.04,0.84
4163,6.04,0.84
4164,6.04,0.84
4165,6.04,0.84
4166,6.04,0.84
4167,6.04,0.84
4168,6.04,0.84
4169,6.04,0.84
4170,6.04,0.84
4171,6.04,0.84
4172,6.04,0.84
4173,6.04,0.84
4174,6.04,0.84
4175,6.04,0.84
4176,6.04,0.84
4177,6.04,0.84
4178,6.04,0.84
4179,6.04,0.84
4180,6.04,0.84
4181,6.04,0.84
4182,6.04,0.84
4183,6.04,0.84
4184,6.04,0.84
4185,6.04,0.84
4186,6.04,0.84
4187,6.04,0.84
4188,6.04,0.84
4189,6.04,0.84
4190,6.04,0.84
4191,6.04,0.84
4192,6.04,0.84
4193,6.04,0.84
4194,6.04,0.84
4195,6.04,0.84
4196,6.05,0.84
4197,6.05,0.84
4198,6.05,0.84
4199,6.05,0.84
4200,6.05,0.84
4201,6.05,0.84
4202,6.05,0.84
4203,6.05,0.84
4204,6.05,0.84
4205,6.05,0.84
4206,6.04,0.84
4207,6.04,0.84
4208,6.04,0.84
4209,6.04,0.84
4210,6.04,0.84
4211,6.04,0.84
4212,6.04,0.84
4213,6.04,0.84
4214,6.04,0.84
4215,6.04,0.84
4216,6.04,0.84
4217,6.04,0.84
4218,6.04,0.84
4219,6.04,0.84
4220,6.04,0.84
4221,6.04,0.84
4222,6.04,0.84
4223,6.04,0.84
4224,6.04,0.84
4225,6.04,0.84
4226,6.04,0.84
4227,6.04,0.84
4228,6.04,0.84
4229,6.04,0.84
4230,6.04,0.84
4231,6.04,0.84
4232,6.04,0.84
4233,6.04,0.84
4234,6.04,0.84
4235,6.04,0.84
4236,6.04,0.84
4237,6.04,0.84
4238,6.04,0.84
4239,6.04,0.84
4240,6.04,0.84
4241,6.04,0.84
4242,6.04,0.84
4243,6.04,0.84
4244,6.04,0.84
4245,6.04,0.84
4246,6.04,0.84
4247,6.04,0.84
4248,6.04,0.84
4249,6.04,0.84
4250,6.04,0.84
4251,6.04,0.84
4252,6.04,0.84
4253,6.04,0.84
4254,6.04,0.84
4255,6.04,0.84
4256,6.04,0.84
4257,6.04,0.84
4258,6.04,0.84
4259,6.04,0.84
4260,6.04,0.84
4261,6.04,0.84
4262,6.04,0.84
4263,6.04,0.84
4264,6.04,0.84
4265,6.04,0.84
4266,6.04,0.84
4267,6.04,0.84
4268,6.04,0.84
4269,6.04,0.84
4270,6.04,0.84
4271,6.04,0.84
4272,6.04,0.84
4273,6.04,0.84
4274,6.04,0.84
4275,6.04,0.84
4276,6.04,0.84
4277,6.04,0.84
4278,6.04,0.84
4279,6.04,0.84
4280,6.04,0.84
4281,6.04,0.84
4282,6.04,0.84
4283,6.04,0.84
4284,6.04,0.84
4285,6.04,0.84
4286,6.04,0.84
4287,6.04,0.84
4288,6.04,0.84
4289,6.04,0.84
4290,6.04,0.84
4291,6.04,0.84
4292,6.04,0.84
4293,6.04,0.84
4294,6.04,0.84
4295,6.04,0.84
4296,6.04,0.84
4297,6.04,0.84
4298,6.04,0.84
4299,6.04,0.84
4300,6.04,0.84
4301,6.04,0.84
4302,6.04,0.84
4303,6.04,0.84
4304,6.04,0.84
4305,6.04,0.84
4306,6.04,0.84
4307,6.04,0.84
4308,6.04,0.84
4309,6.04,0.84
4310,6.04,0.84
4311,6.04,0.84
4312,6.04,0.84
4313,6.04,0.84
4314,6.04,0.84
4315,6.04,0.84
4316,6.04,0.84
4317,6.04,0.84
4318,6.04,0.84
4319,6.04,0.84
4320,6.04,0.84
4321,6.04,0.84
4322,6.04,0.84
4323,6.04,0.84
4324,6.04,0.84
4325,6.04,0.84
4326,6.04,0.84
4327,6.04,0.84
4328,6.04,0.84
4329,6.04,0.84
4330,6.04,0.84
4331,6.04,0.84
4332,6.04,0.84
4333,6.04,0.84
4334,6.04,0.84
4335,6.04,0.84
4336,6.03,0.84
4337,6.03,0.84
4338,6.03,0.84
4339,6.03,0.84
4340,6.03,0.84
4341,6.03,0.84
4342,6.03,0.84
4343,6.03,0.84
4344,6.03,0.84
4345,6.03,0.84
4346,6.03,0.84
4347,6.03,0.84
4348,6.03,0.84
4349,6.03,0.84
4350,6.03,0.84
4351,6.04,0.84
4352,6.03,0.84
4353,6.04,0.84
4354,6.04,0.84
4355,6.04,0.84
4356,6.04,0.84
4357,6.04,0.83
4358,6.04,0.84
4359,6.04,0.84
4360,6.04,0.84
4361,6.04,0.84
4362,6.03,0.84
4363,6.03,0.84
4364,6.03,0.84
4365,6.03,0.84
4366,6.03,0.84
4367,6.03,0.84
4368,6.03,0.84
4369,6.03,0.84
4370,6.03,0.84
4371,6.03,0.84
4372,6.03,0.84
4373,6.03,0.84
4374,6.03,0.84
4375,6.03,0.84
4376,6.03,0.84
4377,6.03,0.84
4378,6.03,0.84
4379,6.03,0.84
4380,6.03,0.84
4381,6.03,0.83
4382,6.03,0.84
4383,6.03,0.84
4384,6.03,0.84
4385,6.03,0.84
4386,6.03,0.84
4387,6.03,0.84
4388,6.03,0.84
4389,6.03,0.84
4390,6.03,0.84
4391,6.03,0.84
4392,6.03,0.84
4393,6.03,0.84
4394,6.03,0.84
4395,6.03,0.84
4396,6.03,0.84
4397,6.03,0.84
4398,6.03,0.84
4399,6.03,0.84
4400,6.03,0.83
4401,6.03,0.84
4402,6.03,0.84
4403,6.03,0.84
4404,6.03,0.83
4405,6.03,0.84
4406,6.03,0.84
4407,6.03,0.84
4408,6.03,0.84
4409,6.03,0.84
4410,6.03,0.84
4411,6.03,0.84
4412,6.03,0.84
4413,6.03,0.84
4414,6.03,0.83
4415,6.03,0.84
4416,6.03,0.84
4417,6.03,0.84
4418,6.03,0.84
4419,6.03,0.84
4420,6.03,0.84
4421,6.03,0.84
4422,6.03,0.84
4423,6.03,0.84
4424,6.03,0.84
4425,6.03,0.84
4426,6.03,0.84
4427,6.03,0.84
4428,6.03,0.84
4429,6.03,0.84
4430,6.03,0.84
4431,6.03,0.84
4432,6.03,0.84
4433,6.03,0.84
4434,6.03,0.83
4435,6.03,0.84
4436,6.03,0.84
4437,6.03,0.83
4438,6.03,0.84
4439,6.03,0.83
4440,6.03,0.84
4441,6.03,0.83
4442,6.03,0.83
4443,6.03,0.83
4444,6.03,0.83
4445,6.03,0.83
4446,6.03,0.83
4447,6.03,0.83
4448,6.03,0.83
4449,6.03,0.83
4450,6.03,0.83
4451,6.03,0.83
4452,6.03,0.82
4453,6.03,0.82
4454,6.03,0.83
4455,6.03,0.83
4456,6.03,0.83
4457,6.03,0.83
4458,6.03,0.83
4459,6.03,0.83
4460,6.03,0.83
4461,6.03,0.83
4462,6.03,0.83
4463,6.02,0.83
4464,6.02,0.83
4465,6.02,0.83
4466,6.02,0.83
4467,6.02,0.83
4468,6.02,0.83
4469,6.02,0.83
4470,6.02,0.82
4471,6.02,0.82
4472,6.02,0.83
4473,6.02,0.83
4474,6.02,0.83
4475,6.02,0.83
4476,6.02,0.83
4477,6.02,0.83
4478,6.02,0.83
4479,6.02,0.83
4480,6.02,0.83
4481,6.02,0.83
4482,6.02,0.83
4483,6.02,0.83
4484,6.02,0.83
4485,6.02,0.83
4486,6.02,0.83
4487,6.02,0.83
4488,6.02,0.83
4489,6.02,0.83
4490,6.02,0.83
4491,6.02,0.83
4492,6.02,0.83
4493,6.02,0.82
4494,6.02,0.83
4495,6.02,0.83
4496,6.02,0.83
4497,6.02,0.83
4498,6.02,0.83
4499,6.02,0.83
4500,6.02,0.83
4501,6.02,0.83
4502,6.02,0.83
4503,6.02,0.83
4504,6.02,0.83
4505,6.02,0.83
4506,6.02,0.83
4507,6.02,0.83
4508,6.02,0.83
4509,6.02,0.83
4510,6.02,0.83
4511,6.02,0.83
4512,6.02,0.83
4513,6.02,0.84
4514,6.02,0.82
4515,6.02,0.83
4516,6.02,0.83
4517,6.02,0.83
4518,6.02,0.83
4519,6.02,0.83
4520,6.02,0.83
4521,6.02,0.82
4522,6.02,0.82
4523,6.02,0.83
4524,6.02,0.82
4525,6.02,0.83
4526,6.02,0.83
4527,6.02,0.82
4528,6.02,0.82
4529,6.02,0.82
4530,6.02,0.82
4531,6.02,0.82
4532,6.02,0.82
4533,6.01,0.82
4534,6.01,0.82
4535,6.01,0.82
4536,6.01,0.82
4537,6.01,0.82
4538,6.01,0.82
4539,6.01,0.82
4540,6.01,0.82
4541,6.01,0.82
4542,6.01,0.82
4543,6.01,0.82
4544,6.01,0.82
4545,6.01,0.82
4546,6.01,0.82
4547,6.01,0.82
4548,6.01,0.82
4549,6.01,0.82
4550,6.01,0.82
4551,6.01,0.82
4552,6.01,0.82
4553,6.01,0.82
4554,6.01,0.82
4555,6.01,0.82
4556,6.01,0.82
4557,6.01,0.82
4558,6.01,0.82
4559,6.01,0.82
4560,6.01,0.82
4561,6.01,0.82
4562,6.01,0.82
4563,6.01,0.82
4564,6.01,0.82
4565,6.01,0.82
4566,6.01,0.82
4567,6.01,0.82
4568,6.01,0.82
4569,6.01,0.82
4570,6.01,0.82
4571,6.01,0.82
4572,6.01,0.82
4573,6.01,0.82
4574,6.01,0.82
4575,6.01,0.82
4576,6.01,0.83
4577,6.01,0.82
4578,6.01,0.82
4579,6.01,0.82
4580,6.01,0.82
4581,6.01,0.82
4582,6.01,0.82
4583,6.01,0.82
4584,6.01,0.82
4585,6.01,0.82
4586,6.01,0.82
4587,6.01,0.82
4588,6.01,0.82
4589,6.01,0.82
4590,6.01,0.82
4591,6.01,0.82
4592,6.01,0.82
4593,6.01,0.82
4594,6.01,0.82
4595,6.01,0.82
4596,6.01,0.82
4597,6.01,0.82
4598,6.01,0.82
4599,6.01,0.82
4600,6.01,0.82
4601,6.01,0.82
4602,6.01,0.82
4603,6.01,0.82
4604,6.0,0.82
4605,6.0,0.82
4606,6.0,0.82
4607,6.0,0.82
4608,6.0,0.82
4609,6.0,0.82
4610,6.0,0.82
4611,6.0,0.82
4612,6.0,0.82
4613,6.0,0.82
4614,6.0,0.82
4615,6.0,0.82
4616,6.0,0.82
4617,6.0,0.82
4618,6.0,0.82
4619,6.0,0.82
4620,6.0,0.82
4621,6.0,0.82
4622,6.0,0.82
4623,6.0,0.82
4624,6.0,0.82
4625,6.0,0.82
4626,6.0,0.82
4627,6.0,0.82
4628,6.0,0.82
4629,6.0,0.82
4630,6.0,0.82
4631,6.0,0.82
4632,6.0,0.82
4633,6.0,0.82
4634,6.0,0.82
4635,6.0,0.82
4636,6.0,0.82
4637,6.0,0.82
4638,6.0,0.82
4639,6.0,0.82
4640,6.0,0.82
4641,6.0,0.82
4642,6.0,0.82
4643,6.0,0.82
4644,6.0,0.82
4645,6.0,0.82
4646,6.0,0.82
4647,6.0,0.82
4648,6.0,0.82
4649,6.0,0.82
4650,6.0,0.82
4651,6.0,0.82
4652,6.0,0.82
4653,6.0,0.82
4654,6.0,0.82
4655,6.0,0.82
4656,6.0,0.82
4657,6.0,0.82
4658,6.0,0.82
4659,6.0,0.82
4660,6.0,0.82
4661,6.0,0.81
4662,6.0,0.82
4663,6.0,0.82
4664,6.0,0.82
4665,6.0,0.81
4666,6.0,0.82
4667,6.0,0.82
4668,6.0,0.81
4669,6.0,0.81
4670,6.0,0.81
4671,5.99,0.81
4672,5.99,0.82
4673,5.99,0.81
4674,5.99,0.82
4675,5.99,0.81
4676,5.99,0.81
4677,5.99,0.81
4678,5.99,0.81
4679,5.99,0.81
4680,5.99,0.81
4681,5.99,0.81
4682,5.99,0.82
4683,5.99,0.81
4684,5.99,0.81
4685,5.99,0.81
4686,5.99,0.81
4687,5.99,0.81
4688,5.99,0.81
4689,5.99,0.81
4690,5.99,0.81
4691,5.99,0.81
4692,5.99,0.81
4693,5.99,0.81
4694,5.99,0.81
4695,5.99,0.81
4696,5.99,0.81
4697,5.99,0.81
4698,5.99,0.81
4699,5.99,0.82
4700,5.99,0.81
4701,5.99,0.81
4702,5.98,0.81
4703,5.98,0.81
4704,5.98,0.81
4705,5.98,0.81
4706,5.98,0.81
4707,5.98,0.81
4708,5.98,0.81
4709,5.98,0.81
4710,5.98,0.81
4711,5.98,0.81
4712,5.98,0.81
4713,5.98,0.81
4714,5.98,0.81
4715,5.98,0.81
4716,5.98,0.81
4717,5.98,0.81
4718,5.98,0.81
4719,5.98,0.81
4720,5.98,0.81
4721,5.98,0.81
4722,5.98,0.81
4723,5.98,0.81
4724,5.98,0.81
4725,5.98,0.81
4726,5.98,0.81
4727,5.98,0.8
4728,5.98,0.81
4729,5.98,0.81
4730,5.98,0.8
4731,5.98,0.8
4732,5.98,0.8
4733,5.98,0.8
4734,5.98,0.8
4735,5.98,0.81
4736,5.98,0.81
4737,5.98,0.8
4738,5.98,0.8
4739,5.98,0.8
4740,5.98,0.8
4741,5.98,0.8
4742,5.98,0.8
4743,5.98,0.8
4744,5.98,0.8
4745,5.98,0.81
4746,5.97,0.8
4747,5.97,0.81
4748,5.97,0.8
4749,5.97,0.8
4750,5.97,0.81
4751,5.97,0.8
4752,5.97,0.8
4753,5.97,0.8
4754,5.97,0.8
4755,5.97,0.81
4756,5.97,0.8
4757,5.97,0.8
4758,5.97,0.8
4759,5.97,0.8
4760,5.97,0.8
4761,5.97,0.8
4762,5.97,0.8
4763,5.97,0.81
4764,5.97,0.8
4765,5.97,0.8
4766,5.97,0.8
4767,5.97,0.8
4768,5.97,0.8
4769,5.97,0.8
4770,5.97,0.8
4771,5.97,0.8
4772,5.97,0.8
4773,5.97,0.8
4774,5.97,0.8
4775,5.97,0.8
4776,5.97,0.8
4777,5.97,0.8
4778,5.97,0.8
4779,5.97,0.8
4780,5.97,0.8
4781,5.97,0.8
4782,5.97,0.8
4783,5.97,0.8
4784,5.97,0.8
4785,5.97,0.8
4786,5.97,0.8
4787,5.97,0.8
4788,5.97,0.8
4789,5.97,0.8
4790,5.97,0.8
4791,5.97,0.8
4792,5.97,0.8
4793,5.97,0.8
4794,5.97,0.8
4795,5.97,0.8
4796,5.97,0.8
4797,5.97,0.8
4798,5.97,0.8
4799,5.96,0.8
4800,5.96,0.8
4801,5.96,0.8
4802,5.96,0.8
4803,5.96,0.8
4804,5.96,0.8
4805,5.96,0.8
4806,5.96,0.8
4807,5.96,0.8
4808,5.96,0.8
4809,5.96,0.8
4810,5.96,0.8
4811,5.96,0.8
4812,5.96,0.8
4813,5.96,0.8
4814,5.96,0.8
4815,5.96,0.8
4816,5.96,0.8
4817,5.96,0.8
4818,5.96,0.8
4819,5.96,0.8
4820,5.96,0.8
4821,5.96,0.8
4822,5.96,0.8
4823,5.96,0.8
4824,5.96,0.8
4825,5.96,0.8
4826,5.96,0.8
4827,5.96,0.8
4828,5.96,0.8
4829,5.96,0.8
4830,5.96,0.8
4831,5.96,0.8
4832,5.96,0.8
4833,5.96,0.8
4834,5.96,0.79
4835,5.96,0.8
4836,5.96,0.8
4837,5.96,0.8
4838,5.96,0.8
4839,5.96,0.8
4840,5.96,0.79
4841,5.96,0.79
4842,5.96,0.8
4843,5.96,0.79
4844,5.96,0.79
4845,5.96,0.8
4846,5.96,0.79
4847,5.96,0.8
4848,5.96,0.8
4849,5.96,0.79
4850,5.95,0.79
4851,5.95,0.79
4852,5.95,0.79
4853,5.95,0.79
4854,5.95,0.8
4855,5.95,0.8
4856,5.95,0.8
4857,5.95,0.8
4858,5.95,0.79
4859,5.95,0.79
4860,5.95,0.8
4861,5.95,0.79
4862,5.95,0.79
4863,5.95,0.8
4864,5.95,0.8
4865,5.95,0.8
4866,5.95,0.79
4867,5.95,0.8
4868,5.94,0.8
4869,5.94,0.79
4870,5.94,0.79
4871,5.94,0.8
4872,5.94,0.8
4873,5.94,0.79
4874,5.94,0.8
4875,5.94,0.79
4876,5.94,0.79
4877,5.94,0.8
4878,5.95,0.79
4879,5.95,0.79
4880,5.95,0.8
4881,5.95,0.79
4882,5.95,0.79
4883,5.95,0.79
4884,5.95,0.79
4885,5.95,0.79
4886,5.95,0.79
4887,5.95,0.79
4888,5.95,0.79
4889,5.95,0.79
4890,5.95,0.79
4891,5.95,0.79
4892,5.95,0.79
4893,5.95,0.79
4894,5.95,0.79
4895,5.95,0.79
4896,5.95,0.79
4897,5.94,0.79
4898,5.94,0.79
4899,5.94,0.79
4900,5.94,0.79
4901,5.94,0.79
4902,5.94,0.79
4903,5.94,0.79
4904,5.94,0.79
4905,5.94,0.79
4906,5.94,0.79
4907,5.94,0.79
4908,5.94,0.79
4909,5.93,0.79
4910,5.93,0.79
4911,5.93,0.79
4912,5.93,0.79
4913,5.93,0.79
4914,5.93,0.79
4915,5.93,0.79
4916,5.93,0.79
4917,5.93,0.79
4918,5.93,0.79
4919,5.93,0.79
4920,5.93,0.79
4921,5.93,0.79
4922,5.93,0.79
4923,5.93,0.79
4924,5.93,0.79
4925,5.93,0.79
4926,5.93,0.79
4927,5.93,0.79
4928,5.93,0.79
4929,5.93,0.79
4930,5.93,0.79
4931,5.93,0.79
4932,5.93,0.79
4933,5.93,0.79
4934,5.93,0.79
4935,5.93,0.79
4936,5.93,0.79
4937,5.93,0.79
4938,5.93,0.79
4939,5.93,0.79
4940,5.93,0.79
4941,5.93,0.79
4942,5.93,0.79
4943,5.93,0.79
4944,5.93,0.79
4945,5.93,0.78
4946,5.93,0.78
4947,5.93,0.79
4948,5.93,0.79
4949,5.93,0.78
4950,5.93,0.78
4951,5.93,0.79
4952,5.93,0.79
4953,5.93,0.79
4954,5.92,0.79
4955,5.92,0.79
4956,5.92,0.78
4957,5.92,0.78
4958,5.92,0.78
4959,5.92,0.79
4960,5.92,0.79
4961,5.92,0.78
4962,5.92,0.79
4963,5.92,0.79
4964,5.92,0.79
4965,5.91,0.79
4966,5.91,0.79
4967,5.91,0.79
4968,5.91,0.79
4969,5.91,0.78
4970,5.91,0.79
4971,5.91,0.79
4972,5.91,0.79
4973,5.92,0.78
4974,5.92,0.78
4975,5.92,0.78
4976,5.92,0.78
4977,5.92,0.78
4978,5.92,0.78
4979,5.92,0.78
4980,5.92,0.78
4981,5.92,0.78
4982,5.92,0.78
4983,5.92,0.78
4984,5.92,0.78
4985,5.92,0.78
4986,5.92,0.79
4987,5.92,0.78
4988,5.92,0.78
4989,5.92,0.78
4990,5.92,0.77
4991,5.92,0.78
4992,5.92,0.77
4993,5.92,0.78
4994,5.92,0.78
4995,5.92,0.78
4996,5.92,0.78
4997,5.92,0.78
4998,5.92,0.77
4999,5.91,0.78
5000,5.91,0.78
5001,5.91,0.78
5002,5.91,0.78
5003,5.91,0.78
5004,5.91,0.78
5005,5.91,0.78
5006,5.91,0.77
5007,5.91,0.78
5008,5.9,0.78
5009,5.9,0.78
5010,5.9,0.78
5011,5.9,0.78
5012,5.9,0.78
5013,5.9,0.78
5014,5.9,0.78
5015,5.9,0.78
5016,5.9,0.78
5017,5.9,0.78
5018,5.9,0.77
5019,5.9,0.77
5020,5.9,0.77
5021,5.9,0.77
5022,5.9,0.77
5023,5.9,0.77
5024,5.9,0.77
5025,5.9,0.77
5026,5.9,0.77
5027,5.9,0.77
5028,5.9,0.77
5029,5.9,0.77
5030,5.9,0.77
5031,5.91,0.77
5032,5.91,0.77
5033,5.91,0.77
5034,5.91,0.77
5035,5.91,0.77
5036,5.91,0.77
5037,5.91,0.77
5038,5.91,0.77
5039,5.91,0.77
5040,5.91,0.77
5041,5.91,0.77
5042,5.91,0.77
5043,5.9,0.77
5044,5.9,0.77
5045,5.9,0.77
5046,5.9,0.77
5047,5.9,0.77
5048,5.9,0.77
5049,5.9,0.77
5050,5.9,0.77
5051,5.9,0.77
5052,5.9,0.77
5053,5.89,0.77
5054,5.89,0.77
5055,5.89,0.77
5056,5.89,0.77
5057,5.89,0.77
5058,5.89,0.77
5059,5.89,0.77
5060,5.89,0.77
5061,5.89,0.77
5062,5.89,0.77
5063,5.89,0.77
5064,5.89,0.77
5065,5.89,0.77
5066,5.89,0.77
5067,5.89,0.77
5068,5.89,0.77
5069,5.89,0.77
5070,5.89,0.77
5071,5.89,0.77
5072,5.89,0.77
5073,5.89,0.77
5074,5.89,0.77
5075,5.89,0.77
5076,5.89,0.77
5077,5.89,0.77
5078,5.89,0.77
5079,5.89,0.77
5080,5.89,0.77
5081,5.89,0.77
5082,5.89,0.77
5083,5.89,0.77
5084,5.89,0.77
5085,5.89,0.77
5086,5.89,0.77
5087,5.89,0.77
5088,5.89,0.77
5089,5.89,0.77
5090,5.89,0.77
5091,5.89,0.77
5092,5.89,0.77
5093,5.89,0.77
5094,5.89,0.77
5095,5.89,0.77
5096,5.89,0.77
5097,5.89,0.77
5098,5.89,0.77
5099,5.88,0.76
5100,5.88,0.76
5101,5.88,0.77
5102,5.88,0.77
5103,5.88,0.76
5104,5.88,0.76
5105,5.88,0.76
5106,5.88,0.76
5107,5.88,0.76
5108,5.88,0.76
5109,5.87,0.76
5110,5.87,0.76
5111,5.87,0.76
5112,5.87,0.76
5113,5.87,0.76
5114,5.87,0.76
5115,5.87,0.76
5116,5.87,0.76
5117,5.87,0.76
5118,5.87,0.76
5119,5.87,0.76
5120,5.87,0.76
5121,5.87,0.76
5122,5.87,0.76
5123,5.87,0.77
5124,5.87,0.76
5125,5.87,0.76
5126,5.87,0.76
5127,5.87,0.76
5128,5.87,0.76
5129,5.87,0.76
5130,5.87,0.76
5131,5.87,0.76
5132,5.88,0.76
5133,5.88,0.76
5134,5.88,0.77
5135,5.88,0.76
5136,5.87,0.77
5137,5.87,0.76
5138,5.87,0.76
5139,5.87,0.76
5140,5.87,0.76
5141,5.87,0.75
5142,5.87,0.76
5143,5.87,0.76
5144,5.87,0.76
5145,5.87,0.76
5146,5.87,0.76
5147,5.87,0.75
5148,5.87,0.75
5149,5.87,0.75
5150,5.87,0.75
5151,5.87,0.75
5152,5.87,0.75
5153,5.86,0.75
5154,5.86,0.75
5155,5.86,0.76
5156,5.86,0.75
5157,5.86,0.75
5158,5.86,0.75
5159,5.86,0.75
5160,5.86,0.75
5161,5.86,0.75
5162,5.86,0.75
5163,5.86,0.75
5164,5.86,0.75
5165,5.86,0.75
5166,5.86,0.75
5167,5.86,0.75
5168,5.86,0.75
5169,5.86,0.75
5170,5.86,0.75
5171,5.86,0.75
5172,5.86,0.75
5173,5.86,0.75
5174,5.86,0.75
5175,5.86,0.76
5176,5.86,0.75
5177,5.86,0.75
5178,5.86,0.75
5179,5.86,0.75
5180,5.86,0.75
5181,5.86,0.75
5182,5.86,0.75
5183,5.86,0.75
5184,5.86,0.75
5185,5.86,0.75
5186,5.86,0.75
5187,5.86,0.75
5188,5.86,0.75
5189,5.86,0.75
5190,5.86,0.75
5191,5.86,0.75
5192,5.86,0.75
5193,5.86,0.75
5194,5.86,0.75
5195,5.86,0.75
5196,5.85,0.75
5197,5.85,0.75
5198,5.85,0.75
5199,5.85,0.75
5200,5.85,0.75
5201,5.85,0.75
5202,5.85,0.75
5203,5.85,0.75
5204,5.85,0.75
5205,5.85,0.75
5206,5.85,0.75
5207,5.84,0.75
5208,5.84,0.75
5209,5.84,0.75
5210,5.84,0.75
5211,5.84,0.75
5212,5.84,0.75
5213,5.84,0.75
5214,5.84,0.75
5215,5.84,0.75
5216,5.84,0.75
5217,5.84,0.75
5218,5.84,0.75
5219,5.84,0.75
5220,5.84,0.75
5221,5.84,0.75
5222,5.84,0.75
5223,5.84,0.74
5224,5.84,0.75
5225,5.84,0.75
5226,5.84,0.74
5227,5.84,0.74
5228,5.84,0.74
5229,5.84,0.75
5230,5.84,0.74
5231,5.84,0.74
5232,5.84,0.74
5233,5.84,0.75
5234,5.84,0.74
5235,5.84,0.74
5236,5.84,0.75
5237,5.84,0.74
5238,5.84,0.74
5239,5.84,0.74
5240,5.84,0.74
5241,5.84,0.75
5242,5.84,0.74
5243,5.84,0.74
5244,5.84,0.75
5245,5.84,0.74
5246,5.84,0.74
5247,5.84,0.74
5248,5.84,0.75
5249,5.83,0.74
5250,5.83,0.74
5251,5.83,0.74
5252,5.83,0.74
5253,5.83,0.74
5254,5.83,0.74
5255,5.83,0.74
5256,5.83,0.74
5257,5.83,0.74
5258,5.83,0.74
5259,5.83,0.74
5260,5.83,0.74
5261,5.83,0.74
5262,5.83,0.74
5263,5.83,0.74
5264,5.83,0.74
5265,5.83,0.73
5266,5.82,0.73
5267,5.83,0.74
5268,5.83,0.74
5269,5.83,0.73
5270,5.83,0.73
5271,5.83,0.73
5272,5.83,0.73
5273,5.83,0.73
5274,5.83,0.74
5275,5.83,0.73
5276,5.83,0.73
5277,5.83,0.73
5278,5.83,0.73
5279,5.83,0.74
5280,5.83,0.73
5281,5.83,0.74
5282,5.83,0.74
5283,5.83,0.73
5284,5.83,0.73
5285,5.83,0.74
5286,5.83,0.74
5287,5.83,0.73
5288,5.83,0.74
5289,5.83,0.73
5290,5.83,0.73
5291,5.82,0.73
5292,5.82,0.73
5293,5.82,0.74
5294,5.82,0.73
5295,5.82,0.73
5296,5.82,0.73
5297,5.82,0.73
5298,5.82,0.73
5299,5.82,0.73
5300,5.82,0.73
5301,5.82,0.73
5302,5.82,0.73
5303,5.81,0.73
5304,5.81,0.73
5305,5.81,0.73
5306,5.81,0.73
5307,5.81,0.73
5308,5.81,0.73
5309,5.81,0.73
5310,5.81,0.73
5311,5.81,0.73
5312,5.81,0.73
5313,5.81,0.73
5314,5.81,0.73
5315,5.81,0.73
5316,5.81,0.73
5317,5.81,0.73
5318,5.81,0.73
5319,5.81,0.73
5320,5.81,0.73
5321,5.81,0.73
5322,5.81,0.73
5323,5.81,0.73
5324,5.81,0.73
5325,5.81,0.73
5326,5.81,0.73
5327,5.81,0.73
5328,5.81,0.73
5329,5.81,0.73
5330,5.81,0.73
5331,5.81,0.73
5332,5.81,0.73
5333,5.81,0.73
5334,5.81,0.73
5335,5.81,0.73
5336,5.81,0.73
5337,5.81,0.73
5338,5.81,0.73
5339,5.81,0.73
5340,5.81,0.73
5341,5.81,0.73
5342,5.81,0.73
5343,5.81,0.73
5344,5.8,0.73
5345,5.8,0.73
5346,5.8,0.73
5347,5.8,0.73
5348,5.8,0.72
5349,5.8,0.72
5350,5.8,0.73
5351,5.8,0.73
5352,5.8,0.73
5353,5.8,0.73
5354,5.8,0.73
5355,5.8,0.72
5356,5.8,0.72
5357,5.79,0.72
5358,5.79,0.72
5359,5.79,0.73
5360,5.79,0.73
5361,5.79,0.72
5362,5.79,0.72
5363,5.79,0.73
5364,5.79,0.73
5365,5.79,0.72
5366,5.79,0.73
5367,5.79,0.72
5368,5.79,0.73
5369,5.79,0.73
5370,5.79,0.72
5371,5.79,0.72
5372,5.79,0.72
5373,5.79,0.72
5374,5.79,0.72
5375,5.79,0.72
5376,5.79,0.72
5377,5.79,0.72
5378,5.79,0.72
5379,5.79,0.72
5380,5.79,0.72
5381,5.79,0.72
5382,5.79,0.72
5383,5.79,0.72
5384,5.79,0.72
5385,5.79,0.72
5386,5.79,0.72
5387,5.79,0.72
5388,5.79,0.71
5389,5.79,0.72
5390,5.79,0.71
5391,5.79,0.72
5392,5.79,0.72
5393,5.79,0.72
5394,5.78,0.72
5395,5.78,0.72
5396,5.78,0.72
5397,5.78,0.72
5398,5.78,0.72
5399,5.78,0.72
5400,5.78,0.72
5401,5.78,0.72
5402,5.78,0.72
5403,5.78,0.71
5404,5.78,0.71
5405,5.78,0.71
5406,5.78,0.71
5407,5.77,0.71
5408,5.77,0.71
5409,5.77,0.71
5410,5.77,0.71
5411,5.77,0.71
5412,5.77,0.71
5413,5.77,0.71
5414,5.77,0.71
5415,5.77,0.71
5416,5.77,0.71
5417,5.77,0.72
5418,5.77,0.71
5419,5.77,0.71
5420,5.77,0.71
5421,5.77,0.71
5422,5.77,0.71
5423,5.77,0.71
5424,5.77,0.71
5425,5.77,0.71
5426,5.77,0.71
5427,5.77,0.71
5428,5.77,0.71
5429,5.77,0.71
5430,5.77,0.71
5431,5.77,0.71
5432,5.77,0.71
5433,5.77,0.71
5434,5.77,0.71
5435,5.77,0.71
5436,5.77,0.71
5437,5.77,0.71
5438,5.77,0.71
5439,5.77,0.71
5440,5.77,0.71
5441,5.77,0.71
5442,5.77,0.71
5443,5.77,0.71
5444,5.77,0.71
5445,5.76,0.71
5446,5.76,0.71
5447,5.76,0.71
5448,5.76,0.71
5449,5.76,0.71
5450,5.76,0.71
5451,5.76,0.71
5452,5.76,0.71
5453,5.76,0.71
5454,5.76,0.71
5455,5.76,0.71
5456,5.76,0.71
5457,5.76,0.71
5458,5.76,0.71
5459,5.76,0.71
5460,5.75,0.71
5461,5.75,0.71
5462,5.75,0.71
5463,5.75,0.71
5464,5.75,0.71
5465,5.75,0.71
5466,5.75,0.71
5467,5.75,0.71
5468,5.75,0.71
5469,5.75,0.71
5470,5.75,0.71
5471,5.75,0.71
5472,5.75,0.71
5473,5.75,0.71
5474,5.75,0.7
5475,5.75,0.71
5476,5.75,0.71
5477,5.75,0.7
5478,5.75,0.71
5479,5.75,0.71
5480,5.75,0.7
5481,5.75,0.7
5482,5.75,0.7
5483,5.75,0.7
5484,5.75,0.7
5485,5.75,0.71
5486,5.75,0.7
5487,5.75,0.7
5488,5.75,0.7
5489,5.75,0.7
5490,5.75,0.7
5491,5.75,0.7
5492,5.75,0.7
5493,5.75,0.7
5494,5.75,0.7
5495,5.75,0.7
5496,5.74,0.7
5497,5.74,0.7
5498,5.74,0.7
5499,5.74,0.7
5500,5.74,0.7
5501,5.74,0.7
5502,5.74,0.7
5503,5.74,0.7
5504,5.74,0.7
5505,5.74,0.7
5506,5.74,0.7
5507,5.74,0.7
5508,5.74,0.7
5509,5.74,0.69
5510,5.74,0.7
5511,5.74,0.69
5512,5.73,0.69
5513,5.73,0.69
5514,5.73,0.7
5515,5.73,0.69
5516,5.73,0.69
5517,5.73,0.69
5518,5.73,0.7
5519,5.73,0.69
5520,5.73,0.69
5521,5.73,0.69
5522,5.74,0.69
5523,5.74,0.69
5524,5.74,0.7
5525,5.74,0.69
5526,5.74,0.69
5527,5.74,0.69
5528,5.74,0.69
5529,5.74,0.69
5530,5.74,0.69
5531,5.73,0.69
5532,5.73,0.69
5533,5.73,0.69
5534,5.73,0.7
5535,5.73,0.7
5536,5.73,0.7
5537,5.73,0.69
5538,5.73,0.69
5539,5.73,0.69
5540,5.73,0.7
5541,5.73,0.69
5542,5.73,0.69
5543,5.73,0.69
5544,5.73,0.69
5545,5.73,0.69
5546,5.73,0.69
5547,5.73,0.69
5548,5.73,0.69
5549,5.73,0.69
5550,5.72,0.69
5551,5.72,0.69
5552,5.72,0.69
5553,5.72,0.69
5554,5.72,0.69
5555,5.72,0.69
5556,5.72,0.69
5557,5.72,0.69
5558,5.72,0.69
5559,5.72,0.69
5560,5.72,0.69
5561,5.72,0.69
5562,5.72,0.69
5563,5.72,0.69
5564,5.72,0.69
5565,5.72,0.69
5566,5.72,0.69
5567,5.72,0.69
5568,5.72,0.69
5569,5.72,0.69
5570,5.72,0.69
5571,5.72,0.69
5572,5.72,0.69
5573,5.72,0.69
5574,5.72,0.69
5575,5.72,0.69
5576,5.72,0.69
5577,5.72,0.69
5578,5.72,0.69
5579,5.72,0.69
5580,5.72,0.69
5581,5.72,0.69
5582,5.71,0.69
5583,5.71,0.69
5584,5.71,0.69
5585,5.71,0.68
5586,5.71,0.68
5587,5.71,0.69
5588,5.71,0.69
5589,5.71,0.68
5590,5.71,0.69
5591,5.71,0.69
5592,5.71,0.69
5593,5.71,0.68
5594,5.71,0.68
5595,5.71,0.68
5596,5.71,0.68
5597,5.71,0.68
5598,5.71,0.68
5599,5.71,0.69
5600,5.71,0.68
5601,5.7,0.68
5602,5.7,0.69
5603,5.7,0.68
5604,5.7,0.68
5605,5.7,0.68
5606,5.7,0.68
5607,5.7,0.68
5608,5.7,0.69
5609,5.7,0.68
5610,5.7,0.68
5611,5.7,0.68
5612,5.7,0.68
5613,5.7,0.68
5614,5.7,0.68
5615,5.7,0.68
5616,5.7,0.68
5617,5.7,0.68
5618,5.7,0.67
5619,5.7,0.67
5620,5.7,0.68
5621,5.7,0.68
5622,5.7,0.67
5623,5.7,0.68
5624,5.7,0.68
5625,5.7,0.68
5626,5.7,0.68
5627,5.7,0.67
5628,5.7,0.67
5629,5.7,0.67
5630,5.7,0.67
5631,5.7,0.68
5632,5.7,0.68
5633,5.7,0.68
5634,5.69,0.67
5635,5.69,0.67
5636,5.69,0.68
5637,5.69,0.67
5638,5.69,0.67
5639,5.69,0.67
5640,5.69,0.68
5641,5.69,0.67
5642,5.69,0.67
5643,5.69,0.68
5644,5.69,0.67
5645,5.69,0.67
5646,5.69,0.67
5647,5.69,0.67
5648,5.69,0.67
5649,5.69,0.67
5650,5.68,0.67
5651,5.68,0.67
5652,5.68,0.67
5653,5.68,0.67
5654,5.68,0.67
5655,5.68,0.67
5656,5.68,0.67
5657,5.68,0.67
5658,5.68,0.67
5659,5.68,0.67
5660,5.68,0.67
5661,5.68,0.67
5662,5.68,0.67
5663,5.68,0.67
5664,5.68,0.67
5665,5.68,0.67
5666,5.68,0.67
5667,5.68,0.67
5668,5.68,0.67
5669,5.68,0.67
5670,5.68,0.67
5671,5.68,0.67
5672,5.68,0.67
5673,5.68,0.67
5674,5.68,0.67
5675,5.68,0.67
5676,5.68,0.67
5677,5.68,0.67
5678,5.68,0.67
5679,5.68,0.67
5680,5.68,0.67
5681,5.68,0.67
5682,5.68,0.67
5683,5.68,0.67
5684,5.67,0.67
5685,5.67,0.66
5686,5.67,0.67
5687,5.67,0.67
5688,5.67,0.67
5689,5.67,0.67
5690,5.67,0.67
5691,5.67,0.66
5692,5.67,0.66
5693,5.67,0.67
5694,5.67,0.66
5695,5.67,0.67
5696,5.67,0.66
5697,5.67,0.67
5698,5.67,0.67
5699,5.67,0.67
5700,5.67,0.67
5701,5.66,0.66
5702,5.66,0.67
5703,5.66,0.66
5704,5.66,0.67
5705,5.66,0.66
5706,5.66,0.67
5707,5.66,0.67
5708,5.66,0.67
5709,5.66,0.67
5710,5.66,0.67
5711,5.66,0.66
5712,5.66,0.66
5713,5.66,0.66
5714,5.66,0.66
5715,5.66,0.67
5716,5.66,0.66
5717,5.66,0.66
5718,5.66,0.66
5719,5.66,0.66
5720,5.66,0.66
5721,5.66,0.66
5722,5.66,0.66
5723,5.66,0.66
5724,5.66,0.66
5725,5.66,0.66
5726,5.66,0.66
5727,5.66,0.66
5728,5.66,0.66
5729,5.66,0.65
5730,5.66,0.66
5731,5.66,0.66
5732,5.65,0.66
5733,5.65,0.65
5734,5.65,0.66
5735,5.65,0.66
5736,5.65,0.66
5737,5.65,0.66
5738,5.65,0.66
5739,5.65,0.66
5740,5.65,0.65
5741,5.65,0.66
5742,5.65,0.66
5743,5.65,0.66
5744,5.65,0.65
5745,5.65,0.66
5746,5.65,0.65
5747,5.64,0.65
5748,5.64,0.66
5749,5.64,0.65
5750,5.64,0.66
5751,5.64,0.65
5752,5.64,0.65
5753,5.64,0.65
5754,5.64,0.66
5755,5.64,0.65
5756,5.64,0.65
5757,5.64,0.65
5758,5.64,0.65
5759,5.64,0.65
5760,5.64,0.65
5761,5.64,0.65
5762,5.64,0.65
5763,5.64,0.65
5764,5.64,0.65
5765,5.64,0.65
5766,5.64,0.65
5767,5.64,0.65
5768,5.64,0.65
5769,5.64,0.65
5770,5.64,0.65
5771,5.64,0.65
5772,5.64,0.65
5773,5.64,0.65
5774,5.64,0.65
5775,5.63,0.65
5776,5.63,0.65
5777,5.63,0.65
5778,5.63,0.65
5779,5.63,0.65
5780,5.63,0.65
5781,5.63,0.65
5782,5.63,0.65
5783,5.63,0.65
5784,5.63,0.65
5785,5.63,0.65
5786,5.63,0.65
5787,5.63,0.65
5788,5.63,0.65
5789,5.63,0.65
5790,5.63,0.65
5791,5.63,0.65
5792,5.63,0.65
5793,5.63,0.65
5794,5.63,0.65
5795,5.63,0.65
5796,5.63,0.65
5797,5.62,0.65
5798,5.62,0.65
5799,5.62,0.65
5800,5.62,0.65
5801,5.62,0.65
5802,5.62,0.65
5803,5.62,0.65
5804,5.62,0.64
5805,5.62,0.65
5806,5.62,0.65
5807,5.62,0.65
5808,5.62,0.65
5809,5.62,0.65
5810,5.62,0.64
5811,5.62,0.65
5812,5.62,0.65
5813,5.62,0.65
5814,5.62,0.65
5815,5.62,0.65
5816,5.62,0.65
5817,5.62,0.65
5818,5.62,0.65
5819,5.62,0.65
5820,5.62,0.64
5821,5.62,0.65
5822,5.62,0.64
5823,5.62,0.64
5824,5.62,0.64
5825,5.62,0.64
5826,5.62,0.64
5827,5.62,0.64
5828,5.62,0.64
5829,5.61,0.64
5830,5.61,0.64
5831,5.61,0.64
5832,5.61,0.64
5833,5.61,0.64
5834,5.61,0.64
5835,5.61,0.65
5836,5.61,0.64
5837,5.61,0.64
5838,5.61,0.64
5839,5.61,0.64
5840,5.61,0.64
5841,5.61,0.64
5842,5.61,0.64
5843,5.61,0.64
5844,5.61,0.64
5845,5.61,0.64
5846,5.61,0.64
5847,5.61,0.64
5848,5.6,0.64
5849,5.6,0.64
5850,5.6,0.64
5851,5.6,0.64
5852,5.6,0.64
5853,5.6,0.64
5854,5.6,0.64
5855,5.6,0.64
5856,5.6,0.64
5857,5.6,0.64
5858,5.6,0.64
5859,5.6,0.64
5860,5.6,0.64
5861,5.6,0.64
5862,5.6,0.64
5863,5.6,0.64
5864,5.6,0.64
5865,5.6,0.64
5866,5.6,0.64
5867,5.6,0.64
5868,5.6,0.64
5869,5.6,0.64
5870,5.6,0.64
5871,5.6,0.64
5872,5.6,0.64
5873,5.6,0.64
5874,5.6,0.64
5875,5.6,0.64
5876,5.6,0.64
5877,5.6,0.64
5878,5.6,0.64
5879,5.6,0.64
5880,5.6,0.64
5881,5.6,0.64
5882,5.59,0.64
5883,5.59,0.64
5884,5.59,0.64
5885,5.59,0.64
5886,5.59,0.64
5887,5.59,0.63
5888,5.59,0.63
5889,5.59,0.64
5890,5.59,0.64
5891,5.59,0.64
5892,5.59,0.64
5893,5.59,0.63
5894,5.59,0.63
5895,5.59,0.63
5896,5.59,0.64
5897,5.59,0.64
5898,5.59,0.63
5899,5.59,0.63
5900,5.58,0.63
5901,5.58,0.64
5902,5.58,0.63
5903,5.58,0.63
5904,5.58,0.64
5905,5.58,0.63
5906,5.58,0.63
5907,5.58,0.63
5908,5.58,0.63
5909,5.58,0.63
5910,5.58,0.63
5911,5.58,0.64
5912,5.58,0.63
5913,5.58,0.63
5914,5.58,0.64
5915,5.58,0.64
5916,5.58,0.63
5917,5.58,0.63
5918,5.58,0.63
5919,5.58,0.63
5920,5.58,0.63
5921,5.58,0.63
5922,5.58,0.63
5923,5.58,0.63
5924,5.58,0.63
5925,5.58,0.63
5926,5.58,0.63
5927,5.57,0.63
5928,5.57,0.63
5929,5.57,0.63
5930,5.57,0.63
5931,5.57,0.63
5932,5.57,0.63
5933,5.57,0.63
5934,5.57,0.62
5935,5.57,0.62
5936,5.57,0.62
5937,5.57,0.62
5938,5.57,0.62
5939,5.57,0.63
5940,5.57,0.63
5941,5.57,0.62
5942,5.57,0.63
5943,5.57,0.62
5944,5.57,0.62
5945,5.57,0.63
5946,5.56,0.63
5947,5.56,0.63
5948,5.56,0.62
5949,5.56,0.63
5950,5.56,0.62
5951,5.56,0.62
5952,5.56,0.62
5953,5.56,0.62
5954,5.56,0.62
5955,5.56,0.62
5956,5.56,0.62
5957,5.56,0.62
5958,5.56,0.62
5959,5.56,0.62
5960,5.56,0.62
5961,5.56,0.62
5962,5.56,0.62
5963,5.56,0.62
5964,5.56,0.62
5965,5.56,0.62
5966,5.56,0.62
5967,5.56,0.62
5968,5.56,0.62
5969,5.56,0.62
5970,5.56,0.62
5971,5.56,0.62
5972,5.56,0.62
5973,5.56,0.62
5974,5.55,0.62
5975,5.55,0.62
5976,5.55,0.62
5977,5.55,0.62
5978,5.55,0.62
5979,5.55,0.62
5980,5.55,0.62
5981,5.55,0.62
5982,5.55,0.62
5983,5.55,0.62
5984,5.55,0.62
5985,5.55,0.62
5986,5.55,0.62
5987,5.55,0.62
5988,5.55,0.62
5989,5.55,0.62
5990,5.55,0.62
5991,5.55,0.62
5992,5.55,0.62
5993,5.54,0.62
5994,5.54,0.62
5995,5.54,0.62
5996,5.54,0.62
5997,5.54,0.62
5998,5.54,0.61
5999,5.54,0.62
6000,5.54,0.62
6001,5.54,0.62
6002,5.54,0.62
6003,5.54,0.62
6004,5.54,0.62
6005,5.54,0.62
6006,5.54,0.62
6007,5.54,0.62
6008,5.54,0.62
6009,5.54,0.62
6010,5.54,0.62
6011,5.54,0.62
6012,5.54,0.61
6013,5.54,0.62
6014,5.54,0.62
6015,5.54,0.61
6016,5.54,0.62
6017,5.54,0.62
6018,5.54,0.61
6019,5.54,0.62
6020,5.54,0.62
6021,5.54,0.61
6022,5.54,0.61
6023,5.54,0.61
6024,5.53,0.61
6025,5.53,0.61
6026,5.53,0.61
6027,5.53,0.61
6028,5.53,0.61
6029,5.53,0.61
6030,5.53,0.61
6031,5.53,0.61
6032,5.53,0.61
6033,5.53,0.61
6034,5.53,0.61
6035,5.53,0.61
6036,5.53,0.61
6037,5.53,0.6
6038,5.53,0.61
6039,5.53,0.61
6040,5.53,0.61
6041,5.53,0.61
6042,5.53,0.61
6043,5.52,0.61
6044,5.52,0.6
6045,5.52,0.61
6046,5.52,0.61
6047,5.52,0.61
6048,5.52,0.61
6049,5.52,0.61
6050,5.52,0.61
6051,5.52,0.6
6052,5.52,0.61
6053,5.52,0.6
6054,5.52,0.61
6055,5.52,0.61
6056,5.52,0.6
6057,5.52,0.61
6058,5.52,0.6
6059,5.52,0.6
6060,5.52,0.6
6061,5.52,0.6
6062,5.52,0.61
6063,5.52,0.6
6064,5.52,0.6
6065,5.52,0.6
6066,5.52,0.6
6067,5.52,0.6
6068,5.52,0.6
6069,5.52,0.6
6070,5.52,0.6
6071,5.52,0.6
6072,5.51,0.6
6073,5.51,0.6
6074,5.51,0.6
6075,5.51,0.6
6076,5.51,0.6
6077,5.51,0.6
6078,5.51,0.6
6079,5.51,0.6
6080,5.51,0.6
6081,5.51,0.6
6082,5.51,0.6
6083,5.51,0.6
6084,5.51,0.6
6085,5.51,0.6
6086,5.51,0.6
6087,5.51,0.6
6088,5.51,0.6
6089,5.5,0.6
6090,5.5,0.6
6091,5.5,0.6
6092,5.5,0.6
6093,5.5,0.6
6094,5.5,0.6
6095,5.5,0.6
6096,5.5,0.6
6097,5.5,0.6
6098,5.5,0.6
6099,5.5,0.6
6100,5.5,0.6
6101,5.5,0.6
6102,5.5,0.6
6103,5.5,0.6
6104,5.5,0.6
6105,5.5,0.6
6106,5.5,0.6
6107,5.5,0.6
6108,5.5,0.6
6109,5.5,0.6
6110,5.5,0.6
6111,5.5,0.6
6112,5.5,0.6
6113,5.5,0.6
6114,5.5,0.6
6115,5.5,0.6
6116,5.5,0.6
6117,5.5,0.59
6118,5.5,0.6
6119,5.5,0.6
6120,5.5,0.6
6121,5.49,0.6
6122,5.49,0.6
6123,5.49,0.6
6124,5.49,0.59
6125,5.49,0.59
6126,5.49,0.59
6127,5.49,0.59
6128,5.49,0.6
6129,5.49,0.59
6130,5.49,0.59
6131,5.49,0.6
6132,5.49,0.59
6133,5.49,0.59
6134,5.49,0.59
6135,5.49,0.59
6136,5.49,0.59
6137,5.49,0.59
6138,5.49,0.59
6139,5.49,0.59
6140,5.49,0.59
6141,5.49,0.59
6142,5.49,0.59
6143,5.49,0.59
6144,5.48,0.59
6145,5.48,0.59
6146,5.48,0.59
6147,5.48,0.59
6148,5.48,0.59
6149,5.48,0.59
6150,5.48,0.59
6151,5.48,0.59
6152,5.48,0.59
6153,5.48,0.59
6154,5.48,0.59
6155,5.48,0.59
6156,5.48,0.59
6157,5.48,0.59
6158,5.48,0.59
6159,5.48,0.59
6160,5.48,0.59
6161,5.48,0.58
6162,5.48,0.59
6163,5.48,0.59
6164,5.48,0.58
6165,5.48,0.58
6166,5.48,0.59
6167,5.48,0.59
6168,5.48,0.59
6169,5.48,0.58
6170,5.48,0.59
6171,5.48,0.58
6172,5.48,0.58
6173,5.47,0.58
6174,5.47,0.58
6175,5.47,0.58
6176,5.47,0.58
6177,5.47,0.58
6178,5.47,0.58
6179,5.47,0.59
6180,5.47,0.58
6181,5.47,0.58
6182,5.47,0.58
6183,5.47,0.58
6184,5.47,0.58
6185,5.47,0.58
6186,5.47,0.58
6187,5.47,0.58
6188,5.47,0.58
6189,5.47,0.58
6190,5.47,0.58
6191,5.47,0.58
6192,5.46,0.58
6193,5.46,0.58
6194,5.46,0.58
6195,5.46,0.58
6196,5.46,0.58
6197,5.46,0.58
6198,5.46,0.58
6199,5.46,0.58
6200,5.46,0.58
6201,5.46,0.58
6202,5.46,0.58
6203,5.46,0.58
6204,5.46,0.58
6205,5.46,0.58
6206,5.46,0.58
6207,5.46,0.58
6208,5.46,0.58
6209,5.46,0.58
6210,5.46,0.58
6211,5.46,0.58
6212,5.46,0.58
6213,5.46,0.58
6214,5.46,0.58
6215,5.46,0.58
6216,5.46,0.58
6217,5.46,0.58
6218,5.46,0.58
6219,5.46,0.58
6220,5.46,0.58
6221,5.45,0.58
6222,5.45,0.58
6223,5.45,0.58
6224,5.45,0.58
6225,5.45,0.58
6226,5.45,0.58
6227,5.45,0.58
6228,5.45,0.58
6229,5.45,0.58
6230,5.45,0.58
6231,5.45,0.58
6232,5.45,0.58
6233,5.45,0.58
6234,5.45,0.58
6235,5.45,0.58
6236,5.45,0.58
6237,5.45,0.58
6238,5.45,0.58
6239,5.45,0.57
6240,5.45,0.58
6241,5.45,0.58
6242,5.45,0.57
6243,5.45,0.58
6244,5.44,0.58
6245,5.44,0.58
6246,5.44,0.58
6247,5.44,0.58
6248,5.44,0.58
6249,5.44,0.58
6250,5.44,0.58
6251,5.44,0.57
6252,5.44,0.57
6253,5.44,0.58
6254,5.44,0.58
6255,5.44,0.57
6256,5.44,0.58
6257,5.44,0.57
6258,5.44,0.58
6259,5.44,0.58
6260,5.44,0.58
6261,5.44,0.58
6262,5.44,0.58
6263,5.44,0.57
6264,5.44,0.58
6265,5.44,0.57
6266,5.44,0.57
6267,5.44,0.57
6268,5.44,0.57
6269,5.44,0.57
6270,5.43,0.57
6271,5.43,0.57
6272,5.43,0.57
6273,5.43,0.57
6274,5.43,0.57
6275,5.43,0.57
6276,5.43,0.57
6277,5.43,0.56
6278,5.43,0.57
6279,5.43,0.56
6280,5.43,0.57
6281,5.43,0.57
6282,5.43,0.57
6283,5.43,0.57
6284,5.43,0.56
6285,5.43,0.57
6286,5.43,0.56
6287,5.43,0.56
6288,5.43,0.57
6289,5.43,0.56
6290,5.43,0.56
6291,5.42,0.56
6292,5.42,0.57
6293,5.42,0.57
6294,5.42,0.56
6295,5.42,0.57
6296,5.42,0.56
6297,5.42,0.57
6298,5.42,0.57
6299,5.42,0.57
6300,5.42,0.56
6301,5.42,0.57
6302,5.42,0.56
6303,5.42,0.56
6304,5.42,0.56
6305,5.42,0.56
6306,5.42,0.56
6307,5.42,0.56
6308,5.42,0.56
6309,5.42,0.56
6310,5.42,0.56
6311,5.42,0.56
6312,5.42,0.56
6313,5.42,0.56
6314,5.42,0.56
6315,5.42,0.56
6316,5.42,0.56
6317,5.42,0.56
6318,5.42,0.56
6319,5.42,0.56
6320,5.42,0.56
6321,5.42,0.56
6322,5.41,0.56
6323,5.41,0.56
6324,5.41,0.56
6325,5.41,0.56
6326,5.41,0.56
6327,5.41,0.56
6328,5.41,0.56
6329,5.41,0.56
6330,5.41,0.56
6331,5.41,0.56
6332,5.41,0.56
6333,5.41,0.56
6334,5.41,0.56
6335,5.41,0.56
6336,5.41,0.56
6337,5.41,0.56
6338,5.41,0.56
6339,5.41,0.56
6340,5.41,0.56
6341,5.41,0.56
6342,5.41,0.56
6343,5.41,0.56
6344,5.41,0.56
6345,5.41,0.56
6346,5.4,0.56
6347,5.4,0.56
6348,5.4,0.56
6349,5.4,0.56
6350,5.4,0.55
6351,5.4,0.56
6352,5.4,0.56
6353,5.4,0.56
6354,5.4,0.56
6355,5.4,0.56
6356,5.4,0.56
6357,5.4,0.55
6358,5.4,0.56
6359,5.4,0.56
6360,5.4,0.56
6361,5.4,0.56
6362,5.4,0.56
6363,5.4,0.55
6364,5.4,0.55
6365,5.4,0.55
6366,5.4,0.56
6367,5.4,0.56
6368,5.4,0.56
6369,5.4,0.56
6370,5.4,0.56
6371,5.4,0.56
6372,5.4,0.56
6373,5.39,0.55
6374,5.39,0.56
6375,5.39,0.55
6376,5.39,0.56
6377,5.39,0.56
6378,5.39,0.56
6379,5.39,0.56
6380,5.39,0.55
6381,5.39,0.55
6382,5.39,0.55
6383,5.39,0.55
6384,5.39,0.55
6385,5.39,0.55
6386,5.39,0.55
6387,5.39,0.55
6388,5.39,0.55
6389,5.39,0.55
6390,5.39,0.55
6391,5.39,0.55
6392,5.39,0.55
6393,5.39,0.55
6394,5.39,0.55
6395,5.39,0.55
6396,5.39,0.55
6397,5.39,0.55
6398,5.39,0.54
6399,5.39,0.55
6400,5.39,0.55
6401,5.39,0.55
6402,5.39,0.55
6403,5.39,0.55
6404,5.39,0.55
6405,5.39,0.55
6406,5.38,0.55
6407,5.38,0.55
6408,5.38,0.55
6409,5.38,0.55
6410,5.38,0.55
6411,5.38,0.55
6412,5.38,0.54
6413,5.38,0.55
6414,5.38,0.55
6415,5.38,0.55
6416,5.38,0.55
6417,5.38,0.54
6418,5.38,0.54
6419,5.38,0.55
6420,5.38,0.54
6421,5.38,0.54
6422,5.38,0.54
6423,5.38,0.54
6424,5.38,0.54
6425,5.38,0.54
6426,5.38,0.54
6427,5.37,0.54
6428,5.37,0.54
6429,5.37,0.54
6430,5.37,0.54
6431,5.37,0.54
6432,5.37,0.54
6433,5.37,0.54
6434,5.37,0.54
6435,5.37,0.54
6436,5.37,0.54
6437,5.37,0.54
6438,5.37,0.54
6439,5.37,0.54
6440,5.37,0.54
6441,5.37,0.54
6442,5.37,0.54
6443,5.37,0.54
6444,5.37,0.54
6445,5.37,0.54
6446,5.37,0.54
6447,5.37,0.54
6448,5.37,0.54
6449,5.37,0.54
6450,5.37,0.54
6451,5.37,0.54
6452,5.37,0.54
6453,5.37,0.54
6454,5.37,0.54
6455,5.37,0.54
6456,5.37,0.54
6457,5.36,0.55
6458,5.36,0.54
6459,5.36,0.54
6460,5.36,0.54
6461,5.36,0.54
6462,5.36,0.54
6463,5.36,0.54
6464,5.36,0.54
6465,5.36,0.54
6466,5.36,0.54
6467,5.36,0.54
6468,5.36,0.54
6469,5.36,0.54
6470,5.36,0.54
6471,5.36,0.54
6472,5.36,0.54
6473,5.36,0.54
6474,5.36,0.53
6475,5.36,0.54
6476,5.36,0.54
6477,5.36,0.54
6478,5.36,0.54
6479,5.36,0.54
6480,5.36,0.54
6481,5.36,0.54
6482,5.36,0.54
6483,5.36,0.54
6484,5.36,0.54
6485,5.35,0.54
6486,5.35,0.54
6487,5.35,0.54
6488,5.35,0.54
6489,5.35,0.54
6490,5.35,0.54
6491,5.35,0.54
6492,5.35,0.54
6493,5.35,0.54
6494,5.35,0.53
6495,5.35,0.54
6496,5.35,0.54
6497,5.35,0.54
6498,5.35,0.54
6499,5.35,0.53
6500,5.35,0.53
6501,5.35,0.54
6502,5.35,0.53
6503,5.35,0.54
6504,5.35,0.53
6505,5.35,0.54
6506,5.35,0.53
6507,5.35,0.53
6508,5.35,0.53
6509,5.35,0.53
6510,5.35,0.53
6511,5.35,0.53
6512,5.34,0.53
6513,5.34,0.53
6514,5.34,0.53
6515,5.34,0.53
6516,5.34,0.53
6517,5.34,0.53
6518,5.34,0.53
6519,5.34,0.53
6520,5.34,0.53
6521,5.34,0.53
6522,5.34,0.53
6523,5.34,0.53
6524,5.34,0.53
6525,5.34,0.53
6526,5.34,0.53
6527,5.34,0.53
6528,5.34,0.53
6529,5.34,0.53
6530,5.34,0.54
6531,5.34,0.53
6532,5.34,0.53
6533,5.33,0.53
6534,5.33,0.53
6535,5.33,0.53
6536,5.33,0.53
6537,5.33,0.53
6538,5.33,0.53
6539,5.33,0.52
6540,5.33,0.53
6541,5.33,0.53
6542,5.33,0.53
6543,5.33,0.53
6544,5.33,0.53
6545,5.33,0.52
6546,5.33,0.53
6547,5.33,0.52
6548,5.33,0.52
6549,5.33,0.52
6550,5.33,0.52
6551,5.33,0.52
6552,5.33,0.52
6553,5.33,0.53
6554,5.33,0.53
6555,5.33,0.52
6556,5.33,0.52
6557,5.33,0.52
6558,5.33,0.52
6559,5.33,0.53
6560,5.33,0.52
6561,5.33,0.53
6562,5.33,0.52
6563,5.33,0.52
6564,5.32,0.52
6565,5.32,0.53
6566,5.32,0.52
6567,5.32,0.52
6568,5.32,0.52
6569,5.32,0.53
6570,5.32,0.52
6571,5.32,0.52
6572,5.32,0.52
6573,5.32,0.52
6574,5.32,0.53
6575,5.32,0.52
6576,5.32,0.52
6577,5.32,0.52
6578,5.32,0.52
6579,5.32,0.52
6580,5.32,0.52
6581,5.32,0.52
6582,5.32,0.52
6583,5.32,0.52
6584,5.32,0.52
6585,5.32,0.52
6586,5.32,0.52
6587,5.32,0.52
6588,5.32,0.52
6589,5.32,0.52
6590,5.32,0.52
6591,5.31,0.52
6592,5.31,0.52
6593,5.31,0.52
6594,5.31,0.52
6595,5.31,0.52
6596,5.31,0.52
6597,5.31,0.52
6598,5.31,0.52
6599,5.31,0.52
6600,5.31,0.52
6601,5.31,0.52
6602,5.31,0.52
6603,5.31,0.52
6604,5.31,0.52
6605,5.31,0.52
6606,5.31,0.52
6607,5.31,0.52
6608,5.31,0.52
6609,5.31,0.52
6610,5.31,0.52
6611,5.31,0.52
6612,5.31,0.52
6613,5.31,0.52
6614,5.31,0.52
6615,5.31,0.52
6616,5.31,0.52
6617,5.3,0.52
6618,5.3,0.52
6619,5.3,0.52
6620,5.3,0.52
6621,5.3,0.52
6622,5.3,0.52
6623,5.3,0.52
6624,5.3,0.52
6625,5.3,0.52
6626,5.3,0.52
6627,5.3,0.52
6628,5.3,0.52
6629,5.3,0.51
6630,5.3,0.52
6631,5.3,0.51
6632,5.3,0.52
6633,5.3,0.51
6634,5.3,0.52
6635,5.3,0.51
6636,5.3,0.51
6637,5.3,0.51
6638,5.3,0.52
6639,5.3,0.51
6640,5.3,0.51
6641,5.3,0.51
6642,5.3,0.52
6643,5.3,0.51
6644,5.3,0.52
6645,5.3,0.52
6646,5.3,0.52
6647,5.3,0.51
6648,5.3,0.52
6649,5.3,0.52
6650,5.3,0.51
6651,5.3,0.52
6652,5.29,0.52
6653,5.29,0.51
6654,5.29,0.52
6655,5.29,0.52
6656,5.29,0.51
6657,5.29,0.52
6658,5.29,0.51
6659,5.29,0.52
6660,5.29,0.51
6661,5.29,0.52
6662,5.29,0.51
6663,5.29,0.51
6664,5.29,0.51
6665,5.29,0.51
6666,5.29,0.51
6667,5.29,0.51
6668,5.29,0.51
6669,5.29,0.51
6670,5.29,0.51
6671,5.29,0.51
6672,5.29,0.51
6673,5.29,0.51
6674,5.29,0.51
6675,5.29,0.51
6676,5.29,0.51
6677,5.29,0.51
6678,5.29,0.51
6679,5.29,0.51
6680,5.28,0.51
6681,5.28,0.51
6682,5.28,0.51
6683,5.28,0.51
6684,5.28,0.51
6685,5.28,0.51
6686,5.28,0.51
6687,5.28,0.51
6688,5.28,0.51
6689,5.28,0.51
6690,5.28,0.51
6691,5.28,0.51
6692,5.28,0.51
6693,5.28,0.51
6694,5.28,0.51
6695,5.28,0.51
6696,5.28,0.51
6697,5.28,0.51
6698,5.28,0.51
6699,5.28,0.51
6700,5.28,0.51
6701,5.28,0.51
6702,5.28,0.51
6703,5.28,0.51
6704,5.28,0.51
6705,5.28,0.51
6706,5.28,0.5
6707,5.27,0.51
6708,5.27,0.51
6709,5.27,0.51
6710,5.27,0.51
6711,5.27,0.51
6712,5.27,0.51
6713,5.27,0.51
6714,5.27,0.51
6715,5.27,0.51
6716,5.27,0.51
6717,5.27,0.51
6718,5.27,0.51
6719,5.27,0.51
6720,5.27,0.51
6721,5.27,0.51
6722,5.27,0.51
6723,5.27,0.51
6724,5.27,0.51
6725,5.27,0.51
6726,5.27,0.5
6727,5.27,0.5
6728,5.27,0.51
6729,5.27,0.5
6730,5.27,0.51
6731,5.27,0.51
6732,5.27,0.51
6733,5.27,0.51
6734,5.27,0.51
6735,5.27,0.51
6736,5.27,0.51
6737,5.27,0.5
6738,5.27,0.51
6739,5.26,0.5
6740,5.26,0.51
6741,5.26,0.5
6742,5.26,0.51
6743,5.26,0.51
6744,5.26,0.51
6745,5.26,0.51
6746,5.26,0.51
6747,5.26,0.5
6748,5.26,0.5
6749,5.26,0.5
6750,5.26,0.5
6751,5.26,0.51
6752,5.26,0.5
6753,5.26,0.51
6754,5.26,0.5
6755,5.26,0.5
6756,5.26,0.51
6757,5.26,0.5
6758,5.26,0.51
6759,5.26,0.5
6760,5.26,0.5
6761,5.26,0.49
6762,5.26,0.5
6763,5.26,0.5
6764,5.26,0.5
6765,5.26,0.5
6766,5.26,0.5
6767,5.26,0.5
6768,5.26,0.5
6769,5.26,0.5
6770,5.26,0.5
6771,5.26,0.5
6772,5.26,0.5
6773,5.26,0.5
6774,5.26,0.49
6775,5.26,0.5
6776,5.26,0.5
6777,5.25,0.5
6778,5.25,0.5
6779,5.25,0.5
6780,5.25,0.5
6781,5.25,0.5
6782,5.25,0.5
6783,5.25,0.5
6784,5.25,0.5
6785,5.25,0.5
6786,5.25,0.5
6787,5.25,0.49
6788,5.25,0.5
6789,5.25,0.5
6790,5.25,0.5
6791,5.25,0.5
6792,5.25,0.5
6793,5.25,0.5
6794,5.25,0.5
6795,5.25,0.5
6796,5.24,0.5
6797,5.24,0.49
6798,5.24,0.5
6799,5.24,0.5
6800,5.24,0.5
6801,5.24,0.49
6802,5.24,0.5
6803,5.24,0.49
6804,5.24,0.49
6805,5.24,0.49
6806,5.24,0.49
6807,5.24,0.49
6808,5.24,0.49
6809,5.24,0.49
6810,5.24,0.49
6811,5.24,0.49
6812,5.24,0.49
6813,5.24,0.49
6814,5.24,0.49
6815,5.24,0.49
6816,5.24,0.49
6817,5.24,0.49
6818,5.24,0.49
6819,5.24,0.49
6820,5.24,0.49
6821,5.24,0.49
6822,5.24,0.49
6823,5.24,0.49
6824,5.24,0.49
6825,5.24,0.49
6826,5.24,0.49
6827,5.24,0.49
6828,5.24,0.49
6829,5.24,0.49
6830,5.24,0.49
6831,5.24,0.49
6832,5.24,0.49
6833,5.24,0.49
6834,5.23,0.49
6835,5.23,0.49
6836,5.23,0.49
6837,5.23,0.49
6838,5.23,0.49
6839,5.23,0.49
6840,5.23,0.49
6841,5.23,0.49
6842,5.23,0.49
6843,5.23,0.49
6844,5.23,0.49
6845,5.23,0.49
6846,5.23,0.49
6847,5.23,0.49
6848,5.23,0.49
6849,5.23,0.49
6850,5.23,0.49
6851,5.23,0.49
6852,5.23,0.49
6853,5.23,0.49
6854,5.23,0.49
6855,5.23,0.49
6856,5.23,0.49
6857,5.23,0.49
6858,5.23,0.49
6859,5.23,0.49
6860,5.23,0.49
6861,5.23,0.49
6862,5.23,0.49
6863,5.23,0.49
6864,5.23,0.49
6865,5.23,0.49
6866,5.23,0.49
6867,5.23,0.49
6868,5.23,0.49
6869,5.23,0.49
6870,5.23,0.49
6871,5.23,0.49
6872,5.23,0.49
6873,5.23,0.49
6874,5.23,0.49
6875,5.23,0.49
6876,5.23,0.49
6877,5.22,0.49
6878,5.22,0.49
6879,5.22,0.49
6880,5.22,0.49
6881,5.22,0.49
6882,5.22,0.49
6883,5.22,0.49
6884,5.22,0.49
6885,5.22,0.49
6886,5.22,0.49
6887,5.22,0.49
6888,5.22,0.49
6889,5.22,0.49
6890,5.22,0.49
6891,5.22,0.49
6892,5.22,0.49
6893,5.21,0.49
6894,5.21,0.49
6895,5.21,0.49
6896,5.21,0.48
6897,5.21,0.49
6898,5.21,0.49
6899,5.21,0.49
6900,5.21,0.48
6901,5.21,0.49
6902,5.21,0.49
6903,5.21,0.49
6904,5.21,0.49
6905,5.22,0.48
6906,5.22,0.48
6907,5.22,0.49
6908,5.22,0.48
6909,5.22,0.48
6910,5.22,0.48
6911,5.22,0.49
6912,5.22,0.48
6913,5.22,0.48
6914,5.22,0.49
6915,5.22,0.48
6916,5.22,0.48
6917,5.22,0.48
6918,5.22,0.48
6919,5.22,0.48
6920,5.22,0.48
6921,5.22,0.48
6922,5.22,0.48
6923,5.22,0.48
6924,5.21,0.48
6925,5.21,0.48
6926,5.21,0.48
6927,5.21,0.48
6928,5.21,0.48
6929,5.21,0.48
6930,5.21,0.48
6931,5.21,0.48
6932,5.21,0.48
6933,5.21,0.48
6934,5.21,0.48
6935,5.21,0.48
6936,5.21,0.48
6937,5.2,0.48
6938,5.2,0.48
6939,5.2,0.48
6940,5.2,0.48
6941,5.2,0.48
6942,5.2,0.48
6943,5.2,0.48
6944,5.2,0.48
6945,5.2,0.48
6946,5.2,0.48
6947,5.2,0.48
6948,5.2,0.48
6949,5.2,0.48
6950,5.2,0.48
6951,5.2,0.48
6952,5.2,0.48
6953,5.2,0.47
6954,5.2,0.48
6955,5.2,0.48
6956,5.2,0.48
6957,5.2,0.48
6958,5.2,0.48
6959,5.2,0.48
6960,5.2,0.47
6961,5.2,0.48
6962,5.2,0.47
6963,5.21,0.47
6964,5.21,0.47
6965,5.21,0.48
6966,5.21,0.47
6967,5.21,0.48
6968,5.21,0.47
6969,5.2,0.47
6970,5.2,0.47
6971,5.2,0.47
6972,5.2,0.48
6973,5.2,0.47
6974,5.2,0.47
6975,5.2,0.47
6976,5.2,0.47
6977,5.2,0.47
6978,5.2,0.48
6979,5.2,0.47
6980,5.2,0.47
6981,5.19,0.48
6982,5.19,0.47
6983,5.19,0.48
6984,5.19,0.47
6985,5.19,0.47
6986,5.19,0.47
6987,5.19,0.47
6988,5.19,0.47
6989,5.19,0.47
6990,5.18,0.47
6991,5.18,0.47
6992,5.18,0.47
6993,5.18,0.47
6994,5.18,0.47
6995,5.18,0.47
6996,5.18,0.47
6997,5.18,0.47
6998,5.18,0.47
6999,5.18,0.47
7000,5.18,0.47
7001,5.18,0.47
7002,5.18,0.47
7003,5.19,0.47
7004,5.19,0.47
7005,5.19,0.47
7006,5.19,0.47
7007,5.19,0.47
7008,5.19,0.47
7009,5.19,0.47
7010,5.19,0.47
7011,5.19,0.47
7012,5.19,0.47
7013,5.19,0.47
7014,5.19,0.47
7015,5.19,0.47
7016,5.19,0.47
7017,5.19,0.47
7018,5.19,0.47
7019,5.19,0.47
7020,5.19,0.47
7021,5.19,0.47
7022,5.19,0.47
7023,5.19,0.47
7024,5.19,0.47
7025,5.19,0.47
7026,5.19,0.47
7027,5.19,0.47
7028,5.19,0.47
7029,5.19,0.47
7030,5.18,0.47
7031,5.18,0.47
7032,5.18,0.47
7033,5.18,0.47
7034,5.18,0.47
7035,5.18,0.47
7036,5.18,0.47
7037,5.18,0.47
7038,5.17,0.47
7039,5.17,0.47
7040,5.17,0.47
7041,5.17,0.47
7042,5.17,0.47
7043,5.17,0.47
7044,5.17,0.47
7045,5.17,0.47
7046,5.17,0.47
7047,5.17,0.47
7048,5.17,0.47
7049,5.17,0.47
7050,5.17,0.47
7051,5.17,0.47
7052,5.17,0.47
7053,5.17,0.47
7054,5.17,0.47
7055,5.17,0.47
7056,5.17,0.47
7057,5.18,0.47
7058,5.18,0.47
7059,5.18,0.47
7060,5.18,0.47
7061,5.18,0.47
7062,5.18,0.47
7063,5.18,0.47
7064,5.18,0.47
7065,5.18,0.47
7066,5.18,0.47
7067,5.18,0.47
7068,5.18,0.47
7069,5.18,0.47
7070,5.18,0.46
7071,5.18,0.47
7072,5.18,0.47
7073,5.18,0.47
7074,5.18,0.47
7075,5.18,0.47
7076,5.18,0.46
7077,5.18,0.46
7078,5.18,0.47
7079,5.18,0.46
7080,5.18,0.46
7081,5.17,0.47
7082,5.17,0.46
7083,5.17,0.47
7084,5.17,0.46
7085,5.17,0.47
7086,5.17,0.46
7087,5.17,0.47
7088,5.17,0.46
7089,5.16,0.47
7090,5.16,0.46
7091,5.16,0.46
7092,5.16,0.47
7093,5.16,0.46
7094,5.16,0.46
7095,5.16,0.46
7096,5.16,0.46
7097,5.16,0.46
7098,5.16,0.47
7099,5.16,0.46
7100,5.16,0.46
7101,5.16,0.47
7102,5.16,0.46
7103,5.16,0.47
7104,5.16,0.46
7105,5.16,0.47
7106,5.16,0.46
7107,5.16,0.46
7108,5.16,0.46
7109,5.16,0.47
7110,5.16,0.46
7111,5.16,0.46
7112,5.17,0.46
7113,5.17,0.47
7114,5.17,0.47
7115,5.17,0.46
7116,5.17,0.46
7117,5.17,0.46
7118,5.17,0.46
7119,5.17,0.46
7120,5.17,0.46
7121,5.17,0.47
7122,5.17,0.47
7123,5.17,0.46
7124,5.17,0.47
7125,5.17,0.46
7126,5.17,0.46
7127,5.17,0.46
7128,5.17,0.46
7129,5.17,0.46
7130,5.17,0.46
7131,5.16,0.46
7132,5.16,0.46
7133,5.16,0.46
7134,5.16,0.46
7135,5.16,0.46
7136,5.16,0.46
7137,5.16,0.46
7138,5.16,0.46
7139,5.16,0.46
7140,5.16,0.45
7141,5.15,0.46
7142,5.15,0.46
7143,5.15,0.46
7144,5.15,0.46
7145,5.15,0.45
7146,5.15,0.46
7147,5.15,0.45
7148,5.15,0.45
7149,5.15,0.45
7150,5.15,0.46
7151,5.15,0.45
7152,5.15,0.45
7153,5.15,0.45
7154,5.15,0.46
7155,5.15,0.46
7156,5.15,0.45
7157,5.15,0.45
7158,5.15,0.46
7159,5.15,0.45
7160,5.15,0.45
7161,5.15,0.45
7162,5.15,0.45
7163,5.15,0.46
7164,5.15,0.45
7165,5.15,0.46
7166,5.15,0.46
7167,5.15,0.46
7168,5.15,0.45
7169,5.15,0.45
7170,5.15,0.46
7171,5.15,0.45
7172,5.15,0.46
7173,5.15,0.46
7174,5.15,0.46
7175,5.15,0.45
7176,5.15,0.45
7177,5.15,0.46
7178,5.15,0.45
7179,5.15,0.46
7180,5.15,0.46
7181,5.15,0.45
7182,5.15,0.46
7183,5.15,0.46
7184,5.15,0.46
7185,5.15,0.46
7186,5.15,0.45
7187,5.15,0.46
7188,5.15,0.45
7189,5.14,0.45
7190,5.14,0.46
7191,5.14,0.45
7192,5.14,0.46
7193,5.14,0.46
7194,5.14,0.45
7195,5.14,0.45
7196,5.14,0.45
7197,5.14,0.45
7198,5.14,0.45
7199,5.14,0.45
7200,5.14,0.45
7201,5.14,0.45
7202,5.14,0.45
7203,5.14,0.45
7204,5.14,0.45
7205,5.14,0.45
7206,5.14,0.45
7207,5.14,0.45
7208,5.14,0.45
7209,5.14,0.45
7210,5.14,0.45
7211,5.14,0.45
7212,5.14,0.45
7213,5.14,0.45
7214,5.14,0.45
7215,5.14,0.45
7216,5.14,0.45
7217,5.14,0.45
7218,5.14,0.45
7219,5.14,0.45
7220,5.14,0.45
7221,5.14,0.45
7222,5.14,0.45
7223,5.14,0.45
7224,5.14,0.45
7225,5.14,0.45
7226,5.14,0.45
7227,5.14,0.45
7228,5.14,0.45
7229,5.14,0.45
7230,5.14,0.45
7231,5.14,0.45
7232,5.14,0.45
7233,5.14,0.45
7234,5.13,0.45
7235,5.13,0.45
7236,5.13,0.45
7237,5.13,0.45
7238,5.13,0.45
7239,5.13,0.45
7240,5.13,0.45
7241,5.13,0.45
7242,5.13,0.45
7243,5.13,0.45
7244,5.13,0.45
7245,5.13,0.45
7246,5.13,0.45
7247,5.13,0.45
7248,5.13,0.45
7249,5.13,0.45
7250,5.13,0.45
7251,5.13,0.45
7252,5.13,0.45
7253,5.13,0.45
7254,5.13,0.45
7255,5.13,0.45
7256,5.13,0.45
7257,5.13,0.45
7258,5.13,0.45
7259,5.13,0.45
7260,5.13,0.45
7261,5.13,0.45
7262,5.13,0.45
7263,5.13,0.45
7264,5.13,0.45
7265,5.13,0.45
7266,5.13,0.45
7267,5.13,0.45
7268,5.13,0.45
7269,5.13,0.45
7270,5.13,0.45
7271,5.13,0.45
7272,5.13,0.45
7273,5.13,0.45
7274,5.13,0.45
7275,5.13,0.45
7276,5.13,0.45
7277,5.13,0.45
7278,5.13,0.45
7279,5.13,0.45
7280,5.13,0.45
7281,5.13,0.45
7282,5.13,0.45
7283,5.13,0.45
7284,5.13,0.45
7285,5.13,0.45
7286,5.13,0.45
7287,5.12,0.45
7288,5.12,0.45
7289,5.12,0.45
7290,5.12,0.44
7291,5.12,0.44
7292,5.12,0.45
7293,5.12,0.45
7294,5.12,0.45
7295,5.12,0.45
7296,5.12,0.45
7297,5.12,0.45
7298,5.12,0.45
7299,5.11,0.45
7300,5.11,0.45
7301,5.11,0.45
7302,5.11,0.45
7303,5.11,0.45
7304,5.11,0.45
7305,5.11,0.45
7306,5.11,0.44
7307,5.11,0.45
7308,5.11,0.44
7309,5.11,0.45
7310,5.11,0.45
7311,5.12,0.45
7312,5.12,0.45
7313,5.12,0.45
7314,5.12,0.45
7315,5.12,0.45
7316,5.12,0.45
7317,5.12,0.45
7318,5.12,0.45
7319,5.12,0.45
7320,5.12,0.45
7321,5.12,0.45
7322,5.12,0.45
7323,5.12,0.45
7324,5.12,0.45
7325,5.12,0.45
7326,5.12,0.45
7327,5.12,0.45
7328,5.12,0.44
7329,5.12,0.45
7330,5.12,0.44
7331,5.12,0.45
7332,5.12,0.45
7333,5.12,0.45
7334,5.12,0.45
7335,5.12,0.45
7336,5.12,0.45
7337,5.11,0.45
7338,5.11,0.45
7339,5.11,0.45
7340,5.11,0.45
7341,5.11,0.45
7342,5.11,0.45
7343,5.11,0.45
7344,5.11,0.45
7345,5.11,0.45
7346,5.11,0.45
7347,5.11,0.44
7348,5.11,0.44
7349,5.11,0.45
7350,5.11,0.44
7351,5.11,0.44
7352,5.11,0.44
7353,5.11,0.44
7354,5.11,0.44
7355,5.11,0.45
7356,5.11,0.44
7357,5.11,0.44
7358,5.11,0.44
7359,5.11,0.44
7360,5.11,0.43
7361,5.11,0.43
7362,5.11,0.44
7363,5.11,0.44
7364,5.11,0.44
7365,5.11,0.44
7366,5.11,0.44
7367,5.11,0.44
7368,5.11,0.44
7369,5.11,0.44
7370,5.11,0.44
7371,5.11,0.44
7372,5.11,0.44
7373,5.11,0.44
7374,5.11,0.45
7375,5.11,0.44
7376,5.11,0.44
7377,5.11,0.44
7378,5.11,0.44
7379,5.11,0.44
7380,5.11,0.44
7381,5.11,0.44
7382,5.11,0.44
7383,5.11,0.44
7384,5.1,0.44
7385,5.1,0.44
7386,5.1,0.44
7387,5.1,0.44
7388,5.1,0.44
7389,5.1,0.44
7390,5.1,0.44
7391,5.1,0.44
7392,5.1,0.44
7393,5.1,0.44
7394,5.1,0.44
7395,5.1,0.44
7396,5.1,0.44
7397,5.1,0.44
7398,5.1,0.43
7399,5.1,0.44
7400,5.1,0.43
7401,5.1,0.44
7402,5.1,0.44
7403,5.1,0.44
7404,5.1,0.44
7405,5.1,0.44
7406,5.1,0.44
7407,5.1,0.44
7408,5.1,0.44
7409,5.1,0.44
7410,5.1,0.44
7411,5.1,0.44
7412,5.1,0.44
7413,5.1,0.44
7414,5.1,0.44
7415,5.1,0.44
7416,5.1,0.44
7417,5.1,0.44
7418,5.1,0.44
7419,5.1,0.43
7420,5.1,0.44
7421,5.1,0.44
7422,5.1,0.44
7423,5.1,0.44
7424,5.1,0.44
7425,5.1,0.44
7426,5.1,0.44
7427,5.1,0.44
7428,5.1,0.44
7429,5.1,0.44
7430,5.1,0.44
7431,5.1,0.44
7432,5.1,0.44
7433,5.1,0.44
7434,5.1,0.44
7435,5.1,0.44
7436,5.1,0.43
7437,5.1,0.44
7438,5.1,0.43
7439,5.1,0.43
7440,5.1,0.43
7441,5.1,0.44
7442,5.1,0.43
7443,5.09,0.43
7444,5.09,0.43
7445,5.09,0.43
7446,5.09,0.43
7447,5.09,0.43
7448,5.09,0.43
7449,5.09,0.43
7450,5.09,0.43
7451,5.09,0.44
7452,5.09,0.43
7453,5.09,0.43
7454,5.09,0.43
7455,5.09,0.43
7456,5.09,0.43
7457,5.09,0.43
7458,5.09,0.43
7459,5.09,0.43
7460,5.09,0.43
7461,5.09,0.43
7462,5.09,0.43
7463,5.09,0.43
7464,5.09,0.43
7465,5.09,0.43
7466,5.09,0.43
7467,5.09,0.43
7468,5.09,0.43
7469,5.09,0.43
7470,5.09,0.43
7471,5.09,0.43
7472,5.09,0.43
7473,5.09,0.43
7474,5.09,0.43
7475,5.09,0.43
7476,5.09,0.43
7477,5.09,0.43
7478,5.09,0.43
7479,5.09,0.43
7480,5.09,0.43
7481,5.09,0.43
7482,5.09,0.43
7483,5.09,0.43
7484,5.09,0.43
7485,5.09,0.43
7486,5.09,0.43
7487,5.09,0.43
7488,5.09,0.43
7489,5.09,0.43
7490,5.09,0.43
7491,5.09,0.43
7492,5.09,0.43
7493,5.09,0.43
7494,5.09,0.43
7495,5.09,0.43
7496,5.09,0.43
7497,5.09,0.43
7498,5.09,0.43
7499,5.08,0.43
7500,5.08,0.43
7501,5.08,0.43
7502,5.08,0.43
7503,5.08,0.43
7504,5.08,0.43
7505,5.08,0.43
7506,5.08,0.43
7507,5.08,0.43
7508,5.08,0.43
7509,5.08,0.43
7510,5.08,0.43
7511,5.08,0.43
7512,5.08,0.43
7513,5.08,0.43
7514,5.08,0.43
7515,5.08,0.43
7516,5.08,0.43
7517,5.08,0.43
7518,5.08,0.43
7519,5.08,0.43
7520,5.08,0.43
7521,5.08,0.43
7522,5.09,0.43
7523,5.09,0.43
7524,5.09,0.43
7525,5.09,0.43
7526,5.09,0.43
7527,5.09,0.43
7528,5.09,0.43
7529,5.08,0.43
7530,5.08,0.43
7531,5.08,0.43
7532,5.08,0.43
7533,5.08,0.43
7534,5.08,0.43
7535,5.08,0.43
7536,5.08,0.43
7537,5.08,0.43
7538,5.08,0.43
7539,5.08,0.43
7540,5.08,0.43
7541,5.08,0.43
7542,5.08,0.43
7543,5.08,0.43
7544,5.08,0.43
7545,5.08,0.43
7546,5.08,0.43
7547,5.08,0.43
7548,5.08,0.43
7549,5.08,0.43
7550,5.08,0.43
7551,5.08,0.43
7552,5.08,0.43
7553,5.08,0.43
7554,5.08,0.43
7555,5.08,0.43
7556,5.08,0.43
7557,5.08,0.43
7558,5.08,0.43
7559,5.08,0.43
7560,5.08,0.43
7561,5.08,0.43
7562,5.08,0.43
7563,5.08,0.43
7564,5.08,0.43
7565,5.08,0.43
7566,5.08,0.43
7567,5.08,0.42
7568,5.08,0.43
7569,5.08,0.43
7570,5.08,0.43
7571,5.08,0.43
7572,5.08,0.43
7573,5.08,0.43
7574,5.08,0.43
7575,5.08,0.43
7576,5.08,0.43
7577,5.08,0.43
7578,5.08,0.43
7579,5.08,0.43
7580,5.07,0.43
7581,5.07,0.43
7582,5.07,0.43
7583,5.07,0.43
7584,5.07,0.43
7585,5.07,0.43
7586,5.07,0.43
7587,5.07,0.43
7588,5.07,0.43
7589,5.07,0.43
7590,5.07,0.43
7591,5.07,0.43
7592,5.07,0.43
7593,5.07,0.43
7594,5.07,0.43
7595,5.07,0.43
7596,5.07,0.43
7597,5.07,0.43
7598,5.07,0.43
7599,5.07,0.43
7600,5.07,0.43
7601,5.07,0.43
7602,5.07,0.43
7603,5.07,0.43
7604,5.07,0.43
7605,5.07,0.43
7606,5.07,0.43
7607,5.07,0.43
7608,5.07,0.43
7609,5.07,0.43
7610,5.07,0.42
7611,5.07,0.43
7612,5.07,0.43
7613,5.07,0.43
7614,5.07,0.43
7615,5.07,0.43
7616,5.07,0.43
7617,5.07,0.43
7618,5.07,0.43
7619,5.07,0.43
7620,5.07,0.43
7621,5.07,0.43
7622,5.07,0.43
7623,5.07,0.43
7624,5.07,0.43
7625,5.07,0.43
7626,5.07,0.43
7627,5.07,0.43
7628,5.07,0.43
7629,5.07,0.43
7630,5.07,0.43
7631,5.07,0.43
7632,5.07,0.43
7633,5.07,0.43
7634,5.07,0.43
7635,5.07,0.43
7636,5.07,0.43
7637,5.07,0.43
7638,5.07,0.43
7639,5.07,0.43
7640,5.07,0.43
7641,5.07,0.43
7642,5.07,0.43
7643,5.07,0.43
7644,5.07,0.43
7645,5.07,0.43
7646,5.07,0.43
7647,5.07,0.43
7648,5.07,0.43
7649,5.07,0.43
7650,5.07,0.43
7651,5.07,0.43
7652,5.07,0.43
7653,5.07,0.43
7654,5.07,0.43
7655,5.07,0.43
7656,5.07,0.43
7657,5.07,0.43
7658,5.07,0.43
7659,5.07,0.43
7660,5.07,0.43
7661,5.07,0.43
7662,5.07,0.43
7663,5.07,0.43
7664,5.07,0.43
7665,5.07,0.43
7666,5.07,0.43
7667,5.07,0.43
7668,5.07,0.43
7669,5.07,0.43
7670,5.07,0.43
7671,5.07,0.43
7672,5.07,0.43
7673,5.07,0.43
7674,5.07,0.43
7675,5.07,0.43
7676,5.07,0.43
7677,5.07,0.43
7678,5.07,0.43
7679,5.07,0.43
7680,5.07,0.43
7681,5.07,0.43
7682,5.07,0.43
7683,5.07,0.43
7684,5.07,0.43
7685,5.07,0.43
7686,5.07,0.43
7687,5.07,0.42
7688,5.07,0.43
7689,5.07,0.43
7690,5.07,0.42
7691,5.07,0.42
7692,5.07,0.42
7693,5.07,0.42
7694,5.07,0.43
7695,5.07,0.42
7696,5.07,0.42
7697,5.07,0.42
7698,5.07,0.42
7699,5.07,0.42
7700,5.07,0.42
7701,5.07,0.43
7702,5.07,0.42
7703,5.07,0.42
7704,5.07,0.42
7705,5.07,0.42
7706,5.06,0.42
7707,5.06,0.42
7708,5.06,0.42
7709,5.06,0.42
7710,5.06,0.42
7711,5.06,0.42
7712,5.06,0.42
7713,5.06,0.42
7714,5.06,0.42
7715,5.06,0.42
7716,5.06,0.42
7717,5.06,0.42
7718,5.06,0.42
7719,5.06,0.42
7720,5.06,0.42
7721,5.06,0.42
7722,5.06,0.42
7723,5.06,0.42
7724,5.06,0.42
7725,5.06,0.42
7726,5.06,0.42
7727,5.06,0.42
7728,5.06,0.42
7729,5.06,0.42
7730,5.06,0.42
7731,5.06,0.42
7732,5.06,0.42
7733,5.06,0.42
7734,5.06,0.42
7735,5.06,0.42
7736,5.06,0.42
7737,5.06,0.42
7738,5.06,0.42
7739,5.06,0.42
7740,5.06,0.42
7741,5.06,0.42
7742,5.06,0.42
7743,5.06,0.42
7744,5.06,0.42
7745,5.06,0.42
7746,5.06,0.42
7747,5.06,0.42
7748,5.06,0.42
7749,5.06,0.42
7750,5.06,0.42
7751,5.06,0.42
7752,5.06,0.42
7753,5.06,0.42
7754,5.06,0.42
7755,5.06,0.42
7756,5.06,0.42
7757,5.06,0.42
7758,5.06,0.42
7759,5.06,0.42
7760,5.06,0.42
7761,5.06,0.42
7762,5.06,0.42
7763,5.05,0.42
7764,5.05,0.42
7765,5.05,0.42
7766,5.05,0.42
7767,5.05,0.42
7768,5.05,0.42
7769,5.05,0.42
7770,5.05,0.42
7771,5.05,0.42
7772,5.05,0.42
7773,5.05,0.42
7774,5.05,0.42
7775,5.05,0.42
7776,5.05,0.42
7777,5.05,0.41
7778,5.05,0.42
7779,5.05,0.42
7780,5.05,0.42
7781,5.05,0.42
7782,5.05,0.42
7783,5.05,0.42
7784,5.05,0.42
7785,5.05,0.42
7786,5.05,0.42
7787,5.05,0.42
7788,5.05,0.42
7789,5.05,0.42
7790,5.05,0.42
7791,5.05,0.42
7792,5.05,0.42
7793,5.05,0.42
7794,5.05,0.42
7795,5.05,0.42
7796,5.05,0.42
7797,5.05,0.42
7798,5.05,0.42
7799,5.05,0.42
7800,5.05,0.42
7801,5.05,0.42
7802,5.05,0.42
7803,5.05,0.42
7804,5.05,0.42
7805,5.05,0.42
7806,5.05,0.42
7807,5.05,0.42
7808,5.05,0.42
7809,5.05,0.42
7810,5.05,0.42
7811,5.05,0.42
7812,5.05,0.42
7813,5.05,0.42
7814,5.05,0.42
7815,5.05,0.42
7816,5.05,0.42
7817,5.05,0.42
7818,5.05,0.42
7819,5.05,0.42
7820,5.05,0.42
7821,5.05,0.42
7822,5.05,0.42
7823,5.05,0.42
7824,5.05,0.42
7825,5.05,0.42
7826,5.05,0.42
7827,5.05,0.42
7828,5.05,0.42
7829,5.05,0.43
7830,5.05,0.42
7831,5.05,0.42
7832,5.05,0.42
7833,5.05,0.42
7834,5.05,0.42
7835,5.05,0.42
7836,5.05,0.42
7837,5.05,0.42
7838,5.05,0.42
7839,5.05,0.42
7840,5.05,0.42
7841,5.05,0.42
7842,5.05,0.42
7843,5.05,0.42
7844,5.05,0.42
7845,5.05,0.42
7846,5.05,0.42
7847,5.05,0.42
7848,5.05,0.42
7849,5.05,0.42
7850,5.05,0.42
7851,5.05,0.43
7852,5.05,0.42
7853,5.05,0.43
7854,5.05,0.42
7855,5.05,0.42
7856,5.05,0.42
7857,5.05,0.42
7858,5.05,0.42
7859,5.05,0.42
7860,5.05,0.42
7861,5.05,0.43
7862,5.05,0.42
7863,5.05,0.42
7864,5.05,0.42
7865,5.05,0.42
7866,5.05,0.42
7867,5.05,0.42
7868,5.05,0.42
7869,5.05,0.42
7870,5.05,0.42
7871,5.05,0.42
7872,5.05,0.42
7873,5.05,0.43
7874,5.05,0.42
7875,5.05,0.43
7876,5.05,0.42
7877,5.05,0.42
7878,5.05,0.42
7879,5.05,0.42
7880,5.05,0.42
7881,5.05,0.42
7882,5.05,0.42
7883,5.05,0.42
7884,5.05,0.42
7885,5.05,0.42
7886,5.05,0.42
7887,5.05,0.42
7888,5.05,0.42
7889,5.05,0.42
7890,5.05,0.42
7891,5.05,0.43
7892,5.05,0.42
7893,5.05,0.43
7894,5.05,0.42
7895,5.05,0.42
7896,5.05,0.42
7897,5.05,0.42
7898,5.05,0.42
7899,5.05,0.42
7900,5.05,0.42
7901,5.05,0.42
7902,5.05,0.42
7903,5.05,0.43
7904,5.05,0.42
7905,5.05,0.42
7906,5.05,0.42
7907,5.05,0.42
7908,5.05,0.42
7909,5.05,0.42
7910,5.05,0.42
7911,5.05,0.42
7912,5.05,0.42
7913,5.05,0.42
7914,5.05,0.42
7915,5.05,0.43
7916,5.05,0.42
7917,5.05,0.42
7918,5.05,0.42
7919,5.05,0.42
7920,5.05,0.42
7921,5.05,0.42
7922,5.05,0.42
7923,5.05,0.42
7924,5.05,0.42
7925,5.05,0.42
7926,5.05,0.43
7927,5.05,0.42
7928,5.05,0.42
7929,5.05,0.42
7930,5.05,0.42
7931,5.05,0.42
7932,5.05,0.42
7933,5.05,0.43
7934,5.05,0.42
7935,5.05,0.42
7936,5.05,0.43
7937,5.05,0.42
7938,5.05,0.42
7939,5.05,0.42
7940,5.05,0.42
7941,5.05,0.42
7942,5.05,0.42
7943,5.05,0.43
7944,5.05,0.43
7945,5.05,0.43
7946,5.05,0.42
7947,5.05,0.42
7948,5.05,0.43
7949,5.05,0.42
7950,5.05,0.42
7951,5.05,0.42
7952,5.05,0.42
7953,5.05,0.43
7954,5.05,0.42
7955,5.05,0.42
7956,5.05,0.42
7957,5.05,0.42
7958,5.05,0.42
7959,5.05,0.42
7960,5.05,0.42
7961,5.05,0.42
7962,5.05,0.42
7963,5.05,0.43
7964,5.05,0.42
7965,5.05,0.42
7966,5.05,0.42
7967,5.05,0.42
7968,5.05,0.43
7969,5.05,0.42
7970,5.05,0.42
7971,5.05,0.42
7972,5.05,0.42
7973,5.05,0.42
7974,5.05,0.42
7975,5.05,0.42
7976,5.05,0.42
7977,5.05,0.42
7978,5.05,0.42
7979,5.05,0.42
7980,5.05,0.42
7981,5.05,0.42
7982,5.05,0.42
7983,5.05,0.43
7984,5.05,0.43
7985,5.05,0.42
7986,5.05,0.42
7987,5.05,0.42
7988,5.05,0.42
7989,5.05,0.42
7990,5.05,0.42
7991,5.05,0.42
7992,5.05,0.42
7993,5.05,0.42
7994,5.05,0.42
7995,5.05,0.42
7996,5.05,0.42
7997,5.05,0.42
7998,5.05,0.42
7999,5.05,0.42
8000,5.05,0.41
8001,5.05,0.42
8002,5.05,0.42
8003,5.05,0.42
8004,5.05,0.42
8005,5.05,0.42
8006,5.05,0.42
8007,5.05,0.42
8008,5.05,0.42
8009,5.05,0.42
8010,5.04,0.41
8011,5.04,0.42
8012,5.04,0.42
8013,5.04,0.42
8014,5.04,0.42
8015,5.04,0.42
8016,5.04,0.41
8017,5.04,0.42
8018,5.04,0.41
8019,5.04,0.42
8020,5.04,0.41
8021,5.04,0.42
8022,5.04,0.42
8023,5.04,0.41
8024,5.04,0.42
8025,5.04,0.42
8026,5.04,0.42
8027,5.04,0.42
8028,5.04,0.42
8029,5.04,0.42
8030,5.04,0.42
8031,5.04,0.42
8032,5.04,0.42
8033,5.04,0.42
8034,5.04,0.42
8035,5.04,0.42
8036,5.04,0.42
8037,5.04,0.42
8038,5.04,0.42
8039,5.04,0.42
8040,5.04,0.42
8041,5.04,0.42
8042,5.04,0.42
8043,5.04,0.42
8044,5.04,0.42
8045,5.04,0.43
8046,5.04,0.42
8047,5.04,0.42
8048,5.04,0.42
8049,5.04,0.42
8050,5.04,0.42
8051,5.04,0.42
8052,5.04,0.42
8053,5.04,0.42
8054,5.04,0.42
8055,5.04,0.42
8056,5.04,0.42
8057,5.04,0.42
8058,5.04,0.42
8059,5.04,0.42
8060,5.04,0.42
8061,5.04,0.42
8062,5.05,0.42
8063,5.04,0.42
8064,5.04,0.42
8065,5.04,0.42
8066,5.04,0.42
8067,5.04,0.42
8068,5.04,0.42
8069,5.04,0.42
8070,5.04,0.42
8071,5.04,0.42
8072,5.04,0.42
8073,5.04,0.42
8074,5.04,0.42
8075,5.04,0.42
8076,5.04,0.42
8077,5.04,0.42
8078,5.04,0.41
8079,5.04,0.42
8080,5.04,0.42
8081,5.04,0.42
8082,5.04,0.42
8083,5.04,0.42
8084,5.04,0.42
8085,5.03,0.42
8086,5.03,0.42
8087,5.03,0.42
8088,5.03,0.42
8089,5.03,0.42
8090,5.03,0.42
8091,5.03,0.42
8092,5.03,0.43
8093,5.03,0.42
8094,5.03,0.42
8095,5.03,0.42
8096,5.03,0.42
8097,5.04,0.42
8098,5.04,0.42
8099,5.04,0.42
8100,5.04,0.42
8101,5.04,0.42
8102,5.04,0.42
8103,5.04,0.42
8104,5.04,0.42
8105,5.04,0.43
8106,5.04,0.43
8107,5.04,0.43
8108,5.04,0.42
8109,5.04,0.42
8110,5.04,0.43
8111,5.05,0.43
8112,5.05,0.42
8113,5.05,0.42
8114,5.05,0.42
8115,5.05,0.42
8116,5.05,0.42
8117,5.05,0.42
8118,5.05,0.42
8119,5.05,0.42
8120,5.05,0.42
8121,5.05,0.42
8122,5.05,0.42
8123,5.05,0.42
8124,5.05,0.42
8125,5.05,0.42
8126,5.05,0.42
8127,5.05,0.42
8128,5.05,0.42
8129,5.04,0.42
8130,5.04,0.42
8131,5.04,0.42
8132,5.04,0.42
8133,5.04,0.42
8134,5.04,0.43
8135,5.04,0.43
8136,5.04,0.42
8137,5.04,0.42
8138,5.04,0.42
8139,5.04,0.42
8140,5.04,0.42
8141,5.04,0.42
8142,5.04,0.42
8143,5.04,0.42
8144,5.04,0.42
8145,5.04,0.42
8146,5.04,0.42
8147,5.04,0.42
8148,5.04,0.42
8149,5.04,0.43
8150,5.04,0.42
8151,5.04,0.43
8152,5.04,0.42
8153,5.04,0.42
8154,5.04,0.42
8155,5.04,0.42
8156,5.04,0.42
8157,5.05,0.42
8158,5.05,0.42
8159,5.05,0.42
8160,5.05,0.43
8161,5.05,0.43
8162,5.05,0.42
8163,5.05,0.42
8164,5.05,0.42
8165,5.05,0.42
8166,5.05,0.42
8167,5.05,0.42
8168,5.05,0.42
8169,5.05,0.42
8170,5.05,0.42
8171,5.05,0.42
8172,5.05,0.43
8173,5.05,0.42
8174,5.05,0.43
8175,5.05,0.42
8176,5.05,0.42
8177,5.05,0.42
8178,5.05,0.42
8179,5.05,0.43
8180,5.05,0.43
8181,5.05,0.42
8182,5.05,0.42
8183,5.05,0.42
8184,5.05,0.42
8185,5.05,0.42
8186,5.05,0.42
8187,5.04,0.42
8188,5.04,0.42
8189,5.04,0.43
8190,5.04,0.42
8191,5.04,0.42
8192,5.04,0.42
8193,5.04,0.43
8194,5.04,0.42
8195,5.04,0.42
8196,5.04,0.42
8197,5.04,0.42
8198,5.04,0.42
8199,5.04,0.42
8200,5.04,0.42
8201,5.04,0.42
8202,5.04,0.42
8203,5.04,0.42
8204,5.04,0.42
8205,5.04,0.42
8206,5.05,0.43
8207,5.05,0.42
8208,5.05,0.43
8209,5.05,0.42
8210,5.05,0.42
8211,5.05,0.42
8212,5.05,0.42
8213,5.05,0.42
8214,5.05,0.42
8215,5.05,0.43
8216,5.05,0.43
8217,5.05,0.42
8218,5.05,0.42
8219,5.05,0.42
8220,5.05,0.42
8221,5.05,0.42
8222,5.05,0.42
8223,5.05,0.42
8224,5.05,0.42
8225,5.05,0.42
8226,5.05,0.43
8227,5.05,0.43
8228,5.05,0.43
8229,5.05,0.43
8230,5.05,0.42
8231,5.05,0.42
8232,5.05,0.42
8233,5.05,0.42
8234,5.05,0.42
8235,5.05,0.42
8236,5.05,0.43
8237,5.05,0.42
8238,5.05,0.42
8239,5.05,0.42
8240,5.05,0.43
8241,5.04,0.42
8242,5.04,0.42
8243,5.04,0.43
8244,5.04,0.42
8245,5.04,0.42
8246,5.04,0.42
8247,5.04,0.42
8248,5.04,0.42
8249,5.04,0.42
8250,5.04,0.42
8251,5.04,0.42
8252,5.04,0.42
8253,5.04,0.42
8254,5.04,0.42
8255,5.05,0.42
8256,5.05,0.42
8257,5.05,0.43
8258,5.05,0.42
8259,5.05,0.42
8260,5.05,0.42
8261,5.05,0.42
8262,5.05,0.42
8263,5.05,0.42
8264,5.05,0.42
8265,5.05,0.42
8266,5.05,0.42
8267,5.05,0.42
8268,5.05,0.42
8269,5.05,0.43
8270,5.05,0.43
8271,5.05,0.43
8272,5.05,0.42
8273,5.05,0.42
8274,5.05,0.42
8275,5.05,0.42
8276,5.05,0.42
8277,5.05,0.43
8278,5.05,0.42
8279,5.05,0.42
8280,5.05,0.42
8281,5.05,0.42
8282,5.05,0.42
8283,5.05,0.42
8284,5.05,0.42
8285,5.05,0.42
8286,5.05,0.42
8287,5.05,0.42
8288,5.05,0.42
8289,5.05,0.42
8290,5.05,0.42
8291,5.05,0.42
8292,5.05,0.42
8293,5.05,0.42
8294,5.05,0.42
8295,5.05,0.42
8296,5.05,0.42
8297,5.05,0.42
8298,5.05,0.42
8299,5.04,0.42
8300,5.04,0.42
8301,5.04,0.42
8302,5.04,0.42
8303,5.05,0.42
8304,5.05,0.42
8305,5.05,0.42
8306,5.05,0.42
8307,5.05,0.42
8308,5.05,0.42
8309,5.05,0.43
8310,5.05,0.42
8311,5.05,0.43
8312,5.05,0.43
8313,5.05,0.42
8314,5.05,0.42
8315,5.05,0.42
8316,5.05,0.43
8317,5.05,0.42
8318,5.05,0.42
8319,5.05,0.42
8320,5.05,0.43
8321,5.05,0.43
8322,5.05,0.42
8323,5.05,0.42
8324,5.05,0.42
8325,5.05,0.42
8326,5.05,0.42
8327,5.05,0.42
8328,5.05,0.42
8329,5.05,0.43
8330,5.05,0.42
8331,5.05,0.42
8332,5.05,0.42
8333,5.05,0.42
8334,5.05,0.42
8335,5.05,0.43
8336,5.05,0.43
8337,5.05,0.42
8338,5.05,0.42
8339,5.05,0.42
8340,5.05,0.42
8341,5.05,0.42
8342,5.05,0.42
8343,5.05,0.42
8344,5.05,0.42
8345,5.05,0.42
8346,5.05,0.42
8347,5.05,0.42
8348,5.05,0.42
8349,5.05,0.42
8350,5.05,0.42
8351,5.05,0.42
8352,5.05,0.42
8353,5.05,0.42
8354,5.05,0.42
8355,5.05,0.43
8356,5.05,0.42
8357,5.05,0.42
8358,5.05,0.42
8359,5.05,0.42
8360,5.05,0.43
8361,5.05,0.42
8362,5.05,0.42
8363,5.05,0.42
8364,5.05,0.42
8365,5.05,0.42
8366,5.05,0.42
8367,5.05,0.42
8368,5.05,0.42
8369,5.05,0.42
8370,5.05,0.42
8371,5.05,0.42
8372,5.05,0.42
8373,5.05,0.42
8374,5.05,0.43
8375,5.05,0.43
8376,5.05,0.42
8377,5.05,0.42
8378,5.05,0.43
8379,5.05,0.42
8380,5.05,0.42
8381,5.05,0.42
8382,5.05,0.42
8383,5.05,0.42
8384,5.05,0.42
8385,5.05,0.42
8386,5.05,0.42
8387,5.05,0.42
8388,5.05,0.42
8389,5.05,0.42
8390,5.05,0.43
8391,5.05,0.42
8392,5.05,0.42
8393,5.05,0.42
8394,5.05,0.42
8395,5.05,0.43
8396,5.05,0.43
8397,5.05,0.42
8398,5.05,0.42
8399,5.05,0.42
8400,5.05,0.42
8401,5.05,0.42
8402,5.05,0.42
8403,5.05,0.43
8404,5.05,0.42
8405,5.05,0.42
8406,5.05,0.42
8407,5.05,0.42
8408,5.05,0.42
8409,5.05,0.42
8410,5.05,0.42
8411,5.05,0.42
8412,5.05,0.43
8413,5.05,0.43
8414,5.05,0.43
8415,5.05,0.43
8416,5.05,0.43
8417,5.05,0.43
8418,5.05,0.43
8419,5.05,0.43
8420,5.05,0.43
8421,5.05,0.43
8422,5.05,0.43
8423,5.05,0.43
8424,5.05,0.43
8425,5.05,0.43
8426,5.05,0.43
8427,5.05,0.43
8428,5.05,0.43
8429,5.05,0.43
8430,5.05,0.43
8431,5.05,0.43
8432,5.05,0.43
8433,5.05,0.43
8434,5.05,0.43
8435,5.05,0.43
8436,5.06,0.43
8437,5.06,0.43
8438,5.06,0.43
8439,5.06,0.43
8440,5.06,0.43
8441,5.06,0.43
8442,5.06,0.43
8443,5.06,0.43
8444,5.06,0.43
8445,5.06,0.43
8446,5.06,0.43
8447,5.06,0.43
8448,5.06,0.43
8449,5.06,0.43
8450,5.06,0.43
8451,5.06,0.43
8452,5.06,0.43
8453,5.06,0.43
8454,5.06,0.43
8455,5.06,0.43
8456,5.06,0.43
8457,5.06,0.43
8458,5.06,0.43
8459,5.06,0.43
8460,5.06,0.43
8461,5.06,0.43
8462,5.06,0.43
8463,5.06,0.43
8464,5.06,0.43
8465,5.06,0.43
8466,5.06,0.43
8467,5.06,0.43
8468,5.06,0.43
8469,5.06,0.43
8470,5.06,0.43
8471,5.06,0.43
8472,5.06,0.43
8473,5.06,0.43
8474,5.06,0.43
8475,5.06,0.43
8476,5.06,0.43
8477,5.06,0.43
8478,5.06,0.43
8479,5.06,0.43
8480,5.06,0.43
8481,5.06,0.43
8482,5.06,0.43
8483,5.06,0.43
8484,5.06,0.43
8485,5.06,0.43
8486,5.06,0.43
8487,5.06,0.43
8488,5.06,0.43
8489,5.06,0.43
8490,5.06,0.43
8491,5.06,0.43
8492,5.06,0.43
8493,5.06,0.43
8494,5.06,0.43
8495,5.06,0.43
8496,5.06,0.43
8497,5.06,0.43
8498,5.06,0.43
8499,5.06,0.43
8500,5.06,0.43
8501,5.06,0.43
8502,5.06,0.43
8503,5.06,0.43
8504,5.06,0.43
8505,5.06,0.43
8506,5.06,0.43
8507,5.06,0.43
8508,5.06,0.43
8509,5.06,0.43
8510,5.06,0.43
8511,5.06,0.43
8512,5.06,0.43
8513,5.06,0.43
8514,5.06,0.43
8515,5.06,0.43
8516,5.06,0.43
8517,5.06,0.43
8518,5.06,0.43
8519,5.06,0.43
8520,5.06,0.43
8521,5.06,0.43
8522,5.06,0.43
8523,5.06,0.43
8524,5.06,0.43
8525,5.06,0.43
8526,5.06,0.43
8527,5.06,0.43
8528,5.06,0.43
8529,5.06,0.43
8530,5.06,0.43
8531,5.06,0.43
8532,5.06,0.43
8533,5.06,0.43
8534,5.06,0.43
8535,5.06,0.43
8536,5.06,0.43
8537,5.06,0.43
8538,5.06,0.43
8539,5.06,0.43
8540,5.06,0.43
8541,5.06,0.43
8542,5.06,0.43
8543,5.06,0.43
8544,5.06,0.43
8545,5.06,0.43
8546,5.06,0.43
8547,5.06,0.43
8548,5.06,0.43
8549,5.06,0.43
8550,5.06,0.43
8551,5.06,0.43
8552,5.06,0.43
8553,5.06,0.43
8554,5.06,0.43
8555,5.06,0.43
8556,5.06,0.43
8557,5.06,0.43
8558,5.06,0.43
8559,5.06,0.43
8560,5.06,0.43
8561,5.06,0.43
8562,5.06,0.43
8563,5.06,0.43
8564,5.06,0.43
8565,5.06,0.43
8566,5.06,0.43
8567,5.06,0.43
8568,5.06,0.43
8569,5.06,0.43
8570,5.06,0.43
8571,5.06,0.43
8572,5.06,0.43
8573,5.06,0.43
8574,5.06,0.43
8575,5.06,0.43
8576,5.06,0.43
8577,5.06,0.43
8578,5.06,0.43
8579,5.06,0.43
8580,5.06,0.43
8581,5.06,0.43
8582,5.06,0.43
8583,5.06,0.43
8584,5.06,0.43
8585,5.06,0.43
8586,5.06,0.43
8587,5.06,0.43
8588,5.06,0.43
8589,5.06,0.43
8590,5.06,0.43
8591,5.06,0.43
8592,5.06,0.43
8593,5.06,0.43
8594,5.06,0.43
8595,5.06,0.43
8596,5.06,0.44
8597,5.06,0.43
8598,5.06,0.43
8599,5.06,0.43
8600,5.06,0.44
8601,5.06,0.43
8602,5.07,0.43
8603,5.07,0.43
8604,5.07,0.43
8605,5.07,0.43
8606,5.07,0.43
8607,5.07,0.43
8608,5.07,0.43
8609,5.07,0.43
8610,5.07,0.43
8611,5.07,0.43
8612,5.07,0.43
8613,5.07,0.43
8614,5.07,0.43
8615,5.07,0.43
8616,5.07,0.43
8617,5.07,0.43
8618,5.07,0.43
8619,5.07,0.43
8620,5.07,0.44
8621,5.07,0.43
8622,5.07,0.44
8623,5.07,0.43
8624,5.07,0.43
8625,5.07,0.43
8626,5.07,0.43
8627,5.07,0.43
8628,5.07,0.43
8629,5.07,0.43
8630,5.07,0.43
8631,5.07,0.43
8632,5.07,0.43
8633,5.07,0.43
8634,5.07,0.43
8635,5.07,0.43
8636,5.07,0.43
8637,5.07,0.43
8638,5.07,0.44
8639,5.07,0.43
8640,5.07,0.43
8641,5.07,0.43
8642,5.07,0.43
8643,5.07,0.43
8644,5.07,0.43
8645,5.07,0.43
8646,5.07,0.43
8647,5.07,0.43
8648,5.07,0.43
8649,5.07,0.44
8650,5.07,0.43
8651,5.07,0.43
8652,5.07,0.43
8653,5.07,0.43
8654,5.07,0.43
8655,5.07,0.43
8656,5.07,0.43
8657,5.07,0.43
8658,5.07,0.43
8659,5.07,0.43
8660,5.07,0.43
8661,5.07,0.44
8662,5.07,0.44
8663,5.07,0.43
8664,5.07,0.43
8665,5.07,0.44
8666,5.07,0.43
8667,5.07,0.43
8668,5.07,0.43
8669,5.07,0.43
8670,5.07,0.43
8671,5.07,0.43
8672,5.07,0.43
8673,5.07,0.43
8674,5.07,0.43
8675,5.07,0.43
8676,5.07,0.43
8677,5.07,0.43
8678,5.07,0.43
8679,5.07,0.43
8680,5.07,0.43
8681,5.07,0.43
8682,5.07,0.44
8683,5.07,0.43
8684,5.07,0.43
8685,5.07,0.43
8686,5.07,0.43
8687,5.07,0.43
8688,5.07,0.43
8689,5.07,0.43
8690,5.07,0.43
8691,5.07,0.43
8692,5.07,0.43
8693,5.07,0.43
8694,5.07,0.43
8695,5.07,0.43
8696,5.07,0.43
8697,5.07,0.43
8698,5.07,0.43
8699,5.07,0.43
8700,5.07,0.43
8701,5.07,0.44
8702,5.07,0.43
8703,5.07,0.43
8704,5.07,0.44
8705,5.07,0.44
8706,5.07,0.44
8707,5.07,0.44
8708,5.07,0.44
8709,5.07,0.44
8710,5.07,0.44
8711,5.07,0.43
8712,5.07,0.44
8713,5.08,0.45
8714,5.08,0.45
8715,5.08,0.44
8716,5.08,0.44
8717,5.08,0.44
8718,5.08,0.44
8719,5.08,0.45
8720,5.08,0.45
8721,5.08,0.44
8722,5.08,0.44
8723,5.08,0.44
8724,5.08,0.44
8725,5.08,0.44
8726,5.08,0.44
8727,5.08,0.44
8728,5.08,0.44
8729,5.08,0.44
8730,5.08,0.44
8731,5.08,0.44
8732,5.08,0.44
8733,5.08,0.44
8734,5.08,0.44
8735,5.08,0.44
8736,5.08,0.44
8737,5.08,0.44
8738,5.08,0.44
8739,5.08,0.44
8740,5.08,0.44
8741,5.08,0.44
8742,5.08,0.44
8743,5.08,0.44
8744,5.08,0.44
8745,5.08,0.44
8746,5.08,0.45
8747,5.08,0.44
8748,5.08,0.44
8749,5.08,0.45
8750,5.08,0.44
8751,5.08,0.44
8752,5.08,0.44
8753,5.08,0.44
8754,5.08,0.44
8755,5.08,0.44
8756,5.08,0.45
8757,5.08,0.44
8758,5.08,0.45
8759,5.08,0.45
8760,5.08,0.44
8761,5.08,0.44
8762,5.08,0.44
8763,5.08,0.44
8764,5.08,0.44
8765,5.08,0.44
8766,5.08,0.44
8767,5.08,0.44
8768,5.08,0.44
8769,5.08,0.44
8770,5.09,0.45
8771,5.09,0.45
8772,5.09,0.44
8773,5.09,0.44
8774,5.09,0.44
8775,5.09,0.44
8776,5.09,0.44
8777,5.09,0.44
8778,5.09,0.44
8779,5.09,0.44
8780,5.09,0.44
8781,5.09,0.44
8782,5.09,0.44
8783,5.09,0.44
8784,5.09,0.44
8785,5.09,0.44
8786,5.09,0.44
8787,5.09,0.44
8788,5.09,0.44
8789,5.09,0.45
8790,5.09,0.45
8791,5.09,0.45
8792,5.09,0.44
8793,5.09,0.45
8794,5.09,0.44
8795,5.09,0.44
8796,5.09,0.44
8797,5.09,0.44
8798,5.09,0.44
8799,5.09,0.44
8800,5.09,0.44
8801,5.09,0.44
8802,5.09,0.44
8803,5.09,0.44
8804,5.09,0.44
8805,5.09,0.44
8806,5.09,0.44
8807,5.09,0.44
8808,5.09,0.44
8809,5.09,0.44
8810,5.09,0.44
8811,5.09,0.44
8812,5.09,0.44
8813,5.09,0.44
8814,5.09,0.44
8815,5.09,0.45
8816,5.09,0.44
8817,5.09,0.45
8818,5.09,0.44
8819,5.09,0.45
8820,5.09,0.45
8821,5.09,0.45
8822,5.09,0.44
8823,5.09,0.44
8824,5.09,0.45
8825,5.09,0.44
8826,5.09,0.45
8827,5.09,0.45
8828,5.09,0.45
8829,5.09,0.45
8830,5.09,0.45
8831,5.09,0.45
8832,5.09,0.45
8833,5.09,0.45
8834,5.09,0.45
8835,5.09,0.45
8836,5.09,0.45
8837,5.09,0.45
8838,5.09,0.45
8839,5.09,0.45
8840,5.09,0.45
8841,5.09,0.45
8842,5.09,0.45
8843,5.09,0.45
8844,5.1,0.45
8845,5.1,0.45
8846,5.1,0.45
8847,5.1,0.45
8848,5.1,0.45
8849,5.1,0.45
8850,5.1,0.45
8851,5.1,0.45
8852,5.1,0.45
8853,5.1,0.45
8854,5.1,0.45
8855,5.1,0.45
8856,5.1,0.45
8857,5.1,0.45
8858,5.1,0.44
8859,5.1,0.45
8860,5.1,0.45
8861,5.1,0.44
8862,5.1,0.45
8863,5.1,0.45
8864,5.1,0.45
8865,5.1,0.45
8866,5.1,0.45
8867,5.1,0.45
8868,5.1,0.45
8869,5.1,0.45
8870,5.1,0.45
8871,5.1,0.45
8872,5.1,0.45
8873,5.1,0.45
8874,5.1,0.45
8875,5.1,0.45
8876,5.1,0.45
8877,5.1,0.45
8878,5.1,0.45
8879,5.1,0.45
8880,5.1,0.45
8881,5.1,0.45
8882,5.1,0.45
8883,5.1,0.45
8884,5.1,0.45
8885,5.1,0.45
8886,5.1,0.45
8887,5.1,0.45
8888,5.1,0.45
8889,5.1,0.45
8890,5.1,0.45
8891,5.1,0.45
8892,5.1,0.45
8893,5.1,0.45
8894,5.1,0.45
8895,5.1,0.45
8896,5.1,0.45
8897,5.1,0.45
8898,5.1,0.45
8899,5.1,0.45
8900,5.1,0.45
8901,5.1,0.45
8902,5.1,0.45
8903,5.1,0.45
8904,5.1,0.45
8905,5.1,0.45
8906,5.1,0.45
8907,5.1,0.45
8908,5.11,0.45
8909,5.1,0.45
8910,5.11,0.45
8911,5.11,0.45
8912,5.11,0.45
8913,5.11,0.45
8914,5.11,0.45
8915,5.11,0.45
8916,5.11,0.45
8917,5.1,0.45
8918,5.1,0.45
8919,5.1,0.45
8920,5.1,0.45
8921,5.1,0.45
8922,5.1,0.45
8923,5.1,0.45
8924,5.1,0.45
8925,5.1,0.45
8926,5.1,0.45
8927,5.1,0.45
8928,5.1,0.45
8929,5.1,0.45
8930,5.1,0.45
8931,5.1,0.45
8932,5.1,0.45
8933,5.11,0.45
8934,5.11,0.45
8935,5.11,0.45
8936,5.11,0.45
8937,5.11,0.45
8938,5.11,0.45
8939,5.11,0.45
8940,5.11,0.45
8941,5.11,0.45
8942,5.11,0.45
8943,5.11,0.45
8944,5.11,0.45
8945,5.11,0.45
8946,5.11,0.45
8947,5.11,0.45
8948,5.11,0.45
8949,5.11,0.45
8950,5.11,0.45
8951,5.11,0.45
8952,5.11,0.45
8953,5.11,0.45
8954,5.11,0.45
8955,5.11,0.45
8956,5.11,0.45
8957,5.12,0.45
8958,5.12,0.45
8959,5.12,0.45
8960,5.12,0.45
8961,5.12,0.45
8962,5.12,0.45
8963,5.12,0.45
8964,5.12,0.45
8965,5.12,0.45
8966,5.12,0.45
8967,5.12,0.45
8968,5.12,0.45
8969,5.12,0.45
8970,5.12,0.45
8971,5.12,0.45
8972,5.12,0.45
8973,5.12,0.45
8974,5.12,0.45
8975,5.12,0.45
8976,5.11,0.45
8977,5.11,0.45
8978,5.11,0.45
8979,5.11,0.45
8980,5.11,0.45
8981,5.11,0.45
8982,5.11,0.45
8983,5.11,0.45
8984,5.11,0.45
8985,5.11,0.45
8986,5.11,0.45
8987,5.11,0.45
8988,5.11,0.45
8989,5.11,0.45
8990,5.12,0.45
8991,5.12,0.45
8992,5.12,0.45
8993,5.12,0.45
8994,5.12,0.45
8995,5.12,0.45
8996,5.12,0.45
8997,5.12,0.45
8998,5.12,0.45
8999,5.12,0.45
9000,5.12,0.45
9001,5.12,0.45
9002,5.12,0.45
9003,5.12,0.45
9004,5.12,0.45
9005,5.12,0.45
9006,5.12,0.45
9007,5.12,0.45
9008,5.12,0.45
9009,5.12,0.45
9010,5.12,0.45
9011,5.12,0.45
9012,5.12,0.45
9013,5.12,0.45
9014,5.12,0.45
9015,5.12,0.45
9016,5.12,0.45
9017,5.12,0.45
9018,5.12,0.45
9019,5.12,0.45
9020,5.12,0.46
9021,5.12,0.45
9022,5.12,0.45
9023,5.12,0.45
9024,5.12,0.46
9025,5.12,0.46
9026,5.12,0.46
9027,5.12,0.45
9028,5.12,0.46
9029,5.12,0.46
9030,5.12,0.46
9031,5.12,0.46
9032,5.12,0.46
9033,5.12,0.46
9034,5.12,0.45
9035,5.12,0.45
9036,5.12,0.45
9037,5.12,0.46
9038,5.12,0.45
9039,5.12,0.46
9040,5.12,0.45
9041,5.12,0.46
9042,5.13,0.46
9043,5.13,0.46
9044,5.13,0.46
9045,5.13,0.46
9046,5.13,0.46
9047,5.13,0.46
9048,5.13,0.46
9049,5.13,0.46
9050,5.13,0.46
9051,5.13,0.46
9052,5.13,0.46
9053,5.13,0.46
9054,5.13,0.46
9055,5.13,0.46
9056,5.13,0.46
9057,5.13,0.46
9058,5.13,0.46
9059,5.13,0.46
9060,5.13,0.46
9061,5.13,0.46
9062,5.13,0.46
9063,5.13,0.46
9064,5.13,0.46
9065,5.13,0.46
9066,5.13,0.46
9067,5.13,0.46
9068,5.13,0.46
9069,5.13,0.46
9070,5.13,0.46
9071,5.13,0.46
9072,5.13,0.46
9073,5.13,0.46
9074,5.13,0.46
9075,5.13,0.45
9076,5.13,0.46
9077,5.13,0.45
9078,5.13,0.45
9079,5.13,0.46
9080,5.13,0.46
9081,5.13,0.46
9082,5.13,0.46
9083,5.13,0.46
9084,5.13,0.46
9085,5.13,0.46
9086,5.13,0.46
9087,5.13,0.46
9088,5.13,0.46
9089,5.13,0.46
9090,5.13,0.46
9091,5.13,0.46
9092,5.13,0.45
9093,5.13,0.45
9094,5.13,0.46
9095,5.13,0.45
9096,5.13,0.46
9097,5.13,0.45
9098,5.13,0.45
9099,5.13,0.46
9100,5.13,0.46
9101,5.13,0.46
9102,5.13,0.46
9103,5.13,0.46
9104,5.14,0.46
9105,5.14,0.46
9106,5.14,0.46
9107,5.14,0.46
9108,5.14,0.46
9109,5.14,0.46
9110,5.14,0.46
9111,5.14,0.46
9112,5.14,0.46
9113,5.14,0.46
9114,5.14,0.47
9115,5.14,0.47
9116,5.14,0.47
9117,5.14,0.47
9118,5.14,0.46
9119,5.14,0.47
9120,5.14,0.47
9121,5.14,0.47
9122,5.14,0.47
9123,5.14,0.47
9124,5.14,0.47
9125,5.14,0.47
9126,5.14,0.47
9127,5.14,0.47
9128,5.14,0.46
9129,5.14,0.46
9130,5.14,0.47
9131,5.14,0.47
9132,5.14,0.46
9133,5.14,0.47
9134,5.14,0.47
9135,5.14,0.46
9136,5.14,0.47
9137,5.14,0.47
9138,5.14,0.46
9139,5.14,0.46
9140,5.14,0.46
9141,5.14,0.47
9142,5.14,0.46
9143,5.14,0.47
9144,5.14,0.46
9145,5.14,0.47
9146,5.14,0.47
9147,5.14,0.46
9148,5.14,0.46
9149,5.14,0.46
9150,5.14,0.46
9151,5.14,0.47
9152,5.14,0.46
9153,5.14,0.46
9154,5.14,0.47
9155,5.15,0.46
9156,5.14,0.47
9157,5.15,0.47
9158,5.15,0.47
9159,5.15,0.47
9160,5.15,0.47
9161,5.15,0.46
9162,5.15,0.47
9163,5.15,0.47
9164,5.15,0.47
9165,5.15,0.47
9166,5.15,0.46
9167,5.15,0.46
9168,5.15,0.46
9169,5.15,0.47
9170,5.15,0.47
9171,5.15,0.47
9172,5.15,0.47
9173,5.15,0.47
9174,5.15,0.46
9175,5.15,0.47
9176,5.15,0.47
9177,5.15,0.47
9178,5.15,0.46
9179,5.15,0.46
9180,5.15,0.46
9181,5.15,0.47
9182,5.15,0.47
9183,5.15,0.46
9184,5.15,0.47
9185,5.15,0.47
9186,5.15,0.46
9187,5.15,0.47
9188,5.15,0.47
9189,5.15,0.47
9190,5.15,0.47
9191,5.15,0.47
9192,5.15,0.47
9193,5.15,0.47
9194,5.15,0.47
9195,5.15,0.47
9196,5.15,0.47
9197,5.15,0.47
9198,5.15,0.47
9199,5.15,0.47
9200,5.15,0.47
9201,5.15,0.47
9202,5.15,0.47
9203,5.15,0.47
9204,5.15,0.47
9205,5.15,0.47
9206,5.15,0.47
9207,5.15,0.47
9208,5.15,0.47
9209,5.15,0.47
9210,5.15,0.47
9211,5.15,0.47
9212,5.15,0.47
9213,5.15,0.47
9214,5.15,0.47
9215,5.15,0.47
9216,5.15,0.47
9217,5.16,0.47
9218,5.16,0.47
9219,5.16,0.47
9220,5.16,0.47
9221,5.16,0.47
9222,5.16,0.47
9223,5.16,0.47
9224,5.16,0.47
9225,5.16,0.47
9226,5.16,0.47
9227,5.16,0.47
9228,5.16,0.47
9229,5.16,0.47
9230,5.16,0.47
9231,5.16,0.47
9232,5.16,0.47
9233,5.16,0.47
9234,5.16,0.47
9235,5.16,0.47
9236,5.16,0.47
9237,5.16,0.47
9238,5.16,0.47
9239,5.16,0.47
9240,5.16,0.47
9241,5.16,0.47
9242,5.16,0.47
9243,5.16,0.47
9244,5.16,0.47
9245,5.16,0.47
9246,5.16,0.47
9247,5.16,0.47
9248,5.16,0.47
9249,5.16,0.47
9250,5.16,0.47
9251,5.16,0.47
9252,5.16,0.47
9253,5.16,0.47
9254,5.16,0.47
9255,5.16,0.47
9256,5.16,0.47
9257,5.16,0.47
9258,5.16,0.47
9259,5.16,0.47
9260,5.16,0.47
9261,5.16,0.47
9262,5.16,0.47
9263,5.16,0.47
9264,5.16,0.47
9265,5.16,0.47
9266,5.16,0.47
9267,5.16,0.47
9268,5.16,0.47
9269,5.16,0.47
9270,5.16,0.47
9271,5.16,0.47
9272,5.16,0.47
9273,5.16,0.47
9274,5.16,0.47
9275,5.16,0.47
9276,5.16,0.47
9277,5.16,0.47
9278,5.16,0.47
9279,5.16,0.47
9280,5.16,0.47
9281,5.16,0.47
9282,5.16,0.48
9283,5.16,0.48
9284,5.16,0.47
9285,5.16,0.48
9286,5.16,0.47
9287,5.16,0.48
9288,5.16,0.47
9289,5.16,0.48
9290,5.16,0.47
9291,5.16,0.47
9292,5.16,0.47
9293,5.17,0.47
9294,5.17,0.47
9295,5.17,0.47
9296,5.17,0.48
9297,5.17,0.47
9298,5.17,0.48
9299,5.17,0.47
9300,5.17,0.48
9301,5.17,0.47
9302,5.17,0.47
9303,5.17,0.47
9304,5.17,0.47
9305,5.17,0.47
9306,5.17,0.47
9307,5.17,0.47
9308,5.17,0.47
9309,5.17,0.47
9310,5.17,0.48
9311,5.17,0.48
9312,5.17,0.47
9313,5.17,0.48
9314,5.17,0.47
9315,5.17,0.47
9316,5.17,0.48
9317,5.17,0.47
9318,5.17,0.48
9319,5.17,0.48
9320,5.17,0.48
9321,5.17,0.48
9322,5.17,0.48
9323,5.17,0.48
9324,5.17,0.47
9325,5.17,0.47
9326,5.17,0.47
9327,5.17,0.47
9328,5.17,0.47
9329,5.17,0.47
9330,5.17,0.47
9331,5.17,0.47
9332,5.17,0.47
9333,5.17,0.48
9334,5.17,0.47
9335,5.17,0.47
9336,5.17,0.47
9337,5.17,0.47
9338,5.17,0.47
9339,5.17,0.48
9340,5.17,0.48
9341,5.17,0.48
9342,5.17,0.47
9343,5.17,0.48
9344,5.17,0.47
9345,5.17,0.47
9346,5.17,0.47
9347,5.17,0.47
9348,5.18,0.47
9349,5.18,0.48
9350,5.18,0.47
9351,5.18,0.47
9352,5.18,0.48
9353,5.18,0.48
9354,5.18,0.48
9355,5.18,0.48
9356,5.18,0.48
9357,5.18,0.48
9358,5.18,0.48
9359,5.18,0.48
9360,5.18,0.48
9361,5.18,0.48
9362,5.18,0.48
9363,5.18,0.48
9364,5.18,0.48
9365,5.18,0.48
9366,5.18,0.48
9367,5.18,0.48
9368,5.18,0.48
9369,5.18,0.48
9370,5.18,0.48
9371,5.18,0.48
9372,5.18,0.48
9373,5.18,0.49
9374,5.18,0.48
9375,5.18,0.49
9376,5.18,0.48
9377,5.18,0.48
9378,5.18,0.49
9379,5.18,0.48
9380,5.18,0.48
9381,5.18,0.49
9382,5.18,0.49
9383,5.18,0.48
9384,5.18,0.48
9385,5.18,0.48
9386,5.18,0.48
9387,5.18,0.48
9388,5.19,0.48
9389,5.19,0.48
9390,5.19,0.48
9391,5.19,0.48
9392,5.19,0.48
9393,5.19,0.48
9394,5.19,0.49
9395,5.19,0.49
9396,5.19,0.48
9397,5.19,0.49
9398,5.19,0.48
9399,5.19,0.48
9400,5.19,0.48
9401,5.19,0.48
9402,5.19,0.48
9403,5.19,0.48
9404,5.19,0.48
9405,5.19,0.48
9406,5.19,0.48
9407,5.19,0.48
9408,5.19,0.48
9409,5.19,0.49
9410,5.19,0.48
9411,5.19,0.48
9412,5.19,0.48
9413,5.19,0.48
9414,5.19,0.48
9415,5.19,0.48
9416,5.19,0.48
9417,5.19,0.48
9418,5.19,0.48
9419,5.19,0.48
9420,5.19,0.48
9421,5.19,0.48
9422,5.19,0.49
9423,5.19,0.48
9424,5.19,0.48
9425,5.19,0.48
9426,5.19,0.49
9427,5.19,0.49
9428,5.19,0.49
9429,5.19,0.49
9430,5.19,0.49
9431,5.19,0.49
9432,5.19,0.49
9433,5.19,0.49
9434,5.19,0.49
9435,5.19,0.49
9436,5.19,0.49
9437,5.19,0.49
9438,5.19,0.49
9439,5.19,0.49
9440,5.19,0.49
9441,5.19,0.49
9442,5.19,0.49
9443,5.19,0.49
9444,5.19,0.49
9445,5.19,0.49
9446,5.19,0.49
9447,5.19,0.49
9448,5.19,0.49
9449,5.19,0.49
9450,5.19,0.49
9451,5.2,0.49
9452,5.2,0.49
9453,5.2,0.49
9454,5.2,0.49
9455,5.2,0.49
9456,5.2,0.49
9457,5.2,0.49
9458,5.2,0.49
9459,5.2,0.49
9460,5.2,0.49
9461,5.2,0.49
9462,5.2,0.49
9463,5.2,0.49
9464,5.2,0.49
9465,5.2,0.49
9466,5.2,0.49
9467,5.2,0.49
9468,5.2,0.49
9469,5.2,0.49
9470,5.2,0.49
9471,5.2,0.49
9472,5.2,0.49
9473,5.2,0.49
9474,5.2,0.49
9475,5.2,0.49
9476,5.2,0.49
9477,5.2,0.49
9478,5.2,0.49
9479,5.2,0.49
9480,5.2,0.49
9481,5.2,0.49
9482,5.2,0.49
9483,5.2,0.49
9484,5.2,0.49
9485,5.2,0.49
9486,5.2,0.48
9487,5.2,0.49
9488,5.2,0.49
9489,5.2,0.49
9490,5.2,0.49
9491,5.2,0.49
9492,5.2,0.49
9493,5.2,0.49
9494,5.2,0.49
9495,5.2,0.49
9496,5.2,0.49
9497,5.2,0.49
9498,5.2,0.49
9499,5.2,0.49
9500,5.2,0.49
9501,5.2,0.49
9502,5.2,0.49
9503,5.2,0.49
9504,5.2,0.49
9505,5.2,0.49
9506,5.2,0.49
9507,5.2,0.49
9508,5.2,0.49
9509,5.2,0.49
9510,5.2,0.49
9511,5.2,0.49
9512,5.2,0.49
9513,5.2,0.49
9514,5.2,0.49
9515,5.2,0.49
9516,5.2,0.49
9517,5.21,0.49
9518,5.21,0.49
9519,5.21,0.49
9520,5.21,0.49
9521,5.21,0.49
9522,5.21,0.49
9523,5.21,0.49
9524,5.21,0.49
9525,5.21,0.49
9526,5.21,0.49
9527,5.21,0.49
9528,5.21,0.49
9529,5.21,0.49
9530,5.21,0.49
9531,5.21,0.49
9532,5.21,0.49
9533,5.21,0.49
9534,5.21,0.49
9535,5.21,0.49
9536,5.21,0.49
9537,5.21,0.49
9538,5.21,0.49
9539,5.21,0.49
9540,5.21,0.49
9541,5.21,0.49
9542,5.21,0.49
9543,5.21,0.49
9544,5.21,0.49
9545,5.21,0.49
9546,5.21,0.49
9547,5.21,0.49
9548,5.21,0.49
9549,5.21,0.49
9550,5.21,0.49
9551,5.21,0.49
9552,5.21,0.49
9553,5.21,0.49
9554,5.21,0.49
9555,5.21,0.49
9556,5.21,0.49
9557,5.21,0.49
9558,5.21,0.49
9559,5.21,0.49
9560,5.21,0.49
9561,5.21,0.49
9562,5.21,0.49
9563,5.21,0.49
9564,5.21,0.49
9565,5.21,0.49
9566,5.21,0.49
9567,5.21,0.49
9568,5.21,0.49
9569,5.21,0.49
9570,5.21,0.49
9571,5.21,0.49
9572,5.21,0.49
9573,5.21,0.49
9574,5.21,0.49
9575,5.21,0.49
9576,5.21,0.49
9577,5.21,0.49
9578,5.21,0.49
9579,5.21,0.49
9580,5.21,0.49
9581,5.21,0.49
9582,5.21,0.49
9583,5.21,0.5
9584,5.21,0.49
9585,5.21,0.5
9586,5.21,0.5
9587,5.21,0.5
9588,5.22,0.5
9589,5.22,0.5
9590,5.22,0.5
9591,5.22,0.5
9592,5.22,0.5
9593,5.22,0.5
9594,5.22,0.5
9595,5.22,0.49
9596,5.22,0.5
9597,5.22,0.5
9598,5.22,0.49
9599,5.22,0.5
9600,5.22,0.5
9601,5.22,0.5
9602,5.22,0.5
9603,5.22,0.5
9604,5.22,0.5
9605,5.22,0.5
9606,5.22,0.5
9607,5.22,0.5
9608,5.22,0.5
9609,5.22,0.49
9610,5.22,0.5
9611,5.22,0.5
9612,5.22,0.5
9613,5.22,0.5
9614,5.22,0.5
9615,5.22,0.5
9616,5.22,0.5
9617,5.22,0.5
9618,5.22,0.5
9619,5.22,0.5
9620,5.22,0.5
9621,5.22,0.5
9622,5.22,0.5
9623,5.22,0.5
9624,5.22,0.5
9625,5.22,0.5
9626,5.23,0.5
9627,5.23,0.5
9628,5.23,0.5
9629,5.23,0.5
9630,5.23,0.49
9631,5.23,0.5
9632,5.23,0.5
9633,5.23,0.5
9634,5.23,0.5
9635,5.23,0.5
9636,5.23,0.5
9637,5.23,0.5
9638,5.23,0.5
9639,5.23,0.5
9640,5.23,0.5
9641,5.23,0.5
9642,5.23,0.5
9643,5.23,0.5
9644,5.23,0.5
9645,5.23,0.5
9646,5.23,0.5
9647,5.23,0.5
9648,5.23,0.5
9649,5.23,0.5
9650,5.23,0.5
9651,5.23,0.5
9652,5.23,0.5
9653,5.23,0.5
9654,5.23,0.5
9655,5.23,0.5
9656,5.23,0.5
9657,5.23,0.5
9658,5.23,0.5
9659,5.23,0.5
9660,5.23,0.5
9661,5.23,0.5
9662,5.23,0.49
9663,5.23,0.5
9664,5.23,0.51
9665,5.23,0.5
9666,5.23,0.51
9667,5.23,0.5
9668,5.23,0.51
9669,5.23,0.51
9670,5.23,0.51
9671,5.23,0.51
9672,5.23,0.51
9673,5.23,0.51
9674,5.23,0.51
9675,5.23,0.51
9676,5.23,0.51
9677,5.23,0.51
9678,5.23,0.51
9679,5.23,0.51
9680,5.23,0.51
9681,5.23,0.51
9682,5.23,0.51
9683,5.24,0.5
9684,5.24,0.51
9685,5.24,0.51
9686,5.24,0.51
9687,5.24,0.51
9688,5.24,0.51
9689,5.24,0.51
9690,5.24,0.51
9691,5.24,0.51
9692,5.24,0.51
9693,5.24,0.51
9694,5.24,0.5
9695,5.24,0.51
9696,5.24,0.51
9697,5.24,0.51
9698,5.24,0.51
9699,5.24,0.51
9700,5.24,0.51
9701,5.24,0.51
9702,5.24,0.51
9703,5.24,0.5
9704,5.24,0.51
9705,5.24,0.51
9706,5.24,0.51
9707,5.24,0.51
9708,5.24,0.51
9709,5.24,0.51
9710,5.24,0.51
9711,5.24,0.51
9712,5.24,0.51
9713,5.24,0.5
9714,5.24,0.51
9715,5.24,0.51
9716,5.24,0.51
9717,5.24,0.51
9718,5.24,0.51
9719,5.24,0.51
9720,5.24,0.51
9721,5.24,0.51
9722,5.24,0.51
9723,5.24,0.51
9724,5.24,0.51
9725,5.24,0.51
9726,5.24,0.51
9727,5.24,0.51
9728,5.24,0.51
9729,5.24,0.51
9730,5.24,0.51
9731,5.24,0.51
9732,5.24,0.51
9733,5.24,0.5
9734,5.24,0.51
9735,5.24,0.51
9736,5.24,0.51
9737,5.24,0.51
9738,5.24,0.51
9739,5.24,0.51
9740,5.24,0.51
9741,5.24,0.51
9742,5.24,0.51
9743,5.24,0.51
9744,5.24,0.51
9745,5.24,0.51
9746,5.24,0.51
9747,5.25,0.51
9748,5.25,0.51
9749,5.25,0.51
9750,5.25,0.51
9751,5.25,0.51
9752,5.25,0.51
9753,5.25,0.51
9754,5.25,0.51
9755,5.25,0.51
9756,5.25,0.51
9757,5.25,0.51
9758,5.25,0.51
9759,5.25,0.51
9760,5.25,0.51
9761,5.25,0.51
9762,5.25,0.51
9763,5.25,0.51
9764,5.25,0.51
9765,5.25,0.51
9766,5.25,0.51
9767,5.25,0.51
9768,5.25,0.51
9769,5.25,0.51
9770,5.25,0.51
9771,5.25,0.51
9772,5.25,0.51
9773,5.25,0.51
9774,5.25,0.51
9775,5.25,0.51
9776,5.25,0.51
9777,5.25,0.51
9778,5.25,0.51
9779,5.25,0.51
9780,5.25,0.51
9781,5.25,0.51
9782,5.25,0.51
9783,5.25,0.51
9784,5.25,0.51
9785,5.25,0.51
9786,5.25,0.51
9787,5.25,0.51
9788,5.25,0.51
9789,5.25,0.51
9790,5.25,0.51
9791,5.25,0.51
9792,5.25,0.51
9793,5.25,0.51
9794,5.25,0.51
9795,5.25,0.51
9796,5.25,0.51
9797,5.25,0.51
9798,5.25,0.51
9799,5.25,0.51
9800,5.26,0.51
9801,5.26,0.51
9802,5.26,0.51
9803,5.26,0.51
9804,5.26,0.51
9805,5.26,0.51
9806,5.26,0.51
9807,5.26,0.51
9808,5.26,0.51
9809,5.26,0.51
9810,5.26,0.51
9811,5.26,0.51
9812,5.26,0.51
9813,5.26,0.52
9814,5.26,0.52
9815,5.26,0.51
9816,5.26,0.51
9817,5.26,0.51
9818,5.26,0.52
9819,5.26,0.52
9820,5.26,0.52
9821,5.26,0.52
9822,5.26,0.52
9823,5.26,0.52
9824,5.26,0.52
9825,5.26,0.52
9826,5.26,0.52
9827,5.26,0.52
9828,5.26,0.51
9829,5.26,0.51
9830,5.26,0.52
9831,5.26,0.51
9832,5.26,0.51
9833,5.26,0.52
9834,5.26,0.51
9835,5.26,0.52
9836,5.26,0.51
9837,5.26,0.52
9838,5.27,0.52
9839,5.27,0.52
9840,5.27,0.52
9841,5.27,0.51
9842,5.27,0.52
9843,5.27,0.52
9844,5.27,0.51
9845,5.27,0.51
9846,5.27,0.51
9847,5.27,0.52
9848,5.27,0.52
9849,5.27,0.51
9850,5.27,0.52
9851,5.27,0.52
9852,5.27,0.52
9853,5.27,0.52
9854,5.27,0.51
9855,5.27,0.52
9856,5.27,0.52
9857,5.27,0.52
9858,5.27,0.52
9859,5.27,0.51
9860,5.27,0.51
9861,5.27,0.52
9862,5.27,0.51
9863,5.27,0.52
9864,5.27,0.52
9865,5.27,0.52
9866,5.27,0.52
9867,5.27,0.51
9868,5.27,0.51
9869,5.27,0.51
9870,5.27,0.52
9871,5.27,0.52
9872,5.27,0.52
9873,5.27,0.52
9874,5.27,0.51
9875,5.27,0.52
9876,5.27,0.52
9877,5.27,0.52
9878,5.27,0.52
9879,5.27,0.52
9880,5.27,0.52
9881,5.27,0.52
9882,5.27,0.52
9883,5.27,0.52
9884,5.27,0.51
9885,5.27,0.51
9886,5.27,0.51
9887,5.27,0.52
9888,5.27,0.52
9889,5.27,0.52
9890,5.27,0.52
9891,5.27,0.52
9892,5.27,0.52
9893,5.27,0.52
9894,5.27,0.52
9895,5.27,0.52
9896,5.27,0.52
9897,5.27,0.52
9898,5.27,0.52
9899,5.27,0.52
9900,5.27,0.52
9901,5.28,0.52
9902,5.28,0.52
9903,5.28,0.52
9904,5.28,0.52
9905,5.28,0.52
9906,5.28,0.52
9907,5.28,0.52
9908,5.28,0.52
9909,5.28,0.52
9910,5.28,0.52
9911,5.28,0.52
9912,5.28,0.52
9913,5.28,0.52
9914,5.28,0.52
9915,5.28,0.52
9916,5.28,0.52
9917,5.28,0.52
9918,5.28,0.52
9919,5.28,0.52
9920,5.28,0.52
9921,5.28,0.52
9922,5.28,0.52
9923,5.28,0.52
9924,5.28,0.52
9925,5.28,0.52
9926,5.28,0.52
9927,5.28,0.52
9928,5.28,0.52
9929,5.28,0.52
9930,5.28,0.52
9931,5.28,0.52
9932,5.28,0.52
9933,5.28,0.52
9934,5.28,0.52
9935,5.28,0.52
9936,5.28,0.52
9937,5.28,0.52
9938,5.28,0.52
9939,5.28,0.52
9940,5.28,0.52
9941,5.28,0.52
9942,5.28,0.52
9943,5.29,0.52
9944,5.29,0.52
9945,5.29,0.52
9946,5.29,0.52
9947,5.29,0.52
9948,5.29,0.52
9949,5.29,0.52
9950,5.29,0.52
9951,5.29,0.52
9952,5.29,0.52
9953,5.29,0.52
9954,5.29,0.52
9955,5.29,0.52
9956,5.29,0.52
9957,5.29,0.52
9958,5.29,0.52
9959,5.29,0.52
9960,5.29,0.52
9961,5.29,0.52
9962,5.29,0.52
9963,5.29,0.52
9964,5.29,0.52
9965,5.29,0.52
9966,5.29,0.52
9967,5.29,0.52
9968,5.29,0.52
9969,5.29,0.52
9970,5.29,0.52
9971,5.29,0.52
9972,5.29,0.52
9973,5.29,0.52
9974,5.29,0.52
9975,5.29,0.52
9976,5.29,0.52
9977,5.29,0.52
9978,5.29,0.52
9979,5.29,0.52
9980,5.29,0.52
9981,5.29,0.52
9982,5.29,0.52
9983,5.29,0.52
9984,5.29,0.52
9985,5.29,0.52
9986,5.29,0.52
9987,5.29,0.52
9988,5.29,0.52
9989,5.29,0.52
9990,5.3,0.52
9991,5.3,0.52
9992,5.3,0.52
9993,5.3,0.52
9994,5.3,0.52
9995,5.3,0.52
9996,5.3,0.52
9997,5.3,0.52
9998,5.3,0.52
9999,5.3,0.52
