Sample,Courant,Pose
0,0.57,5.38
1,0.58,5.38
2,0.58,5.38
3,0.58,5.38
4,0.58,5.38
5,0.57,5.38
6,0.58,5.38
7,0.58,5.38
8,0.57,5.38
9,0.57,5.38
10,0.58,5.38
11,0.58,5.38
12,0.58,5.38
13,0.58,5.38
14,0.57,5.38
15,0.57,5.38
16,0.58,5.38
17,0.57,5.38
18,0.57,5.38
19,0.57,5.38
20,0.57,5.38
21,0.57,5.38
22,0.57,5.38
23,0.57,5.38
24,0.57,5.38
25,0.57,5.38
26,0.58,5.38
27,0.58,5.38
28,0.58,5.38
29,0.57,5.38
30,0.58,5.38
31,0.57,5.38
32,0.57,5.38
33,0.57,5.38
34,0.58,5.38
35,0.58,5.38
36,0.58,5.38
37,0.58,5.38
38,0.58,5.38
39,0.57,5.38
40,0.57,5.38
41,0.58,5.38
42,0.57,5.38
43,0.57,5.38
44,0.57,5.38
45,0.57,5.38
46,0.57,5.38
47,0.57,5.38
48,0.57,5.38
49,0.57,5.38
50,0.57,5.38
51,0.58,5.38
52,0.57,5.38
53,0.57,5.38
54,0.56,5.38
55,0.57,5.38
56,0.57,5.38
57,0.57,5.38
58,0.57,5.38
59,0.57,5.38
60,0.57,5.38
61,0.57,5.38
62,0.57,5.38
63,0.56,5.38
64,0.57,5.38
65,0.57,5.38
66,0.57,5.38
67,0.56,5.38
68,0.57,5.38
69,0.57,5.37
70,0.57,5.37
71,0.56,5.37
72,0.57,5.37
73,0.57,5.37
74,0.57,5.37
75,0.57,5.37
76,0.57,5.37
77,0.57,5.37
78,0.57,5.37
79,0.57,5.37
80,0.57,5.37
81,0.57,5.37
82,0.57,5.37
83,0.57,5.37
84,0.57,5.37
85,0.57,5.37
86,0.57,5.37
87,0.56,5.37
88,0.57,5.37
89,0.57,5.37
90,0.57,5.37
91,0.57,5.37
92,0.57,5.37
93,0.57,5.37
94,0.57,5.37
95,0.57,5.37
96,0.57,5.37
97,0.57,5.37
98,0.57,5.37
99,0.57,5.37
100,0.57,5.37
101,0.56,5.37
102,0.57,5.37
103,0.57,5.37
104,0.57,5.37
105,0.57,5.37
106,0.57,5.37
107,0.56,5.37
108,0.57,5.37
109,0.56,5.37
110,0.57,5.37
111,0.57,5.37
112,0.56,5.37
113,0.57,5.37
114,0.57,5.37
115,0.57,5.37
116,0.57,5.37
117,0.56,5.37
118,0.56,5.37
119,0.57,5.37
120,0.57,5.37
121,0.57,5.37
122,0.57,5.37
123,0.56,5.37
124,0.56,5.37
125,0.57,5.37
126,0.56,5.37
127,0.56,5.37
128,0.57,5.37
129,0.57,5.37
130,0.57,5.37
131,0.57,5.37
132,0.57,5.37
133,0.57,5.37
134,0.56,5.37
135,0.57,5.37
136,0.56,5.37
137,0.56,5.37
138,0.57,5.37
139,0.56,5.37
140,0.57,5.37
141,0.57,5.37
142,0.57,5.37
143,0.57,5.37
144,0.57,5.37
145,0.57,5.37
146,0.57,5.37
147,0.56,5.37
148,0.56,5.37
149,0.57,5.37
150,0.57,5.37
151,0.57,5.37
152,0.57,5.37
153,0.57,5.37
154,0.57,5.37
155,0.57,5.37
156,0.57,5.37
157,0.57,5.37
158,0.56,5.37
159,0.57,5.37
160,0.57,5.37
161,0.57,5.37
162,0.57,5.37
163,0.57,5.37
164,0.57,5.37
165,0.56,5.37
166,0.57,5.37
167,0.56,5.37
168,0.56,5.37
169,0.57,5.37
170,0.56,5.37
171,0.57,5.37
172,0.57,5.37
173,0.57,5.37
174,0.56,5.37
175,0.57,5.37
176,0.57,5.37
177,0.57,5.37
178,0.56,5.36
179,0.56,5.37
180,0.57,5.36
181,0.57,5.37
182,0.57,5.37
183,0.57,5.37
184,0.56,5.36
185,0.56,5.37
186,0.57,5.36
187,0.57,5.37
188,0.56,5.37
189,0.56,5.37
190,0.57,5.37
191,0.57,5.37
192,0.56,5.37
193,0.57,5.37
194,0.57,5.37
195,0.57,5.37
196,0.57,5.37
197,0.56,5.37
198,0.56,5.37
199,0.56,5.37
200,0.57,5.37
201,0.56,5.37
202,0.56,5.37
203,0.57,5.37
204,0.56,5.37
205,0.57,5.37
206,0.57,5.37
207,0.56,5.37
208,0.57,5.37
209,0.56,5.37
210,0.57,5.37
211,0.57,5.37
212,0.56,5.37
213,0.56,5.37
214,0.56,5.37
215,0.57,5.37
216,0.57,5.37
217,0.57,5.37
218,0.57,5.37
219,0.56,5.37
220,0.57,5.37
221,0.57,5.37
222,0.57,5.37
223,0.56,5.37
224,0.57,5.37
225,0.56,5.36
226,0.57,5.36
227,0.56,5.36
228,0.56,5.36
229,0.56,5.36
230,0.57,5.36
231,0.57,5.36
232,0.56,5.36
233,0.57,5.36
234,0.57,5.36
235,0.57,5.36
236,0.57,5.36
237,0.56,5.36
238,0.57,5.36
239,0.56,5.36
240,0.57,5.36
241,0.56,5.36
242,0.57,5.36
243,0.57,5.36
244,0.57,5.37
245,0.57,5.37
246,0.57,5.37
247,0.56,5.37
248,0.56,5.37
249,0.56,5.37
250,0.56,5.37
251,0.57,5.37
252,0.57,5.37
253,0.56,5.37
254,0.56,5.38
255,0.56,5.38
256,0.56,5.38
257,0.56,5.38
258,0.56,5.38
259,0.56,5.38
260,0.56,5.38
261,0.56,5.38
262,0.57,5.38
263,0.56,5.37
264,0.56,5.37
265,0.56,5.37
266,0.56,5.37
267,0.56,5.37
268,0.56,5.37
269,0.56,5.36
270,0.56,5.36
271,0.56,5.36
272,0.56,5.36
273,0.56,5.36
274,0.56,5.35
275,0.56,5.35
276,0.56,5.35
277,0.56,5.35
278,0.56,5.35
279,0.56,5.35
280,0.56,5.34
281,0.56,5.34
282,0.56,5.34
283,0.56,5.34
284,0.56,5.34
285,0.56,5.34
286,0.56,5.34
287,0.56,5.34
288,0.57,5.34
289,0.56,5.35
290,0.56,5.35
291,0.57,5.35
292,0.57,5.35
293,0.57,5.35
294,0.56,5.35
295,0.57,5.35
296,0.57,5.36
297,0.56,5.36
298,0.57,5.36
299,0.57,5.36
300,0.56,5.37
301,0.56,5.37
302,0.56,5.37
303,0.56,5.37
304,0.56,5.37
305,0.56,5.37
306,0.56,5.38
307,0.56,5.38
308,0.56,5.38
309,0.56,5.38
310,0.56,5.38
311,0.56,5.38
312,0.56,5.38
313,0.56,5.38
314,0.56,5.38
315,0.56,5.38
316,0.56,5.38
317,0.56,5.37
318,0.56,5.37
319,0.56,5.37
320,0.56,5.37
321,0.56,5.37
322,0.56,5.37
323,0.56,5.36
324,0.56,5.36
325,0.56,5.36
326,0.56,5.36
327,0.56,5.36
328,0.56,5.35
329,0.56,5.35
330,0.56,5.35
331,0.56,5.35
332,0.56,5.35
333,0.56,5.35
334,0.56,5.34
335,0.56,5.34
336,0.56,5.34
337,0.56,5.34
338,0.56,5.34
339,0.56,5.34
340,0.56,5.34
341,0.56,5.35
342,0.56,5.35
343,0.56,5.35
344,0.57,5.35
345,0.56,5.35
346,0.57,5.35
347,0.56,5.35
348,0.56,5.36
349,0.57,5.36
350,0.57,5.36
351,0.57,5.36
352,0.57,5.36
353,0.56,5.37
354,0.57,5.37
355,0.56,5.37
356,0.56,5.37
357,0.56,5.37
358,0.56,5.37
359,0.56,5.38
360,0.56,5.38
361,0.56,5.38
362,0.56,5.38
363,0.56,5.38
364,0.56,5.38
365,0.56,5.38
366,0.56,5.38
367,0.56,5.38
368,0.56,5.38
369,0.56,5.37
370,0.56,5.37
371,0.56,5.37
372,0.56,5.37
373,0.56,5.37
374,0.56,5.37
375,0.56,5.36
376,0.56,5.36
377,0.56,5.36
378,0.56,5.36
379,0.56,5.36
380,0.56,5.35
381,0.56,5.35
382,0.56,5.35
383,0.56,5.35
384,0.56,5.35
385,0.56,5.35
386,0.56,5.35
387,0.56,5.34
388,0.56,5.34
389,0.56,5.34
390,0.56,5.34
391,0.56,5.34
392,0.56,5.34
393,0.56,5.35
394,0.56,5.35
395,0.56,5.35
396,0.57,5.35
397,0.56,5.35
398,0.56,5.35
399,0.56,5.35
400,0.56,5.35
401,0.57,5.36
402,0.56,5.36
403,0.57,5.36
404,0.56,5.36
405,0.57,5.36
406,0.56,5.37
407,0.57,5.37
408,0.56,5.37
409,0.56,5.37
410,0.56,5.37
411,0.56,5.37
412,0.57,5.38
413,0.56,5.38
414,0.56,5.38
415,0.56,5.38
416,0.56,5.38
417,0.56,5.38
418,0.56,5.38
419,0.56,5.38
420,0.56,5.38
421,0.56,5.38
422,0.56,5.38
423,0.56,5.37
424,0.56,5.37
425,0.56,5.37
426,0.56,5.37
427,0.56,5.37
428,0.56,5.36
429,0.56,5.36
430,0.56,5.36
431,0.56,5.36
432,0.56,5.36
433,0.56,5.35
434,0.56,5.35
435,0.56,5.35
436,0.56,5.35
437,0.56,5.35
438,0.56,5.35
439,0.56,5.35
440,0.56,5.34
441,0.56,5.34
442,0.56,5.34
443,0.56,5.34
444,0.56,5.34
445,0.56,5.34
446,0.57,5.34
447,0.56,5.35
448,0.56,5.35
449,0.56,5.35
450,0.56,5.35
451,0.56,5.35
452,0.56,5.35
453,0.56,5.35
454,0.56,5.36
455,0.57,5.36
456,0.57,5.36
457,0.56,5.36
458,0.56,5.36
459,0.56,5.37
460,0.57,5.37
461,0.57,5.37
462,0.56,5.37
463,0.56,5.37
464,0.56,5.38
465,0.56,5.38
466,0.56,5.38
467,0.56,5.38
468,0.56,5.38
469,0.56,5.38
470,0.56,5.38
471,0.56,5.38
472,0.56,5.38
473,0.56,5.38
474,0.56,5.38
475,0.56,5.38
476,0.56,5.37
477,0.56,5.37
478,0.56,5.37
479,0.56,5.37
480,0.56,5.37
481,0.56,5.37
482,0.56,5.36
483,0.56,5.36
484,0.56,5.36
485,0.56,5.36
486,0.56,5.36
487,0.56,5.35
488,0.56,5.35
489,0.56,5.35
490,0.56,5.35
491,0.56,5.35
492,0.56,5.35
493,0.56,5.35
494,0.56,5.35
495,0.56,5.35
496,0.56,5.35
497,0.56,5.35
498,0.56,5.35
499,0.56,5.35
500,0.56,5.35
501,0.56,5.35
502,0.56,5.35
503,0.56,5.35
504,0.56,5.35
505,0.57,5.35
506,0.56,5.36
507,0.56,5.36
508,0.56,5.36
509,0.56,5.36
510,0.56,5.37
511,0.56,5.37
512,0.56,5.37
513,0.56,5.37
514,0.56,5.37
515,0.56,5.37
516,0.56,5.38
517,0.56,5.38
518,0.56,5.38
519,0.56,5.38
520,0.56,5.38
521,0.56,5.38
522,0.56,5.38
523,0.56,5.38
524,0.56,5.38
525,0.56,5.38
526,0.56,5.38
527,0.56,5.38
528,0.56,5.38
529,0.56,5.38
530,0.56,5.37
531,0.56,5.37
532,0.56,5.37
533,0.56,5.37
534,0.56,5.37
535,0.56,5.36
536,0.56,5.36
537,0.56,5.36
538,0.56,5.36
539,0.56,5.36
540,0.56,5.35
541,0.56,5.35
542,0.56,5.35
543,0.56,5.35
544,0.56,5.35
545,0.56,5.35
546,0.56,5.35
547,0.56,5.35
548,0.56,5.35
549,0.56,5.35
550,0.56,5.35
551,0.56,5.35
552,0.56,5.35
553,0.56,5.35
554,0.56,5.35
555,0.56,5.35
556,0.56,5.35
557,0.56,5.35
558,0.56,5.36
559,0.56,5.36
560,0.56,5.36
561,0.56,5.36
562,0.56,5.36
563,0.56,5.36
564,0.56,5.37
565,0.56,5.37
566,0.56,5.37
567,0.56,5.37
568,0.56,5.37
569,0.56,5.38
570,0.56,5.38
571,0.56,5.38
572,0.56,5.38
573,0.56,5.38
574,0.56,5.38
575,0.56,5.38
576,0.56,5.38
577,0.56,5.38
578,0.56,5.38
579,0.56,5.38
580,0.56,5.38
581,0.56,5.38
582,0.56,5.37
583,0.56,5.37
584,0.56,5.37
585,0.56,5.37
586,0.56,5.37
587,0.56,5.36
588,0.56,5.36
589,0.56,5.36
590,0.56,5.36
591,0.56,5.36
592,0.56,5.35
593,0.56,5.35
594,0.56,5.35
595,0.56,5.35
596,0.56,5.35
597,0.56,5.35
598,0.56,5.35
599,0.56,5.35
600,0.56,5.34
601,0.56,5.34
602,0.56,5.34
603,0.56,5.34
604,0.56,5.35
605,0.56,5.35
606,0.56,5.35
607,0.56,5.35
608,0.56,5.35
609,0.56,5.35
610,0.56,5.35
611,0.56,5.35
612,0.56,5.36
613,0.57,5.36
614,0.57,5.36
615,0.56,5.36
616,0.56,5.36
617,0.56,5.37
618,0.56,5.37
619,0.57,5.37
620,0.56,5.37
621,0.56,5.37
622,0.56,5.37
623,0.56,5.38
624,0.56,5.38
625,0.56,5.38
626,0.56,5.38
627,0.56,5.38
628,0.56,5.38
629,0.56,5.38
630,0.56,5.38
631,0.56,5.38
632,0.56,5.38
633,0.56,5.38
634,0.56,5.37
635,0.56,5.37
636,0.56,5.37
637,0.56,5.37
638,0.56,5.37
639,0.56,5.37
640,0.56,5.36
641,0.56,5.36
642,0.56,5.36
643,0.56,5.36
644,0.56,5.36
645,0.56,5.35
646,0.56,5.35
647,0.56,5.35
648,0.56,5.35
649,0.56,5.35
650,0.56,5.35
651,0.56,5.35
652,0.56,5.34
653,0.56,5.34
654,0.56,5.34
655,0.56,5.34
656,0.56,5.34
657,0.56,5.34
658,0.56,5.34
659,0.56,5.35
660,0.56,5.35
661,0.56,5.35
662,0.57,5.35
663,0.56,5.35
664,0.56,5.35
665,0.57,5.35
666,0.57,5.36
667,0.57,5.36
668,0.56,5.36
669,0.57,5.36
670,0.56,5.36
671,0.56,5.37
672,0.57,5.37
673,0.57,5.37
674,0.56,5.37
675,0.56,5.37
676,0.56,5.37
677,0.56,5.37
678,0.56,5.38
679,0.56,5.38
680,0.56,5.38
681,0.57,5.38
682,0.56,5.38
683,0.56,5.38
684,0.56,5.38
685,0.56,5.37
686,0.56,5.37
687,0.56,5.37
688,0.56,5.37
689,0.56,5.37
690,0.56,5.37
691,0.56,5.37
692,0.56,5.36
693,0.56,5.36
694,0.56,5.36
695,0.56,5.36
696,0.56,5.36
697,0.56,5.35
698,0.56,5.35
699,0.56,5.35
700,0.56,5.35
701,0.56,5.35
702,0.56,5.35
703,0.56,5.34
704,0.56,5.34
705,0.56,5.34
706,0.56,5.34
707,0.56,5.34
708,0.56,5.34
709,0.56,5.34
710,0.56,5.34
711,0.57,5.34
712,0.57,5.34
713,0.56,5.35
714,0.57,5.35
715,0.56,5.35
716,0.56,5.35
717,0.56,5.35
718,0.56,5.35
719,0.57,5.36
720,0.56,5.36
721,0.56,5.36
722,0.57,5.36
723,0.56,5.36
724,0.56,5.37
725,0.57,5.37
726,0.56,5.37
727,0.56,5.37
728,0.56,5.37
729,0.56,5.37
730,0.56,5.37
731,0.56,5.38
732,0.56,5.38
733,0.56,5.38
734,0.56,5.38
735,0.56,5.38
736,0.56,5.38
737,0.56,5.38
738,0.57,5.37
739,0.56,5.37
740,0.56,5.37
741,0.56,5.37
742,0.56,5.37
743,0.56,5.37
744,0.56,5.37
745,0.56,5.36
746,0.56,5.36
747,0.56,5.36
748,0.56,5.36
749,0.56,5.36
750,0.56,5.35
751,0.56,5.35
752,0.56,5.35
753,0.56,5.35
754,0.56,5.35
755,0.56,5.35
756,0.56,5.35
757,0.56,5.34
758,0.56,5.34
759,0.56,5.34
760,0.56,5.34
761,0.56,5.34
762,0.56,5.34
763,0.56,5.34
764,0.56,5.34
765,0.56,5.34
766,0.56,5.35
767,0.56,5.35
768,0.56,5.35
769,0.56,5.35
770,0.56,5.35
771,0.56,5.35
772,0.57,5.35
773,0.57,5.36
774,0.56,5.36
775,0.57,5.36
776,0.57,5.36
777,0.56,5.36
778,0.56,5.37
779,0.56,5.37
780,0.56,5.37
781,0.56,5.37
782,0.57,5.37
783,0.56,5.37
784,0.56,5.37
785,0.56,5.38
786,0.56,5.38
787,0.56,5.38
788,0.56,5.38
789,0.56,5.38
790,0.56,5.38
791,0.56,5.37
792,0.56,5.37
793,0.56,5.37
794,0.56,5.37
795,0.56,5.37
796,0.56,5.37
797,0.56,5.37
798,0.56,5.36
799,0.56,5.36
800,0.56,5.36
801,0.56,5.36
802,0.56,5.36
803,0.56,5.35
804,0.56,5.35
805,0.56,5.35
806,0.56,5.35
807,0.56,5.35
808,0.56,5.35
809,0.56,5.35
810,0.56,5.34
811,0.56,5.34
812,0.56,5.34
813,0.56,5.34
814,0.56,5.34
815,0.56,5.34
816,0.56,5.34
817,0.56,5.34
818,0.56,5.35
819,0.56,5.35
820,0.56,5.35
821,0.57,5.35
822,0.57,5.35
823,0.57,5.35
824,0.57,5.35
825,0.57,5.36
826,0.56,5.36
827,0.57,5.36
828,0.57,5.36
829,0.56,5.36
830,0.56,5.37
831,0.56,5.37
832,0.56,5.37
833,0.56,5.37
834,0.56,5.37
835,0.56,5.37
836,0.56,5.37
837,0.56,5.38
838,0.56,5.38
839,0.56,5.38
840,0.56,5.38
841,0.56,5.38
842,0.56,5.38
843,0.56,5.38
844,0.56,5.38
845,0.56,5.37
846,0.56,5.37
847,0.56,5.37
848,0.56,5.37
849,0.56,5.37
850,0.56,5.37
851,0.56,5.37
852,0.56,5.36
853,0.56,5.36
854,0.56,5.36
855,0.56,5.36
856,0.56,5.36
857,0.56,5.35
858,0.56,5.35
859,0.56,5.35
860,0.56,5.35
861,0.56,5.35
862,0.56,5.35
863,0.56,5.35
864,0.56,5.35
865,0.56,5.34
866,0.56,5.34
867,0.56,5.34
868,0.56,5.34
869,0.57,5.35
870,0.56,5.35
871,0.56,5.35
872,0.56,5.35
873,0.56,5.35
874,0.56,5.35
875,0.56,5.35
876,0.56,5.35
877,0.56,5.35
878,0.56,5.36
879,0.57,5.36
880,0.56,5.36
881,0.56,5.36
882,0.56,5.36
883,0.56,5.37
884,0.56,5.37
885,0.56,5.37
886,0.56,5.37
887,0.56,5.37
888,0.56,5.37
889,0.56,5.38
890,0.56,5.38
891,0.56,5.38
892,0.56,5.38
893,0.56,5.38
894,0.56,5.38
895,0.56,5.38
896,0.56,5.38
897,0.56,5.38
898,0.56,5.38
899,0.56,5.37
900,0.56,5.37
901,0.56,5.37
902,0.56,5.37
903,0.56,5.37
904,0.56,5.37
905,0.56,5.36
906,0.56,5.36
907,0.56,5.36
908,0.56,5.36
909,0.56,5.36
910,0.56,5.35
911,0.56,5.35
912,0.56,5.35
913,0.56,5.35
914,0.56,5.35
915,0.56,5.35
916,0.56,5.35
917,0.56,5.34
918,0.56,5.34
919,0.56,5.34
920,0.56,5.34
921,0.56,5.34
922,0.56,5.35
923,0.56,5.35
924,0.56,5.35
925,0.56,5.35
926,0.56,5.35
927,0.56,5.35
928,0.57,5.35
929,0.57,5.35
930,0.56,5.36
931,0.57,5.36
932,0.56,5.36
933,0.56,5.36
934,0.56,5.36
935,0.56,5.36
936,0.56,5.37
937,0.56,5.37
938,0.56,5.37
939,0.56,5.37
940,0.56,5.37
941,0.56,5.37
942,0.56,5.37
943,0.56,5.38
944,0.56,5.38
945,0.56,5.38
946,0.56,5.38
947,0.56,5.38
948,0.56,5.38
949,0.56,5.38
950,0.56,5.37
951,0.56,5.37
952,0.56,5.37
953,0.56,5.37
954,0.56,5.37
955,0.56,5.37
956,0.56,5.37
957,0.56,5.36
958,0.56,5.36
959,0.56,5.36
960,0.56,5.36
961,0.56,5.36
962,0.56,5.35
963,0.56,5.35
964,0.56,5.35
965,0.56,5.35
966,0.56,5.35
967,0.56,5.35
968,0.56,5.35
969,0.56,5.34
970,0.56,5.34
971,0.56,5.34
972,0.56,5.34
973,0.56,5.34
974,0.56,5.34
975,0.56,5.34
976,0.56,5.35
977,0.56,5.35
978,0.56,5.35
979,0.56,5.35
980,0.57,5.35
981,0.57,5.35
982,0.56,5.35
983,0.56,5.36
984,0.56,5.36
985,0.56,5.36
986,0.56,5.36
987,0.57,5.36
988,0.56,5.36
989,0.56,5.37
990,0.57,5.37
991,0.56,5.37
992,0.56,5.37
993,0.56,5.37
994,0.56,5.37
995,0.57,5.37
996,0.56,5.38
997,0.56,5.38
998,0.56,5.38
999,0.56,5.38
1000,0.56,5.38
1001,0.56,5.38
1002,0.56,5.38
1003,0.57,5.37
1004,0.56,5.37
1005,0.56,5.37
1006,0.56,5.37
1007,0.56,5.37
1008,0.56,5.37
1009,0.56,5.37
1010,0.56,5.36
1011,0.56,5.36
1012,0.56,5.36
1013,0.56,5.36
1014,0.56,5.36
1015,0.56,5.35
1016,0.56,5.35
1017,0.56,5.35
1018,0.56,5.35
1019,0.56,5.35
1020,0.56,5.35
1021,0.56,5.35
1022,0.56,5.34
1023,0.56,5.34
1024,0.56,5.34
1025,0.56,5.34
1026,0.56,5.34
1027,0.56,5.34
1028,0.56,5.34
1029,0.56,5.34
1030,0.56,5.35
1031,0.56,5.35
1032,0.56,5.35
1033,0.56,5.35
1034,0.56,5.35
1035,0.56,5.35
1036,0.56,5.35
1037,0.57,5.36
1038,0.56,5.36
1039,0.57,5.36
1040,0.56,5.36
1041,0.56,5.36
1042,0.56,5.37
1043,0.56,5.37
1044,0.56,5.37
1045,0.56,5.37
1046,0.56,5.37
1047,0.56,5.37
1048,0.56,5.37
1049,0.56,5.37
1050,0.56,5.38
1051,0.56,5.38
1052,0.56,5.38
1053,0.56,5.38
1054,0.56,5.38
1055,0.56,5.37
1056,0.56,5.37
1057,0.56,5.37
1058,0.56,5.37
1059,0.56,5.37
1060,0.56,5.37
1061,0.56,5.37
1062,0.56,5.36
1063,0.56,5.36
1064,0.56,5.36
1065,0.57,5.36
1066,0.56,5.36
1067,0.56,5.35
1068,0.56,5.35
1069,0.56,5.35
1070,0.56,5.35
1071,0.56,5.35
1072,0.56,5.35
1073,0.56,5.35
1074,0.56,5.34
1075,0.56,5.34
1076,0.56,5.34
1077,0.56,5.34
1078,0.56,5.34
1079,0.56,5.34
1080,0.56,5.34
1081,0.56,5.34
1082,0.57,5.34
1083,0.56,5.35
1084,0.57,5.35
1085,0.56,5.35
1086,0.56,5.35
1087,0.56,5.35
1088,0.57,5.35
1089,0.57,5.35
1090,0.56,5.36
1091,0.57,5.36
1092,0.56,5.36
1093,0.56,5.36
1094,0.56,5.36
1095,0.56,5.37
1096,0.56,5.37
1097,0.56,5.37
1098,0.56,5.37
1099,0.56,5.37
1100,0.56,5.37
1101,0.56,5.37
1102,0.56,5.37
1103,0.56,5.37
1104,0.56,5.38
1105,0.56,5.38
1106,0.56,5.38
1107,0.56,5.37
1108,0.56,5.37
1109,0.56,5.37
1110,0.56,5.37
1111,0.56,5.37
1112,0.56,5.37
1113,0.56,5.37
1114,0.56,5.37
1115,0.56,5.37
1116,0.56,5.36
1117,0.56,5.36
1118,0.56,5.36
1119,0.56,5.36
1120,0.56,5.36
1121,0.56,5.35
1122,0.56,5.35
1123,0.56,5.35
1124,0.56,5.35
1125,0.56,5.35
1126,0.56,5.35
1127,0.56,5.35
1128,0.56,5.35
1129,0.56,5.34
1130,0.56,5.34
1131,0.56,5.34
1132,0.56,5.34
1133,0.56,5.34
1134,0.56,5.34
1135,0.56,5.35
1136,0.56,5.35
1137,0.57,5.35
1138,0.56,5.35
1139,0.57,5.35
1140,0.56,5.35
1141,0.57,5.35
1142,0.56,5.35
1143,0.56,5.36
1144,0.56,5.36
1145,0.56,5.36
1146,0.56,5.36
1147,0.56,5.36
1148,0.56,5.36
1149,0.56,5.37
1150,0.56,5.37
1151,0.56,5.37
1152,0.56,5.37
1153,0.56,5.37
1154,0.56,5.37
1155,0.57,5.37
1156,0.56,5.37
1157,0.56,5.37
1158,0.56,5.37
1159,0.56,5.37
1160,0.56,5.37
1161,0.56,5.37
1162,0.56,5.37
1163,0.56,5.37
1164,0.56,5.37
1165,0.56,5.37
1166,0.56,5.37
1167,0.56,5.37
1168,0.56,5.36
1169,0.56,5.36
1170,0.56,5.36
1171,0.56,5.36
1172,0.56,5.36
1173,0.56,5.35
1174,0.56,5.35
1175,0.56,5.35
1176,0.56,5.35
1177,0.56,5.35
1178,0.56,5.35
1179,0.56,5.35
1180,0.56,5.34
1181,0.56,5.34
1182,0.56,5.34
1183,0.56,5.34
1184,0.56,5.34
1185,0.56,5.34
1186,0.56,5.34
1187,0.56,5.34
1188,0.57,5.34
1189,0.56,5.34
1190,0.56,5.35
1191,0.56,5.35
1192,0.56,5.35
1193,0.57,5.35
1194,0.56,5.35
1195,0.57,5.35
1196,0.57,5.35
1197,0.57,5.36
1198,0.57,5.36
1199,0.56,5.36
1200,0.57,5.36
1201,0.56,5.36
1202,0.56,5.37
1203,0.56,5.37
1204,0.56,5.37
1205,0.56,5.37
1206,0.56,5.37
1207,0.56,5.37
1208,0.56,5.37
1209,0.56,5.37
1210,0.56,5.37
1211,0.56,5.37
1212,0.56,5.37
1213,0.56,5.37
1214,0.56,5.37
1215,0.56,5.37
1216,0.56,5.37
1217,0.56,5.37
1218,0.56,5.37
1219,0.56,5.37
1220,0.56,5.37
1221,0.56,5.36
1222,0.56,5.36
1223,0.56,5.36
1224,0.56,5.36
1225,0.56,5.36
1226,0.56,5.35
1227,0.56,5.35
1228,0.56,5.35
1229,0.56,5.35
1230,0.56,5.35
1231,0.56,5.35
1232,0.56,5.35
1233,0.56,5.34
1234,0.56,5.34
1235,0.56,5.34
1236,0.56,5.34
1237,0.56,5.34
1238,0.56,5.34
1239,0.56,5.34
1240,0.56,5.34
1241,0.56,5.34
1242,0.56,5.34
1243,0.56,5.35
1244,0.56,5.35
1245,0.56,5.35
1246,0.56,5.35
1247,0.57,5.35
1248,0.56,5.35
1249,0.56,5.36
1250,0.57,5.36
1251,0.57,5.36
1252,0.56,5.36
1253,0.56,5.36
1254,0.56,5.36
1255,0.57,5.37
1256,0.56,5.37
1257,0.56,5.37
1258,0.56,5.37
1259,0.56,5.37
1260,0.56,5.37
1261,0.56,5.37
1262,0.56,5.37
1263,0.57,5.37
1264,0.56,5.37
1265,0.56,5.37
1266,0.56,5.37
1267,0.56,5.37
1268,0.56,5.37
1269,0.56,5.37
1270,0.56,5.37
1271,0.56,5.37
1272,0.56,5.37
1273,0.56,5.37
1274,0.56,5.36
1275,0.56,5.36
1276,0.56,5.36
1277,0.56,5.36
1278,0.56,5.36
1279,0.56,5.36
1280,0.56,5.35
1281,0.56,5.35
1282,0.56,5.35
1283,0.56,5.35
1284,0.56,5.35
1285,0.56,5.35
1286,0.56,5.35
1287,0.56,5.35
1288,0.56,5.34
1289,0.56,5.34
1290,0.56,5.34
1291,0.56,5.34
1292,0.56,5.34
1293,0.56,5.34
1294,0.57,5.35
1295,0.56,5.35
1296,0.56,5.35
1297,0.56,5.35
1298,0.56,5.35
1299,0.57,5.35
1300,0.56,5.35
1301,0.56,5.35
1302,0.57,5.36
1303,0.56,5.36
1304,0.56,5.36
1305,0.56,5.36
1306,0.56,5.36
1307,0.56,5.37
1308,0.56,5.37
1309,0.56,5.37
1310,0.56,5.37
1311,0.56,5.37
1312,0.56,5.37
1313,0.56,5.37
1314,0.56,5.37
1315,0.56,5.38
1316,0.56,5.38
1317,0.56,5.38
1318,0.56,5.38
1319,0.56,5.37
1320,0.56,5.37
1321,0.56,5.37
1322,0.56,5.37
1323,0.56,5.37
1324,0.56,5.37
1325,0.56,5.37
1326,0.56,5.37
1327,0.56,5.37
1328,0.56,5.36
1329,0.56,5.36
1330,0.56,5.36
1331,0.56,5.36
1332,0.56,5.36
1333,0.56,5.35
1334,0.56,5.35
1335,0.56,5.35
1336,0.56,5.35
1337,0.56,5.35
1338,0.56,5.35
1339,0.56,5.35
1340,0.56,5.35
1341,0.56,5.34
1342,0.56,5.34
1343,0.56,5.34
1344,0.56,5.34
1345,0.56,5.34
1346,0.56,5.34
1347,0.56,5.35
1348,0.56,5.35
1349,0.56,5.35
1350,0.56,5.35
1351,0.57,5.35
1352,0.57,5.35
1353,0.57,5.35
1354,0.57,5.35
1355,0.56,5.36
1356,0.56,5.36
1357,0.56,5.36
1358,0.56,5.36
1359,0.56,5.36
1360,0.56,5.36
1361,0.56,5.37
1362,0.56,5.37
1363,0.56,5.37
1364,0.57,5.37
1365,0.56,5.37
1366,0.56,5.37
1367,0.56,5.37
1368,0.56,5.37
1369,0.56,5.37
1370,0.56,5.37
1371,0.56,5.37
1372,0.56,5.37
1373,0.56,5.37
1374,0.56,5.37
1375,0.56,5.37
1376,0.56,5.37
1377,0.56,5.37
1378,0.56,5.37
1379,0.56,5.37
1380,0.56,5.36
1381,0.56,5.36
1382,0.56,5.36
1383,0.56,5.36
1384,0.56,5.36
1385,0.56,5.35
1386,0.56,5.35
1387,0.56,5.35
1388,0.56,5.35
1389,0.56,5.35
1390,0.56,5.35
1391,0.56,5.35
1392,0.56,5.35
1393,0.56,5.34
1394,0.56,5.34
1395,0.56,5.34
1396,0.56,5.34
1397,0.57,5.34
1398,0.56,5.34
1399,0.56,5.34
1400,0.56,5.34
1401,0.56,5.34
1402,0.56,5.35
1403,0.57,5.35
1404,0.56,5.35
1405,0.56,5.35
1406,0.57,5.35
1407,0.57,5.35
1408,0.57,5.36
1409,0.57,5.36
1410,0.56,5.36
1411,0.57,5.36
1412,0.57,5.36
1413,0.56,5.36
1414,0.56,5.37
1415,0.56,5.37
1416,0.56,5.37
1417,0.56,5.37
1418,0.56,5.37
1419,0.56,5.37
1420,0.56,5.37
1421,0.56,5.37
1422,0.56,5.37
1423,0.56,5.37
1424,0.56,5.37
1425,0.56,5.37
1426,0.56,5.37
1427,0.56,5.37
1428,0.56,5.37
1429,0.56,5.37
1430,0.56,5.37
1431,0.56,5.37
1432,0.56,5.37
1433,0.56,5.36
1434,0.56,5.36
1435,0.56,5.36
1436,0.56,5.36
1437,0.56,5.36
1438,0.56,5.35
1439,0.56,5.35
1440,0.56,5.35
1441,0.56,5.35
1442,0.56,5.35
1443,0.56,5.35
1444,0.56,5.35
1445,0.56,5.34
1446,0.56,5.34
1447,0.56,5.34
1448,0.56,5.34
1449,0.56,5.34
1450,0.56,5.34
1451,0.56,5.34
1452,0.56,5.34
1453,0.56,5.34
1454,0.56,5.34
1455,0.56,5.35
1456,0.56,5.35
1457,0.57,5.35
1458,0.57,5.35
1459,0.57,5.35
1460,0.56,5.35
1461,0.57,5.35
1462,0.56,5.36
1463,0.57,5.36
1464,0.57,5.36
1465,0.57,5.36
1466,0.56,5.36
1467,0.57,5.37
1468,0.56,5.37
1469,0.57,5.37
1470,0.56,5.37
1471,0.56,5.37
1472,0.57,5.37
1473,0.56,5.37
1474,0.56,5.37
1475,0.56,5.37
1476,0.56,5.37
1477,0.56,5.37
1478,0.56,5.37
1479,0.56,5.37
1480,0.56,5.37
1481,0.56,5.37
1482,0.56,5.37
1483,0.56,5.37
1484,0.56,5.37
1485,0.56,5.37
1486,0.56,5.36
1487,0.56,5.36
1488,0.56,5.36
1489,0.56,5.36
1490,0.56,5.36
1491,0.56,5.36
1492,0.56,5.35
1493,0.56,5.35
1494,0.56,5.35
1495,0.56,5.35
1496,0.56,5.35
1497,0.56,5.35
1498,0.56,5.35
1499,0.56,5.34
1500,0.56,5.34
1501,0.56,5.34
1502,0.56,5.34
1503,0.56,5.34
1504,0.57,5.34
1505,0.56,5.34
1506,0.57,5.34
1507,0.56,5.35
1508,0.57,5.35
1509,0.57,5.35
1510,0.57,5.35
1511,0.57,5.35
1512,0.57,5.35
1513,0.57,5.35
1514,0.57,5.36
1515,0.57,5.36
1516,0.56,5.36
1517,0.56,5.36
1518,0.57,5.36
1519,0.57,5.36
1520,0.57,5.37
1521,0.56,5.37
1522,0.56,5.37
1523,0.56,5.37
1524,0.56,5.37
1525,0.56,5.37
1526,0.56,5.37
1527,0.56,5.37
1528,0.56,5.37
1529,0.56,5.37
1530,0.56,5.37
1531,0.56,5.37
1532,0.56,5.37
1533,0.56,5.37
1534,0.56,5.37
1535,0.56,5.37
1536,0.56,5.37
1537,0.56,5.37
1538,0.56,5.37
1539,0.56,5.37
1540,0.56,5.36
1541,0.56,5.36
1542,0.56,5.36
1543,0.56,5.36
1544,0.56,5.36
1545,0.56,5.35
1546,0.56,5.35
1547,0.56,5.35
1548,0.56,5.35
1549,0.56,5.35
1550,0.56,5.35
1551,0.56,5.35
1552,0.56,5.34
1553,0.56,5.34
1554,0.56,5.34
1555,0.56,5.34
1556,0.56,5.34
1557,0.56,5.34
1558,0.56,5.34
1559,0.56,5.34
1560,0.56,5.34
1561,0.57,5.35
1562,0.56,5.35
1563,0.57,5.35
1564,0.57,5.35
1565,0.56,5.35
1566,0.57,5.35
1567,0.57,5.35
1568,0.57,5.36
1569,0.57,5.36
1570,0.57,5.36
1571,0.57,5.36
1572,0.57,5.36
1573,0.56,5.37
1574,0.56,5.37
1575,0.56,5.37
1576,0.56,5.37
1577,0.56,5.37
1578,0.56,5.37
1579,0.56,5.37
1580,0.56,5.37
1581,0.56,5.37
1582,0.56,5.37
1583,0.56,5.37
1584,0.57,5.37
1585,0.57,5.37
1586,0.56,5.37
1587,0.56,5.37
1588,0.56,5.37
1589,0.56,5.37
1590,0.56,5.37
1591,0.56,5.37
1592,0.56,5.37
1593,0.56,5.36
1594,0.56,5.36
1595,0.56,5.36
1596,0.56,5.36
1597,0.56,5.36
1598,0.56,5.35
1599,0.56,5.35
1600,0.56,5.35
1601,0.56,5.35
1602,0.56,5.35
1603,0.56,5.35
1604,0.56,5.35
1605,0.56,5.34
1606,0.56,5.34
1607,0.56,5.34
1608,0.56,5.34
1609,0.56,5.34
1610,0.56,5.34
1611,0.56,5.34
1612,0.56,5.34
1613,0.57,5.34
1614,0.56,5.35
1615,0.57,5.35
1616,0.56,5.35
1617,0.56,5.35
1618,0.56,5.35
1619,0.56,5.35
1620,0.57,5.35
1621,0.57,5.36
1622,0.56,5.36
1623,0.57,5.36
1624,0.56,5.36
1625,0.56,5.36
1626,0.57,5.36
1627,0.56,5.37
1628,0.56,5.37
1629,0.56,5.37
1630,0.57,5.37
1631,0.56,5.37
1632,0.56,5.37
1633,0.56,5.37
1634,0.56,5.37
1635,0.56,5.37
1636,0.56,5.37
1637,0.56,5.37
1638,0.56,5.37
1639,0.56,5.37
1640,0.56,5.37
1641,0.56,5.37
1642,0.56,5.37
1643,0.56,5.37
1644,0.56,5.37
1645,0.56,5.37
1646,0.57,5.36
1647,0.56,5.36
1648,0.56,5.36
1649,0.56,5.36
1650,0.56,5.36
1651,0.56,5.35
1652,0.56,5.35
1653,0.56,5.35
1654,0.56,5.35
1655,0.56,5.35
1656,0.56,5.35
1657,0.56,5.35
1658,0.56,5.34
1659,0.56,5.34
1660,0.56,5.34
1661,0.56,5.34
1662,0.56,5.34
1663,0.56,5.34
1664,0.56,5.34
1665,0.56,5.34
1666,0.56,5.34
1667,0.56,5.34
1668,0.56,5.35
1669,0.57,5.35
1670,0.57,5.35
1671,0.56,5.35
1672,0.56,5.35
1673,0.56,5.35
1674,0.56,5.36
1675,0.57,5.36
1676,0.57,5.36
1677,0.56,5.36
1678,0.56,5.36
1679,0.57,5.37
1680,0.57,5.37
1681,0.56,5.37
1682,0.56,5.37
1683,0.57,5.37
1684,0.57,5.37
1685,0.57,5.37
1686,0.56,5.37
1687,0.56,5.37
1688,0.56,5.37
1689,0.56,5.37
1690,0.56,5.37
1691,0.56,5.37
1692,0.56,5.37
1693,0.56,5.37
1694,0.56,5.37
1695,0.56,5.37
1696,0.56,5.37
1697,0.56,5.37
1698,0.56,5.36
1699,0.56,5.36
1700,0.56,5.36
1701,0.56,5.36
1702,0.56,5.36
1703,0.56,5.36
1704,0.56,5.35
1705,0.56,5.35
1706,0.56,5.35
1707,0.56,5.35
1708,0.56,5.35
1709,0.56,5.35
1710,0.56,5.34
1711,0.56,5.34
1712,0.56,5.34
1713,0.56,5.34
1714,0.56,5.34
1715,0.56,5.34
1716,0.56,5.34
1717,0.56,5.34
1718,0.56,5.34
1719,0.56,5.34
1720,0.57,5.34
1721,0.56,5.34
1722,0.56,5.35
1723,0.56,5.35
1724,0.57,5.35
1725,0.56,5.35
1726,0.56,5.35
1727,0.57,5.35
1728,0.57,5.36
1729,0.56,5.36
1730,0.56,5.36
1731,0.56,5.36
1732,0.57,5.36
1733,0.57,5.37
1734,0.57,5.37
1735,0.56,5.37
1736,0.57,5.37
1737,0.56,5.37
1738,0.56,5.37
1739,0.56,5.37
1740,0.56,5.37
1741,0.56,5.37
1742,0.56,5.37
1743,0.56,5.37
1744,0.56,5.37
1745,0.56,5.37
1746,0.56,5.37
1747,0.56,5.37
1748,0.56,5.37
1749,0.56,5.37
1750,0.56,5.37
1751,0.56,5.37
1752,0.56,5.36
1753,0.56,5.36
1754,0.56,5.36
1755,0.56,5.36
1756,0.56,5.36
1757,0.56,5.35
1758,0.56,5.35
1759,0.56,5.35
1760,0.56,5.35
1761,0.56,5.35
1762,0.56,5.35
1763,0.56,5.35
1764,0.56,5.34
1765,0.56,5.34
1766,0.56,5.34
1767,0.56,5.34
1768,0.56,5.34
1769,0.56,5.34
1770,0.56,5.34
1771,0.56,5.34
1772,0.56,5.34
1773,0.56,5.34
1774,0.57,5.34
1775,0.56,5.35
1776,0.57,5.35
1777,0.57,5.35
1778,0.56,5.35
1779,0.57,5.35
1780,0.57,5.35
1781,0.56,5.36
1782,0.57,5.36
1783,0.57,5.36
1784,0.57,5.36
1785,0.57,5.36
1786,0.57,5.37
1787,0.57,5.37
1788,0.56,5.37
1789,0.56,5.37
1790,0.57,5.37
1791,0.56,5.37
1792,0.56,5.37
1793,0.56,5.37
1794,0.57,5.37
1795,0.56,5.37
1796,0.57,5.37
1797,0.56,5.37
1798,0.56,5.37
1799,0.56,5.37
1800,0.56,5.37
1801,0.56,5.37
1802,0.56,5.37
1803,0.56,5.37
1804,0.56,5.37
1805,0.56,5.37
1806,0.56,5.36
1807,0.56,5.36
1808,0.56,5.36
1809,0.56,5.36
1810,0.56,5.36
1811,0.56,5.35
1812,0.56,5.35
1813,0.56,5.35
1814,0.56,5.35
1815,0.56,5.35
1816,0.56,5.35
1817,0.56,5.35
1818,0.56,5.34
1819,0.56,5.34
1820,0.56,5.34
1821,0.56,5.34
1822,0.56,5.34
1823,0.56,5.34
1824,0.56,5.34
1825,0.57,5.34
1826,0.57,5.34
1827,0.56,5.35
1828,0.56,5.35
1829,0.56,5.35
1830,0.57,5.35
1831,0.57,5.35
1832,0.57,5.35
1833,0.57,5.35
1834,0.57,5.36
1835,0.57,5.36
1836,0.57,5.36
1837,0.57,5.36
1838,0.57,5.36
1839,0.57,5.37
1840,0.57,5.37
1841,0.56,5.37
1842,0.56,5.37
1843,0.56,5.37
1844,0.56,5.37
1845,0.56,5.37
1846,0.57,5.38
1847,0.56,5.38
1848,0.56,5.38
1849,0.56,5.38
1850,0.56,5.38
1851,0.56,5.38
1852,0.56,5.37
1853,0.56,5.37
1854,0.56,5.37
1855,0.56,5.37
1856,0.56,5.37
1857,0.56,5.37
1858,0.56,5.37
1859,0.56,5.37
1860,0.56,5.36
1861,0.56,5.36
1862,0.56,5.36
1863,0.56,5.36
1864,0.56,5.36
1865,0.56,5.35
1866,0.56,5.35
1867,0.56,5.35
1868,0.56,5.35
1869,0.56,5.35
1870,0.56,5.35
1871,0.56,5.35
1872,0.56,5.34
1873,0.56,5.34
1874,0.56,5.34
1875,0.56,5.34
1876,0.56,5.34
1877,0.56,5.34
1878,0.56,5.34
1879,0.56,5.35
1880,0.56,5.35
1881,0.57,5.35
1882,0.56,5.35
1883,0.56,5.35
1884,0.57,5.35
1885,0.57,5.35
1886,0.56,5.36
1887,0.57,5.36
1888,0.57,5.36
1889,0.57,5.36
1890,0.57,5.36
1891,0.57,5.37
1892,0.57,5.37
1893,0.56,5.37
1894,0.57,5.37
1895,0.56,5.37
1896,0.56,5.37
1897,0.56,5.38
1898,0.56,5.38
1899,0.56,5.38
1900,0.56,5.38
1901,0.56,5.38
1902,0.56,5.38
1903,0.56,5.38
1904,0.56,5.38
1905,0.56,5.38
1906,0.56,5.38
1907,0.56,5.37
1908,0.56,5.37
1909,0.56,5.37
1910,0.56,5.37
1911,0.56,5.37
1912,0.56,5.37
1913,0.56,5.36
1914,0.56,5.36
1915,0.56,5.36
1916,0.56,5.36
1917,0.56,5.36
1918,0.56,5.36
1919,0.56,5.35
1920,0.56,5.35
1921,0.56,5.35
1922,0.56,5.35
1923,0.56,5.35
1924,0.56,5.35
1925,0.56,5.35
1926,0.56,5.35
1927,0.56,5.35
1928,0.56,5.34
1929,0.56,5.35
1930,0.56,5.35
1931,0.56,5.35
1932,0.56,5.35
1933,0.56,5.35
1934,0.56,5.35
1935,0.56,5.35
1936,0.57,5.35
1937,0.56,5.35
1938,0.57,5.36
1939,0.56,5.36
1940,0.57,5.36
1941,0.56,5.36
1942,0.57,5.36
1943,0.57,5.36
1944,0.56,5.37
1945,0.56,5.37
1946,0.57,5.37
1947,0.56,5.37
1948,0.56,5.37
1949,0.56,5.38
1950,0.56,5.38
1951,0.56,5.38
1952,0.56,5.38
1953,0.56,5.38
1954,0.56,5.38
1955,0.56,5.38
1956,0.56,5.38
1957,0.56,5.38
1958,0.56,5.38
1959,0.56,5.38
1960,0.56,5.38
1961,0.56,5.37
1962,0.56,5.37
1963,0.56,5.37
1964,0.56,5.37
1965,0.56,5.37
1966,0.56,5.37
1967,0.56,5.36
1968,0.56,5.36
1969,0.56,5.36
1970,0.56,5.36
1971,0.56,5.36
1972,0.56,5.35
1973,0.56,5.35
1974,0.56,5.35
1975,0.56,5.35
1976,0.56,5.35
1977,0.56,5.35
1978,0.56,5.35
1979,0.56,5.35
1980,0.56,5.35
1981,0.56,5.35
1982,0.56,5.35
1983,0.56,5.35
1984,0.56,5.35
1985,0.57,5.35
1986,0.56,5.35
1987,0.56,5.35
1988,0.56,5.35
1989,0.57,5.35
1990,0.57,5.35
1991,0.57,5.35
1992,0.57,5.36
1993,0.57,5.36
1994,0.57,5.36
1995,0.56,5.36
1996,0.56,5.36
1997,0.57,5.37
1998,0.57,5.37
1999,0.57,5.37
2000,0.57,5.37
2001,0.57,5.37
2002,0.56,5.37
2003,0.57,5.38
2004,0.56,5.38
2005,0.56,5.38
2006,0.56,5.38
2007,0.56,5.38
2008,0.56,5.38
2009,0.56,5.38
2010,0.56,5.38
2011,0.56,5.38
2012,0.56,5.38
2013,0.56,5.38
2014,0.56,5.37
2015,0.56,5.37
2016,0.56,5.37
2017,0.56,5.37
2018,0.56,5.37
2019,0.56,5.37
2020,0.56,5.36
2021,0.56,5.36
2022,0.56,5.36
2023,0.56,5.36
2024,0.56,5.36
2025,0.56,5.35
2026,0.56,5.35
2027,0.56,5.35
2028,0.56,5.35
2029,0.56,5.35
2030,0.56,5.35
2031,0.56,5.35
2032,0.56,5.35
2033,0.56,5.34
2034,0.56,5.34
2035,0.56,5.34
2036,0.56,5.34
2037,0.56,5.35
2038,0.57,5.35
2039,0.56,5.35
2040,0.56,5.35
2041,0.56,5.35
2042,0.56,5.35
2043,0.56,5.35
2044,0.57,5.35
2045,0.57,5.36
2046,0.57,5.36
2047,0.56,5.36
2048,0.57,5.36
2049,0.57,5.36
2050,0.57,5.37
2051,0.57,5.37
2052,0.56,5.37
2053,0.56,5.37
2054,0.56,5.37
2055,0.56,5.37
2056,0.56,5.37
2057,0.56,5.38
2058,0.56,5.38
2059,0.56,5.38
2060,0.56,5.38
2061,0.56,5.38
2062,0.56,5.38
2063,0.56,5.38
2064,0.56,5.38
2065,0.56,5.38
2066,0.56,5.37
2067,0.56,5.37
2068,0.56,5.37
2069,0.56,5.37
2070,0.56,5.37
2071,0.56,5.37
2072,0.56,5.37
2073,0.56,5.36
2074,0.56,5.36
2075,0.56,5.36
2076,0.56,5.36
2077,0.56,5.36
2078,0.56,5.35
2079,0.56,5.35
2080,0.56,5.35
2081,0.56,5.35
2082,0.56,5.35
2083,0.56,5.35
2084,0.57,5.35
2085,0.56,5.34
2086,0.56,5.34
2087,0.56,5.34
2088,0.56,5.34
2089,0.56,5.34
2090,0.56,5.34
2091,0.56,5.35
2092,0.56,5.35
2093,0.57,5.35
2094,0.57,5.35
2095,0.57,5.35
2096,0.57,5.35
2097,0.57,5.35
2098,0.57,5.35
2099,0.56,5.36
2100,0.56,5.36
2101,0.57,5.36
2102,0.57,5.36
2103,0.57,5.36
2104,0.57,5.37
2105,0.56,5.37
2106,0.57,5.37
2107,0.56,5.37
2108,0.57,5.37
2109,0.57,5.37
2110,0.56,5.38
2111,0.56,5.38
2112,0.56,5.38
2113,0.56,5.38
2114,0.56,5.38
2115,0.56,5.38
2116,0.56,5.38
2117,0.56,5.38
2118,0.56,5.38
2119,0.56,5.37
2120,0.56,5.37
2121,0.56,5.37
2122,0.56,5.37
2123,0.56,5.37
2124,0.56,5.37
2125,0.56,5.37
2126,0.56,5.36
2127,0.56,5.36
2128,0.56,5.36
2129,0.56,5.36
2130,0.56,5.36
2131,0.56,5.35
2132,0.56,5.35
2133,0.56,5.35
2134,0.56,5.35
2135,0.56,5.35
2136,0.56,5.35
2137,0.56,5.34
2138,0.56,5.34
2139,0.56,5.34
2140,0.56,5.34
2141,0.56,5.34
2142,0.56,5.34
2143,0.57,5.34
2144,0.57,5.34
2145,0.56,5.35
2146,0.56,5.35
2147,0.56,5.35
2148,0.56,5.35
2149,0.56,5.35
2150,0.56,5.35
2151,0.56,5.35
2152,0.57,5.36
2153,0.57,5.36
2154,0.57,5.36
2155,0.57,5.36
2156,0.57,5.36
2157,0.57,5.37
2158,0.57,5.37
2159,0.56,5.37
2160,0.56,5.37
2161,0.56,5.37
2162,0.56,5.37
2163,0.57,5.37
2164,0.56,5.38
2165,0.56,5.38
2166,0.56,5.38
2167,0.56,5.38
2168,0.56,5.38
2169,0.56,5.38
2170,0.56,5.38
2171,0.56,5.38
2172,0.56,5.37
2173,0.56,5.37
2174,0.56,5.37
2175,0.56,5.37
2176,0.56,5.37
2177,0.56,5.37
2178,0.56,5.37
2179,0.56,5.36
2180,0.56,5.36
2181,0.56,5.36
2182,0.56,5.36
2183,0.56,5.36
2184,0.56,5.35
2185,0.56,5.35
2186,0.56,5.35
2187,0.56,5.35
2188,0.56,5.35
2189,0.56,5.35
2190,0.56,5.35
2191,0.56,5.34
2192,0.56,5.34
2193,0.56,5.34
2194,0.56,5.34
2195,0.56,5.34
2196,0.56,5.34
2197,0.56,5.34
2198,0.56,5.35
2199,0.56,5.35
2200,0.56,5.35
2201,0.56,5.35
2202,0.56,5.35
2203,0.56,5.35
2204,0.56,5.35
2205,0.56,5.36
2206,0.57,5.36
2207,0.57,5.36
2208,0.57,5.36
2209,0.57,5.36
2210,0.57,5.37
2211,0.56,5.37
2212,0.56,5.37
2213,0.56,5.37
2214,0.56,5.37
2215,0.57,5.37
2216,0.56,5.37
2217,0.56,5.38
2218,0.56,5.38
2219,0.56,5.38
2220,0.56,5.38
2221,0.56,5.38
2222,0.56,5.38
2223,0.56,5.38
2224,0.56,5.38
2225,0.56,5.38
2226,0.56,5.38
2227,0.56,5.37
2228,0.56,5.37
2229,0.56,5.37
2230,0.56,5.37
2231,0.56,5.37
2232,0.56,5.37
2233,0.56,5.36
2234,0.56,5.36
2235,0.56,5.36
2236,0.56,5.36
2237,0.56,5.36
2238,0.56,5.35
2239,0.56,5.35
2240,0.56,5.35
2241,0.56,5.35
2242,0.56,5.35
2243,0.56,5.35
2244,0.56,5.35
2245,0.56,5.35
2246,0.56,5.35
2247,0.56,5.35
2248,0.56,5.35
2249,0.56,5.35
2250,0.56,5.35
2251,0.56,5.35
2252,0.56,5.35
2253,0.56,5.35
2254,0.56,5.35
2255,0.57,5.35
2256,0.57,5.35
2257,0.57,5.36
2258,0.56,5.36
2259,0.56,5.36
2260,0.56,5.36
2261,0.57,5.36
2262,0.56,5.37
2263,0.57,5.37
2264,0.56,5.37
2265,0.56,5.37
2266,0.57,5.37
2267,0.56,5.37
2268,0.56,5.38
2269,0.56,5.38
2270,0.56,5.38
2271,0.56,5.38
2272,0.56,5.38
2273,0.56,5.38
2274,0.56,5.38
2275,0.56,5.38
2276,0.56,5.38
2277,0.57,5.38
2278,0.56,5.38
2279,0.56,5.38
2280,0.56,5.38
2281,0.56,5.37
2282,0.56,5.37
2283,0.56,5.37
2284,0.56,5.37
2285,0.56,5.37
2286,0.56,5.37
2287,0.56,5.36
2288,0.56,5.36
2289,0.56,5.36
2290,0.56,5.36
2291,0.56,5.36
2292,0.56,5.35
2293,0.56,5.35
2294,0.56,5.35
2295,0.56,5.35
2296,0.56,5.35
2297,0.56,5.35
2298,0.56,5.35
2299,0.56,5.35
2300,0.57,5.35
2301,0.56,5.35
2302,0.56,5.35
2303,0.56,5.35
2304,0.56,5.35
2305,0.56,5.35
2306,0.56,5.35
2307,0.56,5.35
2308,0.57,5.35
2309,0.56,5.35
2310,0.56,5.36
2311,0.56,5.36
2312,0.57,5.36
2313,0.57,5.36
2314,0.56,5.36
2315,0.56,5.37
2316,0.56,5.37
2317,0.56,5.37
2318,0.57,5.37
2319,0.56,5.37
2320,0.57,5.37
2321,0.56,5.38
2322,0.56,5.38
2323,0.56,5.38
2324,0.56,5.38
2325,0.56,5.38
2326,0.56,5.38
2327,0.56,5.38
2328,0.56,5.38
2329,0.56,5.38
2330,0.57,5.38
2331,0.56,5.38
2332,0.56,5.38
2333,0.56,5.38
2334,0.56,5.37
2335,0.56,5.37
2336,0.56,5.37
2337,0.56,5.37
2338,0.56,5.37
2339,0.56,5.37
2340,0.56,5.36
2341,0.56,5.36
2342,0.56,5.36
2343,0.56,5.36
2344,0.56,5.36
2345,0.56,5.35
2346,0.56,5.35
2347,0.56,5.35
2348,0.56,5.35
2349,0.56,5.35
2350,0.56,5.35
2351,0.56,5.35
2352,0.56,5.35
2353,0.56,5.35
2354,0.56,5.35
2355,0.56,5.35
2356,0.56,5.35
2357,0.56,5.35
2358,0.56,5.35
2359,0.57,5.35
2360,0.56,5.35
2361,0.56,5.35
2362,0.56,5.35
2363,0.57,5.36
2364,0.56,5.36
2365,0.56,5.36
2366,0.57,5.36
2367,0.57,5.36
2368,0.56,5.36
2369,0.57,5.37
2370,0.56,5.37
2371,0.56,5.37
2372,0.56,5.37
2373,0.56,5.37
2374,0.56,5.37
2375,0.57,5.38
2376,0.57,5.38
2377,0.56,5.38
2378,0.56,5.38
2379,0.56,5.38
2380,0.56,5.38
2381,0.56,5.38
2382,0.56,5.38
2383,0.56,5.38
2384,0.56,5.38
2385,0.56,5.38
2386,0.56,5.38
2387,0.56,5.37
2388,0.56,5.37
2389,0.56,5.37
2390,0.56,5.37
2391,0.56,5.37
2392,0.56,5.37
2393,0.56,5.36
2394,0.56,5.36
2395,0.56,5.36
2396,0.56,5.36
2397,0.56,5.36
2398,0.56,5.35
2399,0.56,5.35
2400,0.56,5.35
2401,0.56,5.35
2402,0.56,5.35
2403,0.56,5.35
2404,0.56,5.35
2405,0.56,5.35
2406,0.56,5.35
2407,0.56,5.35
2408,0.56,5.35
2409,0.56,5.35
2410,0.56,5.35
2411,0.56,5.35
2412,0.56,5.35
2413,0.56,5.35
2414,0.57,5.35
2415,0.56,5.35
2416,0.56,5.36
2417,0.56,5.36
2418,0.57,5.36
2419,0.57,5.36
2420,0.57,5.36
2421,0.57,5.36
2422,0.56,5.37
2423,0.57,5.37
2424,0.56,5.37
2425,0.57,5.37
2426,0.57,5.37
2427,0.56,5.38
2428,0.56,5.38
2429,0.56,5.38
2430,0.56,5.38
2431,0.56,5.38
2432,0.56,5.38
2433,0.56,5.38
2434,0.56,5.38
2435,0.56,5.38
2436,0.56,5.38
2437,0.56,5.38
2438,0.56,5.38
2439,0.56,5.38
2440,0.56,5.38
2441,0.56,5.37
2442,0.56,5.37
2443,0.56,5.37
2444,0.56,5.37
2445,0.56,5.37
2446,0.56,5.36
2447,0.56,5.36
2448,0.56,5.36
2449,0.56,5.36
2450,0.56,5.36
2451,0.56,5.36
2452,0.56,5.35
2453,0.56,5.35
2454,0.56,5.35
2455,0.56,5.35
2456,0.56,5.35
2457,0.56,5.35
2458,0.56,5.35
2459,0.56,5.35
2460,0.56,5.35
2461,0.56,5.35
2462,0.56,5.35
2463,0.56,5.35
2464,0.56,5.35
2465,0.56,5.35
2466,0.56,5.35
2467,0.56,5.35
2468,0.57,5.35
2469,0.56,5.36
2470,0.56,5.36
2471,0.57,5.36
2472,0.56,5.36
2473,0.56,5.36
2474,0.57,5.36
2475,0.56,5.37
2476,0.56,5.37
2477,0.56,5.37
2478,0.56,5.37
2479,0.56,5.37
2480,0.56,5.37
2481,0.56,5.38
2482,0.56,5.38
2483,0.56,5.38
2484,0.56,5.38
2485,0.56,5.38
2486,0.56,5.38
2487,0.56,5.38
2488,0.56,5.38
2489,0.56,5.38
2490,0.56,5.38
2491,0.56,5.38
2492,0.56,5.38
2493,0.56,5.37
2494,0.56,5.37
2495,0.56,5.37
2496,0.56,5.37
2497,0.56,5.37
2498,0.56,5.37
2499,0.56,5.36
2500,0.56,5.36
2501,0.56,5.36
2502,0.56,5.36
2503,0.56,5.36
2504,0.56,5.36
2505,0.56,5.35
2506,0.56,5.35
2507,0.56,5.35
2508,0.56,5.35
2509,0.56,5.35
2510,0.56,5.35
2511,0.56,5.35
2512,0.56,5.35
2513,0.56,5.35
2514,0.56,5.35
2515,0.56,5.35
2516,0.56,5.35
2517,0.56,5.35
2518,0.56,5.35
2519,0.56,5.35
2520,0.56,5.35
2521,0.56,5.36
2522,0.56,5.36
2523,0.57,5.36
2524,0.56,5.36
2525,0.56,5.36
2526,0.56,5.36
2527,0.56,5.37
2528,0.56,5.37
2529,0.56,5.37
2530,0.56,5.37
2531,0.56,5.37
2532,0.56,5.37
2533,0.56,5.38
2534,0.56,5.38
2535,0.56,5.38
2536,0.56,5.38
2537,0.56,5.38
2538,0.56,5.38
2539,0.57,5.38
2540,0.56,5.38
2541,0.56,5.38
2542,0.56,5.38
2543,0.56,5.38
2544,0.56,5.38
2545,0.56,5.38
2546,0.56,5.37
2547,0.56,5.37
2548,0.56,5.37
2549,0.56,5.37
2550,0.56,5.37
2551,0.56,5.36
2552,0.56,5.36
2553,0.56,5.36
2554,0.56,5.36
2555,0.56,5.36
2556,0.56,5.36
2557,0.56,5.35
2558,0.56,5.35
2559,0.56,5.35
2560,0.56,5.35
2561,0.56,5.35
2562,0.56,5.35
2563,0.56,5.35
2564,0.56,5.35
2565,0.56,5.35
2566,0.56,5.35
2567,0.56,5.35
2568,0.56,5.35
2569,0.56,5.35
2570,0.56,5.35
2571,0.57,5.35
2572,0.56,5.35
2573,0.56,5.35
2574,0.56,5.36
2575,0.56,5.36
2576,0.56,5.36
2577,0.56,5.36
2578,0.56,5.36
2579,0.56,5.36
2580,0.56,5.37
2581,0.56,5.37
2582,0.56,5.37
2583,0.56,5.37
2584,0.56,5.37
2585,0.57,5.37
2586,0.56,5.38
2587,0.56,5.38
2588,0.56,5.38
2589,0.56,5.38
2590,0.56,5.38
2591,0.56,5.38
2592,0.56,5.38
2593,0.56,5.38
2594,0.56,5.38
2595,0.56,5.38
2596,0.56,5.38
2597,0.56,5.38
2598,0.56,5.37
2599,0.56,5.37
2600,0.56,5.37
2601,0.56,5.37
2602,0.56,5.37
2603,0.56,5.37
2604,0.56,5.36
2605,0.56,5.36
2606,0.56,5.36
2607,0.56,5.36
2608,0.56,5.36
2609,0.56,5.36
2610,0.56,5.35
2611,0.56,5.35
2612,0.56,5.35
2613,0.56,5.35
2614,0.56,5.35
2615,0.56,5.35
2616,0.56,5.35
2617,0.56,5.35
2618,0.56,5.35
2619,0.56,5.35
2620,0.56,5.35
2621,0.56,5.35
2622,0.56,5.35
2623,0.56,5.35
2624,0.56,5.35
2625,0.56,5.35
2626,0.56,5.36
2627,0.56,5.36
2628,0.56,5.36
2629,0.56,5.36
2630,0.56,5.36
2631,0.56,5.36
2632,0.56,5.36
2633,0.56,5.37
2634,0.56,5.37
2635,0.56,5.37
2636,0.56,5.37
2637,0.56,5.37
2638,0.56,5.37
2639,0.56,5.37
2640,0.56,5.37
2641,0.56,5.37
2642,0.56,5.37
2643,0.56,5.38
2644,0.56,5.38
2645,0.56,5.38
2646,0.56,5.37
2647,0.56,5.37
2648,0.56,5.37
2649,0.56,5.37
2650,0.56,5.37
2651,0.56,5.37
2652,0.56,5.37
2653,0.56,5.37
2654,0.56,5.37
2655,0.56,5.36
2656,0.56,5.36
2657,0.56,5.36
2658,0.56,5.36
2659,0.56,5.36
2660,0.56,5.36
2661,0.56,5.36
2662,0.56,5.36
2663,0.56,5.35
2664,0.56,5.35
2665,0.56,5.35
2666,0.56,5.35
2667,0.56,5.35
2668,0.56,5.35
2669,0.56,5.35
2670,0.56,5.35
2671,0.56,5.35
2672,0.56,5.35
2673,0.56,5.35
2674,0.56,5.35
2675,0.56,5.35
2676,0.56,5.35
2677,0.56,5.36
2678,0.56,5.36
2679,0.56,5.36
2680,0.56,5.36
2681,0.56,5.36
2682,0.56,5.36
2683,0.56,5.36
2684,0.56,5.37
2685,0.56,5.37
2686,0.56,5.37
2687,0.56,5.37
2688,0.56,5.37
2689,0.56,5.37
2690,0.56,5.37
2691,0.56,5.37
2692,0.56,5.37
2693,0.56,5.37
2694,0.56,5.37
2695,0.56,5.37
2696,0.56,5.37
2697,0.56,5.37
2698,0.56,5.37
2699,0.56,5.37
2700,0.56,5.37
2701,0.56,5.37
2702,0.56,5.37
2703,0.56,5.37
2704,0.56,5.37
2705,0.56,5.37
2706,0.56,5.37
2707,0.56,5.36
2708,0.56,5.36
2709,0.56,5.36
2710,0.56,5.36
2711,0.56,5.36
2712,0.56,5.36
2713,0.56,5.36
2714,0.56,5.36
2715,0.56,5.35
2716,0.56,5.35
2717,0.56,5.35
2718,0.56,5.35
2719,0.56,5.35
2720,0.56,5.35
2721,0.56,5.35
2722,0.56,5.35
2723,0.56,5.35
2724,0.56,5.35
2725,0.56,5.35
2726,0.56,5.35
2727,0.56,5.35
2728,0.56,5.35
2729,0.56,5.36
2730,0.56,5.36
2731,0.56,5.36
2732,0.56,5.36
2733,0.56,5.36
2734,0.56,5.36
2735,0.56,5.36
2736,0.56,5.36
2737,0.56,5.37
2738,0.56,5.37
2739,0.56,5.37
2740,0.56,5.37
2741,0.56,5.37
2742,0.56,5.37
2743,0.56,5.37
2744,0.56,5.37
2745,0.56,5.37
2746,0.56,5.37
2747,0.56,5.37
2748,0.56,5.37
2749,0.56,5.37
2750,0.56,5.37
2751,0.56,5.37
2752,0.56,5.37
2753,0.56,5.37
2754,0.56,5.37
2755,0.56,5.37
2756,0.56,5.37
2757,0.56,5.36
2758,0.56,5.36
2759,0.56,5.36
2760,0.56,5.36
2761,0.56,5.36
2762,0.56,5.36
2763,0.56,5.36
2764,0.56,5.36
2765,0.56,5.35
2766,0.56,5.35
2767,0.56,5.35
2768,0.56,5.35
2769,0.56,5.35
2770,0.56,5.35
2771,0.56,5.35
2772,0.56,5.35
2773,0.56,5.35
2774,0.56,5.35
2775,0.56,5.35
2776,0.56,5.35
2777,0.56,5.35
2778,0.56,5.35
2779,0.56,5.35
2780,0.56,5.35
2781,0.56,5.35
2782,0.56,5.36
2783,0.56,5.36
2784,0.56,5.36
2785,0.56,5.36
2786,0.56,5.36
2787,0.56,5.36
2788,0.56,5.36
2789,0.56,5.36
2790,0.56,5.36
2791,0.56,5.37
2792,0.56,5.37
2793,0.56,5.37
2794,0.56,5.37
2795,0.56,5.37
2796,0.56,5.37
2797,0.56,5.37
2798,0.56,5.37
2799,0.56,5.37
2800,0.56,5.37
2801,0.56,5.37
2802,0.56,5.37
2803,0.56,5.37
2804,0.56,5.37
2805,0.56,5.37
2806,0.56,5.37
2807,0.56,5.36
2808,0.56,5.36
2809,0.56,5.36
2810,0.56,5.36
2811,0.56,5.36
2812,0.56,5.36
2813,0.56,5.36
2814,0.56,5.36
2815,0.56,5.36
2816,0.56,5.36
2817,0.56,5.35
2818,0.56,5.35
2819,0.56,5.35
2820,0.56,5.35
2821,0.56,5.35
2822,0.56,5.35
2823,0.56,5.35
2824,0.56,5.35
2825,0.56,5.35
2826,0.56,5.35
2827,0.56,5.35
2828,0.56,5.35
2829,0.56,5.35
2830,0.56,5.35
2831,0.56,5.35
2832,0.56,5.35
2833,0.56,5.36
2834,0.56,5.36
2835,0.56,5.36
2836,0.56,5.36
2837,0.56,5.36
2838,0.56,5.36
2839,0.56,5.36
2840,0.56,5.36
2841,0.56,5.36
2842,0.56,5.36
2843,0.56,5.37
2844,0.56,5.37
2845,0.56,5.37
2846,0.56,5.37
2847,0.56,5.37
2848,0.56,5.37
2849,0.56,5.37
2850,0.56,5.37
2851,0.56,5.37
2852,0.56,5.37
2853,0.56,5.37
2854,0.56,5.37
2855,0.56,5.37
2856,0.56,5.37
2857,0.56,5.37
2858,0.56,5.36
2859,0.56,5.36
2860,0.56,5.36
2861,0.56,5.36
2862,0.56,5.36
2863,0.56,5.36
2864,0.56,5.36
2865,0.56,5.36
2866,0.56,5.36
2867,0.56,5.36
2868,0.56,5.36
2869,0.56,5.35
2870,0.56,5.35
2871,0.56,5.35
2872,0.56,5.35
2873,0.56,5.35
2874,0.56,5.35
2875,0.56,5.35
2876,0.56,5.35
2877,0.56,5.35
2878,0.56,5.35
2879,0.56,5.35
2880,0.56,5.35
2881,0.56,5.35
2882,0.56,5.35
2883,0.56,5.35
2884,0.56,5.36
2885,0.56,5.36
2886,0.56,5.36
2887,0.56,5.36
2888,0.56,5.36
2889,0.56,5.36
2890,0.56,5.36
2891,0.56,5.36
2892,0.56,5.36
2893,0.56,5.36
2894,0.56,5.36
2895,0.56,5.36
2896,0.56,5.37
2897,0.56,5.37
2898,0.56,5.37
2899,0.56,5.37
2900,0.56,5.37
2901,0.56,5.37
2902,0.56,5.37
2903,0.56,5.37
2904,0.56,5.37
2905,0.56,5.37
2906,0.56,5.37
2907,0.56,5.37
2908,0.56,5.37
2909,0.56,5.36
2910,0.56,5.36
2911,0.56,5.36
2912,0.56,5.36
2913,0.56,5.36
2914,0.56,5.36
2915,0.56,5.36
2916,0.56,5.36
2917,0.56,5.36
2918,0.56,5.36
2919,0.56,5.36
2920,0.56,5.36
2921,0.56,5.36
2922,0.56,5.35
2923,0.56,5.35
2924,0.56,5.35
2925,0.56,5.35
2926,0.56,5.35
2927,0.56,5.35
2928,0.56,5.35
2929,0.56,5.35
2930,0.56,5.35
2931,0.56,5.35
2932,0.56,5.35
2933,0.56,5.35
2934,0.56,5.36
2935,0.56,5.36
2936,0.56,5.36
2937,0.56,5.36
2938,0.56,5.36
2939,0.56,5.36
2940,0.56,5.36
2941,0.56,5.36
2942,0.56,5.36
2943,0.56,5.36
2944,0.56,5.36
2945,0.56,5.36
2946,0.56,5.36
2947,0.56,5.36
2948,0.56,5.37
2949,0.56,5.37
2950,0.56,5.37
2951,0.56,5.37
2952,0.56,5.37
2953,0.56,5.37
2954,0.56,5.37
2955,0.56,5.37
2956,0.56,5.37
2957,0.56,5.37
2958,0.56,5.37
2959,0.56,5.37
2960,0.56,5.37
2961,0.56,5.36
2962,0.56,5.36
2963,0.56,5.36
2964,0.56,5.36
2965,0.56,5.36
2966,0.56,5.36
2967,0.56,5.36
2968,0.56,5.36
2969,0.56,5.36
2970,0.56,5.36
2971,0.56,5.36
2972,0.56,5.36
2973,0.56,5.36
2974,0.56,5.35
2975,0.56,5.35
2976,0.56,5.35
2977,0.56,5.35
2978,0.56,5.35
2979,0.56,5.35
2980,0.56,5.35
2981,0.56,5.35
2982,0.56,5.35
2983,0.56,5.35
2984,0.56,5.35
2985,0.56,5.35
2986,0.56,5.35
2987,0.56,5.36
2988,0.56,5.36
2989,0.56,5.36
2990,0.56,5.36
2991,0.56,5.36
2992,0.56,5.36
2993,0.56,5.36
2994,0.56,5.36
2995,0.56,5.36
2996,0.56,5.36
2997,0.56,5.36
2998,0.56,5.36
2999,0.56,5.36
3000,0.56,5.36
3001,0.56,5.36
3002,0.56,5.36
3003,0.56,5.36
3004,0.56,5.36
3005,0.56,5.36
3006,0.56,5.36
3007,0.56,5.36
3008,0.56,5.36
3009,0.56,5.36
3010,0.56,5.36
3011,0.56,5.36
3012,0.56,5.36
3013,0.56,5.36
3014,0.56,5.36
3015,0.56,5.36
3016,0.56,5.36
3017,0.56,5.36
3018,0.56,5.36
3019,0.56,5.36
3020,0.56,5.36
3021,0.56,5.36
3022,0.56,5.36
3023,0.56,5.35
3024,0.56,5.35
3025,0.56,5.35
3026,0.56,5.35
3027,0.56,5.35
3028,0.56,5.35
3029,0.56,5.35
3030,0.56,5.35
3031,0.56,5.35
3032,0.56,5.35
3033,0.56,5.35
3034,0.56,5.35
3035,0.56,5.35
3036,0.56,5.35
3037,0.56,5.35
3038,0.56,5.35
3039,0.56,5.35
3040,0.56,5.35
3041,0.56,5.36
3042,0.56,5.36
3043,0.56,5.36
3044,0.56,5.36
3045,0.56,5.36
3046,0.56,5.36
3047,0.56,5.36
3048,0.56,5.36
3049,0.56,5.36
3050,0.56,5.36
3051,0.56,5.36
3052,0.56,5.36
3053,0.56,5.36
3054,0.56,5.36
3055,0.56,5.36
3056,0.56,5.36
3057,0.56,5.36
3058,0.56,5.36
3059,0.56,5.36
3060,0.56,5.36
3061,0.56,5.36
3062,0.56,5.36
3063,0.56,5.36
3064,0.56,5.36
3065,0.56,5.36
3066,0.56,5.36
3067,0.56,5.36
3068,0.56,5.36
3069,0.56,5.36
3070,0.56,5.36
3071,0.56,5.36
3072,0.56,5.36
3073,0.56,5.36
3074,0.56,5.35
3075,0.56,5.35
3076,0.56,5.35
3077,0.56,5.35
3078,0.56,5.35
3079,0.56,5.35
3080,0.56,5.35
3081,0.56,5.35
3082,0.56,5.35
3083,0.56,5.35
3084,0.56,5.35
3085,0.56,5.35
3086,0.56,5.35
3087,0.56,5.35
3088,0.56,5.35
3089,0.56,5.35
3090,0.56,5.35
3091,0.56,5.35
3092,0.56,5.35
3093,0.56,5.35
3094,0.56,5.36
3095,0.56,5.36
3096,0.56,5.36
3097,0.56,5.36
3098,0.56,5.36
3099,0.56,5.36
3100,0.56,5.36
3101,0.56,5.36
3102,0.56,5.36
3103,0.56,5.36
3104,0.56,5.36
3105,0.56,5.36
3106,0.56,5.36
3107,0.56,5.36
3108,0.56,5.36
3109,0.56,5.36
3110,0.56,5.36
3111,0.56,5.36
3112,0.56,5.36
3113,0.56,5.36
3114,0.56,5.36
3115,0.56,5.36
3116,0.56,5.36
3117,0.56,5.36
3118,0.56,5.36
3119,0.56,5.36
3120,0.56,5.36
3121,0.56,5.36
3122,0.56,5.36
3123,0.56,5.36
3124,0.56,5.36
3125,0.56,5.36
3126,0.56,5.35
3127,0.56,5.35
3128,0.56,5.35
3129,0.56,5.35
3130,0.56,5.35
3131,0.56,5.35
3132,0.56,5.35
3133,0.56,5.35
3134,0.56,5.35
3135,0.56,5.35
3136,0.56,5.35
3137,0.56,5.35
3138,0.56,5.35
3139,0.56,5.35
3140,0.56,5.35
3141,0.56,5.35
3142,0.56,5.35
3143,0.56,5.35
3144,0.56,5.35
3145,0.56,5.35
3146,0.56,5.35
3147,0.56,5.36
3148,0.56,5.36
3149,0.56,5.36
3150,0.56,5.36
3151,0.56,5.36
3152,0.56,5.36
3153,0.56,5.36
3154,0.56,5.36
3155,0.56,5.36
3156,0.56,5.36
3157,0.56,5.36
3158,0.56,5.36
3159,0.56,5.36
3160,0.56,5.36
3161,0.56,5.36
3162,0.56,5.36
3163,0.56,5.36
3164,0.56,5.36
3165,0.56,5.36
3166,0.56,5.36
3167,0.56,5.36
3168,0.56,5.36
3169,0.56,5.36
3170,0.56,5.36
3171,0.56,5.36
3172,0.56,5.36
3173,0.56,5.36
3174,0.56,5.36
3175,0.56,5.36
3176,0.56,5.36
3177,0.56,5.36
3178,0.56,5.35
3179,0.56,5.35
3180,0.56,5.35
3181,0.56,5.35
3182,0.56,5.35
3183,0.56,5.35
3184,0.56,5.35
3185,0.56,5.35
3186,0.56,5.35
3187,0.56,5.35
3188,0.56,5.35
3189,0.56,5.35
3190,0.56,5.35
3191,0.56,5.35
3192,0.56,5.35
3193,0.56,5.35
3194,0.56,5.35
3195,0.56,5.35
3196,0.56,5.35
3197,0.56,5.35
3198,0.56,5.35
3199,0.56,5.35
3200,0.56,5.36
3201,0.56,5.36
3202,0.56,5.36
3203,0.56,5.36
3204,0.56,5.36
3205,0.56,5.36
3206,0.56,5.36
3207,0.56,5.36
3208,0.56,5.36
3209,0.56,5.36
3210,0.56,5.36
3211,0.56,5.36
3212,0.56,5.36
3213,0.56,5.36
3214,0.56,5.36
3215,0.56,5.36
3216,0.56,5.36
3217,0.56,5.36
3218,0.56,5.36
3219,0.56,5.36
3220,0.56,5.36
3221,0.56,5.36
3222,0.56,5.36
3223,0.56,5.36
3224,0.56,5.36
3225,0.56,5.36
3226,0.56,5.36
3227,0.56,5.35
3228,0.56,5.35
3229,0.56,5.35
3230,0.56,5.35
3231,0.56,5.35
3232,0.56,5.35
3233,0.56,5.35
3234,0.56,5.35
3235,0.56,5.35
3236,0.56,5.35
3237,0.56,5.35
3238,0.56,5.35
3239,0.56,5.35
3240,0.56,5.35
3241,0.56,5.35
3242,0.56,5.35
3243,0.56,5.35
3244,0.56,5.35
3245,0.56,5.35
3246,0.56,5.35
3247,0.56,5.35
3248,0.56,5.35
3249,0.56,5.35
3250,0.56,5.35
3251,0.56,5.35
3252,0.56,5.35
3253,0.56,5.35
3254,0.56,5.35
3255,0.56,5.36
3256,0.56,5.36
3257,0.56,5.36
3258,0.56,5.36
3259,0.56,5.36
3260,0.56,5.36
3261,0.56,5.36
3262,0.56,5.36
3263,0.56,5.36
3264,0.56,5.36
3265,0.56,5.36
3266,0.56,5.36
3267,0.56,5.36
3268,0.56,5.36
3269,0.56,5.36
3270,0.56,5.36
3271,0.56,5.36
3272,0.56,5.36
3273,0.56,5.36
3274,0.56,5.36
3275,0.56,5.36
3276,0.56,5.36
3277,0.56,5.35
3278,0.56,5.35
3279,0.56,5.35
3280,0.56,5.35
3281,0.56,5.35
3282,0.56,5.35
3283,0.56,5.35
3284,0.56,5.35
3285,0.56,5.35
3286,0.56,5.35
3287,0.56,5.35
3288,0.56,5.35
3289,0.56,5.35
3290,0.56,5.35
3291,0.56,5.35
3292,0.56,5.35
3293,0.56,5.35
3294,0.56,5.35
3295,0.56,5.35
3296,0.56,5.35
3297,0.56,5.35
3298,0.56,5.35
3299,0.56,5.35
3300,0.56,5.35
3301,0.56,5.35
3302,0.56,5.35
3303,0.56,5.35
3304,0.56,5.35
3305,0.56,5.35
3306,0.56,5.35
3307,0.56,5.35
3308,0.56,5.35
3309,0.56,5.35
3310,0.56,5.36
3311,0.56,5.36
3312,0.56,5.36
3313,0.56,5.36
3314,0.56,5.36
3315,0.56,5.36
3316,0.56,5.36
3317,0.56,5.36
3318,0.56,5.36
3319,0.56,5.36
3320,0.56,5.36
3321,0.56,5.36
3322,0.56,5.36
3323,0.56,5.36
3324,0.56,5.36
3325,0.56,5.36
3326,0.56,5.36
3327,0.56,5.36
3328,0.56,5.35
3329,0.56,5.35
3330,0.56,5.35
3331,0.56,5.35
3332,0.56,5.35
3333,0.56,5.35
3334,0.56,5.35
3335,0.56,5.35
3336,0.56,5.35
3337,0.56,5.35
3338,0.56,5.35
3339,0.56,5.35
3340,0.56,5.35
3341,0.56,5.35
3342,0.56,5.35
3343,0.56,5.35
3344,0.56,5.35
3345,0.56,5.35
3346,0.56,5.35
3347,0.56,5.35
3348,0.56,5.35
3349,0.56,5.35
3350,0.56,5.35
3351,0.56,5.35
3352,0.56,5.35
3353,0.56,5.35
3354,0.56,5.35
3355,0.56,5.35
3356,0.56,5.35
3357,0.56,5.35
3358,0.56,5.35
3359,0.56,5.35
3360,0.56,5.36
3361,0.56,5.36
3362,0.56,5.36
3363,0.56,5.36
3364,0.56,5.36
3365,0.56,5.36
3366,0.56,5.36
3367,0.56,5.36
3368,0.57,5.36
3369,0.56,5.36
3370,0.56,5.36
3371,0.56,5.36
3372,0.56,5.36
3373,0.56,5.36
3374,0.56,5.36
3375,0.56,5.36
3376,0.56,5.36
3377,0.56,5.36
3378,0.56,5.36
3379,0.56,5.36
3380,0.56,5.36
3381,0.56,5.36
3382,0.56,5.36
3383,0.56,5.36
3384,0.56,5.35
3385,0.56,5.35
3386,0.56,5.35
3387,0.56,5.35
3388,0.56,5.35
3389,0.56,5.35
3390,0.56,5.35
3391,0.56,5.35
3392,0.56,5.35
3393,0.56,5.35
3394,0.56,5.35
3395,0.56,5.35
3396,0.56,5.35
3397,0.56,5.35
3398,0.56,5.35
3399,0.56,5.35
3400,0.56,5.35
3401,0.56,5.35
3402,0.56,5.35
3403,0.56,5.35
3404,0.56,5.35
3405,0.56,5.35
3406,0.56,5.35
3407,0.57,5.35
3408,0.57,5.35
3409,0.57,5.35
3410,0.57,5.35
3411,0.57,5.35
3412,0.56,5.35
3413,0.56,5.36
3414,0.56,5.36
3415,0.56,5.36
3416,0.56,5.36
3417,0.56,5.36
3418,0.56,5.36
3419,0.56,5.36
3420,0.56,5.36
3421,0.56,5.36
3422,0.56,5.36
3423,0.56,5.36
3424,0.56,5.36
3425,0.56,5.36
3426,0.56,5.36
3427,0.56,5.36
3428,0.56,5.36
3429,0.56,5.36
3430,0.56,5.36
3431,0.56,5.36
3432,0.56,5.36
3433,0.56,5.36
3434,0.56,5.36
3435,0.56,5.36
3436,0.56,5.36
3437,0.56,5.36
3438,0.56,5.36
3439,0.56,5.36
3440,0.56,5.36
3441,0.56,5.36
3442,0.56,5.35
3443,0.56,5.35
3444,0.56,5.35
3445,0.56,5.35
3446,0.56,5.35
3447,0.56,5.35
3448,0.56,5.35
3449,0.56,5.35
3450,0.56,5.35
3451,0.56,5.35
3452,0.56,5.35
3453,0.56,5.35
3454,0.56,5.35
3455,0.56,5.35
3456,0.56,5.35
3457,0.56,5.35
3458,0.57,5.35
3459,0.57,5.35
3460,0.57,5.35
3461,0.56,5.35
3462,0.57,5.35
3463,0.56,5.35
3464,0.57,5.35
3465,0.57,5.36
3466,0.57,5.36
3467,0.56,5.36
3468,0.56,5.36
3469,0.56,5.36
3470,0.56,5.36
3471,0.57,5.36
3472,0.57,5.36
3473,0.56,5.36
3474,0.56,5.36
3475,0.56,5.36
3476,0.56,5.36
3477,0.56,5.36
3478,0.56,5.36
3479,0.56,5.36
3480,0.56,5.36
3481,0.56,5.36
3482,0.56,5.36
3483,0.56,5.36
3484,0.56,5.36
3485,0.56,5.36
3486,0.56,5.36
3487,0.56,5.36
3488,0.56,5.36
3489,0.56,5.36
3490,0.56,5.36
3491,0.56,5.36
3492,0.56,5.36
3493,0.56,5.36
3494,0.56,5.36
3495,0.56,5.36
3496,0.56,5.36
3497,0.56,5.36
3498,0.56,5.36
3499,0.56,5.36
3500,0.56,5.35
3501,0.56,5.35
3502,0.56,5.35
3503,0.56,5.35
3504,0.56,5.35
3505,0.56,5.35
3506,0.56,5.35
3507,0.56,5.35
3508,0.56,5.35
3509,0.56,5.35
3510,0.56,5.35
3511,0.57,5.35
3512,0.57,5.35
3513,0.56,5.35
3514,0.56,5.35
3515,0.56,5.35
3516,0.56,5.35
3517,0.56,5.35
3518,0.57,5.35
3519,0.57,5.36
3520,0.57,5.36
3521,0.57,5.36
3522,0.57,5.36
3523,0.56,5.36
3524,0.56,5.36
3525,0.56,5.36
3526,0.56,5.36
3527,0.56,5.36
3528,0.56,5.36
3529,0.56,5.36
3530,0.56,5.36
3531,0.56,5.36
3532,0.56,5.37
3533,0.56,5.37
3534,0.56,5.37
3535,0.56,5.37
3536,0.56,5.37
3537,0.56,5.37
3538,0.56,5.37
3539,0.56,5.37
3540,0.56,5.37
3541,0.56,5.37
3542,0.56,5.37
3543,0.56,5.36
3544,0.56,5.36
3545,0.56,5.36
3546,0.56,5.36
3547,0.56,5.36
3548,0.56,5.36
3549,0.56,5.36
3550,0.56,5.36
3551,0.56,5.36
3552,0.56,5.36
3553,0.56,5.36
3554,0.56,5.35
3555,0.56,5.35
3556,0.56,5.35
3557,0.56,5.35
3558,0.56,5.35
3559,0.56,5.35
3560,0.56,5.35
3561,0.56,5.35
3562,0.56,5.35
3563,0.56,5.35
3564,0.57,5.35
3565,0.56,5.35
3566,0.56,5.35
3567,0.56,5.35
3568,0.56,5.35
3569,0.57,5.35
3570,0.56,5.35
3571,0.57,5.35
3572,0.56,5.35
3573,0.56,5.35
3574,0.57,5.35
3575,0.57,5.36
3576,0.56,5.36
3577,0.57,5.36
3578,0.56,5.36
3579,0.57,5.36
3580,0.57,5.36
3581,0.56,5.36
3582,0.57,5.36
3583,0.56,5.36
3584,0.56,5.37
3585,0.56,5.37
3586,0.56,5.37
3587,0.56,5.37
3588,0.56,5.37
3589,0.56,5.37
3590,0.57,5.37
3591,0.56,5.37
3592,0.56,5.37
3593,0.56,5.37
3594,0.56,5.37
3595,0.56,5.37
3596,0.56,5.37
3597,0.56,5.37
3598,0.56,5.37
3599,0.56,5.36
3600,0.56,5.36
3601,0.56,5.36
3602,0.56,5.36
3603,0.56,5.36
3604,0.56,5.36
3605,0.56,5.36
3606,0.56,5.36
3607,0.56,5.36
3608,0.56,5.36
3609,0.56,5.35
3610,0.56,5.35
3611,0.56,5.35
3612,0.56,5.35
3613,0.56,5.35
3614,0.56,5.35
3615,0.56,5.35
3616,0.56,5.35
3617,0.56,5.35
3618,0.56,5.35
3619,0.56,5.35
3620,0.57,5.35
3621,0.57,5.35
3622,0.56,5.35
3623,0.56,5.35
3624,0.56,5.35
3625,0.56,5.35
3626,0.57,5.35
3627,0.57,5.35
3628,0.57,5.36
3629,0.57,5.36
3630,0.57,5.36
3631,0.57,5.36
3632,0.57,5.36
3633,0.57,5.36
3634,0.57,5.36
3635,0.56,5.36
3636,0.57,5.36
3637,0.56,5.37
3638,0.56,5.37
3639,0.56,5.37
3640,0.56,5.37
3641,0.56,5.37
3642,0.57,5.37
3643,0.56,5.37
3644,0.56,5.37
3645,0.56,5.37
3646,0.56,5.37
3647,0.56,5.37
3648,0.56,5.37
3649,0.56,5.37
3650,0.56,5.37
3651,0.56,5.37
3652,0.56,5.37
3653,0.56,5.37
3654,0.56,5.37
3655,0.56,5.36
3656,0.56,5.36
3657,0.56,5.36
3658,0.56,5.36
3659,0.56,5.36
3660,0.56,5.36
3661,0.56,5.36
3662,0.56,5.36
3663,0.56,5.35
3664,0.56,5.35
3665,0.56,5.35
3666,0.56,5.35
3667,0.56,5.35
3668,0.56,5.35
3669,0.56,5.35
3670,0.56,5.35
3671,0.56,5.35
3672,0.56,5.35
3673,0.56,5.35
3674,0.56,5.35
3675,0.57,5.35
3676,0.56,5.35
3677,0.56,5.35
3678,0.57,5.35
3679,0.56,5.35
3680,0.56,5.35
3681,0.57,5.35
3682,0.56,5.36
3683,0.57,5.36
3684,0.57,5.36
3685,0.57,5.36
3686,0.57,5.36
3687,0.57,5.36
3688,0.56,5.36
3689,0.57,5.36
3690,0.57,5.37
3691,0.57,5.37
3692,0.56,5.37
3693,0.57,5.37
3694,0.57,5.37
3695,0.56,5.37
3696,0.56,5.37
3697,0.56,5.37
3698,0.56,5.37
3699,0.57,5.37
3700,0.56,5.37
3701,0.56,5.37
3702,0.56,5.37
3703,0.56,5.37
3704,0.56,5.37
3705,0.56,5.37
3706,0.56,5.37
3707,0.56,5.37
3708,0.56,5.37
3709,0.56,5.37
3710,0.56,5.36
3711,0.56,5.36
3712,0.56,5.36
3713,0.56,5.36
3714,0.56,5.36
3715,0.56,5.36
3716,0.56,5.36
3717,0.56,5.35
3718,0.56,5.35
3719,0.56,5.35
3720,0.56,5.35
3721,0.56,5.35
3722,0.56,5.35
3723,0.56,5.35
3724,0.57,5.35
3725,0.56,5.35
3726,0.56,5.35
3727,0.56,5.35
3728,0.56,5.35
3729,0.56,5.35
3730,0.56,5.35
3731,0.57,5.35
3732,0.56,5.35
3733,0.57,5.35
3734,0.56,5.35
3735,0.57,5.35
3736,0.56,5.36
3737,0.56,5.36
3738,0.57,5.36
3739,0.56,5.36
3740,0.57,5.36
3741,0.57,5.36
3742,0.57,5.36
3743,0.57,5.37
3744,0.56,5.37
3745,0.56,5.37
3746,0.56,5.37
3747,0.56,5.37
3748,0.56,5.37
3749,0.56,5.37
3750,0.56,5.37
3751,0.56,5.37
3752,0.56,5.37
3753,0.57,5.37
3754,0.56,5.37
3755,0.56,5.37
3756,0.56,5.37
3757,0.56,5.37
3758,0.56,5.37
3759,0.56,5.37
3760,0.56,5.37
3761,0.56,5.37
3762,0.56,5.37
3763,0.56,5.37
3764,0.56,5.36
3765,0.56,5.36
3766,0.56,5.36
3767,0.56,5.36
3768,0.56,5.36
3769,0.56,5.36
3770,0.56,5.35
3771,0.56,5.35
3772,0.56,5.35
3773,0.56,5.35
3774,0.56,5.35
3775,0.56,5.35
3776,0.56,5.35
3777,0.56,5.35
3778,0.56,5.35
3779,0.56,5.35
3780,0.56,5.35
3781,0.56,5.35
3782,0.56,5.35
3783,0.56,5.35
3784,0.56,5.35
3785,0.56,5.35
3786,0.57,5.35
3787,0.57,5.35
3788,0.57,5.35
3789,0.57,5.35
3790,0.57,5.36
3791,0.57,5.36
3792,0.57,5.36
3793,0.56,5.36
3794,0.57,5.36
3795,0.57,5.36
3796,0.57,5.36
3797,0.57,5.37
3798,0.56,5.37
3799,0.57,5.37
3800,0.57,5.37
3801,0.57,5.37
3802,0.56,5.37
3803,0.56,5.37
3804,0.56,5.37
3805,0.56,5.37
3806,0.56,5.37
3807,0.56,5.37
3808,0.56,5.37
3809,0.56,5.37
3810,0.56,5.37
3811,0.56,5.37
3812,0.56,5.37
3813,0.56,5.37
3814,0.56,5.37
3815,0.56,5.37
3816,0.56,5.37
3817,0.56,5.36
3818,0.56,5.36
3819,0.56,5.36
3820,0.56,5.36
3821,0.56,5.36
3822,0.56,5.36
3823,0.56,5.36
3824,0.56,5.35
3825,0.56,5.35
3826,0.56,5.35
3827,0.56,5.35
3828,0.56,5.35
3829,0.56,5.35
3830,0.56,5.35
3831,0.56,5.35
3832,0.56,5.35
3833,0.56,5.35
3834,0.56,5.35
3835,0.56,5.35
3836,0.57,5.35
3837,0.57,5.35
3838,0.57,5.35
3839,0.56,5.35
3840,0.57,5.35
3841,0.57,5.35
3842,0.56,5.35
3843,0.56,5.35
3844,0.57,5.36
3845,0.57,5.36
3846,0.56,5.36
3847,0.57,5.36
3848,0.56,5.36
3849,0.57,5.36
3850,0.56,5.36
3851,0.56,5.37
3852,0.57,5.37
3853,0.56,5.37
3854,0.57,5.37
3855,0.56,5.37
3856,0.57,5.37
3857,0.56,5.37
3858,0.57,5.37
3859,0.56,5.37
3860,0.57,5.37
3861,0.56,5.37
3862,0.56,5.37
3863,0.56,5.37
3864,0.56,5.37
3865,0.56,5.37
3866,0.56,5.37
3867,0.56,5.37
3868,0.56,5.37
3869,0.56,5.37
3870,0.56,5.37
3871,0.56,5.36
3872,0.56,5.36
3873,0.56,5.36
3874,0.56,5.36
3875,0.56,5.36
3876,0.56,5.36
3877,0.56,5.35
3878,0.56,5.35
3879,0.56,5.35
3880,0.56,5.35
3881,0.56,5.35
3882,0.56,5.35
3883,0.56,5.35
3884,0.56,5.35
3885,0.56,5.35
3886,0.56,5.35
3887,0.56,5.35
3888,0.56,5.35
3889,0.56,5.35
3890,0.56,5.35
3891,0.56,5.35
3892,0.57,5.35
3893,0.57,5.35
3894,0.56,5.35
3895,0.57,5.35
3896,0.56,5.35
3897,0.57,5.35
3898,0.57,5.35
3899,0.57,5.36
3900,0.57,5.36
3901,0.56,5.36
3902,0.57,5.36
3903,0.57,5.36
3904,0.57,5.36
3905,0.57,5.37
3906,0.57,5.37
3907,0.57,5.37
3908,0.56,5.37
3909,0.56,5.37
3910,0.56,5.37
3911,0.56,5.37
3912,0.56,5.37
3913,0.56,5.37
3914,0.57,5.37
3915,0.57,5.37
3916,0.56,5.37
3917,0.56,5.37
3918,0.56,5.37
3919,0.56,5.37
3920,0.56,5.37
3921,0.56,5.37
3922,0.56,5.37
3923,0.56,5.37
3924,0.56,5.36
3925,0.56,5.36
3926,0.56,5.36
3927,0.56,5.36
3928,0.56,5.36
3929,0.56,5.36
3930,0.56,5.35
3931,0.56,5.35
3932,0.56,5.35
3933,0.56,5.35
3934,0.56,5.35
3935,0.56,5.35
3936,0.56,5.35
3937,0.56,5.35
3938,0.56,5.34
3939,0.57,5.34
3940,0.57,5.34
3941,0.56,5.34
3942,0.57,5.34
3943,0.56,5.34
3944,0.56,5.34
3945,0.57,5.35
3946,0.56,5.35
3947,0.56,5.35
3948,0.57,5.35
3949,0.56,5.35
3950,0.57,5.35
3951,0.57,5.35
3952,0.57,5.35
3953,0.57,5.36
3954,0.57,5.36
3955,0.57,5.36
3956,0.56,5.36
3957,0.57,5.36
3958,0.57,5.36
3959,0.57,5.37
3960,0.57,5.37
3961,0.57,5.37
3962,0.56,5.37
3963,0.56,5.37
3964,0.57,5.37
3965,0.56,5.37
3966,0.57,5.37
3967,0.56,5.37
3968,0.56,5.37
3969,0.56,5.37
3970,0.56,5.37
3971,0.56,5.37
3972,0.56,5.37
3973,0.56,5.37
3974,0.56,5.37
3975,0.56,5.37
3976,0.56,5.37
3977,0.56,5.37
3978,0.56,5.36
3979,0.56,5.36
3980,0.56,5.36
3981,0.56,5.36
3982,0.56,5.36
3983,0.56,5.36
3984,0.56,5.35
3985,0.56,5.35
3986,0.56,5.35
3987,0.56,5.35
3988,0.56,5.35
3989,0.56,5.35
3990,0.56,5.35
3991,0.56,5.35
3992,0.56,5.35
3993,0.57,5.34
3994,0.56,5.34
3995,0.56,5.34
3996,0.57,5.35
3997,0.57,5.35
3998,0.57,5.35
3999,0.56,5.35
4000,0.56,5.35
4001,0.57,5.35
4002,0.56,5.35
4003,0.57,5.35
4004,0.56,5.35
4005,0.57,5.35
4006,0.56,5.36
4007,0.57,5.36
4008,0.57,5.36
4009,0.57,5.36
4010,0.56,5.36
4011,0.57,5.36
4012,0.57,5.37
4013,0.56,5.37
4014,0.57,5.37
4015,0.57,5.37
4016,0.56,5.37
4017,0.57,5.37
4018,0.56,5.37
4019,0.56,5.37
4020,0.56,5.37
4021,0.56,5.37
4022,0.56,5.37
4023,0.56,5.37
4024,0.56,5.37
4025,0.56,5.37
4026,0.56,5.37
4027,0.56,5.37
4028,0.56,5.37
4029,0.56,5.37
4030,0.56,5.37
4031,0.56,5.36
4032,0.56,5.36
4033,0.56,5.36
4034,0.56,5.36
4035,0.56,5.36
4036,0.56,5.36
4037,0.56,5.35
4038,0.56,5.35
4039,0.56,5.35
4040,0.56,5.35
4041,0.57,5.35
4042,0.56,5.35
4043,0.56,5.35
4044,0.56,5.35
4045,0.56,5.35
4046,0.56,5.35
4047,0.56,5.34
4048,0.57,5.34
4049,0.56,5.34
4050,0.57,5.35
4051,0.56,5.35
4052,0.56,5.35
4053,0.57,5.35
4054,0.57,5.35
4055,0.57,5.35
4056,0.57,5.35
4057,0.57,5.35
4058,0.57,5.35
4059,0.57,5.36
4060,0.57,5.36
4061,0.56,5.36
4062,0.57,5.36
4063,0.57,5.36
4064,0.57,5.36
4065,0.57,5.37
4066,0.57,5.37
4067,0.57,5.37
4068,0.57,5.37
4069,0.56,5.37
4070,0.56,5.37
4071,0.57,5.37
4072,0.57,5.37
4073,0.56,5.37
4074,0.56,5.37
4075,0.56,5.37
4076,0.56,5.37
4077,0.56,5.37
4078,0.56,5.37
4079,0.56,5.37
4080,0.56,5.37
4081,0.56,5.37
4082,0.56,5.37
4083,0.56,5.37
4084,0.56,5.36
4085,0.56,5.36
4086,0.56,5.36
4087,0.56,5.36
4088,0.57,5.36
4089,0.56,5.36
4090,0.56,5.35
4091,0.57,5.35
4092,0.56,5.35
4093,0.56,5.35
4094,0.56,5.35
4095,0.56,5.35
4096,0.56,5.35
4097,0.56,5.34
4098,0.56,5.34
4099,0.56,5.34
4100,0.57,5.34
4101,0.57,5.34
4102,0.56,5.34
4103,0.57,5.34
4104,0.56,5.34
4105,0.56,5.35
4106,0.56,5.35
4107,0.56,5.35
4108,0.56,5.35
4109,0.56,5.35
4110,0.57,5.35
4111,0.57,5.35
4112,0.57,5.35
4113,0.57,5.36
4114,0.57,5.36
4115,0.57,5.36
4116,0.57,5.36
4117,0.57,5.36
4118,0.57,5.36
4119,0.57,5.37
4120,0.56,5.37
4121,0.57,5.37
4122,0.57,5.37
4123,0.57,5.37
4124,0.57,5.37
4125,0.57,5.37
4126,0.57,5.37
4127,0.57,5.37
4128,0.56,5.37
4129,0.56,5.37
4130,0.56,5.37
4131,0.56,5.37
4132,0.56,5.37
4133,0.56,5.37
4134,0.56,5.37
4135,0.56,5.37
4136,0.56,5.36
4137,0.56,5.36
4138,0.56,5.36
4139,0.56,5.36
4140,0.56,5.36
4141,0.56,5.36
4142,0.56,5.35
4143,0.56,5.35
4144,0.56,5.35
4145,0.56,5.35
4146,0.56,5.35
4147,0.56,5.35
4148,0.56,5.35
4149,0.57,5.34
4150,0.56,5.34
4151,0.57,5.34
4152,0.56,5.34
4153,0.56,5.34
4154,0.56,5.34
4155,0.57,5.34
4156,0.57,5.34
4157,0.57,5.34
4158,0.56,5.34
4159,0.56,5.35
4160,0.57,5.35
4161,0.57,5.35
4162,0.57,5.35
4163,0.57,5.35
4164,0.57,5.35
4165,0.57,5.35
4166,0.57,5.36
4167,0.56,5.36
4168,0.57,5.36
4169,0.56,5.36
4170,0.57,5.36
4171,0.57,5.36
4172,0.56,5.37
4173,0.57,5.37
4174,0.57,5.37
4175,0.57,5.37
4176,0.57,5.37
4177,0.57,5.37
4178,0.57,5.37
4179,0.56,5.37
4180,0.57,5.37
4181,0.56,5.37
4182,0.57,5.37
4183,0.56,5.37
4184,0.57,5.37
4185,0.56,5.37
4186,0.56,5.37
4187,0.56,5.37
4188,0.56,5.37
4189,0.57,5.37
4190,0.56,5.36
4191,0.56,5.36
4192,0.56,5.36
4193,0.56,5.36
4194,0.56,5.36
4195,0.56,5.36
4196,0.56,5.35
4197,0.56,5.35
4198,0.56,5.35
4199,0.57,5.35
4200,0.57,5.35
4201,0.57,5.35
4202,0.57,5.35
4203,0.56,5.35
4204,0.56,5.35
4205,0.57,5.35
4206,0.56,5.35
4207,0.56,5.35
4208,0.56,5.35
4209,0.57,5.35
4210,0.56,5.35
4211,0.57,5.35
4212,0.57,5.35
4213,0.57,5.35
4214,0.57,5.35
4215,0.56,5.35
4216,0.56,5.35
4217,0.57,5.36
4218,0.56,5.36
4219,0.56,5.36
4220,0.57,5.36
4221,0.56,5.36
4222,0.57,5.36
4223,0.57,5.36
4224,0.57,5.37
4225,0.57,5.37
4226,0.57,5.37
4227,0.56,5.37
4228,0.57,5.37
4229,0.57,5.37
4230,0.57,5.37
4231,0.57,5.37
4232,0.57,5.37
4233,0.57,5.37
4234,0.56,5.37
4235,0.56,5.37
4236,0.57,5.37
4237,0.57,5.37
4238,0.56,5.37
4239,0.56,5.37
4240,0.56,5.37
4241,0.56,5.37
4242,0.56,5.37
4243,0.56,5.36
4244,0.56,5.36
4245,0.56,5.36
4246,0.56,5.36
4247,0.56,5.36
4248,0.56,5.36
4249,0.56,5.36
4250,0.56,5.35
4251,0.57,5.35
4252,0.56,5.35
4253,0.56,5.35
4254,0.56,5.35
4255,0.56,5.35
4256,0.56,5.35
4257,0.57,5.35
4258,0.56,5.35
4259,0.57,5.35
4260,0.57,5.35
4261,0.57,5.35
4262,0.56,5.35
4263,0.57,5.35
4264,0.57,5.35
4265,0.56,5.35
4266,0.56,5.35
4267,0.57,5.35
4268,0.57,5.35
4269,0.57,5.35
4270,0.57,5.36
4271,0.56,5.36
4272,0.57,5.36
4273,0.57,5.36
4274,0.57,5.36
4275,0.56,5.36
4276,0.57,5.37
4277,0.57,5.37
4278,0.57,5.37
4279,0.57,5.37
4280,0.57,5.37
4281,0.57,5.37
4282,0.57,5.37
4283,0.57,5.37
4284,0.57,5.37
4285,0.57,5.37
4286,0.57,5.37
4287,0.57,5.37
4288,0.56,5.37
4289,0.56,5.37
4290,0.56,5.37
4291,0.56,5.37
4292,0.56,5.37
4293,0.56,5.37
4294,0.56,5.37
4295,0.56,5.37
4296,0.56,5.37
4297,0.56,5.36
4298,0.56,5.36
4299,0.57,5.36
4300,0.57,5.36
4301,0.56,5.36
4302,0.56,5.36
4303,0.57,5.36
4304,0.56,5.35
4305,0.56,5.35
4306,0.56,5.35
4307,0.56,5.35
4308,0.57,5.35
4309,0.56,5.35
4310,0.57,5.35
4311,0.57,5.35
4312,0.56,5.35
4313,0.56,5.35
4314,0.57,5.35
4315,0.56,5.35
4316,0.57,5.35
4317,0.57,5.35
4318,0.57,5.35
4319,0.56,5.35
4320,0.57,5.35
4321,0.57,5.36
4322,0.57,5.36
4323,0.57,5.36
4324,0.56,5.36
4325,0.57,5.36
4326,0.57,5.36
4327,0.57,5.36
4328,0.56,5.37
4329,0.57,5.37
4330,0.57,5.37
4331,0.57,5.37
4332,0.57,5.37
4333,0.57,5.37
4334,0.57,5.37
4335,0.57,5.37
4336,0.57,5.37
4337,0.57,5.37
4338,0.57,5.37
4339,0.56,5.37
4340,0.57,5.37
4341,0.56,5.37
4342,0.56,5.37
4343,0.56,5.37
4344,0.56,5.37
4345,0.56,5.37
4346,0.56,5.37
4347,0.56,5.37
4348,0.56,5.37
4349,0.56,5.37
4350,0.56,5.36
4351,0.56,5.36
4352,0.56,5.36
4353,0.56,5.36
4354,0.56,5.36
4355,0.56,5.36
4356,0.56,5.35
4357,0.57,5.35
4358,0.57,5.35
4359,0.56,5.35
4360,0.56,5.35
4361,0.56,5.35
4362,0.56,5.35
4363,0.56,5.35
4364,0.56,5.35
4365,0.56,5.35
4366,0.57,5.35
4367,0.56,5.35
4368,0.56,5.35
4369,0.57,5.35
4370,0.57,5.35
4371,0.57,5.35
4372,0.57,5.35
4373,0.57,5.35
4374,0.56,5.35
4375,0.56,5.36
4376,0.56,5.36
4377,0.56,5.36
4378,0.57,5.36
4379,0.57,5.36
4380,0.57,5.36
4381,0.57,5.37
4382,0.57,5.37
4383,0.57,5.37
4384,0.56,5.37
4385,0.57,5.37
4386,0.57,5.37
4387,0.57,5.37
4388,0.57,5.37
4389,0.57,5.37
4390,0.57,5.37
4391,0.57,5.37
4392,0.56,5.37
4393,0.56,5.37
4394,0.56,5.37
4395,0.57,5.37
4396,0.57,5.37
4397,0.57,5.37
4398,0.56,5.37
4399,0.56,5.37
4400,0.56,5.37
4401,0.56,5.37
4402,0.56,5.36
4403,0.57,5.36
4404,0.56,5.36
4405,0.56,5.36
4406,0.56,5.36
4407,0.56,5.36
4408,0.56,5.36
4409,0.56,5.35
4410,0.56,5.35
4411,0.57,5.35
4412,0.56,5.35
4413,0.56,5.35
4414,0.56,5.35
4415,0.56,5.35
4416,0.56,5.35
4417,0.57,5.35
4418,0.57,5.35
4419,0.57,5.35
4420,0.56,5.35
4421,0.57,5.35
4422,0.57,5.35
4423,0.56,5.35
4424,0.56,5.35
4425,0.56,5.35
4426,0.57,5.35
4427,0.57,5.36
4428,0.56,5.36
4429,0.57,5.36
4430,0.57,5.36
4431,0.56,5.36
4432,0.57,5.36
4433,0.57,5.36
4434,0.56,5.37
4435,0.57,5.37
4436,0.57,5.37
4437,0.57,5.37
4438,0.57,5.37
4439,0.57,5.37
4440,0.57,5.37
4441,0.57,5.37
4442,0.56,5.37
4443,0.57,5.37
4444,0.57,5.37
4445,0.57,5.37
4446,0.57,5.37
4447,0.57,5.37
4448,0.57,5.37
4449,0.56,5.37
4450,0.56,5.37
4451,0.56,5.37
4452,0.57,5.37
4453,0.56,5.37
4454,0.56,5.37
4455,0.56,5.36
4456,0.56,5.36
4457,0.56,5.36
4458,0.56,5.36
4459,0.56,5.36
4460,0.56,5.36
4461,0.56,5.36
4462,0.56,5.35
4463,0.56,5.35
4464,0.57,5.35
4465,0.56,5.35
4466,0.56,5.35
4467,0.56,5.35
4468,0.57,5.35
4469,0.56,5.35
4470,0.56,5.35
4471,0.56,5.35
4472,0.57,5.35
4473,0.57,5.35
4474,0.56,5.35
4475,0.57,5.35
4476,0.56,5.35
4477,0.56,5.35
4478,0.56,5.35
4479,0.57,5.35
4480,0.57,5.36
4481,0.56,5.36
4482,0.56,5.36
4483,0.56,5.36
4484,0.57,5.36
4485,0.56,5.36
4486,0.57,5.36
4487,0.57,5.37
4488,0.57,5.37
4489,0.57,5.37
4490,0.57,5.37
4491,0.57,5.37
4492,0.57,5.37
4493,0.57,5.37
4494,0.57,5.37
4495,0.57,5.37
4496,0.57,5.37
4497,0.57,5.37
4498,0.57,5.37
4499,0.57,5.37
4500,0.57,5.37
4501,0.57,5.37
4502,0.57,5.37
4503,0.57,5.37
4504,0.57,5.37
4505,0.57,5.37
4506,0.57,5.37
4507,0.57,5.36
4508,0.57,5.36
4509,0.57,5.36
4510,0.56,5.36
4511,0.57,5.36
4512,0.57,5.36
4513,0.57,5.36
4514,0.57,5.36
4515,0.56,5.35
4516,0.57,5.35
4517,0.56,5.35
4518,0.56,5.35
4519,0.57,5.35
4520,0.57,5.35
4521,0.57,5.35
4522,0.57,5.35
4523,0.57,5.35
4524,0.57,5.35
4525,0.57,5.35
4526,0.57,5.35
4527,0.57,5.35
4528,0.57,5.35
4529,0.57,5.35
4530,0.56,5.36
4531,0.57,5.36
4532,0.56,5.36
4533,0.57,5.36
4534,0.57,5.36
4535,0.57,5.36
4536,0.57,5.36
4537,0.57,5.36
4538,0.57,5.37
4539,0.57,5.37
4540,0.57,5.37
4541,0.57,5.37
4542,0.57,5.37
4543,0.57,5.37
4544,0.57,5.37
4545,0.57,5.37
4546,0.57,5.37
4547,0.57,5.37
4548,0.57,5.37
4549,0.57,5.37
4550,0.57,5.37
4551,0.57,5.37
4552,0.56,5.37
4553,0.56,5.37
4554,0.56,5.37
4555,0.56,5.37
4556,0.56,5.37
4557,0.56,5.37
4558,0.56,5.37
4559,0.56,5.36
4560,0.57,5.36
4561,0.56,5.36
4562,0.56,5.36
4563,0.57,5.36
4564,0.56,5.36
4565,0.56,5.36
4566,0.57,5.36
4567,0.56,5.35
4568,0.57,5.35
4569,0.57,5.35
4570,0.57,5.35
4571,0.57,5.35
4572,0.57,5.35
4573,0.56,5.35
4574,0.57,5.35
4575,0.57,5.35
4576,0.57,5.35
4577,0.57,5.35
4578,0.56,5.35
4579,0.56,5.35
4580,0.57,5.35
4581,0.57,5.35
4582,0.57,5.35
4583,0.57,5.35
4584,0.57,5.36
4585,0.57,5.36
4586,0.57,5.36
4587,0.57,5.36
4588,0.57,5.36
4589,0.56,5.36
4590,0.57,5.36
4591,0.57,5.36
4592,0.57,5.37
4593,0.57,5.37
4594,0.57,5.37
4595,0.57,5.37
4596,0.56,5.37
4597,0.57,5.37
4598,0.57,5.37
4599,0.57,5.37
4600,0.57,5.37
4601,0.57,5.37
4602,0.57,5.37
4603,0.57,5.37
4604,0.57,5.37
4605,0.57,5.37
4606,0.57,5.37
4607,0.56,5.37
4608,0.56,5.37
4609,0.56,5.37
4610,0.57,5.37
4611,0.57,5.37
4612,0.57,5.36
4613,0.57,5.36
4614,0.56,5.36
4615,0.57,5.36
4616,0.56,5.36
4617,0.56,5.36
4618,0.57,5.36
4619,0.57,5.36
4620,0.57,5.36
4621,0.57,5.35
4622,0.56,5.35
4623,0.56,5.35
4624,0.56,5.35
4625,0.56,5.35
4626,0.56,5.35
4627,0.56,5.35
4628,0.57,5.35
4629,0.56,5.35
4630,0.57,5.35
4631,0.57,5.35
4632,0.57,5.35
4633,0.57,5.35
4634,0.56,5.36
4635,0.57,5.36
4636,0.56,5.36
4637,0.56,5.36
4638,0.56,5.36
4639,0.57,5.36
4640,0.57,5.36
4641,0.57,5.36
4642,0.56,5.36
4643,0.57,5.36
4644,0.57,5.37
4645,0.57,5.37
4646,0.57,5.37
4647,0.56,5.37
4648,0.57,5.37
4649,0.57,5.37
4650,0.57,5.37
4651,0.57,5.37
4652,0.57,5.37
4653,0.57,5.37
4654,0.57,5.37
4655,0.56,5.37
4656,0.57,5.37
4657,0.56,5.37
4658,0.57,5.37
4659,0.57,5.37
4660,0.57,5.37
4661,0.56,5.37
4662,0.57,5.36
4663,0.57,5.36
4664,0.57,5.36
4665,0.56,5.36
4666,0.57,5.36
4667,0.56,5.36
4668,0.57,5.36
4669,0.57,5.36
4670,0.56,5.36
4671,0.57,5.36
4672,0.57,5.36
4673,0.56,5.35
4674,0.57,5.35
4675,0.56,5.35
4676,0.57,5.35
4677,0.57,5.35
4678,0.56,5.35
4679,0.57,5.35
4680,0.57,5.35
4681,0.56,5.35
4682,0.56,5.35
4683,0.57,5.35
4684,0.57,5.36
4685,0.57,5.36
4686,0.56,5.36
4687,0.56,5.36
4688,0.56,5.36
4689,0.57,5.36
4690,0.57,5.36
4691,0.56,5.36
4692,0.57,5.36
4693,0.57,5.36
4694,0.57,5.36
4695,0.57,5.36
4696,0.56,5.37
4697,0.57,5.37
4698,0.57,5.37
4699,0.57,5.37
4700,0.57,5.37
4701,0.57,5.37
4702,0.57,5.37
4703,0.57,5.37
4704,0.57,5.37
4705,0.56,5.37
4706,0.57,5.37
4707,0.57,5.37
4708,0.57,5.37
4709,0.57,5.37
4710,0.56,5.37
4711,0.57,5.37
4712,0.57,5.37
4713,0.57,5.36
4714,0.56,5.36
4715,0.57,5.36
4716,0.57,5.36
4717,0.57,5.36
4718,0.57,5.36
4719,0.57,5.36
4720,0.57,5.36
4721,0.57,5.36
4722,0.56,5.36
4723,0.57,5.36
4724,0.56,5.36
4725,0.57,5.35
4726,0.57,5.35
4727,0.57,5.35
4728,0.57,5.35
4729,0.57,5.35
4730,0.56,5.35
4731,0.56,5.35
4732,0.57,5.35
4733,0.57,5.35
4734,0.56,5.35
4735,0.57,5.36
4736,0.56,5.36
4737,0.57,5.36
4738,0.56,5.36
4739,0.57,5.36
4740,0.57,5.36
4741,0.57,5.36
4742,0.57,5.36
4743,0.56,5.36
4744,0.57,5.36
4745,0.56,5.36
4746,0.57,5.36
4747,0.56,5.37
4748,0.57,5.37
4749,0.57,5.37
4750,0.56,5.37
4751,0.56,5.37
4752,0.57,5.37
4753,0.56,5.37
4754,0.57,5.37
4755,0.57,5.37
4756,0.57,5.37
4757,0.57,5.37
4758,0.57,5.37
4759,0.57,5.37
4760,0.57,5.37
4761,0.57,5.37
4762,0.56,5.37
4763,0.57,5.37
4764,0.57,5.37
4765,0.57,5.37
4766,0.57,5.37
4767,0.57,5.36
4768,0.57,5.36
4769,0.57,5.36
4770,0.57,5.36
4771,0.57,5.36
4772,0.57,5.36
4773,0.57,5.36
4774,0.57,5.36
4775,0.57,5.36
4776,0.57,5.36
4777,0.57,5.36
4778,0.56,5.36
4779,0.56,5.36
4780,0.56,5.36
4781,0.57,5.36
4782,0.57,5.36
4783,0.57,5.36
4784,0.57,5.36
4785,0.57,5.36
4786,0.57,5.36
4787,0.57,5.36
4788,0.57,5.36
4789,0.57,5.36
4790,0.56,5.36
4791,0.56,5.36
4792,0.56,5.36
4793,0.57,5.36
4794,0.57,5.36
4795,0.57,5.36
4796,0.57,5.36
4797,0.57,5.36
4798,0.56,5.37
4799,0.57,5.37
4800,0.57,5.37
4801,0.57,5.37
4802,0.57,5.37
4803,0.57,5.37
4804,0.57,5.37
4805,0.56,5.37
4806,0.57,5.37
4807,0.57,5.37
4808,0.56,5.37
4809,0.57,5.37
4810,0.57,5.37
4811,0.56,5.37
4812,0.57,5.37
4813,0.57,5.37
4814,0.57,5.37
4815,0.56,5.37
4816,0.57,5.37
4817,0.57,5.37
4818,0.57,5.37
4819,0.57,5.36
4820,0.56,5.36
4821,0.56,5.36
4822,0.57,5.36
4823,0.56,5.36
4824,0.57,5.36
4825,0.57,5.36
4826,0.56,5.36
4827,0.57,5.36
4828,0.57,5.36
4829,0.56,5.36
4830,0.57,5.36
4831,0.57,5.36
4832,0.57,5.36
4833,0.57,5.36
4834,0.57,5.36
4835,0.57,5.36
4836,0.57,5.36
4837,0.57,5.36
4838,0.56,5.36
4839,0.57,5.36
4840,0.57,5.36
4841,0.57,5.36
4842,0.56,5.36
4843,0.56,5.36
4844,0.57,5.36
4845,0.56,5.36
4846,0.57,5.36
4847,0.57,5.36
4848,0.56,5.36
4849,0.57,5.36
4850,0.57,5.36
4851,0.57,5.37
4852,0.56,5.37
4853,0.56,5.37
4854,0.56,5.37
4855,0.57,5.37
4856,0.57,5.37
4857,0.57,5.37
4858,0.56,5.37
4859,0.57,5.37
4860,0.57,5.37
4861,0.57,5.37
4862,0.57,5.37
4863,0.57,5.37
4864,0.56,5.37
4865,0.57,5.37
4866,0.57,5.37
4867,0.57,5.37
4868,0.56,5.37
4869,0.57,5.36
4870,0.56,5.36
4871,0.57,5.36
4872,0.57,5.36
4873,0.57,5.36
4874,0.57,5.36
4875,0.57,5.36
4876,0.56,5.36
4877,0.57,5.36
4878,0.56,5.36
4879,0.57,5.36
4880,0.57,5.36
4881,0.57,5.36
4882,0.56,5.36
4883,0.57,5.36
4884,0.57,5.36
4885,0.57,5.36
4886,0.57,5.36
4887,0.57,5.36
4888,0.57,5.36
4889,0.56,5.36
4890,0.57,5.36
4891,0.57,5.36
4892,0.56,5.36
4893,0.57,5.36
4894,0.56,5.36
4895,0.57,5.36
4896,0.56,5.36
4897,0.56,5.36
4898,0.57,5.36
4899,0.56,5.36
4900,0.56,5.36
4901,0.57,5.36
4902,0.56,5.36
4903,0.57,5.37
4904,0.57,5.37
4905,0.57,5.37
4906,0.57,5.37
4907,0.57,5.37
4908,0.57,5.37
4909,0.57,5.37
4910,0.57,5.37
4911,0.57,5.37
4912,0.57,5.37
4913,0.57,5.37
4914,0.57,5.37
4915,0.57,5.37
4916,0.56,5.37
4917,0.57,5.37
4918,0.57,5.37
4919,0.57,5.37
4920,0.57,5.36
4921,0.57,5.36
4922,0.57,5.36
4923,0.57,5.36
4924,0.57,5.36
4925,0.57,5.36
4926,0.57,5.36
4927,0.56,5.36
4928,0.57,5.36
4929,0.57,5.36
4930,0.57,5.36
4931,0.56,5.36
4932,0.57,5.36
4933,0.56,5.36
4934,0.57,5.36
4935,0.57,5.36
4936,0.57,5.36
4937,0.57,5.36
4938,0.56,5.36
4939,0.56,5.36
4940,0.56,5.36
4941,0.56,5.36
4942,0.56,5.36
4943,0.56,5.36
4944,0.56,5.36
4945,0.56,5.36
4946,0.57,5.36
4947,0.57,5.36
4948,0.57,5.36
4949,0.56,5.36
4950,0.57,5.36
4951,0.56,5.36
4952,0.56,5.36
4953,0.57,5.37
4954,0.57,5.37
4955,0.57,5.37
4956,0.57,5.37
4957,0.56,5.37
4958,0.56,5.37
4959,0.57,5.37
4960,0.56,5.37
4961,0.57,5.37
4962,0.57,5.37
4963,0.57,5.37
4964,0.57,5.37
4965,0.57,5.37
4966,0.57,5.37
4967,0.56,5.37
4968,0.56,5.37
4969,0.56,5.37
4970,0.57,5.37
4971,0.56,5.37
4972,0.56,5.37
4973,0.56,5.37
4974,0.56,5.37
4975,0.56,5.37
4976,0.57,5.36
4977,0.56,5.36
4978,0.57,5.36
4979,0.56,5.36
4980,0.56,5.36
4981,0.57,5.36
4982,0.57,5.36
4983,0.57,5.36
4984,0.56,5.36
4985,0.57,5.36
4986,0.57,5.36
4987,0.56,5.36
4988,0.57,5.36
4989,0.56,5.36
4990,0.57,5.36
4991,0.57,5.36
4992,0.56,5.36
4993,0.56,5.36
4994,0.57,5.36
4995,0.57,5.36
4996,0.57,5.36
4997,0.57,5.36
4998,0.57,5.36
4999,0.57,5.36
5000,0.57,5.36
5001,0.57,5.36
5002,0.57,5.36
5003,0.57,5.36
5004,0.57,5.36
5005,0.57,5.37
5006,0.57,5.37
5007,0.57,5.37
5008,0.57,5.37
5009,0.57,5.37
5010,0.57,5.37
5011,0.57,5.37
5012,0.57,5.37
5013,0.57,5.37
5014,0.57,5.37
5015,0.57,5.37
5016,0.57,5.37
5017,0.56,5.37
5018,0.57,5.37
5019,0.56,5.37
5020,0.56,5.37
5021,0.56,5.37
5022,0.56,5.37
5023,0.57,5.37
5024,0.56,5.37
5025,0.56,5.36
5026,0.56,5.36
5027,0.56,5.36
5028,0.56,5.36
5029,0.56,5.36
5030,0.56,5.36
5031,0.57,5.36
5032,0.57,5.36
5033,0.57,5.36
5034,0.56,5.36
5035,0.56,5.36
5036,0.57,5.36
5037,0.57,5.36
5038,0.57,5.36
5039,0.56,5.36
5040,0.56,5.36
5041,0.56,5.36
5042,0.57,5.36
5043,0.57,5.36
5044,0.57,5.36
5045,0.56,5.36
5046,0.57,5.36
5047,0.57,5.36
5048,0.57,5.36
5049,0.57,5.36
5050,0.57,5.36
5051,0.57,5.36
5052,0.57,5.36
5053,0.57,5.36
5054,0.57,5.36
5055,0.56,5.36
5056,0.57,5.36
5057,0.56,5.36
5058,0.56,5.36
5059,0.57,5.37
5060,0.56,5.37
5061,0.57,5.37
5062,0.57,5.37
5063,0.57,5.37
5064,0.57,5.37
5065,0.57,5.37
5066,0.57,5.37
5067,0.56,5.37
5068,0.56,5.37
5069,0.57,5.37
5070,0.56,5.37
5071,0.56,5.37
5072,0.57,5.37
5073,0.56,5.37
5074,0.56,5.37
5075,0.57,5.37
5076,0.56,5.37
5077,0.56,5.37
5078,0.56,5.37
5079,0.57,5.36
5080,0.57,5.36
5081,0.56,5.36
5082,0.56,5.36
5083,0.56,5.36
5084,0.56,5.36
5085,0.57,5.36
5086,0.56,5.36
5087,0.56,5.36
5088,0.56,5.36
5089,0.56,5.36
5090,0.57,5.36
5091,0.57,5.36
5092,0.57,5.36
5093,0.57,5.36
5094,0.57,5.36
5095,0.57,5.36
5096,0.57,5.36
5097,0.56,5.36
5098,0.57,5.36
5099,0.57,5.36
5100,0.56,5.36
5101,0.57,5.36
5102,0.57,5.36
5103,0.57,5.36
5104,0.56,5.36
5105,0.56,5.36
5106,0.57,5.36
5107,0.57,5.36
5108,0.57,5.36
5109,0.57,5.36
5110,0.57,5.36
5111,0.57,5.36
5112,0.57,5.36
5113,0.57,5.37
5114,0.57,5.37
5115,0.57,5.37
5116,0.56,5.37
5117,0.56,5.37
5118,0.56,5.37
5119,0.56,5.37
5120,0.57,5.37
5121,0.56,5.37
5122,0.56,5.37
5123,0.56,5.37
5124,0.56,5.37
5125,0.56,5.37
5126,0.56,5.37
5127,0.56,5.37
5128,0.56,5.37
5129,0.56,5.37
5130,0.56,5.37
5131,0.56,5.36
5132,0.56,5.36
5133,0.57,5.36
5134,0.57,5.36
5135,0.57,5.36
5136,0.57,5.36
5137,0.57,5.36
5138,0.56,5.36
5139,0.57,5.36
5140,0.56,5.36
5141,0.57,5.36
5142,0.56,5.36
5143,0.56,5.36
5144,0.56,5.36
5145,0.56,5.36
5146,0.57,5.36
5147,0.57,5.36
5148,0.56,5.36
5149,0.57,5.36
5150,0.57,5.36
5151,0.56,5.36
5152,0.57,5.36
5153,0.57,5.36
5154,0.56,5.36
5155,0.56,5.36
5156,0.57,5.36
5157,0.57,5.36
5158,0.57,5.36
5159,0.57,5.36
5160,0.57,5.36
5161,0.57,5.36
5162,0.56,5.36
5163,0.56,5.37
5164,0.56,5.37
5165,0.57,5.37
5166,0.56,5.37
5167,0.57,5.37
5168,0.56,5.37
5169,0.57,5.37
5170,0.56,5.37
5171,0.56,5.37
5172,0.57,5.37
5173,0.56,5.37
5174,0.56,5.37
5175,0.56,5.37
5176,0.56,5.37
5177,0.56,5.37
5178,0.56,5.37
5179,0.56,5.37
5180,0.56,5.37
5181,0.56,5.37
5182,0.56,5.37
5183,0.56,5.37
5184,0.56,5.37
5185,0.56,5.37
5186,0.56,5.36
5187,0.56,5.36
5188,0.56,5.36
5189,0.56,5.36
5190,0.56,5.36
5191,0.56,5.36
5192,0.56,5.36
5193,0.56,5.36
5194,0.56,5.36
5195,0.57,5.36
5196,0.56,5.36
5197,0.56,5.36
5198,0.56,5.36
5199,0.56,5.36
5200,0.56,5.35
5201,0.57,5.35
5202,0.56,5.35
5203,0.56,5.35
5204,0.57,5.36
5205,0.56,5.36
5206,0.56,5.36
5207,0.56,5.36
5208,0.56,5.36
5209,0.57,5.36
5210,0.57,5.36
5211,0.57,5.36
5212,0.57,5.36
5213,0.57,5.36
5214,0.57,5.36
5215,0.57,5.36
5216,0.57,5.36
5217,0.56,5.36
5218,0.56,5.36
5219,0.57,5.36
5220,0.57,5.37
5221,0.56,5.37
5222,0.56,5.37
5223,0.57,5.37
5224,0.57,5.37
5225,0.57,5.37
5226,0.57,5.37
5227,0.56,5.37
5228,0.56,5.37
5229,0.56,5.37
5230,0.56,5.37
5231,0.56,5.37
5232,0.56,5.37
5233,0.56,5.37
5234,0.56,5.37
5235,0.56,5.37
5236,0.56,5.37
5237,0.56,5.37
5238,0.56,5.37
5239,0.56,5.36
5240,0.56,5.36
5241,0.56,5.36
5242,0.56,5.36
5243,0.56,5.36
5244,0.56,5.36
5245,0.56,5.36
5246,0.56,5.36
5247,0.56,5.36
5248,0.56,5.36
5249,0.56,5.35
5250,0.56,5.35
5251,0.56,5.35
5252,0.57,5.35
5253,0.56,5.35
5254,0.56,5.35
5255,0.56,5.35
5256,0.56,5.35
5257,0.56,5.35
5258,0.57,5.35
5259,0.57,5.35
5260,0.57,5.35
5261,0.57,5.35
5262,0.56,5.35
5263,0.57,5.35
5264,0.56,5.35
5265,0.56,5.36
5266,0.57,5.36
5267,0.57,5.36
5268,0.57,5.36
5269,0.57,5.36
5270,0.57,5.36
5271,0.56,5.36
5272,0.56,5.36
5273,0.57,5.36
5274,0.57,5.36
5275,0.57,5.36
5276,0.57,5.37
5277,0.57,5.37
5278,0.57,5.37
5279,0.57,5.37
5280,0.56,5.37
5281,0.56,5.37
5282,0.56,5.37
5283,0.56,5.37
5284,0.56,5.37
5285,0.56,5.37
5286,0.56,5.37
5287,0.56,5.37
5288,0.57,5.37
5289,0.56,5.37
5290,0.56,5.37
5291,0.56,5.36
5292,0.56,5.36
5293,0.56,5.36
5294,0.56,5.36
5295,0.56,5.36
5296,0.56,5.36
5297,0.56,5.36
5298,0.56,5.36
5299,0.56,5.36
5300,0.56,5.35
5301,0.56,5.35
5302,0.56,5.35
5303,0.56,5.35
5304,0.57,5.35
5305,0.56,5.35
5306,0.56,5.35
5307,0.57,5.35
5308,0.57,5.35
5309,0.57,5.35
5310,0.57,5.35
5311,0.57,5.35
5312,0.56,5.35
5313,0.57,5.35
5314,0.56,5.35
5315,0.57,5.35
5316,0.57,5.35
5317,0.57,5.35
5318,0.57,5.35
5319,0.56,5.35
5320,0.57,5.35
5321,0.57,5.36
5322,0.57,5.36
5323,0.57,5.36
5324,0.57,5.36
5325,0.57,5.36
5326,0.57,5.36
5327,0.57,5.36
5328,0.57,5.36
5329,0.57,5.36
5330,0.57,5.37
5331,0.57,5.37
5332,0.57,5.37
5333,0.56,5.37
5334,0.57,5.37
5335,0.56,5.37
5336,0.57,5.37
5337,0.56,5.37
5338,0.57,5.37
5339,0.56,5.37
5340,0.56,5.37
5341,0.56,5.37
5342,0.56,5.37
5343,0.56,5.37
5344,0.56,5.37
5345,0.56,5.37
5346,0.56,5.36
5347,0.56,5.36
5348,0.56,5.36
5349,0.56,5.36
5350,0.56,5.36
5351,0.56,5.36
5352,0.56,5.36
5353,0.56,5.36
5354,0.56,5.35
5355,0.56,5.35
5356,0.56,5.35
5357,0.56,5.35
5358,0.56,5.35
5359,0.57,5.35
5360,0.56,5.35
5361,0.56,5.35
5362,0.57,5.35
5363,0.57,5.35
5364,0.57,5.35
5365,0.57,5.35
5366,0.56,5.35
5367,0.57,5.35
5368,0.57,5.35
5369,0.57,5.35
5370,0.57,5.35
5371,0.57,5.35
5372,0.57,5.35
5373,0.56,5.35
5374,0.57,5.35
5375,0.57,5.35
5376,0.56,5.36
5377,0.56,5.36
5378,0.57,5.36
5379,0.56,5.36
5380,0.57,5.36
5381,0.57,5.36
5382,0.57,5.36
5383,0.57,5.36
5384,0.57,5.37
5385,0.57,5.37
5386,0.56,5.37
5387,0.57,5.37
5388,0.57,5.37
5389,0.56,5.37
5390,0.56,5.37
5391,0.57,5.37
5392,0.56,5.37
5393,0.56,5.37
5394,0.56,5.37
5395,0.56,5.37
5396,0.56,5.37
5397,0.56,5.37
5398,0.56,5.37
5399,0.56,5.37
5400,0.56,5.36
5401,0.56,5.36
5402,0.56,5.36
5403,0.56,5.36
5404,0.56,5.36
5405,0.56,5.36
5406,0.56,5.36
5407,0.56,5.36
5408,0.56,5.35
5409,0.56,5.35
5410,0.56,5.35
5411,0.56,5.35
5412,0.56,5.35
5413,0.56,5.35
5414,0.57,5.35
5415,0.57,5.35
5416,0.57,5.35
5417,0.56,5.35
5418,0.57,5.35
5419,0.56,5.35
5420,0.56,5.35
5421,0.56,5.35
5422,0.57,5.35
5423,0.56,5.35
5424,0.56,5.35
5425,0.57,5.35
5426,0.57,5.35
5427,0.57,5.35
5428,0.56,5.36
5429,0.57,5.36
5430,0.56,5.36
5431,0.56,5.36
5432,0.57,5.36
5433,0.57,5.36
5434,0.57,5.36
5435,0.57,5.36
5436,0.57,5.37
5437,0.56,5.37
5438,0.57,5.37
5439,0.56,5.37
5440,0.56,5.37
5441,0.56,5.37
5442,0.57,5.37
5443,0.56,5.37
5444,0.56,5.37
5445,0.56,5.37
5446,0.56,5.37
5447,0.57,5.37
5448,0.56,5.37
5449,0.56,5.37
5450,0.56,5.37
5451,0.56,5.37
5452,0.56,5.37
5453,0.56,5.37
5454,0.56,5.36
5455,0.56,5.36
5456,0.56,5.36
5457,0.56,5.36
5458,0.56,5.36
5459,0.56,5.36
5460,0.56,5.36
5461,0.56,5.35
5462,0.56,5.35
5463,0.56,5.35
5464,0.56,5.35
5465,0.56,5.35
5466,0.56,5.35
5467,0.57,5.35
5468,0.57,5.35
5469,0.57,5.35
5470,0.56,5.35
5471,0.56,5.35
5472,0.56,5.35
5473,0.57,5.35
5474,0.56,5.35
5475,0.57,5.35
5476,0.56,5.35
5477,0.56,5.35
5478,0.56,5.35
5479,0.56,5.35
5480,0.56,5.35
5481,0.57,5.35
5482,0.56,5.35
5483,0.57,5.36
5484,0.56,5.36
5485,0.56,5.36
5486,0.57,5.36
5487,0.56,5.36
5488,0.57,5.36
5489,0.57,5.36
5490,0.57,5.37
5491,0.56,5.37
5492,0.57,5.37
5493,0.56,5.37
5494,0.57,5.37
5495,0.56,5.37
5496,0.56,5.37
5497,0.57,5.37
5498,0.57,5.37
5499,0.57,5.37
5500,0.56,5.37
5501,0.56,5.37
5502,0.56,5.37
5503,0.56,5.37
5504,0.56,5.37
5505,0.56,5.37
5506,0.56,5.37
5507,0.56,5.37
5508,0.56,5.36
5509,0.56,5.36
5510,0.56,5.36
5511,0.56,5.36
5512,0.56,5.36
5513,0.56,5.36
5514,0.56,5.36
5515,0.56,5.35
5516,0.56,5.35
5517,0.56,5.35
5518,0.56,5.35
5519,0.56,5.35
5520,0.57,5.35
5521,0.56,5.35
5522,0.56,5.35
5523,0.57,5.35
5524,0.56,5.35
5525,0.57,5.35
5526,0.57,5.35
5527,0.56,5.35
5528,0.57,5.35
5529,0.56,5.35
5530,0.57,5.35
5531,0.56,5.35
5532,0.57,5.35
5533,0.56,5.35
5534,0.56,5.35
5535,0.57,5.35
5536,0.57,5.36
5537,0.57,5.36
5538,0.57,5.36
5539,0.56,5.36
5540,0.57,5.36
5541,0.57,5.36
5542,0.57,5.37
5543,0.57,5.37
5544,0.57,5.37
5545,0.57,5.37
5546,0.57,5.37
5547,0.56,5.37
5548,0.57,5.37
5549,0.57,5.37
5550,0.56,5.37
5551,0.56,5.37
5552,0.56,5.37
5553,0.56,5.37
5554,0.56,5.37
5555,0.56,5.37
5556,0.57,5.37
5557,0.56,5.37
5558,0.56,5.37
5559,0.56,5.37
5560,0.56,5.37
5561,0.56,5.36
5562,0.56,5.36
5563,0.56,5.36
5564,0.56,5.36
5565,0.56,5.36
5566,0.56,5.36
5567,0.56,5.36
5568,0.56,5.35
5569,0.56,5.35
5570,0.56,5.35
5571,0.57,5.35
5572,0.56,5.35
5573,0.57,5.35
5574,0.56,5.35
5575,0.56,5.35
5576,0.56,5.35
5577,0.57,5.35
5578,0.57,5.35
5579,0.57,5.35
5580,0.56,5.35
5581,0.57,5.35
5582,0.56,5.35
5583,0.56,5.35
5584,0.56,5.35
5585,0.57,5.35
5586,0.57,5.35
5587,0.56,5.35
5588,0.57,5.35
5589,0.56,5.36
5590,0.57,5.36
5591,0.57,5.36
5592,0.56,5.36
5593,0.57,5.36
5594,0.57,5.36
5595,0.57,5.36
5596,0.56,5.37
5597,0.57,5.37
5598,0.57,5.37
5599,0.57,5.37
5600,0.56,5.37
5601,0.57,5.37
5602,0.56,5.37
5603,0.57,5.37
5604,0.57,5.37
5605,0.56,5.37
5606,0.57,5.37
5607,0.56,5.37
5608,0.56,5.37
5609,0.57,5.37
5610,0.56,5.37
5611,0.56,5.37
5612,0.56,5.37
5613,0.56,5.37
5614,0.56,5.37
5615,0.56,5.36
5616,0.56,5.36
5617,0.56,5.36
5618,0.56,5.36
5619,0.56,5.36
5620,0.56,5.36
5621,0.56,5.35
5622,0.56,5.35
5623,0.56,5.35
5624,0.56,5.35
5625,0.56,5.35
5626,0.57,5.35
5627,0.56,5.35
5628,0.56,5.35
5629,0.56,5.35
5630,0.56,5.35
5631,0.56,5.35
5632,0.56,5.35
5633,0.56,5.35
5634,0.56,5.35
5635,0.56,5.35
5636,0.56,5.35
5637,0.56,5.35
5638,0.56,5.35
5639,0.57,5.35
5640,0.57,5.35
5641,0.57,5.35
5642,0.57,5.35
5643,0.57,5.35
5644,0.57,5.36
5645,0.56,5.36
5646,0.56,5.36
5647,0.57,5.36
5648,0.56,5.36
5649,0.56,5.36
5650,0.57,5.37
5651,0.56,5.37
5652,0.57,5.37
5653,0.57,5.37
5654,0.57,5.37
5655,0.57,5.37
5656,0.57,5.37
5657,0.56,5.37
5658,0.57,5.37
5659,0.57,5.37
5660,0.56,5.37
5661,0.56,5.37
5662,0.56,5.37
5663,0.56,5.37
5664,0.56,5.37
5665,0.56,5.37
5666,0.56,5.37
5667,0.56,5.37
5668,0.56,5.36
5669,0.56,5.36
5670,0.56,5.36
5671,0.56,5.36
5672,0.56,5.36
5673,0.57,5.36
5674,0.56,5.35
5675,0.56,5.35
5676,0.56,5.35
5677,0.56,5.35
5678,0.56,5.35
5679,0.56,5.35
5680,0.56,5.35
5681,0.56,5.35
5682,0.57,5.35
5683,0.56,5.35
5684,0.56,5.35
5685,0.57,5.35
5686,0.57,5.35
5687,0.56,5.35
5688,0.56,5.35
5689,0.57,5.35
5690,0.56,5.35
5691,0.57,5.35
5692,0.57,5.35
5693,0.57,5.35
5694,0.57,5.35
5695,0.57,5.35
5696,0.57,5.35
5697,0.56,5.36
5698,0.57,5.36
5699,0.56,5.36
5700,0.57,5.36
5701,0.56,5.36
5702,0.57,5.36
5703,0.56,5.37
5704,0.57,5.37
5705,0.57,5.37
5706,0.57,5.37
5707,0.57,5.37
5708,0.57,5.37
5709,0.57,5.37
5710,0.57,5.37
5711,0.56,5.37
5712,0.56,5.37
5713,0.57,5.37
5714,0.57,5.37
5715,0.57,5.37
5716,0.56,5.37
5717,0.56,5.37
5718,0.56,5.37
5719,0.56,5.37
5720,0.56,5.37
5721,0.56,5.36
5722,0.56,5.36
5723,0.56,5.36
5724,0.56,5.36
5725,0.56,5.36
5726,0.56,5.36
5727,0.56,5.36
5728,0.56,5.35
5729,0.56,5.35
5730,0.56,5.35
5731,0.56,5.35
5732,0.56,5.35
5733,0.56,5.35
5734,0.56,5.35
5735,0.56,5.35
5736,0.56,5.35
5737,0.57,5.34
5738,0.56,5.34
5739,0.57,5.34
5740,0.56,5.35
5741,0.56,5.35
5742,0.57,5.35
5743,0.57,5.35
5744,0.56,5.35
5745,0.57,5.35
5746,0.57,5.35
5747,0.57,5.35
5748,0.57,5.35
5749,0.57,5.35
5750,0.56,5.36
5751,0.57,5.36
5752,0.57,5.36
5753,0.57,5.36
5754,0.57,5.36
5755,0.57,5.36
5756,0.57,5.37
5757,0.57,5.37
5758,0.56,5.37
5759,0.57,5.37
5760,0.56,5.37
5761,0.56,5.37
5762,0.57,5.37
5763,0.57,5.37
5764,0.56,5.37
5765,0.56,5.37
5766,0.56,5.37
5767,0.56,5.37
5768,0.56,5.37
5769,0.57,5.37
5770,0.56,5.37
5771,0.56,5.37
5772,0.56,5.37
5773,0.56,5.37
5774,0.56,5.37
5775,0.56,5.36
5776,0.56,5.36
5777,0.56,5.36
5778,0.56,5.36
5779,0.56,5.36
5780,0.56,5.36
5781,0.56,5.35
5782,0.56,5.35
5783,0.56,5.35
5784,0.56,5.35
5785,0.56,5.35
5786,0.56,5.35
5787,0.56,5.35
5788,0.56,5.35
5789,0.56,5.35
5790,0.56,5.35
5791,0.57,5.35
5792,0.57,5.34
5793,0.57,5.35
5794,0.56,5.35
5795,0.56,5.35
5796,0.57,5.35
5797,0.57,5.35
5798,0.56,5.35
5799,0.57,5.35
5800,0.57,5.35
5801,0.56,5.35
5802,0.57,5.35
5803,0.57,5.36
5804,0.57,5.36
5805,0.57,5.36
5806,0.57,5.36
5807,0.57,5.36
5808,0.56,5.36
5809,0.56,5.37
5810,0.57,5.37
5811,0.57,5.37
5812,0.57,5.37
5813,0.56,5.37
5814,0.57,5.37
5815,0.57,5.37
5816,0.57,5.37
5817,0.57,5.37
5818,0.57,5.37
5819,0.57,5.37
5820,0.56,5.37
5821,0.56,5.37
5822,0.57,5.37
5823,0.56,5.37
5824,0.56,5.37
5825,0.56,5.37
5826,0.56,5.37
5827,0.56,5.37
5828,0.57,5.36
5829,0.56,5.36
5830,0.57,5.36
5831,0.56,5.36
5832,0.56,5.36
5833,0.56,5.36
5834,0.56,5.35
5835,0.56,5.35
5836,0.56,5.35
5837,0.56,5.35
5838,0.57,5.35
5839,0.56,5.35
5840,0.57,5.35
5841,0.56,5.35
5842,0.56,5.35
5843,0.57,5.34
5844,0.57,5.34
5845,0.56,5.34
5846,0.56,5.34
5847,0.57,5.35
5848,0.57,5.35
5849,0.57,5.35
5850,0.56,5.35
5851,0.57,5.35
5852,0.57,5.35
5853,0.57,5.35
5854,0.57,5.35
5855,0.57,5.35
5856,0.56,5.36
5857,0.56,5.36
5858,0.56,5.36
5859,0.56,5.36
5860,0.57,5.36
5861,0.57,5.36
5862,0.57,5.37
5863,0.57,5.37
5864,0.57,5.37
5865,0.57,5.37
5866,0.56,5.37
5867,0.56,5.37
5868,0.56,5.37
5869,0.56,5.37
5870,0.56,5.37
5871,0.56,5.37
5872,0.56,5.37
5873,0.56,5.37
5874,0.56,5.37
5875,0.56,5.37
5876,0.56,5.37
5877,0.56,5.37
5878,0.56,5.37
5879,0.56,5.37
5880,0.56,5.37
5881,0.56,5.36
5882,0.56,5.36
5883,0.56,5.36
5884,0.56,5.36
5885,0.56,5.36
5886,0.56,5.36
5887,0.57,5.35
5888,0.56,5.35
5889,0.56,5.35
5890,0.56,5.35
5891,0.56,5.35
5892,0.56,5.35
5893,0.57,5.35
5894,0.56,5.35
5895,0.56,5.35
5896,0.56,5.35
5897,0.56,5.35
5898,0.57,5.35
5899,0.56,5.35
5900,0.57,5.35
5901,0.57,5.35
5902,0.56,5.35
5903,0.56,5.35
5904,0.56,5.35
5905,0.56,5.35
5906,0.56,5.35
5907,0.57,5.35
5908,0.57,5.35
5909,0.56,5.36
5910,0.57,5.36
5911,0.57,5.36
5912,0.56,5.36
5913,0.57,5.36
5914,0.57,5.36
5915,0.57,5.37
5916,0.57,5.37
5917,0.57,5.37
5918,0.57,5.37
5919,0.57,5.37
5920,0.56,5.37
5921,0.57,5.37
5922,0.57,5.37
5923,0.57,5.37
5924,0.56,5.37
5925,0.56,5.37
5926,0.57,5.37
5927,0.56,5.37
5928,0.57,5.37
5929,0.56,5.37
5930,0.56,5.37
5931,0.56,5.37
5932,0.56,5.37
5933,0.56,5.37
5934,0.57,5.37
5935,0.56,5.36
5936,0.56,5.36
5937,0.56,5.36
5938,0.56,5.36
5939,0.56,5.36
5940,0.57,5.36
5941,0.56,5.35
5942,0.56,5.35
5943,0.56,5.35
5944,0.56,5.35
5945,0.57,5.35
5946,0.56,5.35
5947,0.56,5.35
5948,0.57,5.35
5949,0.57,5.35
5950,0.56,5.35
5951,0.56,5.35
5952,0.56,5.35
5953,0.56,5.35
5954,0.56,5.35
5955,0.56,5.35
5956,0.56,5.35
5957,0.56,5.35
5958,0.56,5.35
5959,0.57,5.35
5960,0.57,5.35
5961,0.57,5.35
5962,0.56,5.36
5963,0.57,5.36
5964,0.57,5.36
5965,0.57,5.36
5966,0.57,5.36
5967,0.57,5.36
5968,0.57,5.37
5969,0.57,5.37
5970,0.57,5.37
5971,0.57,5.37
5972,0.56,5.37
5973,0.56,5.37
5974,0.57,5.37
5975,0.56,5.37
5976,0.56,5.37
5977,0.56,5.37
5978,0.56,5.37
5979,0.56,5.37
5980,0.56,5.37
5981,0.56,5.37
5982,0.56,5.37
5983,0.56,5.37
5984,0.56,5.37
5985,0.56,5.37
5986,0.56,5.37
5987,0.56,5.37
5988,0.57,5.36
5989,0.56,5.36
5990,0.56,5.36
5991,0.56,5.36
5992,0.56,5.36
5993,0.56,5.36
5994,0.57,5.35
5995,0.56,5.35
5996,0.56,5.35
5997,0.57,5.35
5998,0.56,5.35
5999,0.56,5.35
6000,0.56,5.35
6001,0.56,5.35
6002,0.56,5.35
6003,0.56,5.35
6004,0.57,5.35
6005,0.56,5.35
6006,0.56,5.35
6007,0.57,5.35
6008,0.57,5.35
6009,0.56,5.35
6010,0.56,5.35
6011,0.57,5.35
6012,0.56,5.35
6013,0.57,5.35
6014,0.57,5.35
6015,0.56,5.36
6016,0.56,5.36
6017,0.57,5.36
6018,0.56,5.36
6019,0.57,5.36
6020,0.57,5.36
6021,0.56,5.37
6022,0.56,5.37
6023,0.56,5.37
6024,0.57,5.37
6025,0.57,5.37
6026,0.57,5.37
6027,0.56,5.37
6028,0.57,5.37
6029,0.56,5.38
6030,0.57,5.38
6031,0.56,5.38
6032,0.56,5.38
6033,0.56,5.37
6034,0.56,5.37
6035,0.56,5.37
6036,0.57,5.37
6037,0.56,5.37
6038,0.56,5.37
6039,0.56,5.37
6040,0.56,5.37
6041,0.56,5.37
6042,0.56,5.36
6043,0.56,5.36
6044,0.56,5.36
6045,0.56,5.36
6046,0.56,5.36
6047,0.56,5.36
6048,0.56,5.35
6049,0.56,5.35
6050,0.56,5.35
6051,0.56,5.35
6052,0.56,5.35
6053,0.57,5.35
6054,0.57,5.35
6055,0.57,5.35
6056,0.56,5.35
6057,0.56,5.35
6058,0.56,5.35
6059,0.56,5.35
6060,0.56,5.35
6061,0.56,5.35
6062,0.56,5.35
6063,0.56,5.35
6064,0.57,5.35
6065,0.56,5.35
6066,0.56,5.35
6067,0.57,5.35
6068,0.57,5.35
6069,0.57,5.36
6070,0.56,5.36
6071,0.57,5.36
6072,0.57,5.36
6073,0.57,5.36
6074,0.57,5.36
6075,0.57,5.37
6076,0.57,5.37
6077,0.57,5.37
6078,0.57,5.37
6079,0.56,5.37
6080,0.56,5.37
6081,0.57,5.37
6082,0.57,5.37
6083,0.57,5.37
6084,0.56,5.37
6085,0.57,5.37
6086,0.56,5.37
6087,0.56,5.37
6088,0.57,5.37
6089,0.56,5.37
6090,0.56,5.37
6091,0.56,5.37
6092,0.56,5.37
6093,0.56,5.37
6094,0.56,5.37
6095,0.56,5.36
6096,0.56,5.36
6097,0.56,5.36
6098,0.56,5.36
6099,0.56,5.36
6100,0.56,5.36
6101,0.56,5.35
6102,0.56,5.35
6103,0.56,5.35
6104,0.56,5.35
6105,0.56,5.35
6106,0.56,5.35
6107,0.57,5.35
6108,0.56,5.35
6109,0.57,5.35
6110,0.56,5.35
6111,0.56,5.35
6112,0.57,5.35
6113,0.56,5.35
6114,0.57,5.35
6115,0.57,5.35
6116,0.56,5.35
6117,0.56,5.35
6118,0.57,5.35
6119,0.57,5.35
6120,0.57,5.35
6121,0.57,5.36
6122,0.57,5.36
6123,0.57,5.36
6124,0.57,5.36
6125,0.57,5.36
6126,0.57,5.36
6127,0.57,5.37
6128,0.56,5.37
6129,0.57,5.37
6130,0.57,5.37
6131,0.57,5.37
6132,0.57,5.37
6133,0.57,5.37
6134,0.56,5.37
6135,0.57,5.37
6136,0.57,5.37
6137,0.57,5.37
6138,0.57,5.37
6139,0.56,5.37
6140,0.57,5.37
6141,0.56,5.37
6142,0.56,5.37
6143,0.56,5.37
6144,0.56,5.37
6145,0.56,5.37
6146,0.56,5.37
6147,0.56,5.37
6148,0.56,5.36
6149,0.56,5.36
6150,0.56,5.36
6151,0.56,5.36
6152,0.56,5.36
6153,0.56,5.36
6154,0.56,5.35
6155,0.57,5.35
6156,0.56,5.35
6157,0.56,5.35
6158,0.56,5.35
6159,0.57,5.35
6160,0.56,5.35
6161,0.56,5.35
6162,0.56,5.35
6163,0.56,5.35
6164,0.56,5.35
6165,0.57,5.35
6166,0.56,5.35
6167,0.57,5.35
6168,0.57,5.35
6169,0.57,5.35
6170,0.56,5.35
6171,0.56,5.35
6172,0.57,5.35
6173,0.57,5.35
6174,0.56,5.36
6175,0.56,5.36
6176,0.56,5.36
6177,0.57,5.36
6178,0.57,5.36
6179,0.57,5.36
6180,0.57,5.37
6181,0.57,5.37
6182,0.57,5.37
6183,0.56,5.37
6184,0.57,5.37
6185,0.57,5.37
6186,0.56,5.37
6187,0.57,5.37
6188,0.57,5.37
6189,0.56,5.37
6190,0.56,5.37
6191,0.56,5.37
6192,0.56,5.37
6193,0.57,5.37
6194,0.56,5.37
6195,0.56,5.37
6196,0.56,5.37
6197,0.56,5.37
6198,0.56,5.37
6199,0.56,5.37
6200,0.56,5.37
6201,0.56,5.36
6202,0.56,5.36
6203,0.56,5.36
6204,0.56,5.36
6205,0.56,5.36
6206,0.56,5.36
6207,0.56,5.35
6208,0.56,5.35
6209,0.57,5.35
6210,0.57,5.35
6211,0.57,5.35
6212,0.57,5.35
6213,0.57,5.35
6214,0.56,5.35
6215,0.57,5.35
6216,0.56,5.35
6217,0.57,5.35
6218,0.56,5.35
6219,0.57,5.35
6220,0.56,5.35
6221,0.56,5.35
6222,0.56,5.35
6223,0.56,5.35
6224,0.56,5.35
6225,0.57,5.35
6226,0.56,5.35
6227,0.57,5.36
6228,0.57,5.36
6229,0.57,5.36
6230,0.57,5.36
6231,0.57,5.36
6232,0.56,5.36
6233,0.57,5.37
6234,0.57,5.37
6235,0.57,5.37
6236,0.57,5.37
6237,0.57,5.37
6238,0.56,5.37
6239,0.56,5.37
6240,0.57,5.37
6241,0.57,5.37
6242,0.57,5.37
6243,0.57,5.37
6244,0.57,5.37
6245,0.57,5.37
6246,0.56,5.37
6247,0.56,5.37
6248,0.56,5.37
6249,0.56,5.37
6250,0.56,5.37
6251,0.56,5.37
6252,0.56,5.37
6253,0.56,5.37
6254,0.56,5.36
6255,0.56,5.36
6256,0.56,5.36
6257,0.56,5.36
6258,0.56,5.36
6259,0.57,5.36
6260,0.57,5.35
6261,0.57,5.35
6262,0.56,5.35
6263,0.57,5.35
6264,0.56,5.35
6265,0.56,5.35
6266,0.56,5.35
6267,0.56,5.35
6268,0.56,5.35
6269,0.57,5.35
6270,0.56,5.35
6271,0.56,5.35
6272,0.57,5.35
6273,0.56,5.35
6274,0.56,5.35
6275,0.57,5.35
6276,0.57,5.35
6277,0.56,5.35
6278,0.57,5.35
6279,0.57,5.35
6280,0.57,5.36
6281,0.57,5.36
6282,0.57,5.36
6283,0.57,5.36
6284,0.57,5.36
6285,0.57,5.36
6286,0.57,5.37
6287,0.57,5.37
6288,0.57,5.37
6289,0.57,5.37
6290,0.57,5.37
6291,0.56,5.37
6292,0.57,5.37
6293,0.57,5.37
6294,0.57,5.37
6295,0.56,5.37
6296,0.56,5.37
6297,0.56,5.37
6298,0.56,5.37
6299,0.56,5.37
6300,0.56,5.37
6301,0.57,5.37
6302,0.56,5.37
6303,0.56,5.37
6304,0.56,5.37
6305,0.57,5.37
6306,0.56,5.37
6307,0.56,5.36
6308,0.56,5.36
6309,0.56,5.36
6310,0.56,5.36
6311,0.56,5.36
6312,0.56,5.36
6313,0.56,5.35
6314,0.56,5.35
6315,0.56,5.35
6316,0.56,5.35
6317,0.56,5.35
6318,0.56,5.35
6319,0.56,5.35
6320,0.56,5.35
6321,0.56,5.35
6322,0.57,5.35
6323,0.57,5.35
6324,0.57,5.35
6325,0.57,5.35
6326,0.57,5.35
6327,0.57,5.35
6328,0.56,5.35
6329,0.57,5.35
6330,0.57,5.35
6331,0.56,5.35
6332,0.57,5.35
6333,0.56,5.35
6334,0.56,5.36
6335,0.57,5.36
6336,0.56,5.36
6337,0.57,5.36
6338,0.57,5.36
6339,0.57,5.36
6340,0.57,5.37
6341,0.57,5.37
6342,0.57,5.37
6343,0.57,5.37
6344,0.57,5.37
6345,0.57,5.37
6346,0.57,5.37
6347,0.57,5.37
6348,0.57,5.37
6349,0.56,5.37
6350,0.57,5.37
6351,0.56,5.37
6352,0.56,5.37
6353,0.56,5.37
6354,0.56,5.37
6355,0.56,5.37
6356,0.56,5.37
6357,0.56,5.37
6358,0.56,5.37
6359,0.56,5.37
6360,0.56,5.36
6361,0.56,5.36
6362,0.56,5.36
6363,0.56,5.36
6364,0.56,5.36
6365,0.56,5.35
6366,0.56,5.35
6367,0.57,5.35
6368,0.57,5.35
6369,0.57,5.35
6370,0.56,5.35
6371,0.57,5.35
6372,0.56,5.34
6373,0.57,5.34
6374,0.56,5.34
6375,0.56,5.34
6376,0.57,5.34
6377,0.56,5.34
6378,0.56,5.34
6379,0.57,5.34
6380,0.56,5.34
6381,0.56,5.35
6382,0.56,5.35
6383,0.57,5.35
6384,0.57,5.35
6385,0.56,5.35
6386,0.56,5.35
6387,0.56,5.35
6388,0.57,5.36
6389,0.57,5.36
6390,0.56,5.36
6391,0.57,5.36
6392,0.57,5.36
6393,0.57,5.36
6394,0.57,5.37
6395,0.57,5.37
6396,0.57,5.37
6397,0.56,5.37
6398,0.57,5.37
6399,0.57,5.37
6400,0.57,5.37
6401,0.57,5.37
6402,0.56,5.37
6403,0.57,5.37
6404,0.57,5.37
6405,0.57,5.37
6406,0.57,5.37
6407,0.56,5.37
6408,0.56,5.37
6409,0.57,5.37
6410,0.56,5.37
6411,0.56,5.36
6412,0.56,5.36
6413,0.56,5.36
6414,0.56,5.36
6415,0.56,5.36
6416,0.57,5.36
6417,0.56,5.36
6418,0.57,5.35
6419,0.57,5.35
6420,0.57,5.35
6421,0.56,5.35
6422,0.56,5.35
6423,0.57,5.35
6424,0.57,5.35
6425,0.56,5.35
6426,0.57,5.34
6427,0.57,5.34
6428,0.57,5.34
6429,0.56,5.34
6430,0.57,5.34
6431,0.57,5.34
6432,0.57,5.34
6433,0.56,5.35
6434,0.57,5.35
6435,0.57,5.35
6436,0.57,5.35
6437,0.57,5.35
6438,0.56,5.35
6439,0.56,5.35
6440,0.56,5.35
6441,0.57,5.36
6442,0.57,5.36
6443,0.57,5.36
6444,0.57,5.36
6445,0.56,5.36
6446,0.57,5.36
6447,0.57,5.37
6448,0.56,5.37
6449,0.57,5.37
6450,0.57,5.37
6451,0.57,5.37
6452,0.57,5.37
6453,0.57,5.37
6454,0.57,5.37
6455,0.56,5.37
6456,0.56,5.37
6457,0.57,5.37
6458,0.56,5.37
6459,0.56,5.37
6460,0.56,5.37
6461,0.56,5.37
6462,0.56,5.37
6463,0.56,5.37
6464,0.56,5.37
6465,0.56,5.36
6466,0.56,5.36
6467,0.56,5.36
6468,0.56,5.36
6469,0.57,5.36
6470,0.57,5.36
6471,0.57,5.36
6472,0.57,5.35
6473,0.56,5.35
6474,0.56,5.35
6475,0.56,5.35
6476,0.56,5.35
6477,0.56,5.35
6478,0.57,5.35
6479,0.56,5.35
6480,0.57,5.35
6481,0.57,5.35
6482,0.56,5.35
6483,0.56,5.35
6484,0.56,5.35
6485,0.57,5.35
6486,0.56,5.35
6487,0.56,5.35
6488,0.57,5.35
6489,0.57,5.35
6490,0.57,5.35
6491,0.57,5.35
6492,0.57,5.35
6493,0.56,5.36
6494,0.56,5.36
6495,0.57,5.36
6496,0.56,5.36
6497,0.57,5.36
6498,0.57,5.36
6499,0.56,5.37
6500,0.57,5.37
6501,0.56,5.37
6502,0.57,5.37
6503,0.57,5.37
6504,0.57,5.37
6505,0.57,5.37
6506,0.57,5.37
6507,0.57,5.37
6508,0.56,5.37
6509,0.56,5.37
6510,0.57,5.37
6511,0.56,5.37
6512,0.56,5.37
6513,0.56,5.37
6514,0.56,5.37
6515,0.57,5.37
6516,0.57,5.37
6517,0.57,5.37
6518,0.57,5.36
6519,0.56,5.36
6520,0.57,5.36
6521,0.57,5.36
6522,0.56,5.36
6523,0.57,5.36
6524,0.56,5.36
6525,0.56,5.35
6526,0.56,5.35
6527,0.56,5.35
6528,0.57,5.35
6529,0.57,5.35
6530,0.57,5.35
6531,0.57,5.35
6532,0.56,5.35
6533,0.57,5.35
6534,0.57,5.35
6535,0.57,5.35
6536,0.57,5.35
6537,0.56,5.35
6538,0.57,5.35
6539,0.57,5.35
6540,0.57,5.35
6541,0.57,5.35
6542,0.57,5.35
6543,0.56,5.35
6544,0.56,5.36
6545,0.56,5.36
6546,0.56,5.36
6547,0.57,5.36
6548,0.56,5.36
6549,0.57,5.36
6550,0.57,5.37
6551,0.57,5.37
6552,0.56,5.37
6553,0.57,5.37
6554,0.57,5.37
6555,0.57,5.37
6556,0.57,5.37
6557,0.57,5.37
6558,0.57,5.37
6559,0.57,5.37
6560,0.56,5.37
6561,0.57,5.37
6562,0.57,5.37
6563,0.56,5.37
6564,0.56,5.37
6565,0.56,5.37
6566,0.56,5.37
6567,0.56,5.37
6568,0.56,5.37
6569,0.56,5.37
6570,0.56,5.37
6571,0.56,5.37
6572,0.56,5.36
6573,0.56,5.36
6574,0.56,5.36
6575,0.56,5.36
6576,0.57,5.36
6577,0.56,5.36
6578,0.57,5.35
6579,0.57,5.35
6580,0.56,5.35
6581,0.57,5.35
6582,0.56,5.35
6583,0.56,5.35
6584,0.56,5.35
6585,0.56,5.35
6586,0.56,5.35
6587,0.56,5.35
6588,0.56,5.35
6589,0.56,5.35
6590,0.56,5.35
6591,0.56,5.35
6592,0.57,5.35
6593,0.56,5.35
6594,0.56,5.35
6595,0.57,5.35
6596,0.57,5.35
6597,0.56,5.36
6598,0.56,5.36
6599,0.57,5.36
6600,0.57,5.36
6601,0.57,5.36
6602,0.56,5.36
6603,0.56,5.37
6604,0.57,5.37
6605,0.57,5.37
6606,0.57,5.37
6607,0.57,5.37
6608,0.57,5.37
6609,0.57,5.37
6610,0.56,5.37
6611,0.57,5.37
6612,0.56,5.37
6613,0.56,5.37
6614,0.57,5.37
6615,0.56,5.37
6616,0.56,5.37
6617,0.57,5.37
6618,0.56,5.37
6619,0.56,5.37
6620,0.56,5.37
6621,0.56,5.37
6622,0.56,5.37
6623,0.56,5.37
6624,0.56,5.37
6625,0.56,5.36
6626,0.56,5.36
6627,0.56,5.36
6628,0.56,5.36
6629,0.57,5.36
6630,0.56,5.36
6631,0.56,5.35
6632,0.56,5.35
6633,0.56,5.35
6634,0.56,5.35
6635,0.56,5.35
6636,0.57,5.35
6637,0.56,5.35
6638,0.57,5.35
6639,0.56,5.35
6640,0.57,5.35
6641,0.56,5.35
6642,0.56,5.35
6643,0.56,5.35
6644,0.57,5.35
6645,0.56,5.35
6646,0.57,5.35
6647,0.57,5.35
6648,0.57,5.35
6649,0.57,5.35
6650,0.56,5.36
6651,0.57,5.36
6652,0.57,5.36
6653,0.56,5.36
6654,0.57,5.36
6655,0.57,5.36
6656,0.57,5.36
6657,0.57,5.37
6658,0.57,5.37
6659,0.57,5.37
6660,0.56,5.37
6661,0.57,5.37
6662,0.56,5.37
6663,0.57,5.37
6664,0.57,5.37
6665,0.57,5.37
6666,0.57,5.37
6667,0.57,5.37
6668,0.57,5.37
6669,0.57,5.37
6670,0.56,5.37
6671,0.56,5.37
6672,0.56,5.37
6673,0.56,5.37
6674,0.56,5.37
6675,0.56,5.37
6676,0.56,5.37
6677,0.56,5.36
6678,0.56,5.36
6679,0.57,5.36
6680,0.56,5.36
6681,0.56,5.36
6682,0.56,5.36
6683,0.56,5.36
6684,0.57,5.35
6685,0.56,5.35
6686,0.57,5.35
6687,0.56,5.35
6688,0.57,5.35
6689,0.56,5.35
6690,0.56,5.35
6691,0.56,5.35
6692,0.57,5.35
6693,0.57,5.35
6694,0.56,5.35
6695,0.57,5.35
6696,0.56,5.35
6697,0.56,5.35
6698,0.57,5.35
6699,0.57,5.35
6700,0.57,5.35
6701,0.57,5.35
6702,0.57,5.35
6703,0.56,5.36
6704,0.57,5.36
6705,0.56,5.36
6706,0.57,5.36
6707,0.57,5.36
6708,0.57,5.36
6709,0.57,5.36
6710,0.57,5.37
6711,0.57,5.37
6712,0.56,5.37
6713,0.57,5.37
6714,0.57,5.37
6715,0.57,5.37
6716,0.57,5.37
6717,0.57,5.37
6718,0.56,5.37
6719,0.56,5.37
6720,0.57,5.37
6721,0.56,5.37
6722,0.57,5.37
6723,0.57,5.37
6724,0.57,5.37
6725,0.56,5.37
6726,0.56,5.37
6727,0.56,5.37
6728,0.56,5.37
6729,0.56,5.36
6730,0.56,5.36
6731,0.56,5.36
6732,0.56,5.36
6733,0.56,5.36
6734,0.56,5.36
6735,0.56,5.36
6736,0.57,5.35
6737,0.56,5.35
6738,0.56,5.35
6739,0.56,5.35
6740,0.56,5.35
6741,0.56,5.35
6742,0.57,5.35
6743,0.56,5.35
6744,0.57,5.35
6745,0.56,5.35
6746,0.57,5.35
6747,0.56,5.35
6748,0.56,5.35
6749,0.57,5.35
6750,0.57,5.35
6751,0.57,5.35
6752,0.57,5.35
6753,0.57,5.35
6754,0.56,5.35
6755,0.57,5.35
6756,0.56,5.35
6757,0.57,5.36
6758,0.57,5.36
6759,0.57,5.36
6760,0.56,5.36
6761,0.57,5.36
6762,0.57,5.36
6763,0.57,5.36
6764,0.57,5.37
6765,0.57,5.37
6766,0.57,5.37
6767,0.57,5.37
6768,0.57,5.37
6769,0.57,5.37
6770,0.56,5.37
6771,0.57,5.37
6772,0.57,5.37
6773,0.57,5.37
6774,0.57,5.37
6775,0.57,5.37
6776,0.56,5.37
6777,0.57,5.37
6778,0.56,5.37
6779,0.56,5.37
6780,0.56,5.37
6781,0.56,5.36
6782,0.56,5.36
6783,0.56,5.36
6784,0.56,5.36
6785,0.57,5.36
6786,0.57,5.36
6787,0.57,5.36
6788,0.56,5.36
6789,0.57,5.35
6790,0.56,5.35
6791,0.57,5.35
6792,0.56,5.35
6793,0.56,5.35
6794,0.57,5.35
6795,0.57,5.35
6796,0.56,5.35
6797,0.56,5.35
6798,0.57,5.35
6799,0.57,5.35
6800,0.57,5.35
6801,0.56,5.35
6802,0.56,5.35
6803,0.57,5.35
6804,0.57,5.35
6805,0.57,5.35
6806,0.57,5.35
6807,0.56,5.35
6808,0.56,5.35
6809,0.56,5.35
6810,0.56,5.36
6811,0.57,5.36
6812,0.57,5.36
6813,0.56,5.36
6814,0.57,5.36
6815,0.57,5.36
6816,0.57,5.36
6817,0.56,5.37
6818,0.57,5.37
6819,0.57,5.37
6820,0.57,5.37
6821,0.57,5.37
6822,0.57,5.37
6823,0.57,5.37
6824,0.57,5.37
6825,0.57,5.37
6826,0.57,5.37
6827,0.56,5.37
6828,0.56,5.37
6829,0.57,5.37
6830,0.57,5.37
6831,0.57,5.37
6832,0.57,5.37
6833,0.57,5.37
6834,0.57,5.36
6835,0.57,5.36
6836,0.57,5.36
6837,0.57,5.36
6838,0.57,5.36
6839,0.57,5.36
6840,0.57,5.36
6841,0.56,5.36
6842,0.57,5.35
6843,0.57,5.35
6844,0.57,5.35
6845,0.57,5.35
6846,0.57,5.35
6847,0.56,5.35
6848,0.56,5.35
6849,0.56,5.35
6850,0.56,5.35
6851,0.57,5.35
6852,0.57,5.35
6853,0.57,5.35
6854,0.57,5.35
6855,0.56,5.35
6856,0.57,5.35
6857,0.56,5.35
6858,0.56,5.36
6859,0.57,5.36
6860,0.56,5.36
6861,0.57,5.36
6862,0.57,5.36
6863,0.57,5.36
6864,0.57,5.36
6865,0.57,5.36
6866,0.57,5.36
6867,0.57,5.37
6868,0.57,5.37
6869,0.57,5.37
6870,0.57,5.37
6871,0.57,5.37
6872,0.57,5.37
6873,0.57,5.37
6874,0.56,5.37
6875,0.57,5.37
6876,0.57,5.37
6877,0.56,5.37
6878,0.57,5.37
6879,0.57,5.37
6880,0.57,5.37
6881,0.57,5.37
6882,0.57,5.37
6883,0.56,5.37
6884,0.56,5.37
6885,0.56,5.37
6886,0.56,5.37
6887,0.56,5.36
6888,0.56,5.36
6889,0.56,5.36
6890,0.56,5.36
6891,0.57,5.36
6892,0.57,5.36
6893,0.56,5.36
6894,0.56,5.36
6895,0.56,5.36
6896,0.57,5.35
6897,0.57,5.35
6898,0.56,5.35
6899,0.57,5.35
6900,0.57,5.35
6901,0.57,5.35
6902,0.56,5.35
6903,0.56,5.35
6904,0.56,5.35
6905,0.57,5.35
6906,0.57,5.35
6907,0.57,5.35
6908,0.56,5.35
6909,0.56,5.35
6910,0.56,5.36
6911,0.57,5.36
6912,0.57,5.36
6913,0.57,5.36
6914,0.57,5.36
6915,0.56,5.36
6916,0.57,5.36
6917,0.57,5.36
6918,0.57,5.36
6919,0.57,5.36
6920,0.56,5.37
6921,0.57,5.37
6922,0.56,5.37
6923,0.56,5.37
6924,0.56,5.37
6925,0.57,5.37
6926,0.57,5.37
6927,0.57,5.37
6928,0.57,5.37
6929,0.57,5.37
6930,0.57,5.37
6931,0.57,5.37
6932,0.56,5.37
6933,0.57,5.37
6934,0.56,5.37
6935,0.56,5.37
6936,0.56,5.37
6937,0.56,5.37
6938,0.56,5.37
6939,0.56,5.37
6940,0.56,5.36
6941,0.56,5.36
6942,0.56,5.36
6943,0.57,5.36
6944,0.57,5.36
6945,0.57,5.36
6946,0.56,5.36
6947,0.56,5.36
6948,0.56,5.36
6949,0.56,5.35
6950,0.56,5.35
6951,0.56,5.35
6952,0.56,5.35
6953,0.56,5.35
6954,0.57,5.35
6955,0.56,5.35
6956,0.57,5.35
6957,0.56,5.35
6958,0.56,5.35
6959,0.56,5.35
6960,0.57,5.35
6961,0.57,5.35
6962,0.57,5.35
6963,0.57,5.36
6964,0.56,5.36
6965,0.56,5.36
6966,0.57,5.36
6967,0.57,5.36
6968,0.57,5.36
6969,0.56,5.36
6970,0.56,5.36
6971,0.57,5.36
6972,0.57,5.36
6973,0.56,5.37
6974,0.57,5.37
6975,0.57,5.37
6976,0.57,5.37
6977,0.57,5.37
6978,0.57,5.37
6979,0.57,5.37
6980,0.57,5.37
6981,0.57,5.37
6982,0.57,5.37
6983,0.57,5.37
6984,0.56,5.37
6985,0.56,5.37
6986,0.56,5.37
6987,0.57,5.37
6988,0.57,5.37
6989,0.56,5.37
6990,0.56,5.37
6991,0.56,5.37
6992,0.57,5.36
6993,0.56,5.36
6994,0.57,5.36
6995,0.56,5.36
6996,0.56,5.36
6997,0.56,5.36
6998,0.56,5.36
6999,0.56,5.36
7000,0.57,5.36
7001,0.57,5.36
7002,0.57,5.36
7003,0.57,5.35
7004,0.57,5.35
7005,0.57,5.35
7006,0.57,5.35
7007,0.57,5.35
7008,0.57,5.35
7009,0.56,5.35
7010,0.57,5.35
7011,0.57,5.35
7012,0.56,5.35
7013,0.57,5.36
7014,0.57,5.36
7015,0.57,5.36
7016,0.57,5.36
7017,0.57,5.36
7018,0.57,5.36
7019,0.57,5.36
7020,0.57,5.36
7021,0.57,5.36
7022,0.57,5.36
7023,0.57,5.36
7024,0.57,5.37
7025,0.57,5.37
7026,0.57,5.37
7027,0.57,5.37
7028,0.57,5.37
7029,0.57,5.37
7030,0.57,5.37
7031,0.57,5.37
7032,0.57,5.37
7033,0.57,5.37
7034,0.56,5.37
7035,0.57,5.37
7036,0.57,5.37
7037,0.57,5.37
7038,0.56,5.37
7039,0.56,5.37
7040,0.56,5.37
7041,0.56,5.37
7042,0.56,5.37
7043,0.56,5.37
7044,0.56,5.37
7045,0.57,5.36
7046,0.57,5.36
7047,0.56,5.36
7048,0.56,5.36
7049,0.56,5.36
7050,0.57,5.36
7051,0.57,5.36
7052,0.57,5.36
7053,0.56,5.36
7054,0.57,5.36
7055,0.57,5.35
7056,0.56,5.35
7057,0.56,5.35
7058,0.56,5.35
7059,0.56,5.35
7060,0.56,5.35
7061,0.57,5.35
7062,0.57,5.35
7063,0.56,5.35
7064,0.57,5.35
7065,0.57,5.35
7066,0.56,5.35
7067,0.56,5.36
7068,0.57,5.36
7069,0.57,5.36
7070,0.56,5.36
7071,0.56,5.36
7072,0.56,5.36
7073,0.57,5.36
7074,0.57,5.36
7075,0.57,5.36
7076,0.57,5.36
7077,0.56,5.37
7078,0.57,5.37
7079,0.57,5.37
7080,0.56,5.37
7081,0.57,5.37
7082,0.57,5.37
7083,0.57,5.37
7084,0.57,5.37
7085,0.57,5.37
7086,0.56,5.37
7087,0.57,5.37
7088,0.56,5.37
7089,0.57,5.37
7090,0.56,5.37
7091,0.56,5.37
7092,0.56,5.37
7093,0.56,5.37
7094,0.56,5.37
7095,0.56,5.37
7096,0.56,5.37
7097,0.56,5.37
7098,0.56,5.37
7099,0.56,5.36
7100,0.56,5.36
7101,0.56,5.36
7102,0.57,5.36
7103,0.56,5.36
7104,0.56,5.36
7105,0.57,5.36
7106,0.57,5.36
7107,0.56,5.36
7108,0.56,5.35
7109,0.56,5.35
7110,0.56,5.35
7111,0.56,5.35
7112,0.56,5.35
7113,0.57,5.35
7114,0.56,5.35
7115,0.56,5.35
7116,0.56,5.35
7117,0.56,5.35
7118,0.56,5.35
7119,0.57,5.35
7120,0.56,5.35
7121,0.57,5.35
7122,0.57,5.36
7123,0.56,5.36
7124,0.57,5.36
7125,0.57,5.36
7126,0.57,5.36
7127,0.57,5.36
7128,0.57,5.36
7129,0.56,5.36
7130,0.56,5.37
7131,0.57,5.37
7132,0.57,5.37
7133,0.56,5.37
7134,0.57,5.37
7135,0.57,5.37
7136,0.56,5.37
7137,0.56,5.37
7138,0.57,5.37
7139,0.56,5.37
7140,0.56,5.37
7141,0.56,5.37
7142,0.56,5.37
7143,0.56,5.37
7144,0.57,5.37
7145,0.56,5.37
7146,0.56,5.37
7147,0.56,5.37
7148,0.56,5.37
7149,0.56,5.37
7150,0.56,5.37
7151,0.56,5.37
7152,0.56,5.36
7153,0.56,5.36
7154,0.56,5.36
7155,0.56,5.36
7156,0.56,5.36
7157,0.56,5.36
7158,0.57,5.36
7159,0.57,5.36
7160,0.56,5.36
7161,0.57,5.35
7162,0.56,5.35
7163,0.56,5.35
7164,0.56,5.35
7165,0.56,5.35
7166,0.57,5.35
7167,0.56,5.35
7168,0.56,5.35
7169,0.57,5.35
7170,0.57,5.35
7171,0.56,5.35
7172,0.57,5.35
7173,0.56,5.35
7174,0.57,5.36
7175,0.57,5.36
7176,0.57,5.36
7177,0.57,5.36
7178,0.57,5.36
7179,0.57,5.36
7180,0.56,5.36
7181,0.57,5.36
7182,0.56,5.36
7183,0.57,5.37
7184,0.57,5.37
7185,0.56,5.37
7186,0.57,5.37
7187,0.57,5.37
7188,0.57,5.37
7189,0.57,5.37
7190,0.57,5.37
7191,0.57,5.37
7192,0.57,5.37
7193,0.57,5.37
7194,0.56,5.37
7195,0.56,5.37
7196,0.56,5.37
7197,0.56,5.37
7198,0.56,5.37
7199,0.56,5.37
7200,0.56,5.37
7201,0.57,5.37
7202,0.56,5.37
7203,0.56,5.37
7204,0.56,5.37
7205,0.56,5.36
7206,0.56,5.36
7207,0.56,5.36
7208,0.56,5.36
7209,0.56,5.36
7210,0.57,5.36
7211,0.56,5.36
7212,0.56,5.36
7213,0.56,5.35
7214,0.57,5.35
7215,0.56,5.35
7216,0.57,5.35
7217,0.56,5.35
7218,0.57,5.35
7219,0.57,5.35
7220,0.56,5.35
7221,0.56,5.35
7222,0.56,5.35
7223,0.57,5.35
7224,0.56,5.35
7225,0.56,5.35
7226,0.56,5.35
7227,0.57,5.35
7228,0.57,5.35
7229,0.57,5.35
7230,0.57,5.36
7231,0.57,5.36
7232,0.57,5.36
7233,0.57,5.36
7234,0.56,5.36
7235,0.57,5.36
7236,0.57,5.36
7237,0.57,5.36
7238,0.57,5.37
7239,0.57,5.37
7240,0.57,5.37
7241,0.56,5.37
7242,0.57,5.37
7243,0.56,5.37
7244,0.57,5.37
7245,0.57,5.37
7246,0.56,5.37
7247,0.57,5.37
7248,0.56,5.37
7249,0.57,5.37
7250,0.56,5.37
7251,0.56,5.37
7252,0.56,5.37
7253,0.56,5.37
7254,0.56,5.37
7255,0.56,5.37
7256,0.56,5.37
7257,0.56,5.36
7258,0.56,5.36
7259,0.56,5.36
7260,0.56,5.36
7261,0.56,5.36
7262,0.56,5.36
7263,0.57,5.36
7264,0.57,5.36
7265,0.56,5.35
7266,0.57,5.35
7267,0.56,5.35
7268,0.56,5.35
7269,0.56,5.35
7270,0.56,5.35
7271,0.57,5.35
7272,0.56,5.35
7273,0.56,5.35
7274,0.56,5.35
7275,0.57,5.35
7276,0.56,5.35
7277,0.57,5.35
7278,0.57,5.35
7279,0.57,5.35
7280,0.57,5.35
7281,0.57,5.35
7282,0.57,5.35
7283,0.57,5.35
7284,0.57,5.36
7285,0.56,5.36
7286,0.57,5.36
7287,0.57,5.36
7288,0.57,5.36
7289,0.56,5.36
7290,0.57,5.36
7291,0.57,5.36
7292,0.56,5.37
7293,0.57,5.37
7294,0.56,5.37
7295,0.57,5.37
7296,0.57,5.37
7297,0.57,5.37
7298,0.57,5.37
7299,0.56,5.37
7300,0.57,5.37
7301,0.57,5.37
7302,0.57,5.37
7303,0.56,5.37
7304,0.56,5.37
7305,0.56,5.37
7306,0.56,5.37
7307,0.56,5.37
7308,0.56,5.37
7309,0.56,5.37
7310,0.57,5.37
7311,0.56,5.36
7312,0.56,5.36
7313,0.56,5.36
7314,0.56,5.36
7315,0.56,5.36
7316,0.56,5.36
7317,0.56,5.36
7318,0.56,5.35
7319,0.56,5.35
7320,0.56,5.35
7321,0.56,5.35
7322,0.57,5.35
7323,0.56,5.35
7324,0.57,5.35
7325,0.56,5.35
7326,0.56,5.35
7327,0.56,5.35
7328,0.56,5.35
7329,0.57,5.35
7330,0.57,5.35
7331,0.57,5.35
7332,0.56,5.35
7333,0.57,5.35
7334,0.57,5.35
7335,0.56,5.35
7336,0.57,5.35
7337,0.56,5.35
7338,0.57,5.35
7339,0.57,5.36
7340,0.56,5.36
7341,0.57,5.36
7342,0.57,5.36
7343,0.57,5.36
7344,0.57,5.36
7345,0.57,5.36
7346,0.57,5.37
7347,0.56,5.37
7348,0.57,5.37
7349,0.57,5.37
7350,0.57,5.37
7351,0.57,5.37
7352,0.57,5.37
7353,0.56,5.37
7354,0.56,5.37
7355,0.56,5.37
7356,0.56,5.37
7357,0.56,5.37
7358,0.57,5.37
7359,0.56,5.37
7360,0.56,5.37
7361,0.56,5.37
7362,0.56,5.37
7363,0.56,5.37
7364,0.56,5.36
7365,0.56,5.36
7366,0.56,5.36
7367,0.56,5.36
7368,0.56,5.36
7369,0.56,5.36
7370,0.56,5.36
7371,0.56,5.35
7372,0.56,5.35
7373,0.56,5.35
7374,0.57,5.35
7375,0.57,5.35
7376,0.56,5.35
7377,0.56,5.35
7378,0.57,5.35
7379,0.57,5.35
7380,0.56,5.35
7381,0.57,5.35
7382,0.56,5.35
7383,0.56,5.35
7384,0.56,5.35
7385,0.56,5.35
7386,0.57,5.35
7387,0.57,5.35
7388,0.56,5.35
7389,0.57,5.35
7390,0.57,5.35
7391,0.57,5.35
7392,0.57,5.36
7393,0.57,5.36
7394,0.57,5.36
7395,0.57,5.36
7396,0.57,5.36
7397,0.57,5.36
7398,0.57,5.36
7399,0.57,5.37
7400,0.57,5.37
7401,0.57,5.37
7402,0.57,5.37
7403,0.56,5.37
7404,0.57,5.37
7405,0.57,5.37
7406,0.57,5.37
7407,0.57,5.37
7408,0.57,5.37
7409,0.56,5.37
7410,0.57,5.37
7411,0.56,5.37
7412,0.57,5.37
7413,0.56,5.37
7414,0.56,5.37
7415,0.56,5.37
7416,0.56,5.37
7417,0.56,5.36
7418,0.56,5.36
7419,0.56,5.36
7420,0.56,5.36
7421,0.56,5.36
7422,0.56,5.36
7423,0.56,5.36
7424,0.57,5.35
7425,0.56,5.35
7426,0.57,5.35
7427,0.56,5.35
7428,0.56,5.35
7429,0.57,5.35
7430,0.56,5.35
7431,0.56,5.35
7432,0.56,5.35
7433,0.56,5.35
7434,0.56,5.35
7435,0.56,5.35
7436,0.56,5.35
7437,0.56,5.35
7438,0.56,5.35
7439,0.57,5.35
7440,0.56,5.35
7441,0.56,5.35
7442,0.57,5.35
7443,0.57,5.35
7444,0.57,5.35
7445,0.57,5.36
7446,0.56,5.36
7447,0.57,5.36
7448,0.57,5.36
7449,0.57,5.36
7450,0.56,5.36
7451,0.57,5.36
7452,0.57,5.37
7453,0.56,5.37
7454,0.56,5.37
7455,0.57,5.37
7456,0.57,5.37
7457,0.57,5.37
7458,0.57,5.37
7459,0.57,5.37
7460,0.57,5.37
7461,0.57,5.37
7462,0.56,5.37
7463,0.57,5.37
7464,0.56,5.37
7465,0.56,5.37
7466,0.57,5.37
7467,0.56,5.37
7468,0.56,5.37
7469,0.56,5.37
7470,0.56,5.37
7471,0.56,5.36
7472,0.56,5.36
7473,0.56,5.36
7474,0.56,5.36
7475,0.56,5.36
7476,0.57,5.36
7477,0.56,5.36
7478,0.56,5.36
7479,0.57,5.35
7480,0.56,5.35
7481,0.56,5.35
7482,0.56,5.35
7483,0.56,5.35
7484,0.56,5.35
7485,0.56,5.35
7486,0.57,5.35
7487,0.57,5.35
7488,0.57,5.35
7489,0.56,5.35
7490,0.57,5.35
7491,0.57,5.35
7492,0.56,5.35
7493,0.57,5.35
7494,0.57,5.35
7495,0.57,5.35
7496,0.56,5.35
7497,0.56,5.36
7498,0.56,5.36
7499,0.57,5.36
7500,0.56,5.36
7501,0.57,5.36
7502,0.57,5.36
7503,0.57,5.36
7504,0.57,5.37
7505,0.57,5.37
7506,0.57,5.37
7507,0.57,5.37
7508,0.57,5.37
7509,0.57,5.37
7510,0.56,5.37
7511,0.56,5.37
7512,0.57,5.37
7513,0.57,5.37
7514,0.56,5.37
7515,0.56,5.37
7516,0.56,5.37
7517,0.56,5.37
7518,0.56,5.37
7519,0.56,5.37
7520,0.57,5.37
7521,0.56,5.37
7522,0.56,5.37
7523,0.56,5.37
7524,0.56,5.37
7525,0.56,5.36
7526,0.56,5.36
7527,0.56,5.36
7528,0.56,5.36
7529,0.56,5.36
7530,0.56,5.36
7531,0.56,5.36
7532,0.56,5.35
7533,0.56,5.35
7534,0.56,5.35
7535,0.56,5.35
7536,0.56,5.35
7537,0.56,5.35
7538,0.57,5.35
7539,0.56,5.35
7540,0.56,5.35
7541,0.56,5.35
7542,0.56,5.35
7543,0.56,5.35
7544,0.56,5.35
7545,0.57,5.35
7546,0.57,5.35
7547,0.56,5.35
7548,0.56,5.35
7549,0.57,5.35
7550,0.56,5.36
7551,0.57,5.36
7552,0.57,5.36
7553,0.57,5.36
7554,0.56,5.36
7555,0.57,5.36
7556,0.57,5.36
7557,0.57,5.36
7558,0.57,5.37
7559,0.57,5.37
7560,0.57,5.37
7561,0.56,5.37
7562,0.57,5.37
7563,0.57,5.37
7564,0.56,5.37
7565,0.57,5.37
7566,0.56,5.37
7567,0.57,5.37
7568,0.56,5.37
7569,0.56,5.37
7570,0.56,5.37
7571,0.56,5.37
7572,0.56,5.37
7573,0.56,5.37
7574,0.56,5.37
7575,0.56,5.37
7576,0.56,5.37
7577,0.56,5.37
7578,0.56,5.36
7579,0.56,5.36
7580,0.56,5.36
7581,0.56,5.36
7582,0.56,5.36
7583,0.56,5.36
7584,0.56,5.36
7585,0.56,5.35
7586,0.56,5.35
7587,0.56,5.35
7588,0.56,5.35
7589,0.56,5.35
7590,0.57,5.35
7591,0.56,5.35
7592,0.56,5.35
7593,0.56,5.35
7594,0.57,5.35
7595,0.57,5.35
7596,0.57,5.35
7597,0.57,5.35
7598,0.57,5.35
7599,0.57,5.35
7600,0.57,5.35
7601,0.57,5.35
7602,0.57,5.35
7603,0.57,5.35
7604,0.57,5.35
7605,0.57,5.36
7606,0.57,5.36
7607,0.57,5.36
7608,0.57,5.36
7609,0.57,5.36
7610,0.57,5.36
7611,0.57,5.37
7612,0.56,5.37
7613,0.57,5.37
7614,0.57,5.37
7615,0.57,5.37
7616,0.56,5.37
7617,0.57,5.37
7618,0.56,5.37
7619,0.56,5.37
7620,0.57,5.37
7621,0.56,5.37
7622,0.57,5.37
7623,0.56,5.37
7624,0.56,5.37
7625,0.56,5.37
7626,0.56,5.37
7627,0.56,5.37
7628,0.56,5.37
7629,0.56,5.37
7630,0.56,5.37
7631,0.56,5.36
7632,0.56,5.36
7633,0.56,5.36
7634,0.56,5.36
7635,0.56,5.36
7636,0.56,5.36
7637,0.56,5.36
7638,0.56,5.35
7639,0.56,5.35
7640,0.56,5.35
7641,0.57,5.35
7642,0.57,5.35
7643,0.57,5.35
7644,0.56,5.35
7645,0.57,5.35
7646,0.57,5.35
7647,0.57,5.35
7648,0.56,5.35
7649,0.57,5.35
7650,0.57,5.35
7651,0.56,5.35
7652,0.57,5.35
7653,0.57,5.35
7654,0.56,5.35
7655,0.57,5.35
7656,0.56,5.35
7657,0.57,5.35
7658,0.57,5.35
7659,0.57,5.36
7660,0.57,5.36
7661,0.57,5.36
7662,0.57,5.36
7663,0.57,5.36
7664,0.57,5.36
7665,0.57,5.37
7666,0.57,5.37
7667,0.57,5.37
7668,0.56,5.37
7669,0.57,5.37
7670,0.57,5.37
7671,0.57,5.37
7672,0.56,5.37
7673,0.56,5.37
7674,0.56,5.37
7675,0.56,5.37
7676,0.56,5.37
7677,0.56,5.37
7678,0.56,5.37
7679,0.56,5.37
7680,0.56,5.37
7681,0.56,5.37
7682,0.56,5.37
7683,0.56,5.37
7684,0.56,5.36
7685,0.56,5.36
7686,0.56,5.36
7687,0.56,5.36
7688,0.56,5.36
7689,0.56,5.36
7690,0.56,5.36
7691,0.56,5.35
7692,0.56,5.35
7693,0.56,5.35
7694,0.56,5.35
7695,0.56,5.35
7696,0.56,5.35
7697,0.56,5.35
7698,0.56,5.35
7699,0.56,5.35
7700,0.56,5.34
7701,0.56,5.34
7702,0.56,5.35
7703,0.56,5.35
7704,0.56,5.35
7705,0.57,5.35
7706,0.57,5.35
7707,0.57,5.35
7708,0.57,5.35
7709,0.57,5.35
7710,0.57,5.35
7711,0.57,5.35
7712,0.57,5.36
7713,0.57,5.36
7714,0.57,5.36
7715,0.56,5.36
7716,0.57,5.36
7717,0.57,5.36
7718,0.56,5.37
7719,0.57,5.37
7720,0.57,5.37
7721,0.57,5.37
7722,0.56,5.37
7723,0.57,5.37
7724,0.57,5.37
7725,0.56,5.37
7726,0.57,5.37
7727,0.56,5.37
7728,0.56,5.37
7729,0.56,5.37
7730,0.56,5.37
7731,0.56,5.37
7732,0.56,5.37
7733,0.56,5.37
7734,0.56,5.37
7735,0.56,5.37
7736,0.56,5.37
7737,0.56,5.37
7738,0.56,5.36
7739,0.56,5.36
7740,0.56,5.36
7741,0.56,5.36
7742,0.56,5.36
7743,0.56,5.36
7744,0.56,5.35
7745,0.56,5.35
7746,0.56,5.35
7747,0.56,5.35
7748,0.57,5.35
7749,0.56,5.35
7750,0.57,5.35
7751,0.56,5.35
7752,0.56,5.35
7753,0.56,5.35
7754,0.57,5.35
7755,0.56,5.35
7756,0.57,5.35
7757,0.56,5.35
7758,0.57,5.35
7759,0.57,5.35
7760,0.56,5.35
7761,0.56,5.35
7762,0.57,5.35
7763,0.57,5.35
7764,0.57,5.35
7765,0.56,5.36
7766,0.57,5.36
7767,0.57,5.36
7768,0.56,5.36
7769,0.56,5.36
7770,0.57,5.36
7771,0.57,5.37
7772,0.57,5.37
7773,0.57,5.37
7774,0.57,5.37
7775,0.57,5.37
7776,0.57,5.37
7777,0.56,5.37
7778,0.57,5.37
7779,0.56,5.37
7780,0.56,5.37
7781,0.56,5.37
7782,0.56,5.37
7783,0.56,5.37
7784,0.56,5.37
7785,0.56,5.37
7786,0.56,5.37
7787,0.56,5.37
7788,0.56,5.37
7789,0.56,5.37
7790,0.56,5.37
7791,0.56,5.36
7792,0.56,5.36
7793,0.56,5.36
7794,0.56,5.36
7795,0.56,5.36
7796,0.56,5.36
7797,0.56,5.35
7798,0.56,5.35
7799,0.56,5.35
7800,0.56,5.35
7801,0.57,5.35
7802,0.56,5.35
7803,0.56,5.35
7804,0.56,5.35
7805,0.56,5.35
7806,0.56,5.34
7807,0.56,5.34
7808,0.57,5.34
7809,0.57,5.34
7810,0.57,5.35
7811,0.56,5.35
7812,0.56,5.35
7813,0.56,5.35
7814,0.56,5.35
7815,0.57,5.35
7816,0.57,5.35
7817,0.57,5.35
7818,0.56,5.35
7819,0.57,5.36
7820,0.57,5.36
7821,0.57,5.36
7822,0.57,5.36
7823,0.57,5.36
7824,0.57,5.36
7825,0.57,5.37
7826,0.57,5.37
7827,0.56,5.37
7828,0.57,5.37
7829,0.56,5.37
7830,0.57,5.37
7831,0.57,5.37
7832,0.57,5.37
7833,0.57,5.37
7834,0.57,5.37
7835,0.56,5.37
7836,0.57,5.37
7837,0.56,5.37
7838,0.56,5.37
7839,0.56,5.37
7840,0.57,5.37
7841,0.56,5.37
7842,0.56,5.37
7843,0.56,5.37
7844,0.56,5.36
7845,0.56,5.36
7846,0.56,5.36
7847,0.56,5.36
7848,0.57,5.36
7849,0.56,5.36
7850,0.56,5.35
7851,0.56,5.35
7852,0.56,5.35
7853,0.56,5.35
7854,0.56,5.35
7855,0.56,5.35
7856,0.56,5.35
7857,0.56,5.35
7858,0.57,5.34
7859,0.56,5.34
7860,0.57,5.34
7861,0.56,5.34
7862,0.56,5.34
7863,0.56,5.35
7864,0.57,5.35
7865,0.56,5.35
7866,0.57,5.35
7867,0.56,5.35
7868,0.57,5.35
7869,0.57,5.35
7870,0.57,5.35
7871,0.57,5.36
7872,0.56,5.36
7873,0.57,5.36
7874,0.57,5.36
7875,0.56,5.36
7876,0.56,5.36
7877,0.57,5.37
7878,0.56,5.37
7879,0.56,5.37
7880,0.57,5.37
7881,0.57,5.37
7882,0.57,5.37
7883,0.56,5.37
7884,0.57,5.37
7885,0.56,5.37
7886,0.56,5.38
7887,0.56,5.38
7888,0.56,5.38
7889,0.56,5.37
7890,0.56,5.37
7891,0.56,5.37
7892,0.56,5.37
7893,0.56,5.37
7894,0.56,5.37
7895,0.56,5.37
7896,0.56,5.37
7897,0.56,5.37
7898,0.56,5.36
7899,0.56,5.36
7900,0.56,5.36
7901,0.56,5.36
7902,0.56,5.36
7903,0.56,5.36
7904,0.56,5.35
7905,0.56,5.35
7906,0.56,5.35
7907,0.56,5.35
7908,0.56,5.35
7909,0.56,5.35
7910,0.56,5.35
7911,0.56,5.35
7912,0.57,5.35
7913,0.56,5.35
7914,0.57,5.35
7915,0.57,5.35
7916,0.57,5.35
7917,0.57,5.35
7918,0.57,5.35
7919,0.57,5.35
7920,0.57,5.35
7921,0.57,5.35
7922,0.57,5.35
7923,0.56,5.35
7924,0.57,5.36
7925,0.56,5.36
7926,0.56,5.36
7927,0.57,5.36
7928,0.57,5.36
7929,0.57,5.36
7930,0.57,5.37
7931,0.57,5.37
7932,0.57,5.37
7933,0.57,5.37
7934,0.57,5.37
7935,0.56,5.37
7936,0.57,5.37
7937,0.56,5.37
7938,0.56,5.37
7939,0.56,5.38
7940,0.56,5.38
7941,0.56,5.38
7942,0.56,5.38
7943,0.56,5.37
7944,0.56,5.37
7945,0.56,5.37
7946,0.56,5.37
7947,0.56,5.37
7948,0.56,5.37
7949,0.56,5.37
7950,0.56,5.37
7951,0.56,5.37
7952,0.56,5.36
7953,0.56,5.36
7954,0.56,5.36
7955,0.56,5.36
7956,0.56,5.36
7957,0.56,5.36
7958,0.56,5.35
7959,0.56,5.35
7960,0.56,5.35
7961,0.57,5.35
7962,0.56,5.35
7963,0.56,5.35
7964,0.56,5.35
7965,0.57,5.35
7966,0.56,5.35
7967,0.56,5.35
7968,0.57,5.35
7969,0.56,5.35
7970,0.56,5.35
7971,0.56,5.35
7972,0.56,5.35
7973,0.56,5.35
7974,0.57,5.35
7975,0.57,5.35
7976,0.57,5.35
7977,0.57,5.36
7978,0.57,5.36
7979,0.57,5.36
7980,0.57,5.36
7981,0.56,5.36
7982,0.57,5.36
7983,0.57,5.37
7984,0.57,5.37
7985,0.57,5.37
7986,0.57,5.37
7987,0.57,5.37
7988,0.56,5.37
7989,0.57,5.37
7990,0.56,5.38
7991,0.56,5.38
7992,0.57,5.38
7993,0.57,5.38
7994,0.56,5.38
7995,0.56,5.38
7996,0.56,5.38
7997,0.56,5.38
7998,0.56,5.37
7999,0.56,5.37
8000,0.56,5.37
8001,0.56,5.37
8002,0.56,5.37
8003,0.56,5.37
8004,0.56,5.37
8005,0.56,5.36
8006,0.56,5.36
8007,0.56,5.36
8008,0.56,5.36
8009,0.56,5.36
8010,0.56,5.36
8011,0.56,5.35
8012,0.56,5.35
8013,0.56,5.35
8014,0.56,5.35
8015,0.56,5.35
8016,0.56,5.35
8017,0.56,5.35
8018,0.56,5.35
8019,0.57,5.35
8020,0.57,5.35
8021,0.56,5.35
8022,0.56,5.35
8023,0.56,5.35
8024,0.57,5.35
8025,0.56,5.35
8026,0.57,5.35
8027,0.56,5.35
8028,0.57,5.35
8029,0.57,5.35
8030,0.57,5.35
8031,0.57,5.36
8032,0.56,5.36
8033,0.57,5.36
8034,0.57,5.36
8035,0.57,5.36
8036,0.57,5.36
8037,0.57,5.37
8038,0.57,5.37
8039,0.57,5.37
8040,0.57,5.37
8041,0.57,5.37
8042,0.57,5.37
8043,0.57,5.37
8044,0.57,5.38
8045,0.57,5.38
8046,0.57,5.38
8047,0.56,5.38
8048,0.56,5.38
8049,0.56,5.38
8050,0.56,5.38
8051,0.56,5.37
8052,0.56,5.37
8053,0.56,5.37
8054,0.56,5.37
8055,0.56,5.37
8056,0.56,5.37
8057,0.56,5.37
8058,0.56,5.36
8059,0.56,5.36
8060,0.56,5.36
8061,0.56,5.36
8062,0.56,5.36
8063,0.56,5.36
8064,0.56,5.35
8065,0.56,5.35
8066,0.56,5.35
8067,0.56,5.35
8068,0.57,5.35
8069,0.56,5.35
8070,0.56,5.35
8071,0.56,5.35
8072,0.57,5.35
8073,0.57,5.34
8074,0.57,5.35
8075,0.56,5.35
8076,0.57,5.35
8077,0.56,5.35
8078,0.56,5.35
8079,0.57,5.35
8080,0.56,5.35
8081,0.56,5.35
8082,0.56,5.35
8083,0.56,5.35
8084,0.56,5.36
8085,0.57,5.36
8086,0.57,5.36
8087,0.56,5.36
8088,0.57,5.36
8089,0.57,5.37
8090,0.57,5.37
8091,0.57,5.37
8092,0.57,5.37
8093,0.57,5.37
8094,0.56,5.37
8095,0.57,5.37
8096,0.57,5.38
8097,0.56,5.38
8098,0.57,5.38
8099,0.57,5.38
8100,0.56,5.38
8101,0.56,5.38
8102,0.57,5.38
8103,0.56,5.38
8104,0.56,5.37
8105,0.57,5.37
8106,0.56,5.37
8107,0.56,5.37
8108,0.56,5.37
8109,0.56,5.37
8110,0.56,5.37
8111,0.56,5.36
8112,0.56,5.36
8113,0.56,5.36
8114,0.56,5.36
8115,0.56,5.36
8116,0.56,5.36
8117,0.56,5.35
8118,0.56,5.35
8119,0.56,5.35
8120,0.56,5.35
8121,0.56,5.35
8122,0.56,5.35
8123,0.57,5.35
8124,0.56,5.35
8125,0.56,5.35
8126,0.56,5.35
8127,0.56,5.35
8128,0.56,5.35
8129,0.57,5.35
8130,0.57,5.35
8131,0.56,5.35
8132,0.57,5.35
8133,0.56,5.35
8134,0.57,5.35
8135,0.56,5.35
8136,0.56,5.35
8137,0.56,5.36
8138,0.57,5.36
8139,0.57,5.36
8140,0.57,5.36
8141,0.57,5.36
8142,0.57,5.37
8143,0.57,5.37
8144,0.57,5.37
8145,0.57,5.37
8146,0.56,5.37
8147,0.56,5.37
8148,0.56,5.37
8149,0.57,5.38
8150,0.56,5.38
8151,0.57,5.38
8152,0.56,5.38
8153,0.56,5.38
8154,0.56,5.38
8155,0.56,5.38
8156,0.56,5.38
8157,0.56,5.38
8158,0.56,5.38
8159,0.56,5.37
8160,0.56,5.37
8161,0.56,5.37
8162,0.56,5.37
8163,0.56,5.37
8164,0.56,5.37
8165,0.56,5.36
8166,0.56,5.36
8167,0.56,5.36
8168,0.56,5.36
8169,0.56,5.36
8170,0.56,5.35
8171,0.56,5.35
8172,0.56,5.35
8173,0.56,5.35
8174,0.56,5.35
8175,0.56,5.35
8176,0.56,5.35
8177,0.56,5.35
8178,0.56,5.35
8179,0.57,5.35
8180,0.56,5.35
8181,0.56,5.35
8182,0.57,5.35
8183,0.56,5.35
8184,0.56,5.35
8185,0.56,5.35
8186,0.56,5.35
8187,0.57,5.35
8188,0.57,5.35
8189,0.56,5.35
8190,0.56,5.36
8191,0.56,5.36
8192,0.57,5.36
8193,0.57,5.36
8194,0.57,5.36
8195,0.56,5.36
8196,0.57,5.37
8197,0.57,5.37
8198,0.57,5.37
8199,0.57,5.37
8200,0.57,5.37
8201,0.56,5.37
8202,0.57,5.38
8203,0.57,5.38
8204,0.57,5.38
8205,0.56,5.38
8206,0.56,5.38
8207,0.56,5.38
8208,0.56,5.38
8209,0.56,5.38
8210,0.56,5.38
8211,0.56,5.37
8212,0.56,5.37
8213,0.56,5.37
8214,0.56,5.37
8215,0.56,5.37
8216,0.56,5.37
8217,0.56,5.37
8218,0.56,5.36
8219,0.56,5.36
8220,0.56,5.36
8221,0.56,5.36
8222,0.56,5.36
8223,0.56,5.35
8224,0.56,5.35
8225,0.56,5.35
8226,0.56,5.35
8227,0.56,5.35
8228,0.56,5.35
8229,0.56,5.35
8230,0.56,5.35
8231,0.56,5.35
8232,0.56,5.35
8233,0.56,5.35
8234,0.56,5.35
8235,0.57,5.35
8236,0.57,5.35
8237,0.56,5.35
8238,0.56,5.35
8239,0.57,5.35
8240,0.56,5.35
8241,0.57,5.35
8242,0.56,5.35
8243,0.56,5.36
8244,0.56,5.36
8245,0.57,5.36
8246,0.57,5.36
8247,0.57,5.36
8248,0.56,5.36
8249,0.57,5.37
8250,0.57,5.37
8251,0.56,5.37
8252,0.56,5.37
8253,0.57,5.37
8254,0.56,5.37
8255,0.57,5.38
8256,0.57,5.38
8257,0.56,5.38
8258,0.57,5.38
8259,0.56,5.38
8260,0.57,5.38
8261,0.56,5.38
8262,0.56,5.38
8263,0.56,5.38
8264,0.56,5.38
8265,0.56,5.38
8266,0.56,5.37
8267,0.56,5.37
8268,0.56,5.37
8269,0.56,5.37
8270,0.56,5.37
8271,0.56,5.37
8272,0.56,5.36
8273,0.56,5.36
8274,0.56,5.36
8275,0.56,5.36
8276,0.56,5.36
8277,0.56,5.35
8278,0.56,5.35
8279,0.56,5.35
8280,0.56,5.35
8281,0.56,5.35
8282,0.56,5.35
8283,0.56,5.35
8284,0.56,5.35
8285,0.56,5.35
8286,0.57,5.35
8287,0.56,5.35
8288,0.57,5.35
8289,0.56,5.35
8290,0.56,5.35
8291,0.57,5.35
8292,0.56,5.35
8293,0.57,5.35
8294,0.56,5.35
8295,0.57,5.35
8296,0.56,5.36
8297,0.56,5.36
8298,0.56,5.36
8299,0.56,5.36
8300,0.57,5.36
8301,0.57,5.37
8302,0.56,5.37
8303,0.56,5.37
8304,0.57,5.37
8305,0.57,5.37
8306,0.57,5.37
8307,0.57,5.38
8308,0.56,5.38
8309,0.56,5.38
8310,0.57,5.38
8311,0.56,5.38
8312,0.56,5.38
8313,0.56,5.38
8314,0.56,5.38
8315,0.56,5.38
8316,0.56,5.38
8317,0.56,5.38
8318,0.56,5.38
8319,0.56,5.38
8320,0.56,5.37
8321,0.56,5.37
8322,0.56,5.37
8323,0.56,5.37
8324,0.56,5.37
8325,0.56,5.36
8326,0.56,5.36
8327,0.56,5.36
8328,0.56,5.36
8329,0.56,5.36
8330,0.56,5.36
8331,0.56,5.35
8332,0.56,5.35
8333,0.56,5.35
8334,0.56,5.35
8335,0.56,5.35
8336,0.56,5.35
8337,0.56,5.35
8338,0.56,5.35
8339,0.56,5.35
8340,0.56,5.35
8341,0.56,5.35
8342,0.56,5.35
8343,0.57,5.35
8344,0.56,5.35
8345,0.57,5.35
8346,0.57,5.35
8347,0.56,5.35
8348,0.57,5.35
8349,0.57,5.36
8350,0.57,5.36
8351,0.56,5.36
8352,0.56,5.36
8353,0.57,5.36
8354,0.57,5.36
8355,0.57,5.37
8356,0.57,5.37
8357,0.57,5.37
8358,0.56,5.37
8359,0.56,5.37
8360,0.56,5.37
8361,0.57,5.38
8362,0.56,5.38
8363,0.56,5.38
8364,0.56,5.38
8365,0.56,5.38
8366,0.56,5.38
8367,0.57,5.38
8368,0.56,5.38
8369,0.56,5.38
8370,0.56,5.38
8371,0.56,5.38
8372,0.56,5.37
8373,0.56,5.37
8374,0.56,5.37
8375,0.56,5.37
8376,0.56,5.37
8377,0.56,5.37
8378,0.56,5.36
8379,0.56,5.36
8380,0.56,5.36
8381,0.56,5.36
8382,0.56,5.36
8383,0.56,5.35
8384,0.56,5.35
8385,0.56,5.35
8386,0.56,5.35
8387,0.56,5.35
8388,0.56,5.35
8389,0.56,5.35
8390,0.56,5.35
8391,0.56,5.35
8392,0.56,5.35
8393,0.57,5.35
8394,0.57,5.35
8395,0.56,5.35
8396,0.56,5.35
8397,0.56,5.35
8398,0.57,5.35
8399,0.57,5.35
8400,0.57,5.35
8401,0.56,5.35
8402,0.57,5.35
8403,0.56,5.36
8404,0.57,5.36
8405,0.56,5.36
8406,0.57,5.36
8407,0.57,5.36
8408,0.56,5.37
8409,0.57,5.37
8410,0.56,5.37
8411,0.57,5.37
8412,0.57,5.37
8413,0.57,5.37
8414,0.56,5.38
8415,0.57,5.38
8416,0.57,5.38
8417,0.56,5.38
8418,0.56,5.38
8419,0.56,5.38
8420,0.56,5.38
8421,0.56,5.38
8422,0.56,5.38
8423,0.56,5.38
8424,0.56,5.38
8425,0.56,5.37
8426,0.57,5.37
8427,0.56,5.37
8428,0.56,5.37
8429,0.56,5.37
8430,0.56,5.37
8431,0.56,5.36
8432,0.56,5.36
8433,0.56,5.36
8434,0.56,5.36
8435,0.56,5.36
8436,0.56,5.35
8437,0.56,5.35
8438,0.56,5.35
8439,0.56,5.35
8440,0.56,5.35
8441,0.57,5.35
8442,0.56,5.35
8443,0.56,5.34
8444,0.56,5.34
8445,0.56,5.34
8446,0.57,5.34
8447,0.57,5.34
8448,0.56,5.34
8449,0.57,5.35
8450,0.56,5.35
8451,0.56,5.35
8452,0.57,5.35
8453,0.56,5.35
8454,0.56,5.35
8455,0.57,5.35
8456,0.57,5.36
8457,0.56,5.36
8458,0.57,5.36
8459,0.57,5.36
8460,0.57,5.36
8461,0.56,5.36
8462,0.57,5.37
8463,0.57,5.37
8464,0.57,5.37
8465,0.56,5.37
8466,0.57,5.37
8467,0.57,5.37
8468,0.56,5.38
8469,0.57,5.38
8470,0.56,5.38
8471,0.56,5.38
8472,0.56,5.38
8473,0.56,5.38
8474,0.56,5.38
8475,0.56,5.38
8476,0.56,5.38
8477,0.56,5.37
8478,0.56,5.37
8479,0.56,5.37
8480,0.56,5.37
8481,0.56,5.37
8482,0.56,5.37
8483,0.56,5.37
8484,0.56,5.36
8485,0.56,5.36
8486,0.56,5.36
8487,0.56,5.36
8488,0.56,5.35
8489,0.56,5.35
8490,0.56,5.35
8491,0.56,5.35
8492,0.56,5.35
8493,0.56,5.35
8494,0.56,5.35
8495,0.56,5.34
8496,0.56,5.34
8497,0.56,5.34
8498,0.56,5.34
8499,0.56,5.34
8500,0.56,5.34
8501,0.57,5.34
8502,0.56,5.34
8503,0.57,5.35
8504,0.57,5.35
8505,0.56,5.35
8506,0.56,5.35
8507,0.56,5.35
8508,0.57,5.35
8509,0.57,5.35
8510,0.56,5.36
8511,0.57,5.36
8512,0.57,5.36
8513,0.57,5.36
8514,0.57,5.36
8515,0.56,5.37
8516,0.57,5.37
8517,0.56,5.37
8518,0.57,5.37
8519,0.56,5.37
8520,0.57,5.37
8521,0.56,5.37
8522,0.56,5.38
8523,0.56,5.38
8524,0.56,5.38
8525,0.56,5.38
8526,0.57,5.38
8527,0.56,5.38
8528,0.57,5.38
8529,0.56,5.38
8530,0.56,5.37
8531,0.56,5.37
8532,0.56,5.37
8533,0.56,5.37
8534,0.56,5.37
8535,0.56,5.37
8536,0.56,5.36
8537,0.56,5.36
8538,0.56,5.36
8539,0.56,5.36
8540,0.56,5.36
8541,0.56,5.35
8542,0.56,5.35
8543,0.56,5.35
8544,0.56,5.35
8545,0.56,5.35
8546,0.56,5.35
8547,0.56,5.35
8548,0.56,5.34
8549,0.56,5.34
8550,0.56,5.34
8551,0.56,5.34
8552,0.56,5.34
8553,0.56,5.34
8554,0.56,5.34
8555,0.56,5.34
8556,0.56,5.35
8557,0.56,5.35
8558,0.56,5.35
8559,0.57,5.35
8560,0.56,5.35
8561,0.56,5.35
8562,0.56,5.35
8563,0.56,5.36
8564,0.56,5.36
8565,0.56,5.36
8566,0.57,5.36
8567,0.56,5.36
8568,0.56,5.37
8569,0.56,5.37
8570,0.57,5.37
8571,0.57,5.37
8572,0.57,5.37
8573,0.57,5.37
8574,0.57,5.37
8575,0.56,5.38
8576,0.56,5.38
8577,0.56,5.38
8578,0.56,5.38
8579,0.56,5.38
8580,0.57,5.38
8581,0.56,5.38
8582,0.56,5.38
8583,0.56,5.37
8584,0.56,5.37
8585,0.57,5.37
8586,0.56,5.37
8587,0.56,5.37
8588,0.56,5.37
8589,0.56,5.36
8590,0.56,5.36
8591,0.56,5.36
8592,0.56,5.36
8593,0.56,5.36
8594,0.56,5.36
8595,0.56,5.35
8596,0.56,5.35
8597,0.56,5.35
8598,0.56,5.35
8599,0.56,5.35
8600,0.56,5.35
8601,0.56,5.34
8602,0.56,5.34
8603,0.56,5.34
8604,0.56,5.34
8605,0.56,5.34
8606,0.57,5.34
8607,0.56,5.34
8608,0.56,5.34
8609,0.56,5.34
8610,0.57,5.35
8611,0.56,5.35
8612,0.57,5.35
8613,0.57,5.35
8614,0.57,5.35
8615,0.56,5.35
8616,0.57,5.35
8617,0.56,5.36
8618,0.57,5.36
8619,0.57,5.36
8620,0.57,5.36
8621,0.56,5.36
8622,0.57,5.37
8623,0.56,5.37
8624,0.56,5.37
8625,0.57,5.37
8626,0.57,5.37
8627,0.56,5.37
8628,0.56,5.38
8629,0.56,5.38
8630,0.56,5.38
8631,0.56,5.38
8632,0.56,5.38
8633,0.56,5.38
8634,0.56,5.38
8635,0.56,5.38
8636,0.56,5.37
8637,0.56,5.37
8638,0.56,5.37
8639,0.56,5.37
8640,0.56,5.37
8641,0.56,5.37
8642,0.56,5.37
8643,0.56,5.36
8644,0.56,5.36
8645,0.56,5.36
8646,0.56,5.36
8647,0.56,5.36
8648,0.56,5.35
8649,0.56,5.35
8650,0.56,5.35
8651,0.56,5.35
8652,0.56,5.35
8653,0.56,5.35
8654,0.56,5.34
8655,0.56,5.34
8656,0.56,5.34
8657,0.56,5.34
8658,0.56,5.34
8659,0.56,5.34
8660,0.56,5.34
8661,0.56,5.34
8662,0.56,5.34
8663,0.56,5.35
8664,0.57,5.35
8665,0.56,5.35
8666,0.57,5.35
8667,0.57,5.35
8668,0.57,5.35
8669,0.57,5.35
8670,0.57,5.36
8671,0.57,5.36
8672,0.57,5.36
8673,0.57,5.36
8674,0.57,5.36
8675,0.56,5.37
8676,0.56,5.37
8677,0.57,5.37
8678,0.56,5.37
8679,0.56,5.37
8680,0.56,5.37
8681,0.57,5.37
8682,0.56,5.38
8683,0.56,5.38
8684,0.56,5.38
8685,0.56,5.38
8686,0.56,5.38
8687,0.57,5.38
8688,0.56,5.38
8689,0.56,5.37
8690,0.56,5.37
8691,0.56,5.37
8692,0.56,5.37
8693,0.56,5.37
8694,0.56,5.37
8695,0.56,5.37
8696,0.56,5.36
8697,0.56,5.36
8698,0.56,5.36
8699,0.56,5.36
8700,0.56,5.36
8701,0.56,5.35
8702,0.56,5.35
8703,0.56,5.35
8704,0.56,5.35
8705,0.56,5.35
8706,0.56,5.35
8707,0.56,5.34
8708,0.56,5.34
8709,0.56,5.34
8710,0.56,5.34
8711,0.57,5.34
8712,0.56,5.34
8713,0.56,5.34
8714,0.56,5.34
8715,0.57,5.34
8716,0.57,5.34
8717,0.57,5.35
8718,0.57,5.35
8719,0.56,5.35
8720,0.56,5.35
8721,0.57,5.35
8722,0.56,5.35
8723,0.56,5.36
8724,0.56,5.36
8725,0.57,5.36
8726,0.57,5.36
8727,0.57,5.36
8728,0.57,5.37
8729,0.56,5.37
8730,0.57,5.37
8731,0.56,5.37
8732,0.57,5.37
8733,0.56,5.37
8734,0.56,5.37
8735,0.57,5.38
8736,0.56,5.38
8737,0.56,5.38
8738,0.56,5.38
8739,0.57,5.38
8740,0.56,5.38
8741,0.56,5.38
8742,0.56,5.37
8743,0.56,5.37
8744,0.56,5.37
8745,0.56,5.37
8746,0.56,5.37
8747,0.56,5.37
8748,0.56,5.37
8749,0.56,5.36
8750,0.56,5.36
8751,0.56,5.36
8752,0.56,5.36
8753,0.56,5.36
8754,0.56,5.35
8755,0.56,5.35
8756,0.56,5.35
8757,0.56,5.35
8758,0.56,5.35
8759,0.56,5.35
8760,0.56,5.34
8761,0.56,5.34
8762,0.56,5.34
8763,0.56,5.34
8764,0.57,5.34
8765,0.56,5.34
8766,0.56,5.34
8767,0.57,5.34
8768,0.56,5.34
8769,0.56,5.34
8770,0.56,5.34
8771,0.57,5.35
8772,0.56,5.35
8773,0.56,5.35
8774,0.57,5.35
8775,0.57,5.35
8776,0.57,5.35
8777,0.57,5.36
8778,0.57,5.36
8779,0.57,5.36
8780,0.57,5.36
8781,0.57,5.36
8782,0.57,5.37
8783,0.57,5.37
8784,0.57,5.37
8785,0.57,5.37
8786,0.56,5.37
8787,0.56,5.37
8788,0.57,5.37
8789,0.56,5.37
8790,0.57,5.37
8791,0.56,5.38
8792,0.56,5.38
8793,0.57,5.37
8794,0.56,5.37
8795,0.56,5.37
8796,0.56,5.37
8797,0.56,5.37
8798,0.56,5.37
8799,0.56,5.37
8800,0.56,5.37
8801,0.56,5.37
8802,0.56,5.36
8803,0.56,5.36
8804,0.56,5.36
8805,0.56,5.36
8806,0.56,5.36
8807,0.56,5.35
8808,0.56,5.35
8809,0.56,5.35
8810,0.56,5.35
8811,0.56,5.35
8812,0.56,5.34
8813,0.56,5.34
8814,0.56,5.34
8815,0.56,5.34
8816,0.56,5.34
8817,0.56,5.34
8818,0.56,5.34
8819,0.56,5.34
8820,0.56,5.34
8821,0.57,5.34
8822,0.56,5.34
8823,0.56,5.34
8824,0.56,5.35
8825,0.56,5.35
8826,0.56,5.35
8827,0.57,5.35
8828,0.57,5.35
8829,0.57,5.35
8830,0.56,5.36
8831,0.57,5.36
8832,0.57,5.36
8833,0.57,5.36
8834,0.57,5.36
8835,0.57,5.37
8836,0.56,5.37
8837,0.57,5.37
8838,0.57,5.37
8839,0.56,5.37
8840,0.56,5.37
8841,0.56,5.37
8842,0.57,5.37
8843,0.56,5.38
8844,0.56,5.38
8845,0.57,5.38
8846,0.56,5.38
8847,0.56,5.37
8848,0.56,5.37
8849,0.56,5.37
8850,0.56,5.37
8851,0.56,5.37
8852,0.56,5.37
8853,0.56,5.37
8854,0.56,5.37
8855,0.56,5.36
8856,0.56,5.36
8857,0.56,5.36
8858,0.56,5.36
8859,0.56,5.36
8860,0.56,5.35
8861,0.56,5.35
8862,0.56,5.35
8863,0.56,5.35
8864,0.56,5.35
8865,0.56,5.34
8866,0.56,5.34
8867,0.56,5.34
8868,0.56,5.34
8869,0.56,5.34
8870,0.56,5.34
8871,0.56,5.34
8872,0.56,5.34
8873,0.56,5.34
8874,0.57,5.34
8875,0.56,5.34
8876,0.56,5.34
8877,0.56,5.34
8878,0.57,5.34
8879,0.57,5.35
8880,0.57,5.35
8881,0.57,5.35
8882,0.57,5.35
8883,0.57,5.35
8884,0.57,5.36
8885,0.57,5.36
8886,0.56,5.36
8887,0.57,5.36
8888,0.57,5.36
8889,0.57,5.36
8890,0.57,5.37
8891,0.57,5.37
8892,0.57,5.37
8893,0.56,5.37
8894,0.56,5.37
8895,0.57,5.37
8896,0.57,5.37
8897,0.57,5.37
8898,0.57,5.37
8899,0.56,5.37
8900,0.56,5.37
8901,0.56,5.37
8902,0.56,5.37
8903,0.56,5.37
8904,0.56,5.37
8905,0.56,5.37
8906,0.56,5.37
8907,0.56,5.36
8908,0.56,5.36
8909,0.56,5.36
8910,0.56,5.36
8911,0.56,5.36
8912,0.56,5.35
8913,0.56,5.35
8914,0.56,5.35
8915,0.56,5.35
8916,0.56,5.35
8917,0.56,5.35
8918,0.56,5.34
8919,0.56,5.34
8920,0.57,5.34
8921,0.57,5.34
8922,0.57,5.34
8923,0.57,5.34
8924,0.56,5.34
8925,0.57,5.34
8926,0.56,5.34
8927,0.56,5.34
8928,0.57,5.34
8929,0.56,5.34
8930,0.57,5.34
8931,0.57,5.34
8932,0.56,5.35
8933,0.57,5.35
8934,0.56,5.35
8935,0.57,5.35
8936,0.56,5.35
8937,0.57,5.35
8938,0.57,5.36
8939,0.57,5.36
8940,0.56,5.36
8941,0.57,5.36
8942,0.57,5.36
8943,0.57,5.37
8944,0.57,5.37
8945,0.57,5.37
8946,0.57,5.37
8947,0.56,5.37
8948,0.56,5.37
8949,0.56,5.37
8950,0.57,5.37
8951,0.57,5.37
8952,0.56,5.37
8953,0.56,5.37
8954,0.56,5.37
8955,0.56,5.37
8956,0.56,5.37
8957,0.56,5.37
8958,0.56,5.37
8959,0.56,5.37
8960,0.56,5.37
8961,0.56,5.36
8962,0.56,5.36
8963,0.56,5.36
8964,0.56,5.36
8965,0.56,5.36
8966,0.56,5.35
8967,0.56,5.35
8968,0.56,5.35
8969,0.56,5.35
8970,0.56,5.35
8971,0.56,5.34
8972,0.57,5.34
8973,0.57,5.34
8974,0.56,5.34
8975,0.56,5.34
8976,0.56,5.34
8977,0.56,5.34
8978,0.56,5.34
8979,0.57,5.34
8980,0.57,5.34
8981,0.57,5.34
8982,0.57,5.34
8983,0.56,5.34
8984,0.57,5.34
8985,0.56,5.35
8986,0.56,5.35
8987,0.57,5.35
8988,0.57,5.35
8989,0.56,5.35
8990,0.57,5.35
8991,0.57,5.36
8992,0.57,5.36
8993,0.57,5.36
8994,0.57,5.36
8995,0.57,5.36
8996,0.57,5.37
8997,0.57,5.37
8998,0.56,5.37
8999,0.57,5.37
9000,0.57,5.37
9001,0.57,5.37
9002,0.57,5.37
9003,0.56,5.37
9004,0.57,5.37
9005,0.57,5.37
9006,0.56,5.37
9007,0.56,5.37
9008,0.56,5.37
9009,0.56,5.37
9010,0.56,5.37
9011,0.56,5.37
9012,0.56,5.37
9013,0.56,5.37
9014,0.56,5.36
9015,0.56,5.36
9016,0.56,5.36
9017,0.56,5.36
9018,0.56,5.36
9019,0.56,5.35
9020,0.56,5.35
9021,0.56,5.35
9022,0.56,5.35
9023,0.56,5.35
9024,0.56,5.34
9025,0.56,5.34
9026,0.56,5.34
9027,0.56,5.34
9028,0.57,5.34
9029,0.56,5.34
9030,0.56,5.34
9031,0.56,5.34
9032,0.56,5.34
9033,0.57,5.34
9034,0.56,5.34
9035,0.57,5.34
9036,0.56,5.34
9037,0.57,5.34
9038,0.57,5.34
9039,0.56,5.35
9040,0.56,5.35
9041,0.57,5.35
9042,0.57,5.35
9043,0.57,5.35
9044,0.57,5.36
9045,0.57,5.36
9046,0.57,5.36
9047,0.57,5.36
9048,0.57,5.36
9049,0.57,5.37
9050,0.57,5.37
9051,0.57,5.37
9052,0.57,5.37
9053,0.57,5.37
9054,0.56,5.37
9055,0.57,5.37
9056,0.57,5.37
9057,0.56,5.37
9058,0.56,5.37
9059,0.56,5.37
9060,0.56,5.37
9061,0.56,5.37
9062,0.56,5.37
9063,0.56,5.37
9064,0.56,5.37
9065,0.56,5.37
9066,0.56,5.37
9067,0.56,5.37
9068,0.56,5.36
9069,0.57,5.36
9070,0.56,5.36
9071,0.56,5.36
9072,0.56,5.36
9073,0.56,5.35
9074,0.56,5.35
9075,0.56,5.35
9076,0.56,5.35
9077,0.56,5.35
9078,0.56,5.34
9079,0.56,5.34
9080,0.57,5.34
9081,0.56,5.34
9082,0.56,5.34
9083,0.57,5.34
9084,0.56,5.34
9085,0.56,5.34
9086,0.57,5.34
9087,0.57,5.34
9088,0.57,5.34
9089,0.57,5.34
9090,0.57,5.34
9091,0.56,5.35
9092,0.56,5.35
9093,0.56,5.35
9094,0.57,5.35
9095,0.57,5.35
9096,0.57,5.35
9097,0.56,5.36
9098,0.57,5.36
9099,0.57,5.36
9100,0.56,5.36
9101,0.57,5.36
9102,0.57,5.37
9103,0.57,5.37
9104,0.57,5.37
9105,0.57,5.37
9106,0.57,5.37
9107,0.56,5.37
9108,0.56,5.37
9109,0.56,5.38
9110,0.57,5.38
9111,0.56,5.38
9112,0.56,5.38
9113,0.56,5.38
9114,0.56,5.38
9115,0.56,5.37
9116,0.56,5.37
9117,0.56,5.37
9118,0.57,5.37
9119,0.56,5.37
9120,0.56,5.37
9121,0.56,5.37
9122,0.56,5.36
9123,0.56,5.36
9124,0.56,5.36
9125,0.56,5.36
9126,0.56,5.36
9127,0.56,5.35
9128,0.56,5.35
9129,0.56,5.35
9130,0.56,5.35
9131,0.57,5.35
9132,0.56,5.35
9133,0.56,5.35
9134,0.56,5.35
9135,0.56,5.34
9136,0.57,5.34
9137,0.56,5.34
9138,0.57,5.34
9139,0.56,5.34
9140,0.56,5.34
9141,0.56,5.35
9142,0.57,5.35
9143,0.56,5.35
9144,0.56,5.35
9145,0.56,5.35
9146,0.57,5.35
9147,0.57,5.35
9148,0.56,5.35
9149,0.57,5.36
9150,0.57,5.36
9151,0.57,5.36
9152,0.57,5.36
9153,0.57,5.36
9154,0.57,5.37
9155,0.57,5.37
9156,0.56,5.37
9157,0.56,5.37
9158,0.57,5.37
9159,0.57,5.37
9160,0.57,5.38
9161,0.56,5.38
9162,0.56,5.38
9163,0.56,5.38
9164,0.56,5.38
9165,0.56,5.38
9166,0.56,5.38
9167,0.57,5.38
9168,0.56,5.38
9169,0.56,5.37
9170,0.56,5.37
9171,0.56,5.37
9172,0.56,5.37
9173,0.56,5.37
9174,0.56,5.37
9175,0.56,5.37
9176,0.56,5.36
9177,0.56,5.36
9178,0.56,5.36
9179,0.56,5.36
9180,0.56,5.36
9181,0.56,5.35
9182,0.56,5.35
9183,0.56,5.35
9184,0.56,5.35
9185,0.56,5.35
9186,0.56,5.35
9187,0.56,5.35
9188,0.56,5.34
9189,0.56,5.34
9190,0.57,5.34
9191,0.56,5.34
9192,0.56,5.34
9193,0.56,5.34
9194,0.56,5.35
9195,0.56,5.35
9196,0.57,5.35
9197,0.57,5.35
9198,0.57,5.35
9199,0.57,5.35
9200,0.57,5.35
9201,0.57,5.35
9202,0.57,5.36
9203,0.57,5.36
9204,0.57,5.36
9205,0.57,5.36
9206,0.57,5.36
9207,0.57,5.37
9208,0.56,5.37
9209,0.56,5.37
9210,0.57,5.37
9211,0.57,5.37
9212,0.57,5.37
9213,0.57,5.38
9214,0.57,5.38
9215,0.56,5.38
9216,0.57,5.38
9217,0.57,5.38
9218,0.56,5.38
9219,0.56,5.38
9220,0.57,5.38
9221,0.56,5.38
9222,0.56,5.38
9223,0.56,5.37
9224,0.56,5.37
9225,0.56,5.37
9226,0.56,5.37
9227,0.57,5.37
9228,0.56,5.37
9229,0.56,5.36
9230,0.56,5.36
9231,0.56,5.36
9232,0.56,5.36
9233,0.56,5.36
9234,0.56,5.35
9235,0.56,5.35
9236,0.56,5.35
9237,0.56,5.35
9238,0.56,5.35
9239,0.56,5.35
9240,0.56,5.35
9241,0.56,5.34
9242,0.56,5.34
9243,0.56,5.34
9244,0.57,5.34
9245,0.57,5.34
9246,0.57,5.34
9247,0.57,5.34
9248,0.56,5.35
9249,0.57,5.35
9250,0.57,5.35
9251,0.56,5.35
9252,0.56,5.35
9253,0.56,5.35
9254,0.57,5.35
9255,0.57,5.36
9256,0.57,5.36
9257,0.57,5.36
9258,0.57,5.36
9259,0.56,5.36
9260,0.57,5.37
9261,0.56,5.37
9262,0.57,5.37
9263,0.57,5.37
9264,0.57,5.37
9265,0.57,5.37
9266,0.56,5.38
9267,0.56,5.38
9268,0.56,5.38
9269,0.56,5.38
9270,0.56,5.38
9271,0.56,5.38
9272,0.56,5.38
9273,0.56,5.38
9274,0.56,5.38
9275,0.56,5.38
9276,0.56,5.38
9277,0.57,5.37
9278,0.56,5.37
9279,0.56,5.37
9280,0.56,5.37
9281,0.56,5.37
9282,0.56,5.36
9283,0.56,5.36
9284,0.56,5.36
9285,0.56,5.36
9286,0.56,5.36
9287,0.56,5.35
9288,0.56,5.35
9289,0.56,5.35
9290,0.56,5.35
9291,0.56,5.35
9292,0.56,5.35
9293,0.57,5.34
9294,0.56,5.34
9295,0.56,5.34
9296,0.56,5.34
9297,0.56,5.34
9298,0.57,5.34
9299,0.56,5.34
9300,0.56,5.34
9301,0.56,5.34
9302,0.56,5.34
9303,0.56,5.35
9304,0.57,5.35
9305,0.57,5.35
9306,0.57,5.35
9307,0.56,5.35
9308,0.57,5.35
9309,0.57,5.36
9310,0.57,5.36
9311,0.57,5.36
9312,0.57,5.36
9313,0.56,5.36
9314,0.57,5.37
9315,0.57,5.37
9316,0.56,5.37
9317,0.57,5.37
9318,0.57,5.37
9319,0.57,5.37
9320,0.56,5.38
9321,0.57,5.38
9322,0.57,5.38
9323,0.56,5.38
9324,0.56,5.38
9325,0.57,5.38
9326,0.56,5.38
9327,0.56,5.38
9328,0.57,5.38
9329,0.56,5.37
9330,0.56,5.37
9331,0.56,5.37
9332,0.56,5.37
9333,0.56,5.37
9334,0.56,5.37
9335,0.56,5.36
9336,0.56,5.36
9337,0.56,5.36
9338,0.56,5.36
9339,0.56,5.36
9340,0.56,5.35
9341,0.56,5.35
9342,0.56,5.35
9343,0.56,5.35
9344,0.56,5.35
9345,0.56,5.35
9346,0.56,5.34
9347,0.57,5.34
9348,0.56,5.34
9349,0.56,5.34
9350,0.56,5.34
9351,0.56,5.34
9352,0.56,5.34
9353,0.56,5.34
9354,0.56,5.34
9355,0.57,5.34
9356,0.56,5.35
9357,0.56,5.35
9358,0.56,5.35
9359,0.56,5.35
9360,0.56,5.35
9361,0.57,5.35
9362,0.57,5.36
9363,0.56,5.36
9364,0.57,5.36
9365,0.57,5.36
9366,0.57,5.36
9367,0.57,5.37
9368,0.56,5.37
9369,0.56,5.37
9370,0.57,5.37
9371,0.57,5.37
9372,0.57,5.37
9373,0.57,5.38
9374,0.56,5.38
9375,0.57,5.38
9376,0.56,5.38
9377,0.56,5.38
9378,0.56,5.38
9379,0.56,5.38
9380,0.56,5.38
9381,0.56,5.38
9382,0.57,5.37
9383,0.56,5.37
9384,0.56,5.37
9385,0.57,5.37
9386,0.56,5.37
9387,0.56,5.37
9388,0.56,5.36
9389,0.56,5.36
9390,0.56,5.36
9391,0.56,5.36
9392,0.56,5.36
9393,0.56,5.35
9394,0.56,5.35
9395,0.56,5.35
9396,0.56,5.35
9397,0.56,5.35
9398,0.56,5.35
9399,0.56,5.34
9400,0.56,5.34
9401,0.56,5.34
9402,0.56,5.34
9403,0.57,5.34
9404,0.56,5.34
9405,0.57,5.34
9406,0.56,5.34
9407,0.56,5.34
9408,0.56,5.34
9409,0.57,5.34
9410,0.56,5.35
9411,0.57,5.35
9412,0.57,5.35
9413,0.56,5.35
9414,0.56,5.35
9415,0.56,5.35
9416,0.57,5.36
9417,0.57,5.36
9418,0.57,5.36
9419,0.57,5.36
9420,0.57,5.36
9421,0.57,5.37
9422,0.57,5.37
9423,0.57,5.37
9424,0.56,5.37
9425,0.56,5.37
9426,0.57,5.37
9427,0.56,5.38
9428,0.57,5.38
9429,0.56,5.38
9430,0.56,5.38
9431,0.56,5.38
9432,0.56,5.38
9433,0.56,5.38
9434,0.56,5.38
9435,0.56,5.37
9436,0.56,5.37
9437,0.56,5.37
9438,0.56,5.37
9439,0.56,5.37
9440,0.56,5.37
9441,0.56,5.36
9442,0.56,5.36
9443,0.56,5.36
9444,0.56,5.36
9445,0.56,5.36
9446,0.56,5.35
9447,0.56,5.35
9448,0.56,5.35
9449,0.56,5.35
9450,0.56,5.35
9451,0.56,5.35
9452,0.56,5.35
9453,0.56,5.34
9454,0.56,5.34
9455,0.56,5.34
9456,0.56,5.34
9457,0.56,5.34
9458,0.56,5.34
9459,0.57,5.34
9460,0.57,5.34
9461,0.56,5.34
9462,0.57,5.35
9463,0.57,5.35
9464,0.56,5.35
9465,0.56,5.35
9466,0.56,5.35
9467,0.57,5.35
9468,0.56,5.36
9469,0.57,5.36
9470,0.57,5.36
9471,0.57,5.36
9472,0.57,5.36
9473,0.57,5.36
9474,0.57,5.37
9475,0.56,5.37
9476,0.57,5.37
9477,0.57,5.37
9478,0.57,5.37
9479,0.56,5.37
9480,0.57,5.38
9481,0.57,5.38
9482,0.57,5.38
9483,0.56,5.38
9484,0.57,5.38
9485,0.56,5.38
9486,0.57,5.38
9487,0.56,5.38
9488,0.56,5.37
9489,0.56,5.37
9490,0.56,5.37
9491,0.56,5.37
9492,0.56,5.37
9493,0.56,5.37
9494,0.56,5.36
9495,0.56,5.36
9496,0.56,5.36
9497,0.56,5.36
9498,0.56,5.36
9499,0.56,5.35
9500,0.56,5.35
9501,0.56,5.35
9502,0.56,5.35
9503,0.56,5.35
9504,0.56,5.35
9505,0.56,5.34
9506,0.56,5.34
9507,0.56,5.34
9508,0.56,5.34
9509,0.56,5.34
9510,0.56,5.34
9511,0.56,5.34
9512,0.56,5.34
9513,0.56,5.34
9514,0.57,5.34
9515,0.57,5.34
9516,0.57,5.35
9517,0.56,5.35
9518,0.56,5.35
9519,0.57,5.35
9520,0.57,5.35
9521,0.56,5.35
9522,0.57,5.36
9523,0.56,5.36
9524,0.57,5.36
9525,0.56,5.36
9526,0.57,5.36
9527,0.57,5.37
9528,0.56,5.37
9529,0.57,5.37
9530,0.57,5.37
9531,0.57,5.37
9532,0.57,5.37
9533,0.57,5.38
9534,0.56,5.38
9535,0.57,5.38
9536,0.56,5.38
9537,0.56,5.38
9538,0.56,5.38
9539,0.56,5.38
9540,0.57,5.38
9541,0.57,5.37
9542,0.56,5.37
9543,0.56,5.37
9544,0.56,5.37
9545,0.56,5.37
9546,0.56,5.37
9547,0.56,5.37
9548,0.56,5.36
9549,0.56,5.36
9550,0.56,5.36
9551,0.56,5.36
9552,0.56,5.36
9553,0.56,5.35
9554,0.56,5.35
9555,0.56,5.35
9556,0.56,5.35
9557,0.56,5.35
9558,0.56,5.35
9559,0.56,5.34
9560,0.57,5.34
9561,0.56,5.34
9562,0.57,5.34
9563,0.56,5.34
9564,0.56,5.34
9565,0.56,5.34
9566,0.56,5.34
9567,0.57,5.34
9568,0.56,5.34
9569,0.56,5.35
9570,0.57,5.35
9571,0.57,5.35
9572,0.57,5.35
9573,0.57,5.35
9574,0.57,5.35
9575,0.56,5.36
9576,0.57,5.36
9577,0.57,5.36
9578,0.57,5.36
9579,0.56,5.36
9580,0.57,5.37
9581,0.57,5.37
9582,0.57,5.37
9583,0.57,5.37
9584,0.56,5.37
9585,0.57,5.37
9586,0.57,5.37
9587,0.56,5.38
9588,0.56,5.38
9589,0.56,5.38
9590,0.56,5.38
9591,0.56,5.38
9592,0.57,5.38
9593,0.56,5.38
9594,0.56,5.37
9595,0.56,5.37
9596,0.57,5.37
9597,0.56,5.37
9598,0.56,5.37
9599,0.56,5.37
9600,0.56,5.37
9601,0.56,5.36
9602,0.56,5.36
9603,0.56,5.36
9604,0.56,5.36
9605,0.56,5.36
9606,0.56,5.35
9607,0.56,5.35
9608,0.57,5.35
9609,0.56,5.35
9610,0.56,5.35
9611,0.57,5.35
9612,0.56,5.35
9613,0.56,5.35
9614,0.56,5.34
9615,0.56,5.34
9616,0.56,5.34
9617,0.56,5.34
9618,0.56,5.34
9619,0.56,5.34
9620,0.56,5.34
9621,0.57,5.35
9622,0.57,5.35
9623,0.57,5.35
9624,0.57,5.35
9625,0.56,5.35
9626,0.57,5.35
9627,0.57,5.35
9628,0.57,5.36
9629,0.56,5.36
9630,0.57,5.36
9631,0.57,5.36
9632,0.57,5.36
9633,0.57,5.36
9634,0.56,5.37
9635,0.56,5.37
9636,0.56,5.37
9637,0.57,5.37
9638,0.57,5.37
9639,0.57,5.37
9640,0.57,5.37
9641,0.57,5.37
9642,0.56,5.38
9643,0.56,5.38
9644,0.57,5.38
9645,0.56,5.38
9646,0.56,5.37
9647,0.56,5.37
9648,0.56,5.37
9649,0.56,5.37
9650,0.56,5.37
9651,0.56,5.37
9652,0.56,5.37
9653,0.56,5.37
9654,0.56,5.36
9655,0.56,5.36
9656,0.56,5.36
9657,0.56,5.36
9658,0.56,5.36
9659,0.56,5.35
9660,0.56,5.35
9661,0.56,5.35
9662,0.56,5.35
9663,0.56,5.35
9664,0.56,5.35
9665,0.57,5.34
9666,0.56,5.34
9667,0.56,5.34
9668,0.56,5.34
9669,0.56,5.34
9670,0.57,5.34
9671,0.56,5.34
9672,0.57,5.34
9673,0.57,5.34
9674,0.57,5.34
9675,0.57,5.34
9676,0.56,5.35
9677,0.56,5.35
9678,0.57,5.35
9679,0.56,5.35
9680,0.57,5.35
9681,0.57,5.35
9682,0.57,5.36
9683,0.56,5.36
9684,0.56,5.36
9685,0.56,5.36
9686,0.57,5.36
9687,0.57,5.37
9688,0.57,5.37
9689,0.56,5.37
9690,0.57,5.37
9691,0.57,5.37
9692,0.56,5.37
9693,0.57,5.37
9694,0.56,5.37
9695,0.56,5.38
9696,0.57,5.38
9697,0.56,5.38
9698,0.56,5.38
9699,0.56,5.37
9700,0.56,5.37
9701,0.56,5.37
9702,0.56,5.37
9703,0.57,5.37
9704,0.56,5.37
9705,0.56,5.37
9706,0.56,5.37
9707,0.56,5.36
9708,0.56,5.36
9709,0.56,5.36
9710,0.56,5.36
9711,0.56,5.36
9712,0.56,5.35
9713,0.56,5.35
9714,0.56,5.35
9715,0.56,5.35
9716,0.56,5.35
9717,0.56,5.35
9718,0.56,5.34
9719,0.56,5.34
9720,0.56,5.34
9721,0.56,5.34
9722,0.56,5.34
9723,0.56,5.34
9724,0.57,5.34
9725,0.56,5.34
9726,0.57,5.34
9727,0.56,5.34
9728,0.56,5.34
9729,0.56,5.34
9730,0.56,5.35
9731,0.56,5.35
9732,0.57,5.35
9733,0.57,5.35
9734,0.57,5.35
9735,0.57,5.36
9736,0.56,5.36
9737,0.57,5.36
9738,0.57,5.36
9739,0.57,5.36
9740,0.57,5.36
9741,0.57,5.37
9742,0.57,5.37
9743,0.57,5.37
9744,0.57,5.37
9745,0.57,5.37
9746,0.57,5.37
9747,0.56,5.37
9748,0.56,5.37
9749,0.56,5.38
9750,0.56,5.38
9751,0.56,5.38
9752,0.56,5.37
9753,0.56,5.37
9754,0.56,5.37
9755,0.56,5.37
9756,0.56,5.37
9757,0.56,5.37
9758,0.56,5.37
9759,0.56,5.37
9760,0.56,5.36
9761,0.56,5.36
9762,0.56,5.36
9763,0.56,5.36
9764,0.56,5.36
9765,0.56,5.36
9766,0.56,5.35
9767,0.56,5.35
9768,0.56,5.35
9769,0.56,5.35
9770,0.56,5.35
9771,0.56,5.35
9772,0.56,5.34
9773,0.56,5.34
9774,0.56,5.34
9775,0.56,5.34
9776,0.57,5.34
9777,0.56,5.34
9778,0.56,5.34
9779,0.56,5.34
9780,0.57,5.34
9781,0.57,5.35
9782,0.56,5.35
9783,0.56,5.35
9784,0.57,5.35
9785,0.57,5.35
9786,0.57,5.35
9787,0.57,5.36
9788,0.57,5.36
9789,0.57,5.36
9790,0.57,5.36
9791,0.57,5.36
9792,0.57,5.36
9793,0.57,5.37
9794,0.57,5.37
9795,0.57,5.37
9796,0.57,5.37
9797,0.56,5.37
9798,0.57,5.37
9799,0.57,5.38
9800,0.57,5.38
9801,0.56,5.38
9802,0.56,5.38
9803,0.57,5.38
9804,0.56,5.38
9805,0.56,5.38
9806,0.56,5.38
9807,0.56,5.37
9808,0.56,5.37
9809,0.56,5.37
9810,0.56,5.37
9811,0.56,5.37
9812,0.56,5.37
9813,0.56,5.37
9814,0.56,5.36
9815,0.56,5.36
9816,0.56,5.36
9817,0.56,5.36
9818,0.56,5.36
9819,0.57,5.35
9820,0.56,5.35
9821,0.56,5.35
9822,0.56,5.35
9823,0.56,5.35
9824,0.56,5.35
9825,0.57,5.34
9826,0.57,5.34
9827,0.56,5.34
9828,0.56,5.34
9829,0.56,5.34
9830,0.56,5.34
9831,0.56,5.34
9832,0.57,5.34
9833,0.57,5.34
9834,0.56,5.35
9835,0.57,5.35
9836,0.57,5.35
9837,0.57,5.35
9838,0.57,5.35
9839,0.56,5.35
9840,0.57,5.36
9841,0.56,5.36
9842,0.56,5.36
9843,0.57,5.36
9844,0.57,5.36
9845,0.58,5.37
9846,0.57,5.37
9847,0.57,5.37
9848,0.57,5.37
9849,0.56,5.37
9850,0.57,5.37
9851,0.57,5.37
9852,0.57,5.38
9853,0.57,5.38
9854,0.56,5.38
9855,0.56,5.38
9856,0.57,5.38
9857,0.56,5.38
9858,0.56,5.38
9859,0.56,5.38
9860,0.56,5.38
9861,0.56,5.37
9862,0.56,5.37
9863,0.56,5.37
9864,0.56,5.37
9865,0.56,5.37
9866,0.56,5.37
9867,0.56,5.36
9868,0.56,5.36
9869,0.56,5.36
9870,0.56,5.36
9871,0.56,5.36
9872,0.56,5.36
9873,0.57,5.35
9874,0.56,5.35
9875,0.56,5.35
9876,0.56,5.35
9877,0.56,5.35
9878,0.56,5.35
9879,0.56,5.35
9880,0.56,5.34
9881,0.57,5.34
9882,0.56,5.34
9883,0.56,5.34
9884,0.57,5.34
9885,0.56,5.35
9886,0.56,5.35
9887,0.57,5.35
9888,0.56,5.35
9889,0.56,5.35
9890,0.56,5.35
9891,0.56,5.35
9892,0.57,5.35
9893,0.56,5.36
9894,0.57,5.36
9895,0.57,5.36
9896,0.57,5.36
9897,0.57,5.36
9898,0.57,5.37
9899,0.57,5.37
9900,0.57,5.37
9901,0.57,5.37
9902,0.57,5.37
9903,0.57,5.37
9904,0.56,5.38
9905,0.56,5.38
9906,0.56,5.38
9907,0.57,5.38
9908,0.57,5.38
9909,0.56,5.38
9910,0.57,5.38
9911,0.56,5.38
9912,0.56,5.38
9913,0.56,5.38
9914,0.56,5.38
9915,0.56,5.37
9916,0.56,5.37
9917,0.56,5.37
9918,0.56,5.37
9919,0.56,5.37
9920,0.56,5.37
9921,0.56,5.36
9922,0.56,5.36
9923,0.56,5.36
9924,0.56,5.36
9925,0.57,5.36
9926,0.56,5.35
9927,0.56,5.35
9928,0.56,5.35
9929,0.57,5.35
9930,0.56,5.35
9931,0.56,5.35
9932,0.56,5.34
9933,0.57,5.34
9934,0.56,5.34
9935,0.56,5.34
9936,0.56,5.34
9937,0.56,5.34
9938,0.56,5.35
9939,0.56,5.35
9940,0.56,5.35
9941,0.57,5.35
9942,0.56,5.35
9943,0.56,5.35
9944,0.57,5.35
9945,0.57,5.35
9946,0.57,5.36
9947,0.56,5.36
9948,0.56,5.36
9949,0.56,5.36
9950,0.57,5.36
9951,0.57,5.37
9952,0.57,5.37
9953,0.57,5.37
9954,0.57,5.37
9955,0.57,5.37
9956,0.56,5.37
9957,0.56,5.38
9958,0.57,5.38
9959,0.56,5.38
9960,0.56,5.38
9961,0.57,5.38
9962,0.56,5.38
9963,0.56,5.38
9964,0.56,5.38
9965,0.56,5.38
9966,0.56,5.38
9967,0.56,5.38
9968,0.56,5.37
9969,0.56,5.37
9970,0.56,5.37
9971,0.56,5.37
9972,0.56,5.37
9973,0.56,5.37
9974,0.56,5.36
9975,0.56,5.36
9976,0.56,5.36
9977,0.56,5.36
9978,0.56,5.36
9979,0.56,5.35
9980,0.56,5.35
9981,0.56,5.35
9982,0.56,5.35
9983,0.56,5.35
9984,0.56,5.35
9985,0.57,5.35
9986,0.56,5.35
9987,0.56,5.35
9988,0.56,5.34
9989,0.56,5.34
9990,0.56,5.35
9991,0.56,5.35
9992,0.56,5.35
9993,0.56,5.35
9994,0.56,5.35
9995,0.57,5.35
9996,0.56,5.35
9997,0.56,5.35
9998,0.57,5.35
9999,0.56,5.36
