Sample,Courant,Pose
0,0.52,7.41
1,0.52,7.41
2,0.52,7.41
3,0.52,7.41
4,0.52,7.4
5,0.52,7.4
6,0.52,7.4
7,0.52,7.39
8,0.52,7.39
9,0.52,7.39
10,0.51,7.39
11,0.51,7.38
12,0.51,7.38
13,0.51,7.38
14,0.51,7.37
15,0.51,7.37
16,0.51,7.37
17,0.51,7.36
18,0.51,7.36
19,0.51,7.36
20,0.51,7.36
21,0.5,7.35
22,0.51,7.35
23,0.5,7.35
24,0.5,7.34
25,0.5,7.34
26,0.5,7.34
27,0.5,7.34
28,0.5,7.33
29,0.49,7.33
30,0.49,7.33
31,0.49,7.33
32,0.49,7.33
33,0.49,7.33
34,0.49,7.33
35,0.49,7.32
36,0.49,7.32
37,0.49,7.32
38,0.49,7.32
39,0.49,7.32
40,0.49,7.32
41,0.49,7.31
42,0.48,7.31
43,0.48,7.31
44,0.48,7.3
45,0.48,7.3
46,0.48,7.3
47,0.47,7.3
48,0.48,7.29
49,0.47,7.29
50,0.47,7.28
51,0.47,7.28
52,0.47,7.28
53,0.47,7.27
54,0.47,7.27
55,0.47,7.27
56,0.47,7.26
57,0.47,7.26
58,0.47,7.26
59,0.46,7.25
60,0.46,7.25
61,0.46,7.25
62,0.46,7.25
63,0.46,7.24
64,0.46,7.24
65,0.46,7.24
66,0.46,7.24
67,0.45,7.23
68,0.45,7.23
69,0.45,7.23
70,0.45,7.23
71,0.45,7.23
72,0.45,7.23
73,0.45,7.23
74,0.45,7.23
75,0.45,7.23
76,0.45,7.22
77,0.45,7.22
78,0.45,7.22
79,0.44,7.22
80,0.44,7.22
81,0.44,7.22
82,0.44,7.21
83,0.44,7.21
84,0.43,7.21
85,0.43,7.2
86,0.43,7.2
87,0.43,7.2
88,0.43,7.2
89,0.43,7.2
90,0.43,7.2
91,0.43,7.19
92,0.43,7.19
93,0.43,7.19
94,0.43,7.19
95,0.43,7.19
96,0.42,7.19
97,0.42,7.19
98,0.42,7.19
99,0.42,7.19
100,0.42,7.19
101,0.42,7.19
102,0.41,7.19
103,0.41,7.19
104,0.41,7.19
105,0.41,7.19
106,0.41,7.19
107,0.41,7.19
108,0.41,7.19
109,0.41,7.19
110,0.41,7.19
111,0.41,7.19
112,0.4,7.19
113,0.4,7.19
114,0.4,7.19
115,0.4,7.19
116,0.4,7.19
117,0.4,7.19
118,0.4,7.19
119,0.4,7.19
120,0.39,7.19
121,0.4,7.19
122,0.39,7.19
123,0.39,7.19
124,0.39,7.19
125,0.39,7.19
126,0.39,7.19
127,0.39,7.19
128,0.39,7.19
129,0.39,7.19
130,0.38,7.19
131,0.39,7.19
132,0.38,7.19
133,0.38,7.19
134,0.39,7.19
135,0.38,7.19
136,0.38,7.2
137,0.37,7.2
138,0.37,7.19
139,0.37,7.19
140,0.37,7.19
141,0.37,7.19
142,0.37,7.19
143,0.37,7.19
144,0.37,7.19
145,0.37,7.2
146,0.37,7.2
147,0.37,7.2
148,0.36,7.2
149,0.36,7.2
150,0.36,7.2
151,0.36,7.2
152,0.36,7.2
153,0.36,7.2
154,0.36,7.2
155,0.36,7.2
156,0.36,7.2
157,0.36,7.19
158,0.36,7.2
159,0.36,7.19
160,0.35,7.19
161,0.35,7.19
162,0.35,7.19
163,0.35,7.19
164,0.34,7.19
165,0.35,7.18
166,0.35,7.18
167,0.34,7.18
168,0.34,7.18
169,0.34,7.18
170,0.34,7.17
171,0.34,7.17
172,0.34,7.17
173,0.34,7.17
174,0.34,7.17
175,0.33,7.16
176,0.34,7.16
177,0.33,7.16
178,0.33,7.16
179,0.33,7.16
180,0.33,7.16
181,0.32,7.16
182,0.33,7.16
183,0.32,7.16
184,0.33,7.16
185,0.32,7.16
186,0.32,7.16
187,0.32,7.16
188,0.32,7.16
189,0.32,7.16
190,0.32,7.16
191,0.32,7.16
192,0.32,7.16
193,0.32,7.16
194,0.32,7.16
195,0.31,7.16
196,0.31,7.16
197,0.31,7.16
198,0.3,7.16
199,0.31,7.16
200,0.3,7.16
201,0.3,7.15
202,0.3,7.15
203,0.3,7.15
204,0.3,7.15
205,0.3,7.14
206,0.3,7.14
207,0.3,7.14
208,0.3,7.14
209,0.3,7.13
210,0.3,7.13
211,0.29,7.13
212,0.29,7.13
213,0.29,7.12
214,0.29,7.12
215,0.28,7.12
216,0.28,7.12
217,0.28,7.12
218,0.28,7.11
219,0.28,7.11
220,0.28,7.11
221,0.28,7.11
222,0.28,7.11
223,0.28,7.1
224,0.28,7.1
225,0.28,7.1
226,0.28,7.1
227,0.28,7.1
228,0.28,7.1
229,0.27,7.1
230,0.27,7.1
231,0.27,7.09
232,0.27,7.09
233,0.27,7.069
234,0.69,5.55
235,0.69,5.55
236,0.69,5.54
237,0.69,5.54
238,0.69,5.54
239,0.69,5.54
240,0.69,5.53
241,0.69,5.53
242,0.69,5.53
243,0.69,5.52
244,0.69,5.52
245,0.69,5.52
246,0.69,5.52
247,0.69,5.52
248,0.69,5.51
249,0.69,5.51
250,0.69,5.51
251,0.69,5.51
252,0.69,5.51
253,0.69,5.52
254,0.69,5.52
255,0.69,5.52
256,0.69,5.52
257,0.69,5.52
258,0.69,5.53
259,0.69,5.53
260,0.69,5.53
261,0.69,5.54
262,0.69,5.54
263,0.69,5.54
264,0.69,5.55
265,0.69,5.55
266,0.69,5.55
267,0.7,5.56
268,0.69,5.56
269,0.69,5.56
270,0.69,5.57
271,0.69,5.57
272,0.69,5.57
273,0.69,5.57
274,0.69,5.57
275,0.69,5.57
276,0.69,5.57
277,0.69,5.57
278,0.69,5.57
279,0.69,5.57
280,0.69,5.57
281,0.69,5.56
282,0.69,5.56
283,0.69,5.56
284,0.69,5.55
285,0.69,5.55
286,0.69,5.55
287,0.69,5.54
288,0.69,5.54
289,0.69,5.54
290,0.69,5.53
291,0.69,5.53
292,0.69,5.52
293,0.69,5.52
294,0.69,5.52
295,0.69,5.51
296,0.69,5.51
297,0.69,5.51
298,0.69,5.51
299,0.69,5.51
300,0.69,5.51
301,0.69,5.51
302,0.69,5.51
303,0.69,5.51
304,0.69,5.52
305,0.69,5.52
306,0.69,5.52
307,0.69,5.53
308,0.69,5.53
309,0.69,5.53
310,0.69,5.54
311,0.69,5.54
312,0.69,5.55
313,0.69,5.55
314,0.69,5.56
315,0.69,5.56
316,0.69,5.56
317,0.69,5.57
318,0.69,5.57
319,0.69,5.57
320,0.69,5.57
321,0.69,5.58
322,0.69,5.58
323,0.69,5.58
324,0.69,5.58
325,0.69,5.58
326,0.69,5.58
327,0.69,5.58
328,0.69,5.57
329,0.69,5.57
330,0.69,5.57
331,0.69,5.56
332,0.69,5.56
333,0.69,5.56
334,0.69,5.55
335,0.69,5.55
336,0.69,5.54
337,0.69,5.54
338,0.69,5.53
339,0.69,5.53
340,0.69,5.53
341,0.69,5.52
342,0.69,5.52
343,0.69,5.52
344,0.69,5.52
345,0.69,5.51
346,0.69,5.51
347,0.69,5.51
348,0.69,5.51
349,0.69,5.51
350,0.69,5.52
351,0.69,5.52
352,0.69,5.52
353,0.69,5.52
354,0.69,5.52
355,0.69,5.53
356,0.69,5.53
357,0.69,5.54
358,0.69,5.54
359,0.69,5.55
360,0.69,5.55
361,0.69,5.56
362,0.69,5.56
363,0.69,5.56
364,0.69,5.57
365,0.69,5.57
366,0.69,5.57
367,0.69,5.58
368,0.69,5.58
369,0.69,5.58
370,0.69,5.58
371,0.69,5.58
372,0.69,5.58
373,0.69,5.58
374,0.69,5.58
375,0.69,5.57
376,0.69,5.57
377,0.69,5.57
378,0.69,5.56
379,0.69,5.56
380,0.69,5.56
381,0.69,5.55
382,0.69,5.55
383,0.69,5.55
384,0.69,5.55
385,0.69,5.54
386,0.69,5.54
387,0.69,5.53
388,0.69,5.53
389,0.69,5.53
390,0.69,5.52
391,0.69,5.52
392,0.69,5.52
393,0.69,5.52
394,0.69,5.52
395,0.69,5.52
396,0.69,5.52
397,0.69,5.52
398,0.69,5.52
399,0.69,5.52
400,0.69,5.53
401,0.69,5.53
402,0.69,5.53
403,0.69,5.54
404,0.69,5.54
405,0.69,5.54
406,0.69,5.55
407,0.69,5.55
408,0.69,5.55
409,0.69,5.56
410,0.69,5.56
411,0.69,5.56
412,0.69,5.57
413,0.69,5.57
414,0.69,5.57
415,0.69,5.57
416,0.69,5.57
417,0.69,5.57
418,0.69,5.57
419,0.69,5.58
420,0.69,5.58
421,0.69,5.57
422,0.69,5.57
423,0.69,5.57
424,0.69,5.57
425,0.69,5.57
426,0.69,5.56
427,0.69,5.56
428,0.69,5.56
429,0.69,5.55
430,0.69,5.55
431,0.69,5.55
432,0.69,5.54
433,0.69,5.54
434,0.69,5.54
435,0.69,5.53
436,0.69,5.53
437,0.69,5.53
438,0.69,5.53
439,0.69,5.53
440,0.69,5.52
441,0.69,5.52
442,0.69,5.52
443,0.69,5.52
444,0.69,5.52
445,0.69,5.53
446,0.69,5.53
447,0.69,5.53
448,0.69,5.53
449,0.69,5.53
450,0.69,5.54
451,0.69,5.54
452,0.69,5.54
453,0.69,5.55
454,0.69,5.55
455,0.69,5.55
456,0.69,5.55
457,0.69,5.56
458,0.69,5.56
459,0.69,5.56
460,0.69,5.56
461,0.69,5.57
462,0.69,5.57
463,0.69,5.57
464,0.69,5.57
465,0.69,5.57
466,0.69,5.57
467,0.69,5.57
468,0.69,5.57
469,0.69,5.57
470,0.69,5.56
471,0.69,5.56
472,0.69,5.56
473,0.69,5.56
474,0.69,5.55
475,0.69,5.55
476,0.69,5.55
477,0.69,5.55
478,0.69,5.54
479,0.69,5.54
480,0.69,5.54
481,0.69,5.53
482,0.69,5.53
483,0.69,5.53
484,0.69,5.53
485,0.69,5.53
486,0.69,5.52
487,0.69,5.52
488,0.69,5.52
489,0.69,5.52
490,0.69,5.52
491,0.69,5.52
492,0.69,5.53
493,0.69,5.53
494,0.69,5.53
495,0.69,5.53
496,0.69,5.53
497,0.69,5.53
498,0.69,5.53
499,0.69,5.54
500,0.69,5.54
501,0.69,5.54
502,0.69,5.55
503,0.69,5.55
504,0.69,5.55
505,0.69,5.56
506,0.69,5.56
507,0.69,5.56
508,0.69,5.56
509,0.69,5.56
510,0.69,5.56
511,0.69,5.56
512,0.69,5.56
513,0.69,5.56
514,0.69,5.56
515,0.69,5.56
516,0.69,5.56
517,0.69,5.56
518,0.69,5.56
519,0.69,5.56
520,0.69,5.56
521,0.69,5.56
522,0.69,5.55
523,0.69,5.55
524,0.7,5.54
525,0.69,5.54
526,0.69,5.54
527,0.69,5.54
528,0.69,5.53
529,0.69,5.53
530,0.69,5.53
531,0.69,5.53
532,0.69,5.53
533,0.69,5.53
534,0.69,5.53
535,0.69,5.53
536,0.69,5.53
537,0.69,5.53
538,0.69,5.53
539,0.69,5.53
540,0.69,5.53
541,0.69,5.53
542,0.69,5.53
543,0.69,5.53
544,0.69,5.54
545,0.69,5.54
546,0.69,5.54
547,0.69,5.55
548,0.69,5.55
549,0.69,5.55
550,0.69,5.55
551,0.69,5.56
552,0.69,5.56
553,0.69,5.56
554,0.69,5.56
555,0.69,5.57
556,0.7,5.57
557,0.69,5.57
558,0.69,5.57
559,0.69,5.57
560,0.69,5.57
561,0.69,5.57
562,0.69,5.57
563,0.69,5.57
564,0.69,5.56
565,0.69,5.56
566,0.69,5.56
567,0.69,5.56
568,0.69,5.55
569,0.69,5.55
570,0.69,5.55
571,0.7,5.55
572,0.69,5.54
573,0.69,5.54
574,0.69,5.54
575,0.69,5.54
576,0.69,5.54
577,0.69,5.53
578,0.69,5.53
579,0.69,5.53
580,0.69,5.53
581,0.69,5.53
582,0.69,5.53
583,0.69,5.53
584,0.69,5.53
585,0.69,5.53
586,0.69,5.53
587,0.69,5.53
588,0.69,5.53
589,0.69,5.53
590,0.69,5.54
591,0.69,5.54
592,0.69,5.54
593,0.69,5.54
594,0.69,5.55
595,0.69,5.55
596,0.69,5.55
597,0.69,5.55
598,0.69,5.56
599,0.69,5.56
600,0.69,5.56
601,0.69,5.57
602,0.69,5.57
603,0.69,5.57
604,0.69,5.57
605,0.69,5.57
606,0.69,5.57
607,0.69,5.57
608,0.69,5.57
609,0.69,5.57
610,0.69,5.57
611,0.69,5.57
612,0.69,5.56
613,0.69,5.56
614,0.7,5.56
615,0.69,5.56
616,0.69,5.56
617,0.69,5.55
618,0.69,5.55
619,0.69,5.55
620,0.69,5.55
621,0.69,5.55
622,0.7,5.54
623,0.69,5.54
624,0.69,5.54
625,0.69,5.54
626,0.69,5.54
627,0.69,5.54
628,0.69,5.54
629,0.69,5.53
630,0.69,5.53
631,0.69,5.53
632,0.69,5.53
633,0.69,5.53
634,0.69,5.53
635,0.69,5.54
636,0.69,5.54
637,0.69,5.54
638,0.69,5.54
639,0.69,5.54
640,0.69,5.55
641,0.69,5.55
642,0.69,5.55
643,0.69,5.55
644,0.69,5.55
645,0.69,5.55
646,0.69,5.55
647,0.69,5.56
648,0.69,5.56
649,0.69,5.56
650,0.69,5.56
651,0.69,5.57
652,0.69,5.57
653,0.69,5.57
654,0.69,5.57
655,0.69,5.57
656,0.69,5.57
657,0.69,5.56
658,0.69,5.56
659,0.69,5.56
660,0.69,5.56
661,0.69,5.56
662,0.69,5.56
663,0.69,5.55
664,0.69,5.55
665,0.69,5.55
666,0.69,5.55
667,0.69,5.55
668,0.69,5.55
669,0.69,5.54
670,0.69,5.54
671,0.69,5.54
672,0.69,5.54
673,0.69,5.54
674,0.69,5.54
675,0.69,5.54
676,0.69,5.54
677,0.69,5.54
678,0.69,5.53
679,0.7,5.53
680,0.69,5.54
681,0.69,5.54
682,0.69,5.54
683,0.69,5.54
684,0.69,5.54
685,0.7,5.54
686,0.7,5.55
687,0.7,5.55
688,0.7,5.55
689,0.7,5.55
690,0.7,5.55
691,0.69,5.56
692,0.7,5.56
693,0.69,5.56
694,0.7,5.56
695,0.7,5.57
696,0.7,5.57
697,0.69,5.57
698,0.7,5.57
699,0.7,5.58
700,0.7,5.58
701,0.7,5.58
702,0.7,5.58
703,0.7,5.58
704,0.69,5.58
705,0.69,5.58
706,0.69,5.58
707,0.7,5.58
708,0.7,5.58
709,0.7,5.58
710,0.69,5.58
711,0.69,5.57
712,0.7,5.57
713,0.7,5.57
714,0.7,5.57
715,0.7,5.56
716,0.7,5.56
717,0.69,5.56
718,0.69,5.55
719,0.7,5.55
720,0.7,5.55
721,0.7,5.55
722,0.69,5.55
723,0.7,5.55
724,0.7,5.54
725,0.7,5.54
726,0.7,5.54
727,0.7,5.54
728,0.7,5.54
729,0.7,5.54
730,0.7,5.55
731,0.69,5.55
732,0.69,5.55
733,0.69,5.55
734,0.7,5.55
735,0.7,5.56
736,0.7,5.56
737,0.7,5.56
738,0.7,5.56
739,0.7,5.57
740,0.7,5.57
741,0.7,5.57
742,0.7,5.58
743,0.7,5.58
744,0.7,5.58
745,0.69,5.58
746,0.7,5.59
747,0.7,5.59
748,0.7,5.59
749,0.7,5.59
750,0.7,5.59
751,0.7,5.59
752,0.7,5.59
753,0.7,5.59
754,0.7,5.59
755,0.7,5.59
756,0.7,5.58
757,0.7,5.58
758,0.7,5.58
759,0.69,5.58
760,0.7,5.57
761,0.7,5.57
762,0.7,5.57
763,0.7,5.57
764,0.7,5.56
765,0.7,5.56
766,0.7,5.56
767,0.7,5.56
768,0.7,5.56
769,0.7,5.56
770,0.7,5.55
771,0.7,5.55
772,0.7,5.55
773,0.7,5.55
774,0.7,5.55
775,0.7,5.55
776,0.7,5.55
777,0.7,5.55
778,0.7,5.55
779,0.69,5.55
780,0.7,5.55
781,0.7,5.56
782,0.7,5.56
783,0.69,5.56
784,0.7,5.56
785,0.7,5.57
786,0.7,5.57
787,0.7,5.57
788,0.7,5.57
789,0.7,5.58
790,0.7,5.58
791,0.7,5.58
792,0.7,5.58
793,0.7,5.58
794,0.7,5.59
795,0.7,5.59
796,0.7,5.59
797,0.7,5.59
798,0.7,5.59
799,0.7,5.59
800,0.7,5.59
801,0.7,5.59
802,0.7,5.58
803,0.7,5.58
804,0.7,5.58
805,0.7,5.58
806,0.69,5.58
807,0.7,5.57
808,0.7,5.57
809,0.7,5.57
810,0.7,5.57
811,0.7,5.56
812,0.7,5.56
813,0.7,5.56
814,0.7,5.56
815,0.7,5.55
816,0.7,5.55
817,0.7,5.55
818,0.7,5.55
819,0.7,5.55
820,0.7,5.55
821,0.7,5.55
822,0.7,5.55
823,0.7,5.55
824,0.7,5.55
825,0.7,5.55
826,0.7,5.55
827,0.7,5.55
828,0.7,5.55
829,0.7,5.56
830,0.7,5.56
831,0.7,5.56
832,0.7,5.57
833,0.69,5.57
834,0.7,5.57
835,0.7,5.57
836,0.7,5.58
837,0.7,5.58
838,0.7,5.58
839,0.7,5.58
840,0.7,5.58
841,0.7,5.59
842,0.7,5.59
843,0.7,5.59
844,0.69,5.59
845,0.7,5.59
846,0.7,5.59
847,0.7,5.59
848,0.7,5.59
849,0.7,5.59
850,0.7,5.58
851,0.7,5.58
852,0.7,5.58
853,0.7,5.58
854,0.7,5.58
855,0.7,5.58
856,0.7,5.57
857,0.69,5.57
858,0.7,5.57
859,0.69,5.57
860,0.7,5.56
861,0.69,5.56
862,0.7,5.56
863,0.7,5.56
864,0.7,5.56
865,0.7,5.56
866,0.7,5.56
867,0.7,5.55
868,0.7,5.55
869,0.7,5.55
870,0.7,5.55
871,0.7,5.55
872,0.69,5.55
873,0.7,5.55
874,0.7,5.56
875,0.7,5.56
876,0.7,5.56
877,0.7,5.56
878,0.7,5.56
879,0.7,5.56
880,0.7,5.56
881,0.7,5.57
882,0.7,5.57
883,0.7,5.57
884,0.7,5.57
885,0.7,5.57
886,0.7,5.57
887,0.7,5.58
888,0.7,5.58
889,0.7,5.58
890,0.7,5.58
891,0.7,5.58
892,0.7,5.58
893,0.7,5.58
894,0.7,5.58
895,0.7,5.58
896,0.7,5.58
897,0.7,5.57
898,0.7,5.57
899,0.7,5.57
900,0.7,5.57
901,0.7,5.57
902,0.7,5.57
903,0.7,5.56
904,0.7,5.56
905,0.7,5.56
906,0.7,5.56
907,0.7,5.56
908,0.7,5.56
909,0.7,5.55
910,0.7,5.55
911,0.7,5.55
912,0.7,5.55
913,0.7,5.55
914,0.7,5.55
915,0.7,5.55
916,0.7,5.54
917,0.7,5.54
918,0.7,5.54
919,0.7,5.54
920,0.69,5.54
921,0.69,5.55
922,0.69,5.55
923,0.7,5.55
924,0.69,5.55
925,0.7,5.55
926,0.69,5.55
927,0.7,5.56
928,0.7,5.56
929,0.7,5.56
930,0.69,5.56
931,0.7,5.56
932,0.7,5.57
933,0.7,5.57
934,0.7,5.57
935,0.7,5.57
936,0.7,5.57
937,0.7,5.57
938,0.7,5.57
939,0.7,5.57
940,0.7,5.57
941,0.7,5.57
942,0.71,5.57
943,0.7,5.57
944,0.7,5.57
945,0.7,5.57
946,0.71,5.57
947,0.7,5.57
948,0.7,5.57
949,0.71,5.57
950,0.71,5.57
951,0.71,5.57
952,0.7,5.56
953,0.71,5.56
954,0.7,5.56
955,0.7,5.56
956,0.71,5.56
957,0.71,5.56
958,0.71,5.56
959,0.7,5.56
960,0.71,5.56
961,0.71,5.56
962,0.7,5.56
963,0.71,5.56
964,0.71,5.56
965,0.71,5.56
966,0.71,5.56
967,0.71,5.56
968,0.71,5.57
969,0.71,5.57
970,0.71,5.57
971,0.71,5.57
972,0.71,5.58
973,0.71,5.58
974,0.71,5.58
975,0.71,5.58
976,0.71,5.59
977,0.71,5.59
978,0.7,5.59
979,0.71,5.59
980,0.71,5.59
981,0.7,5.59
982,0.7,5.6
983,0.71,5.6
984,0.71,5.6
985,0.71,5.6
986,0.71,5.6
987,0.71,5.6
988,0.71,5.6
989,0.71,5.6
990,0.71,5.59
991,0.71,5.59
992,0.71,5.59
993,0.71,5.59
994,0.71,5.58
995,0.71,5.58
996,0.71,5.58
997,0.71,5.58
998,0.71,5.58
999,0.7,5.57
1000,0.71,5.57
1001,0.71,5.57
1002,0.71,5.57
1003,0.71,5.57
1004,0.71,5.57
1005,0.71,5.57
1006,0.71,5.57
1007,0.71,5.57
1008,0.71,5.57
1009,0.71,5.57
1010,0.71,5.57
1011,0.71,5.57
1012,0.71,5.57
1013,0.71,5.57
1014,0.71,5.57
1015,0.71,5.57
1016,0.71,5.57
1017,0.71,5.58
1018,0.71,5.58
1019,0.7,5.58
1020,0.71,5.58
1021,0.71,5.59
1022,0.71,5.59
1023,0.71,5.59
1024,0.71,5.59
1025,0.71,5.59
1026,0.71,5.59
1027,0.71,5.59
1028,0.71,5.59
1029,0.71,5.59
1030,0.71,5.6
1031,0.71,5.6
1032,0.71,5.59
1033,0.71,5.59
1034,0.71,5.59
1035,0.71,5.59
1036,0.71,5.59
1037,0.71,5.59
1038,0.71,5.59
1039,0.71,5.58
1040,0.71,5.58
1041,0.71,5.58
1042,0.71,5.58
1043,0.71,5.58
1044,0.71,5.57
1045,0.71,5.57
1046,0.71,5.57
1047,0.71,5.57
1048,0.71,5.57
1049,0.71,5.57
1050,0.71,5.56
1051,0.71,5.56
1052,0.71,5.56
1053,0.71,5.56
1054,0.71,5.56
1055,0.71,5.56
1056,0.71,5.55
1057,0.71,5.53
1058,0.71,5.49
1059,0.71,5.45
1060,0.72,5.39
1061,0.72,5.33
1062,0.72,5.26
1063,0.72,5.18
1064,0.72,5.09
1065,0.72,5.0
1066,0.72,4.9
1067,0.71,4.8
1068,0.72,4.7
1069,0.72,4.6
1070,0.72,4.5
1071,0.72,4.4
1072,0.71,4.32
1073,0.71,4.24
1074,0.71,4.16
1075,0.71,4.1
1076,0.71,4.04
1077,0.71,3.99
1078,0.71,3.95
1079,0.72,3.91
1080,0.72,3.89
1081,0.72,3.87
1082,0.72,3.86
1083,0.71,3.85
1084,0.71,3.85
1085,0.71,3.85
1086,0.72,3.86
1087,0.72,3.88
1088,0.72,3.91
1089,0.72,3.94
1090,0.72,3.97
1091,0.72,4.01
1092,0.72,4.04
1093,0.72,4.08
1094,0.73,4.12
1095,0.72,4.16
1096,0.73,4.2
1097,0.73,4.24
1098,0.73,4.29
1099,0.73,4.32
1100,0.73,4.36
1101,0.73,4.39
1102,0.73,4.41
1103,0.73,4.43
1104,0.73,4.45
1105,0.73,4.46
1106,0.74,4.46
1107,0.73,4.46
1108,0.73,4.46
1109,0.74,4.45
1110,0.73,4.44
1111,0.73,4.41
1112,0.73,4.39
1113,0.73,4.36
1114,0.73,4.32
1115,0.74,4.29
1116,0.74,4.25
1117,0.74,4.21
1118,0.73,4.17
1119,0.74,4.13
1120,0.73,4.09
1121,0.73,4.05
1122,0.73,4.01
1123,0.73,3.97
1124,0.73,3.93
1125,0.73,3.9
1126,0.74,3.87
1127,0.73,3.85
1128,0.73,3.82
1129,0.73,3.8
1130,0.73,3.79
1131,0.73,3.77
1132,0.73,3.77
1133,0.73,3.76
1134,0.73,3.77
1135,0.73,3.77
1136,0.73,3.79
1137,0.73,3.8
1138,0.73,3.82
1139,0.73,3.85
1140,0.73,3.87
1141,0.73,3.9
1142,0.74,3.94
1143,0.74,3.97
1144,0.74,4.01
1145,0.74,4.06
1146,0.74,4.1
1147,0.74,4.14
1148,0.74,4.18
1149,0.74,4.22
1150,0.75,4.26
1151,0.74,4.3
1152,0.75,4.33
1153,0.75,4.36
1154,0.75,4.39
1155,0.74,4.42
1156,0.75,4.44
1157,0.75,4.45
1158,0.75,4.46
1159,0.75,4.46
1160,0.75,4.46
1161,0.75,4.46
1162,0.75,4.44
1163,0.75,4.43
1164,0.75,4.41
1165,0.75,4.39
1166,0.75,4.36
1167,0.75,4.33
1168,0.75,4.29
1169,0.75,4.26
1170,0.75,4.22
1171,0.75,4.18
1172,0.75,4.14
1173,0.75,4.1
1174,0.75,4.07
1175,0.75,4.03
1176,0.75,4.0
1177,0.75,3.96
1178,0.75,3.93
1179,0.75,3.9
1180,0.75,3.88
1181,0.75,3.86
1182,0.75,3.84
1183,0.75,3.83
1184,0.75,3.82
1185,0.75,3.81
1186,0.75,3.81
1187,0.75,3.81
1188,0.75,3.82
1189,0.75,3.83
1190,0.75,3.85
1191,0.75,3.87
1192,0.75,3.9
1193,0.75,3.92
1194,0.75,3.95
1195,0.75,3.99
1196,0.75,4.02
1197,0.75,4.06
1198,0.75,4.1
1199,0.75,4.14
1200,0.75,4.18
1201,0.76,4.22
1202,0.76,4.25
1203,0.75,4.29
1204,0.76,4.33
1205,0.75,4.36
1206,0.76,4.39
1207,0.76,4.41
1208,0.76,4.43
1209,0.76,4.45
1210,0.77,4.46
1211,0.76,4.47
1212,0.77,4.47
1213,0.77,4.47
1214,0.76,4.46
1215,0.77,4.45
1216,0.77,4.43
1217,0.77,4.41
1218,0.77,4.39
1219,0.77,4.36
1220,0.77,4.33
1221,0.77,4.3
1222,0.77,4.27
1223,0.77,4.24
1224,0.77,4.2
1225,0.77,4.16
1226,0.76,4.13
1227,0.76,4.09
1228,0.76,4.06
1229,0.77,4.03
1230,0.77,4.0
1231,0.77,3.97
1232,0.76,3.94
1233,0.77,3.92
1234,0.76,3.9
1235,0.76,3.89
1236,0.77,3.87
1237,0.76,3.87
1238,0.76,3.86
1239,0.76,3.86
1240,0.76,3.87
1241,0.77,3.87
1242,0.76,3.89
1243,0.77,3.9
1244,0.76,3.92
1245,0.76,3.94
1246,0.77,3.97
1247,0.77,4.0
1248,0.77,4.03
1249,0.77,4.06
1250,0.76,4.1
1251,0.77,4.13
1252,0.77,4.17
1253,0.77,4.21
1254,0.77,4.24
1255,0.77,4.28
1256,0.77,4.31
1257,0.77,4.34
1258,0.77,4.37
1259,0.77,4.4
1260,0.77,4.42
1261,0.77,4.44
1262,0.77,4.46
1263,0.77,4.47
1264,0.77,4.47
1265,0.77,4.47
1266,0.77,4.47
1267,0.77,4.46
1268,0.77,4.45
1269,0.77,4.44
1270,0.77,4.42
1271,0.78,4.4
1272,0.77,4.37
1273,0.77,4.34
1274,0.78,4.31
1275,0.78,4.28
1276,0.78,4.25
1277,0.78,4.22
1278,0.78,4.18
1279,0.78,4.15
1280,0.78,4.12
1281,0.77,4.09
1282,0.78,4.06
1283,0.78,4.03
1284,0.78,4.0
1285,0.78,3.98
1286,0.78,3.96
1287,0.77,3.95
1288,0.78,3.93
1289,0.78,3.92
1290,0.78,3.92
1291,0.78,3.91
1292,0.78,3.92
1293,0.78,3.92
1294,0.78,3.93
1295,0.78,3.94
1296,0.78,3.96
1297,0.78,3.98
1298,0.78,4.0
1299,0.78,4.03
1300,0.79,4.05
1301,0.78,4.08
1302,0.79,4.12
1303,0.79,4.15
1304,0.78,4.18
1305,0.79,4.22
1306,0.79,4.25
1307,0.79,4.29
1308,0.79,4.32
1309,0.79,4.35
1310,0.79,4.38
1311,0.79,4.41
1312,0.79,4.43
1313,0.79,4.45
1314,0.79,4.47
1315,0.79,4.48
1316,0.79,4.49
1317,0.79,4.49
1318,0.79,4.49
1319,0.79,4.49
1320,0.79,4.48
1321,0.79,4.47
1322,0.79,4.45
1323,0.79,4.43
1324,0.79,4.41
1325,0.79,4.39
1326,0.79,4.36
1327,0.79,4.33
1328,0.79,4.3
1329,0.79,4.27
1330,0.79,4.24
1331,0.79,4.21
1332,0.79,4.18
1333,0.8,4.15
1334,0.79,4.12
1335,0.79,4.09
1336,0.79,4.07
1337,0.79,4.04
1338,0.79,4.02
1339,0.79,4.0
1340,0.8,3.99
1341,0.79,3.98
1342,0.8,3.97
1343,0.79,3.96
1344,0.79,3.96
1345,0.79,3.97
1346,0.79,3.97
1347,0.79,3.98
1348,0.8,3.99
1349,0.8,4.01
1350,0.8,4.03
1351,0.8,4.05
1352,0.8,4.07
1353,0.8,4.1
1354,0.8,4.13
1355,0.8,4.16
1356,0.8,4.19
1357,0.8,4.23
1358,0.8,4.26
1359,0.8,4.29
1360,0.8,4.32
1361,0.8,4.35
1362,0.8,4.38
1363,0.8,4.41
1364,0.8,4.44
1365,0.8,4.46
1366,0.8,4.48
1367,0.8,4.49
1368,0.8,4.51
1369,0.8,4.51
1370,0.8,4.52
1371,0.8,4.52
1372,0.8,4.51
1373,0.8,4.51
1374,0.8,4.49
1375,0.81,4.48
1376,0.8,4.46
1377,0.81,4.44
1378,0.81,4.42
1379,0.81,4.39
1380,0.81,4.37
1381,0.81,4.34
1382,0.8,4.31
1383,0.81,4.28
1384,0.81,4.25
1385,0.81,4.22
1386,0.81,4.19
1387,0.81,4.16
1388,0.8,4.14
1389,0.81,4.11
1390,0.81,4.09
1391,0.81,4.07
1392,0.81,4.05
1393,0.81,4.04
1394,0.81,4.03
1395,0.81,4.02
1396,0.81,4.02
1397,0.81,4.01
1398,0.81,4.02
1399,0.81,4.02
1400,0.81,4.03
1401,0.82,4.04
1402,0.81,4.06
1403,0.81,4.08
1404,0.81,4.1
1405,0.82,4.12
1406,0.82,4.15
1407,0.82,4.18
1408,0.82,4.2
1409,0.82,4.24
1410,0.82,4.26
1411,0.82,4.3
1412,0.82,4.33
1413,0.82,4.36
1414,0.82,4.39
1415,0.82,4.41
1416,0.82,4.44
1417,0.82,4.46
1418,0.82,4.48
1419,0.82,4.5
1420,0.82,4.52
1421,0.82,4.53
1422,0.82,4.53
1423,0.82,4.54
1424,0.82,4.54
1425,0.82,4.53
1426,0.82,4.52
1427,0.83,4.51
1428,0.82,4.5
1429,0.83,4.48
1430,0.83,4.46
1431,0.82,4.44
1432,0.83,4.42
1433,0.83,4.39
1434,0.83,4.36
1435,0.83,4.33
1436,0.82,4.31
1437,0.83,4.28
1438,0.83,4.25
1439,0.82,4.22
1440,0.83,4.2
1441,0.83,4.17
1442,0.83,4.15
1443,0.83,4.13
1444,0.83,4.11
1445,0.83,4.1
1446,0.83,4.09
1447,0.83,4.08
1448,0.83,4.07
1449,0.83,4.07
1450,0.84,4.07
1451,0.83,4.07
1452,0.83,4.08
1453,0.83,4.08
1454,0.83,4.1
1455,0.83,4.11
1456,0.84,4.13
1457,0.84,4.15
1458,0.83,4.18
1459,0.83,4.2
1460,0.83,4.23
1461,0.84,4.25
1462,0.84,4.28
1463,0.84,4.31
1464,0.84,4.34
1465,0.84,4.37
1466,0.84,4.4
1467,0.84,4.43
1468,0.84,4.45
1469,0.84,4.48
1470,0.84,4.5
1471,0.84,4.52
1472,0.84,4.53
1473,0.84,4.55
1474,0.84,4.56
1475,0.84,4.56
1476,0.84,4.56
1477,0.84,4.56
1478,0.85,4.56
1479,0.85,4.55
1480,0.85,4.54
1481,0.84,4.52
1482,0.85,4.51
1483,0.85,4.49
1484,0.84,4.47
1485,0.85,4.44
1486,0.85,4.42
1487,0.85,4.39
1488,0.85,4.37
1489,0.85,4.34
1490,0.84,4.31
1491,0.85,4.29
1492,0.85,4.26
1493,0.85,4.24
1494,0.84,4.22
1495,0.85,4.2
1496,0.85,4.18
1497,0.85,4.17
1498,0.85,4.15
1499,0.85,4.14
1500,0.85,4.13
1501,0.85,4.13
1502,0.85,4.12
1503,0.85,4.12
1504,0.85,4.13
1505,0.85,4.13
1506,0.85,4.14
1507,0.85,4.16
1508,0.85,4.17
1509,0.85,4.19
1510,0.85,4.21
1511,0.85,4.23
1512,0.86,4.26
1513,0.86,4.28
1514,0.86,4.31
1515,0.86,4.34
1516,0.86,4.36
1517,0.86,4.39
1518,0.86,4.42
1519,0.86,4.44
1520,0.86,4.47
1521,0.86,4.49
1522,0.86,4.52
1523,0.86,4.54
1524,0.86,4.55
1525,0.86,4.57
1526,0.86,4.58
1527,0.86,4.58
1528,0.86,4.59
1529,0.86,4.59
1530,0.86,4.59
1531,0.86,4.58
1532,0.86,4.58
1533,0.86,4.57
1534,0.86,4.56
1535,0.86,4.54
1536,0.86,4.52
1537,0.86,4.5
1538,0.87,4.48
1539,0.87,4.46
1540,0.87,4.43
1541,0.87,4.41
1542,0.87,4.39
1543,0.87,4.36
1544,0.87,4.34
1545,0.86,4.31
1546,0.87,4.29
1547,0.87,4.27
1548,0.87,4.25
1549,0.87,4.24
1550,0.87,4.22
1551,0.87,4.21
1552,0.87,4.2
1553,0.87,4.19
1554,0.87,4.19
1555,0.87,4.18
1556,0.87,4.18
1557,0.87,4.19
1558,0.87,4.19
1559,0.87,4.2
1560,0.88,4.21
1561,0.87,4.23
1562,0.87,4.25
1563,0.88,4.26
1564,0.88,4.28
1565,0.88,4.31
1566,0.87,4.33
1567,0.87,4.36
1568,0.88,4.38
1569,0.88,4.41
1570,0.88,4.44
1571,0.88,4.46
1572,0.88,4.49
1573,0.88,4.51
1574,0.88,4.53
1575,0.88,4.55
1576,0.88,4.57
1577,0.88,4.59
1578,0.88,4.6
1579,0.88,4.61
1580,0.89,4.62
1581,0.89,4.62
1582,0.89,4.63
1583,0.89,4.62
1584,0.89,4.62
1585,0.88,4.61
1586,0.89,4.6
1587,0.88,4.59
1588,0.89,4.58
1589,0.89,4.56
1590,0.89,4.54
1591,0.89,4.52
1592,0.89,4.5
1593,0.89,4.48
1594,0.89,4.46
1595,0.89,4.43
1596,0.89,4.41
1597,0.89,4.39
1598,0.89,4.37
1599,0.89,4.35
1600,0.89,4.33
1601,0.89,4.31
1602,0.89,4.29
1603,0.89,4.28
1604,0.89,4.27
1605,0.89,4.26
1606,0.89,4.25
1607,0.89,4.25
1608,0.89,4.25
1609,0.89,4.25
1610,0.89,4.25
1611,0.9,4.26
1612,0.9,4.27
1613,0.9,4.28
1614,0.9,4.29
1615,0.9,4.31
1616,0.9,4.33
1617,0.9,4.35
1618,0.9,4.37
1619,0.9,4.39
1620,0.9,4.42
1621,0.9,4.44
1622,0.9,4.46
1623,0.9,4.49
1624,0.9,4.51
1625,0.9,4.54
1626,0.9,4.56
1627,0.9,4.58
1628,0.9,4.6
1629,0.9,4.61
1630,0.9,4.63
1631,0.9,4.64
1632,0.9,4.65
1633,0.91,4.66
1634,0.91,4.66
1635,0.91,4.66
1636,0.91,4.66
1637,0.91,4.66
1638,0.91,4.65
1639,0.91,4.64
1640,0.91,4.63
1641,0.91,4.61
1642,0.91,4.6
1643,0.91,4.58
1644,0.91,4.56
1645,0.91,4.54
1646,0.91,4.52
1647,0.91,4.5
1648,0.91,4.48
1649,0.92,4.45
1650,0.92,4.43
1651,0.91,4.41
1652,0.91,4.4
1653,0.91,4.38
1654,0.91,4.36
1655,0.92,4.35
1656,0.92,4.33
1657,0.92,4.32
1658,0.92,4.32
1659,0.92,4.31
1660,0.92,4.31
1661,0.92,4.31
1662,0.92,4.31
1663,0.92,4.31
1664,0.92,4.32
1665,0.92,4.33
1666,0.92,4.34
1667,0.92,4.36
1668,0.92,4.37
1669,0.92,4.39
1670,0.92,4.41
1671,0.92,4.43
1672,0.92,4.45
1673,0.92,4.47
1674,0.92,4.49
1675,0.92,4.52
1676,0.92,4.54
1677,0.92,4.56
1678,0.92,4.59
1679,0.92,4.6
1680,0.92,4.62
1681,0.92,4.64
1682,0.92,4.66
1683,0.92,4.67
1684,0.92,4.68
1685,0.92,4.69
1686,0.93,4.7
1687,0.93,4.7
1688,0.93,4.7
1689,0.94,4.7
1690,0.93,4.69
1691,0.94,4.69
1692,0.93,4.68
1693,0.94,4.66
1694,0.93,4.65
1695,0.93,4.63
1696,0.94,4.62
1697,0.94,4.6
1698,0.94,4.58
1699,0.94,4.56
1700,0.93,4.54
1701,0.94,4.52
1702,0.94,4.5
1703,0.94,4.48
1704,0.94,4.46
1705,0.94,4.44
1706,0.94,4.43
1707,0.94,4.41
1708,0.94,4.4
1709,0.94,4.39
1710,0.94,4.38
1711,0.94,4.37
1712,0.94,4.37
1713,0.94,4.37
1714,0.94,4.37
1715,0.94,4.37
1716,0.94,4.37
1717,0.94,4.38
1718,0.94,4.39
1719,0.94,4.4
1720,0.94,4.42
1721,0.94,4.43
1722,0.94,4.45
1723,0.94,4.47
1724,0.94,4.49
1725,0.94,4.51
1726,0.94,4.53
1727,0.95,4.55
1728,0.94,4.57
1729,0.95,4.6
1730,0.95,4.62
1731,0.95,4.64
1732,0.95,4.66
1733,0.95,4.68
1734,0.95,4.69
1735,0.95,4.7
1736,0.95,4.72
1737,0.95,4.73
1738,0.95,4.74
1739,0.95,4.74
1740,0.95,4.74
1741,0.95,4.74
1742,0.95,4.74
1743,0.95,4.74
1744,0.95,4.73
1745,0.95,4.72
1746,0.95,4.71
1747,0.95,4.69
1748,0.95,4.68
1749,0.95,4.66
1750,0.96,4.64
1751,0.95,4.62
1752,0.95,4.61
1753,0.95,4.59
1754,0.95,4.57
1755,0.95,4.55
1756,0.96,4.53
1757,0.95,4.51
1758,0.96,4.49
1759,0.96,4.48
1760,0.96,4.47
1761,0.96,4.45
1762,0.96,4.44
1763,0.96,4.43
1764,0.96,4.43
1765,0.96,4.42
1766,0.96,4.42
1767,0.96,4.42
1768,0.96,4.43
1769,0.96,4.43
1770,0.96,4.44
1771,0.96,4.45
1772,0.96,4.46
1773,0.96,4.47
1774,0.97,4.49
1775,0.97,4.51
1776,0.97,4.53
1777,0.97,4.54
1778,0.97,4.56
1779,0.97,4.59
1780,0.97,4.61
1781,0.97,4.63
1782,0.97,4.65
1783,0.97,4.67
1784,0.97,4.69
1785,0.97,4.71
1786,0.97,4.73
1787,0.97,4.74
1788,0.97,4.75
1789,0.97,4.76
1790,0.97,4.77
1791,0.97,4.78
1792,0.97,4.79
1793,0.98,4.79
1794,0.98,4.79
1795,0.97,4.79
1796,0.98,4.78
1797,0.98,4.77
1798,0.98,4.76
1799,0.98,4.75
1800,0.98,4.74
1801,0.98,4.72
1802,0.98,4.71
1803,0.98,4.69
1804,0.98,4.67
1805,0.98,4.65
1806,0.98,4.64
1807,0.98,4.62
1808,0.98,4.6
1809,0.98,4.58
1810,0.98,4.57
1811,0.98,4.55
1812,0.98,4.54
1813,0.98,4.52
1814,0.98,4.51
1815,0.98,4.5
1816,0.98,4.5
1817,0.98,4.49
1818,0.98,4.49
1819,0.99,4.49
1820,0.98,4.49
1821,0.99,4.49
1822,0.99,4.5
1823,0.99,4.5
1824,0.99,4.51
1825,0.98,4.53
1826,0.99,4.54
1827,0.99,4.55
1828,0.99,4.57
1829,0.99,4.59
1830,0.99,4.61
1831,0.99,4.63
1832,0.99,4.65
1833,0.99,4.67
1834,0.99,4.69
1835,0.99,4.71
1836,0.99,4.72
1837,0.99,4.74
1838,0.99,4.76
1839,1.0,4.78
1840,0.99,4.79
1841,1.0,4.8
1842,1.0,4.81
1843,1.0,4.82
1844,1.0,4.83
1845,0.99,4.83
1846,1.0,4.84
1847,1.01,4.84
1848,1.0,4.84
1849,1.0,4.83
1850,1.0,4.82
1851,1.0,4.81
1852,1.0,4.8
1853,1.0,4.79
1854,1.01,4.78
1855,1.01,4.76
1856,1.01,4.75
1857,1.01,4.73
1858,1.01,4.71
1859,1.01,4.7
1860,1.01,4.68
1861,1.01,4.66
1862,1.01,4.64
1863,1.01,4.63
1864,1.01,4.61
1865,1.01,4.6
1866,1.01,4.59
1867,1.01,4.58
1868,1.01,4.57
1869,1.01,4.56
1870,1.01,4.56
1871,1.01,4.55
1872,1.01,4.55
1873,1.01,4.55
1874,1.01,4.56
1875,1.01,4.56
1876,1.01,4.57
1877,1.01,4.58
1878,1.01,4.59
1879,1.01,4.6
1880,1.01,4.62
1881,1.01,4.63
1882,1.01,4.65
1883,1.01,4.67
1884,1.02,4.69
1885,1.02,4.71
1886,1.01,4.73
1887,1.02,4.75
1888,1.02,4.77
1889,1.02,4.78
1890,1.02,4.8
1891,1.02,4.82
1892,1.02,4.83
1893,1.02,4.85
1894,1.02,4.86
1895,1.02,4.87
1896,1.03,4.88
1897,1.02,4.89
1898,1.03,4.89
1899,1.03,4.89
1900,1.03,4.89
1901,1.03,4.89
1902,1.03,4.89
1903,1.03,4.88
1904,1.03,4.87
1905,1.03,4.86
1906,1.03,4.85
1907,1.03,4.84
1908,1.03,4.82
1909,1.03,4.81
1910,1.03,4.79
1911,1.03,4.78
1912,1.03,4.76
1913,1.03,4.74
1914,1.03,4.73
1915,1.03,4.71
1916,1.03,4.7
1917,1.03,4.68
1918,1.03,4.67
1919,1.03,4.66
1920,1.03,4.65
1921,1.03,4.64
1922,1.03,4.63
1923,1.03,4.63
1924,1.03,4.63
1925,1.03,4.63
1926,1.03,4.63
1927,1.03,4.63
1928,1.03,4.64
1929,1.04,4.64
1930,1.04,4.65
1931,1.04,4.67
1932,1.03,4.68
1933,1.04,4.69
1934,1.04,4.71
1935,1.04,4.73
1936,1.04,4.74
1937,1.04,4.76
1938,1.04,4.78
1939,1.05,4.8
1940,1.05,4.82
1941,1.05,4.83
1942,1.05,4.85
1943,1.05,4.87
1944,1.05,4.88
1945,1.05,4.9
1946,1.05,4.91
1947,1.05,4.92
1948,1.05,4.93
1949,1.05,4.94
1950,1.05,4.94
1951,1.05,4.95
1952,1.05,4.95
1953,1.05,4.95
1954,1.05,4.94
1955,1.05,4.94
1956,1.05,4.93
1957,1.05,4.92
1958,1.05,4.91
1959,1.05,4.9
1960,1.05,4.88
1961,1.05,4.87
1962,1.05,4.85
1963,1.05,4.84
1964,1.05,4.82
1965,1.05,4.8
1966,1.05,4.79
1967,1.06,4.77
1968,1.05,4.76
1969,1.06,4.75
1970,1.06,4.73
1971,1.05,4.72
1972,1.06,4.71
1973,1.06,4.7
1974,1.05,4.7
1975,1.06,4.69
1976,1.06,4.69
1977,1.05,4.69
1978,1.06,4.69
1979,1.06,4.7
1980,1.06,4.7
1981,1.06,4.71
1982,1.06,4.72
1983,1.06,4.73
1984,1.06,4.74
1985,1.06,4.76
1986,1.07,4.77
1987,1.07,4.79
1988,1.07,4.81
1989,1.07,4.82
1990,1.07,4.84
1991,1.07,4.86
1992,1.07,4.88
1993,1.07,4.9
1994,1.07,4.91
1995,1.07,4.93
1996,1.07,4.94
1997,1.07,4.96
1998,1.07,4.97
1999,1.07,4.98
2000,1.07,4.99
2001,1.07,5.0
2002,1.07,5.0
2003,1.07,5.0
2004,1.07,5.0
2005,1.07,5.0
2006,1.07,5.0
2007,1.08,4.99
2008,1.07,4.98
2009,1.08,4.97
2010,1.08,4.96
2011,1.08,4.95
2012,1.07,4.94
2013,1.08,4.92
2014,1.08,4.91
2015,1.08,4.89
2016,1.08,4.88
2017,1.08,4.86
2018,1.08,4.85
2019,1.08,4.84
2020,1.08,4.82
2021,1.09,4.81
2022,1.08,4.8
2023,1.08,4.79
2024,1.08,4.78
2025,1.08,4.77
2026,1.09,4.77
2027,1.08,4.77
2028,1.09,4.76
2029,1.09,4.76
2030,1.09,4.77
2031,1.09,4.77
2032,1.09,4.77
2033,1.09,4.78
2034,1.09,4.79
2035,1.09,4.8
2036,1.09,4.82
2037,1.09,4.83
2038,1.09,4.84
2039,1.09,4.86
2040,1.09,4.88
2041,1.09,4.9
2042,1.09,4.91
2043,1.09,4.93
2044,1.1,4.95
2045,1.09,4.96
2046,1.09,4.98
2047,1.09,4.99
2048,1.09,5.01
2049,1.09,5.02
2050,1.09,5.03
2051,1.1,5.04
2052,1.09,5.05
2053,1.1,5.05
2054,1.1,5.06
2055,1.1,5.06
2056,1.1,5.06
2057,1.1,5.06
2058,1.1,5.05
2059,1.1,5.05
2060,1.1,5.04
2061,1.1,5.03
2062,1.1,5.02
2063,1.1,5.01
2064,1.1,5.0
2065,1.1,4.98
2066,1.1,4.97
2067,1.1,4.95
2068,1.1,4.94
2069,1.1,4.93
2070,1.1,4.91
2071,1.1,4.9
2072,1.1,4.89
2073,1.1,4.87
2074,1.1,4.86
2075,1.1,4.85
2076,1.1,4.85
2077,1.1,4.84
2078,1.1,4.84
2079,1.1,4.83
2080,1.1,4.83
2081,1.11,4.83
2082,1.1,4.84
2083,1.11,4.84
2084,1.11,4.85
2085,1.11,4.85
2086,1.11,4.86
2087,1.11,4.87
2088,1.11,4.89
2089,1.11,4.9
2090,1.11,4.92
2091,1.11,4.93
2092,1.11,4.95
2093,1.11,4.97
2094,1.12,4.98
2095,1.12,5.0
2096,1.12,5.01
2097,1.12,5.03
2098,1.12,5.04
2099,1.12,5.06
2100,1.12,5.07
2101,1.12,5.08
2102,1.12,5.09
2103,1.12,5.1
2104,1.12,5.11
2105,1.12,5.11
2106,1.12,5.11
2107,1.12,5.12
2108,1.12,5.11
2109,1.12,5.11
2110,1.12,5.11
2111,1.12,5.1
2112,1.12,5.09
2113,1.12,5.09
2114,1.12,5.08
2115,1.12,5.07
2116,1.12,5.06
2117,1.12,5.04
2118,1.12,5.03
2119,1.12,5.02
2120,1.13,5.0
2121,1.13,4.99
2122,1.13,4.98
2123,1.12,4.96
2124,1.13,4.95
2125,1.12,4.94
2126,1.13,4.93
2127,1.12,4.92
2128,1.13,4.92
2129,1.13,4.91
2130,1.13,4.91
2131,1.13,4.91
2132,1.13,4.91
2133,1.13,4.91
2134,1.13,4.91
2135,1.13,4.91
2136,1.14,4.92
2137,1.13,4.93
2138,1.14,4.94
2139,1.14,4.95
2140,1.13,4.96
2141,1.14,4.97
2142,1.14,4.99
2143,1.14,5.0
2144,1.14,5.02
2145,1.14,5.03
2146,1.14,5.05
2147,1.14,5.06
2148,1.14,5.08
2149,1.14,5.09
2150,1.14,5.11
2151,1.14,5.12
2152,1.14,5.14
2153,1.14,5.15
2154,1.14,5.16
2155,1.14,5.16
2156,1.14,5.17
2157,1.14,5.17
2158,1.14,5.18
2159,1.15,5.18
2160,1.14,5.18
2161,1.15,5.17
2162,1.15,5.17
2163,1.14,5.16
2164,1.15,5.16
2165,1.14,5.15
2166,1.15,5.14
2167,1.14,5.13
2168,1.15,5.11
2169,1.15,5.1
2170,1.15,5.09
2171,1.16,5.08
2172,1.15,5.07
2173,1.15,5.05
2174,1.15,5.04
2175,1.15,5.03
2176,1.15,5.02
2177,1.15,5.01
2178,1.16,5.0
2179,1.15,4.99
2180,1.16,4.99
2181,1.16,4.98
2182,1.16,4.98
2183,1.16,4.97
2184,1.16,4.97
2185,1.16,4.98
2186,1.16,4.98
2187,1.16,4.98
2188,1.16,4.99
2189,1.16,5.0
2190,1.16,5.01
2191,1.16,5.02
2192,1.16,5.03
2193,1.16,5.04
2194,1.16,5.06
2195,1.16,5.07
2196,1.16,5.09
2197,1.16,5.1
2198,1.16,5.12
2199,1.16,5.13
2200,1.17,5.15
2201,1.16,5.16
2202,1.16,5.17
2203,1.16,5.19
2204,1.17,5.2
2205,1.17,5.21
2206,1.17,5.22
2207,1.17,5.22
2208,1.17,5.23
2209,1.17,5.23
2210,1.17,5.24
2211,1.17,5.24
2212,1.17,5.24
2213,1.17,5.23
2214,1.17,5.23
2215,1.18,5.22
2216,1.17,5.22
2217,1.17,5.21
2218,1.18,5.2
2219,1.18,5.19
2220,1.18,5.18
2221,1.18,5.17
2222,1.18,5.15
2223,1.18,5.14
2224,1.18,5.13
2225,1.18,5.12
2226,1.18,5.1
2227,1.18,5.09
2228,1.18,5.08
2229,1.18,5.07
2230,1.18,5.07
2231,1.18,5.06
2232,1.18,5.05
2233,1.18,5.05
2234,1.18,5.05
2235,1.18,5.04
2236,1.18,5.04
2237,1.18,5.05
2238,1.18,5.05
2239,1.18,5.06
2240,1.18,5.06
2241,1.18,5.07
2242,1.18,5.08
2243,1.18,5.09
2244,1.18,5.1
2245,1.18,5.12
2246,1.19,5.13
2247,1.19,5.14
2248,1.2,5.16
2249,1.19,5.17
2250,1.19,5.19
2251,1.19,5.2
2252,1.19,5.21
2253,1.19,5.23
2254,1.19,5.24
2255,1.19,5.25
2256,1.19,5.27
2257,1.19,5.27
2258,1.19,5.28
2259,1.19,5.29
2260,1.2,5.29
2261,1.2,5.3
2262,1.2,5.3
2263,1.2,5.3
2264,1.2,5.3
2265,1.2,5.3
2266,1.2,5.29
2267,1.2,5.29
2268,1.2,5.28
2269,1.2,5.27
2270,1.2,5.26
2271,1.2,5.25
2272,1.2,5.24
2273,1.2,5.23
2274,1.2,5.22
2275,1.2,5.21
2276,1.2,5.2
2277,1.2,5.18
2278,1.2,5.17
2279,1.2,5.16
2280,1.2,5.15
2281,1.2,5.14
2282,1.2,5.14
2283,1.2,5.13
2284,1.2,5.12
2285,1.2,5.12
2286,1.21,5.12
2287,1.2,5.12
2288,1.21,5.12
2289,1.21,5.12
2290,1.21,5.12
2291,1.21,5.13
2292,1.21,5.13
2293,1.21,5.14
2294,1.21,5.15
2295,1.21,5.16
2296,1.21,5.17
2297,1.21,5.19
2298,1.21,5.2
2299,1.22,5.21
2300,1.22,5.23
2301,1.22,5.24
2302,1.22,5.26
2303,1.21,5.27
2304,1.22,5.28
2305,1.22,5.3
2306,1.22,5.31
2307,1.22,5.32
2308,1.22,5.33
2309,1.22,5.34
2310,1.22,5.35
2311,1.21,5.35
2312,1.22,5.36
2313,1.22,5.36
2314,1.22,5.36
2315,1.22,5.36
2316,1.22,5.36
2317,1.22,5.36
2318,1.22,5.35
2319,1.22,5.35
2320,1.22,5.34
2321,1.22,5.33
2322,1.22,5.33
2323,1.22,5.32
2324,1.22,5.31
2325,1.22,5.29
2326,1.22,5.28
2327,1.23,5.27
2328,1.22,5.26
2329,1.22,5.25
2330,1.22,5.24
2331,1.22,5.23
2332,1.23,5.22
2333,1.23,5.21
2334,1.23,5.21
2335,1.23,5.2
2336,1.23,5.2
2337,1.23,5.19
2338,1.23,5.19
2339,1.23,5.19
2340,1.23,5.19
2341,1.23,5.19
2342,1.23,5.19
2343,1.23,5.2
2344,1.23,5.21
2345,1.23,5.21
2346,1.23,5.23
2347,1.23,5.24
2348,1.23,5.25
2349,1.23,5.26
2350,1.23,5.27
2351,1.23,5.28
2352,1.23,5.3
2353,1.23,5.31
2354,1.23,5.32
2355,1.24,5.34
2356,1.24,5.35
2357,1.24,5.37
2358,1.24,5.38
2359,1.23,5.39
2360,1.24,5.4
2361,1.24,5.41
2362,1.24,5.41
2363,1.25,5.42
2364,1.24,5.42
2365,1.24,5.43
2366,1.25,5.43
2367,1.24,5.43
2368,1.24,5.42
2369,1.25,5.42
2370,1.25,5.42
2371,1.25,5.41
2372,1.25,5.4
2373,1.25,5.4
2374,1.25,5.39
2375,1.25,5.38
2376,1.25,5.37
2377,1.25,5.36
2378,1.25,5.35
2379,1.25,5.34
2380,1.25,5.33
2381,1.25,5.32
2382,1.25,5.31
2383,1.25,5.3
2384,1.25,5.29
2385,1.25,5.28
2386,1.25,5.28
2387,1.25,5.27
2388,1.25,5.27
2389,1.25,5.26
2390,1.25,5.26
2391,1.25,5.26
2392,1.25,5.26
2393,1.25,5.27
2394,1.25,5.27
2395,1.25,5.28
2396,1.25,5.28
2397,1.26,5.29
2398,1.26,5.3
2399,1.25,5.31
2400,1.26,5.33
2401,1.26,5.34
2402,1.26,5.35
2403,1.26,5.36
2404,1.26,5.38
2405,1.26,5.39
2406,1.26,5.4
2407,1.26,5.41
2408,1.26,5.43
2409,1.27,5.44
2410,1.26,5.45
2411,1.27,5.46
2412,1.27,5.47
2413,1.27,5.48
2414,1.27,5.48
2415,1.27,5.49
2416,1.27,5.49
2417,1.27,5.49
2418,1.27,5.49
2419,1.27,5.49
2420,1.27,5.49
2421,1.27,5.49
2422,1.27,5.48
2423,1.27,5.48
2424,1.27,5.47
2425,1.27,5.46
2426,1.27,5.45
2427,1.27,5.44
2428,1.27,5.43
2429,1.27,5.42
2430,1.27,5.41
2431,1.27,5.4
2432,1.27,5.39
2433,1.27,5.38
2434,1.27,5.37
2435,1.27,5.37
2436,1.27,5.36
2437,1.27,5.35
2438,1.27,5.35
2439,1.28,5.34
2440,1.28,5.34
2441,1.27,5.34
2442,1.27,5.33
2443,1.27,5.33
2444,1.27,5.34
2445,1.28,5.34
2446,1.28,5.34
2447,1.28,5.35
2448,1.28,5.36
2449,1.28,5.37
2450,1.28,5.38
2451,1.28,5.39
2452,1.28,5.4
2453,1.28,5.41
2454,1.29,5.42
2455,1.29,5.43
2456,1.29,5.45
2457,1.29,5.46
2458,1.29,5.47
2459,1.29,5.48
2460,1.29,5.49
2461,1.29,5.5
2462,1.29,5.51
2463,1.29,5.52
2464,1.29,5.53
2465,1.29,5.54
2466,1.29,5.54
2467,1.29,5.55
2468,1.29,5.55
2469,1.29,5.55
2470,1.29,5.55
2471,1.29,5.55
2472,1.29,5.55
2473,1.29,5.55
2474,1.29,5.54
2475,1.29,5.54
2476,1.29,5.53
2477,1.29,5.52
2478,1.29,5.52
2479,1.3,5.51
2480,1.29,5.5
2481,1.29,5.49
2482,1.29,5.48
2483,1.3,5.47
2484,1.3,5.46
2485,1.3,5.45
2486,1.3,5.44
2487,1.3,5.43
2488,1.31,5.43
2489,1.3,5.42
2490,1.31,5.42
2491,1.3,5.41
2492,1.3,5.41
2493,1.31,5.41
2494,1.31,5.41
2495,1.3,5.41
2496,1.3,5.41
2497,1.3,5.42
2498,1.31,5.42
2499,1.31,5.43
2500,1.31,5.43
2501,1.31,5.44
2502,1.31,5.45
2503,1.31,5.46
2504,1.31,5.47
2505,1.31,5.48
2506,1.31,5.49
2507,1.31,5.5
2508,1.31,5.51
2509,1.31,5.53
2510,1.31,5.54
2511,1.31,5.55
2512,1.31,5.56
2513,1.31,5.57
2514,1.31,5.58
2515,1.31,5.59
2516,1.31,5.59
2517,1.31,5.6
2518,1.31,5.6
2519,1.32,5.61
2520,1.31,5.61
2521,1.31,5.61
2522,1.31,5.62
2523,1.32,5.62
2524,1.32,5.61
2525,1.31,5.61
2526,1.32,5.61
2527,1.32,5.6
2528,1.32,5.59
2529,1.32,5.59
2530,1.32,5.58
2531,1.32,5.57
2532,1.32,5.56
2533,1.32,5.55
2534,1.32,5.55
2535,1.32,5.54
2536,1.32,5.53
2537,1.32,5.52
2538,1.32,5.51
2539,1.33,5.5
2540,1.33,5.5
2541,1.33,5.49
2542,1.32,5.49
2543,1.33,5.48
2544,1.33,5.48
2545,1.33,5.48
2546,1.33,5.48
2547,1.33,5.48
2548,1.33,5.49
2549,1.33,5.49
2550,1.33,5.5
2551,1.33,5.5
2552,1.33,5.51
2553,1.33,5.52
2554,1.33,5.52
2555,1.33,5.53
2556,1.33,5.54
2557,1.33,5.56
2558,1.33,5.57
2559,1.33,5.58
2560,1.33,5.59
2561,1.33,5.6
2562,1.33,5.61
2563,1.33,5.62
2564,1.33,5.63
2565,1.33,5.64
2566,1.34,5.65
2567,1.34,5.65
2568,1.34,5.66
2569,1.34,5.67
2570,1.34,5.67
2571,1.34,5.67
2572,1.34,5.68
2573,1.34,5.68
2574,1.34,5.68
2575,1.34,5.68
2576,1.34,5.68
2577,1.34,5.67
2578,1.34,5.67
2579,1.35,5.66
2580,1.34,5.66
2581,1.34,5.65
2582,1.34,5.64
2583,1.35,5.63
2584,1.34,5.63
2585,1.35,5.62
2586,1.34,5.61
2587,1.35,5.6
2588,1.35,5.59
2589,1.35,5.58
2590,1.35,5.58
2591,1.35,5.57
2592,1.35,5.57
2593,1.35,5.56
2594,1.35,5.56
2595,1.35,5.56
2596,1.35,5.55
2597,1.35,5.55
2598,1.35,5.55
2599,1.35,5.56
2600,1.35,5.56
2601,1.35,5.56
2602,1.35,5.57
2603,1.35,5.58
2604,1.35,5.58
2605,1.35,5.59
2606,1.36,5.6
2607,1.36,5.61
2608,1.35,5.62
2609,1.35,5.63
2610,1.35,5.64
2611,1.35,5.65
2612,1.35,5.66
2613,1.36,5.67
2614,1.36,5.68
2615,1.36,5.69
2616,1.36,5.7
2617,1.36,5.71
2618,1.36,5.72
2619,1.36,5.72
2620,1.36,5.73
2621,1.36,5.73
2622,1.36,5.74
2623,1.37,5.74
2624,1.36,5.74
2625,1.36,5.74
2626,1.36,5.74
2627,1.36,5.74
2628,1.37,5.74
2629,1.36,5.73
2630,1.37,5.73
2631,1.37,5.72
2632,1.37,5.71
2633,1.37,5.71
2634,1.37,5.7
2635,1.37,5.69
2636,1.37,5.68
2637,1.37,5.68
2638,1.37,5.67
2639,1.37,5.66
2640,1.37,5.65
2641,1.37,5.65
2642,1.37,5.64
2643,1.37,5.64
2644,1.37,5.63
2645,1.37,5.63
2646,1.37,5.63
2647,1.37,5.63
2648,1.37,5.62
2649,1.37,5.63
2650,1.37,5.63
2651,1.37,5.63
2652,1.37,5.63
2653,1.37,5.64
2654,1.37,5.64
2655,1.37,5.65
2656,1.38,5.66
2657,1.37,5.67
2658,1.38,5.68
2659,1.37,5.69
2660,1.38,5.7
2661,1.38,5.7
2662,1.38,5.72
2663,1.38,5.73
2664,1.38,5.73
2665,1.38,5.74
2666,1.38,5.75
2667,1.38,5.76
2668,1.38,5.77
2669,1.38,5.78
2670,1.38,5.78
2671,1.38,5.79
2672,1.38,5.79
2673,1.38,5.8
2674,1.38,5.8
2675,1.38,5.8
2676,1.38,5.8
2677,1.38,5.8
2678,1.38,5.8
2679,1.38,5.8
2680,1.38,5.79
2681,1.38,5.79
2682,1.38,5.78
2683,1.38,5.77
2684,1.38,5.77
2685,1.38,5.76
2686,1.38,5.75
2687,1.38,5.74
2688,1.38,5.73
2689,1.39,5.73
2690,1.39,5.72
2691,1.38,5.71
2692,1.39,5.71
2693,1.39,5.7
2694,1.39,5.7
2695,1.39,5.69
2696,1.39,5.69
2697,1.39,5.69
2698,1.39,5.69
2699,1.4,5.69
2700,1.39,5.69
2701,1.39,5.69
2702,1.39,5.7
2703,1.4,5.7
2704,1.4,5.71
2705,1.4,5.71
2706,1.4,5.72
2707,1.39,5.73
2708,1.4,5.73
2709,1.4,5.74
2710,1.4,5.75
2711,1.4,5.76
2712,1.4,5.77
2713,1.4,5.78
2714,1.4,5.79
2715,1.4,5.8
2716,1.4,5.81
2717,1.4,5.82
2718,1.4,5.83
2719,1.4,5.84
2720,1.4,5.84
2721,1.4,5.85
2722,1.4,5.85
2723,1.4,5.86
2724,1.4,5.86
2725,1.4,5.86
2726,1.4,5.86
2727,1.4,5.86
2728,1.4,5.86
2729,1.4,5.86
2730,1.4,5.85
2731,1.41,5.85
2732,1.4,5.84
2733,1.41,5.84
2734,1.41,5.83
2735,1.4,5.82
2736,1.41,5.81
2737,1.41,5.81
2738,1.41,5.8
2739,1.41,5.79
2740,1.41,5.78
2741,1.41,5.78
2742,1.42,5.77
2743,1.41,5.77
2744,1.41,5.76
2745,1.41,5.76
2746,1.41,5.76
2747,1.41,5.76
2748,1.42,5.76
2749,1.42,5.76
2750,1.42,5.76
2751,1.42,5.76
2752,1.42,5.76
2753,1.41,5.77
2754,1.42,5.77
2755,1.42,5.78
2756,1.42,5.78
2757,1.42,5.79
2758,1.42,5.8
2759,1.42,5.81
2760,1.42,5.82
2761,1.42,5.83
2762,1.42,5.84
2763,1.42,5.85
2764,1.42,5.86
2765,1.42,5.87
2766,1.42,5.88
2767,1.42,5.88
2768,1.42,5.89
2769,1.42,5.9
2770,1.42,5.9
2771,1.42,5.91
2772,1.42,5.91
2773,1.42,5.91
2774,1.42,5.92
2775,1.42,5.92
2776,1.42,5.92
2777,1.42,5.92
2778,1.43,5.92
2779,1.42,5.91
2780,1.43,5.91
2781,1.43,5.91
2782,1.43,5.9
2783,1.43,5.89
2784,1.43,5.89
2785,1.42,5.88
2786,1.43,5.87
2787,1.43,5.87
2788,1.43,5.86
2789,1.43,5.85
2790,1.43,5.85
2791,1.43,5.84
2792,1.44,5.84
2793,1.43,5.83
2794,1.44,5.82
2795,1.44,5.82
2796,1.44,5.82
2797,1.43,5.82
2798,1.43,5.82
2799,1.44,5.82
2800,1.43,5.82
2801,1.44,5.82
2802,1.44,5.82
2803,1.44,5.83
2804,1.44,5.83
2805,1.44,5.84
2806,1.44,5.85
2807,1.44,5.85
2808,1.44,5.86
2809,1.44,5.87
2810,1.44,5.88
2811,1.44,5.89
2812,1.44,5.89
2813,1.44,5.9
2814,1.44,5.91
2815,1.44,5.92
2816,1.44,5.93
2817,1.44,5.94
2818,1.44,5.94
2819,1.44,5.95
2820,1.44,5.96
2821,1.44,5.96
2822,1.44,5.96
2823,1.44,5.97
2824,1.44,5.97
2825,1.44,5.97
2826,1.44,5.97
2827,1.45,5.97
2828,1.45,5.97
2829,1.45,5.97
2830,1.44,5.96
2831,1.45,5.96
2832,1.45,5.96
2833,1.45,5.95
2834,1.45,5.95
2835,1.45,5.94
2836,1.45,5.94
2837,1.45,5.93
2838,1.46,5.92
2839,1.46,5.92
2840,1.45,5.91
2841,1.45,5.9
2842,1.45,5.9
2843,1.46,5.89
2844,1.45,5.89
2845,1.45,5.89
2846,1.45,5.88
2847,1.46,5.88
2848,1.45,5.88
2849,1.45,5.88
2850,1.46,5.89
2851,1.46,5.89
2852,1.45,5.89
2853,1.46,5.9
2854,1.46,5.9
2855,1.46,5.91
2856,1.46,5.91
2857,1.46,5.92
2858,1.46,5.93
2859,1.46,5.93
2860,1.46,5.94
2861,1.46,5.95
2862,1.46,5.96
2863,1.46,5.97
2864,1.46,5.97
2865,1.46,5.98
2866,1.46,5.99
2867,1.46,5.99
2868,1.46,6.0
2869,1.46,6.01
2870,1.46,6.01
2871,1.46,6.02
2872,1.47,6.02
2873,1.46,6.03
2874,1.46,6.03
2875,1.46,6.03
2876,1.46,6.03
2877,1.47,6.03
2878,1.46,6.03
2879,1.46,6.02
2880,1.47,6.02
2881,1.47,6.02
2882,1.47,6.01
2883,1.47,6.01
2884,1.47,6.0
2885,1.47,6.0
2886,1.47,5.99
2887,1.47,5.99
2888,1.47,5.98
2889,1.47,5.97
2890,1.48,5.97
2891,1.47,5.96
2892,1.47,5.96
2893,1.48,5.95
2894,1.48,5.95
2895,1.47,5.95
2896,1.48,5.95
2897,1.47,5.95
2898,1.48,5.94
2899,1.47,5.95
2900,1.48,5.95
2901,1.48,5.95
2902,1.48,5.95
2903,1.48,5.95
2904,1.48,5.96
2905,1.48,5.96
2906,1.48,5.97
2907,1.48,5.98
2908,1.48,5.98
2909,1.48,5.99
2910,1.48,6.0
2911,1.48,6.01
2912,1.48,6.01
2913,1.48,6.02
2914,1.48,6.03
2915,1.48,6.04
2916,1.48,6.04
2917,1.48,6.05
2918,1.48,6.06
2919,1.48,6.06
2920,1.48,6.07
2921,1.48,6.07
2922,1.48,6.08
2923,1.49,6.08
2924,1.48,6.08
2925,1.48,6.08
2926,1.49,6.08
2927,1.49,6.08
2928,1.49,6.08
2929,1.48,6.08
2930,1.49,6.08
2931,1.49,6.08
2932,1.49,6.07
2933,1.49,6.07
2934,1.49,6.06
2935,1.49,6.06
2936,1.49,6.05
2937,1.49,6.05
2938,1.49,6.04
2939,1.49,6.04
2940,1.49,6.03
2941,1.49,6.02
2942,1.5,6.02
2943,1.49,6.02
2944,1.5,6.01
2945,1.49,6.01
2946,1.49,6.01
2947,1.5,6.01
2948,1.5,6.0
2949,1.5,6.0
2950,1.5,6.0
2951,1.49,6.01
2952,1.5,6.01
2953,1.5,6.01
2954,1.5,6.02
2955,1.5,6.02
2956,1.5,6.03
2957,1.5,6.03
2958,1.5,6.04
2959,1.5,6.04
2960,1.5,6.05
2961,1.5,6.06
2962,1.5,6.06
2963,1.5,6.07
2964,1.5,6.08
2965,1.5,6.09
2966,1.5,6.1
2967,1.5,6.1
2968,1.5,6.11
2969,1.5,6.11
2970,1.5,6.12
2971,1.5,6.12
2972,1.5,6.13
2973,1.5,6.13
2974,1.5,6.13
2975,1.5,6.13
2976,1.51,6.13
2977,1.5,6.14
2978,1.5,6.13
2979,1.5,6.13
2980,1.5,6.13
2981,1.5,6.13
2982,1.51,6.12
2983,1.5,6.12
2984,1.5,6.12
2985,1.51,6.11
2986,1.5,6.11
2987,1.51,6.1
2988,1.51,6.1
2989,1.51,6.09
2990,1.51,6.09
2991,1.51,6.08
2992,1.51,6.08
2993,1.51,6.07
2994,1.51,6.07
2995,1.51,6.07
2996,1.51,6.06
2997,1.51,6.06
2998,1.51,6.06
2999,1.51,6.06
3000,1.52,6.06
3001,1.51,6.06
3002,1.52,6.07
3003,1.52,6.07
3004,1.51,6.07
3005,1.51,6.08
3006,1.52,6.08
3007,1.52,6.09
3008,1.52,6.1
3009,1.52,6.1
3010,1.52,6.11
3011,1.52,6.12
3012,1.52,6.12
3013,1.52,6.13
3014,1.52,6.14
3015,1.52,6.15
3016,1.52,6.15
3017,1.52,6.16
3018,1.52,6.17
3019,1.52,6.17
3020,1.52,6.17
3021,1.52,6.18
3022,1.52,6.18
3023,1.52,6.18
3024,1.52,6.18
3025,1.52,6.18
3026,1.52,6.19
3027,1.52,6.19
3028,1.52,6.19
3029,1.52,6.18
3030,1.52,6.18
3031,1.52,6.18
3032,1.52,6.18
3033,1.52,6.17
3034,1.52,6.17
3035,1.52,6.16
3036,1.52,6.16
3037,1.52,6.16
3038,1.53,6.15
3039,1.52,6.15
3040,1.53,6.14
3041,1.52,6.14
3042,1.53,6.13
3043,1.52,6.13
3044,1.53,6.13
3045,1.53,6.13
3046,1.53,6.12
3047,1.53,6.12
3048,1.53,6.12
3049,1.53,6.12
3050,1.53,6.12
3051,1.53,6.12
3052,1.53,6.12
3053,1.53,6.13
3054,1.53,6.13
3055,1.53,6.14
3056,1.53,6.14
3057,1.53,6.15
3058,1.53,6.15
3059,1.53,6.16
3060,1.53,6.17
3061,1.53,6.18
3062,1.53,6.18
3063,1.53,6.19
3064,1.53,6.2
3065,1.53,6.2
3066,1.53,6.21
3067,1.53,6.22
3068,1.53,6.22
3069,1.53,6.22
3070,1.53,6.23
3071,1.53,6.23
3072,1.53,6.24
3073,1.53,6.24
3074,1.54,6.24
3075,1.53,6.24
3076,1.54,6.24
3077,1.53,6.24
3078,1.53,6.24
3079,1.53,6.24
3080,1.54,6.24
3081,1.53,6.23
3082,1.54,6.23
3083,1.54,6.22
3084,1.53,6.22
3085,1.54,6.22
3086,1.54,6.21
3087,1.54,6.21
3088,1.54,6.2
3089,1.54,6.2
3090,1.54,6.19
3091,1.54,6.19
3092,1.54,6.19
3093,1.54,6.18
3094,1.55,6.18
3095,1.54,6.18
3096,1.54,6.17
3097,1.54,6.17
3098,1.54,6.17
3099,1.55,6.17
3100,1.54,6.18
3101,1.54,6.18
3102,1.54,6.18
3103,1.55,6.18
3104,1.55,6.18
3105,1.55,6.19
3106,1.55,6.19
3107,1.55,6.2
3108,1.55,6.2
3109,1.55,6.21
3110,1.55,6.22
3111,1.55,6.22
3112,1.55,6.23
3113,1.55,6.24
3114,1.55,6.24
3115,1.55,6.25
3116,1.54,6.26
3117,1.55,6.26
3118,1.55,6.27
3119,1.55,6.27
3120,1.55,6.27
3121,1.55,6.28
3122,1.54,6.28
3123,1.54,6.28
3124,1.54,6.28
3125,1.55,6.29
3126,1.54,6.28
3127,1.54,6.28
3128,1.54,6.28
3129,1.54,6.28
3130,1.54,6.28
3131,1.55,6.27
3132,1.55,6.27
3133,1.54,6.26
3134,1.54,6.26
3135,1.54,6.25
3136,1.54,6.24
3137,1.54,6.24
3138,1.54,6.23
3139,1.54,6.23
3140,1.54,6.22
3141,1.54,6.21
3142,1.54,6.21
3143,1.54,6.2
3144,1.54,6.2
3145,1.54,6.19
3146,1.54,6.19
3147,1.54,6.18
3148,1.54,6.18
3149,1.53,6.18
3150,1.54,6.18
3151,1.54,6.18
3152,1.54,6.17
3153,1.54,6.17
3154,1.54,6.18
3155,1.54,6.18
3156,1.53,6.18
3157,1.54,6.18
3158,1.54,6.19
3159,1.54,6.19
3160,1.54,6.2
3161,1.54,6.2
3162,1.54,6.21
3163,1.54,6.22
3164,1.54,6.22
3165,1.54,6.23
3166,1.54,6.23
3167,1.54,6.24
3168,1.54,6.24
3169,1.54,6.25
3170,1.53,6.25
3171,1.54,6.26
3172,1.54,6.26
3173,1.54,6.26
3174,1.54,6.26
3175,1.54,6.27
3176,1.54,6.27
3177,1.54,6.27
3178,1.54,6.27
3179,1.54,6.27
3180,1.54,6.26
3181,1.54,6.26
3182,1.54,6.26
3183,1.54,6.25
3184,1.54,6.25
3185,1.54,6.25
3186,1.54,6.24
3187,1.54,6.23
3188,1.54,6.23
3189,1.54,6.22
3190,1.54,6.21
3191,1.54,6.21
3192,1.54,6.21
3193,1.54,6.2
3194,1.54,6.2
3195,1.54,6.19
3196,1.54,6.19
3197,1.53,6.18
3198,1.54,6.18
3199,1.53,6.18
3200,1.54,6.17
3201,1.54,6.17
3202,1.54,6.17
3203,1.53,6.17
3204,1.54,6.17
3205,1.54,6.18
3206,1.53,6.18
3207,1.54,6.18
3208,1.54,6.19
3209,1.54,6.19
3210,1.54,6.19
3211,1.54,6.2
3212,1.54,6.2
3213,1.54,6.2
3214,1.54,6.21
3215,1.54,6.22
3216,1.54,6.22
3217,1.54,6.23
3218,1.53,6.23
3219,1.53,6.24
3220,1.54,6.24
3221,1.54,6.24
3222,1.54,6.25
3223,1.54,6.25
3224,1.54,6.26
3225,1.54,6.26
3226,1.54,6.26
3227,1.54,6.26
3228,1.54,6.26
3229,1.55,6.26
3230,1.54,6.26
3231,1.53,6.26
3232,1.54,6.26
3233,1.54,6.26
3234,1.54,6.25
3235,1.54,6.25
3236,1.54,6.24
3237,1.54,6.24
3238,1.54,6.23
3239,1.54,6.23
3240,1.54,6.22
3241,1.54,6.22
3242,1.54,6.22
3243,1.54,6.21
3244,1.54,6.2
3245,1.54,6.2
3246,1.54,6.2
3247,1.54,6.19
3248,1.54,6.19
3249,1.54,6.18
3250,1.54,6.18
3251,1.54,6.18
3252,1.53,6.18
3253,1.54,6.18
3254,1.54,6.18
3255,1.53,6.18
3256,1.55,6.18
3257,1.54,6.18
3258,1.54,6.18
3259,1.54,6.19
3260,1.54,6.19
3261,1.53,6.19
3262,1.53,6.2
3263,1.53,6.2
3264,1.54,6.21
3265,1.53,6.21
3266,1.53,6.22
3267,1.53,6.22
3268,1.53,6.23
3269,1.53,6.23
3270,1.54,6.23
3271,1.53,6.24
3272,1.54,6.24
3273,1.53,6.25
3274,1.53,6.25
3275,1.53,6.25
3276,1.53,6.25
3277,1.53,6.25
3278,1.53,6.25
3279,1.53,6.25
3280,1.53,6.24
3281,1.53,6.24
3282,1.53,6.24
3283,1.53,6.24
3284,1.53,6.23
3285,1.53,6.23
3286,1.53,6.23
3287,1.53,6.22
3288,1.53,6.21
3289,1.53,6.21
3290,1.53,6.2
3291,1.53,6.2
3292,1.54,6.19
3293,1.53,6.19
3294,1.53,6.18
3295,1.53,6.17
3296,1.53,6.17
3297,1.53,6.17
3298,1.53,6.16
3299,1.53,6.16
3300,1.53,6.16
3301,1.53,6.16
3302,1.53,6.16
3303,1.53,6.16
3304,1.53,6.16
3305,1.53,6.16
3306,1.53,6.16
3307,1.53,6.16
3308,1.53,6.16
3309,1.53,6.16
3310,1.53,6.17
3311,1.53,6.17
3312,1.53,6.18
3313,1.53,6.18
3314,1.53,6.19
3315,1.53,6.19
3316,1.53,6.2
3317,1.53,6.2
3318,1.53,6.21
3319,1.53,6.21
3320,1.53,6.21
3321,1.53,6.22
3322,1.53,6.22
3323,1.53,6.23
3324,1.53,6.23
3325,1.53,6.23
3326,1.53,6.24
3327,1.53,6.24
3328,1.53,6.24
3329,1.53,6.24
3330,1.53,6.24
3331,1.53,6.24
3332,1.53,6.24
3333,1.53,6.23
3334,1.53,6.23
3335,1.53,6.23
3336,1.53,6.22
3337,1.53,6.22
3338,1.54,6.21
3339,1.53,6.21
3340,1.53,6.2
3341,1.53,6.2
3342,1.53,6.19
3343,1.53,6.19
3344,1.53,6.18
3345,1.53,6.18
3346,1.53,6.17
3347,1.53,6.17
3348,1.53,6.17
3349,1.53,6.16
3350,1.53,6.16
3351,1.53,6.16
3352,1.53,6.16
3353,1.53,6.16
3354,1.53,6.16
3355,1.53,6.16
3356,1.53,6.16
3357,1.53,6.16
3358,1.53,6.16
3359,1.53,6.16
3360,1.53,6.17
3361,1.53,6.17
3362,1.53,6.17
3363,1.53,6.18
3364,1.53,6.18
3365,1.53,6.19
3366,1.53,6.19
3367,1.53,6.2
3368,1.53,6.2
3369,1.53,6.21
3370,1.53,6.21
3371,1.53,6.22
3372,1.53,6.22
3373,1.53,6.22
3374,1.53,6.23
3375,1.54,6.23
3376,1.53,6.23
3377,1.53,6.23
3378,1.53,6.23
3379,1.53,6.23
3380,1.53,6.23
3381,1.53,6.23
3382,1.53,6.23
3383,1.53,6.23
3384,1.53,6.23
3385,1.53,6.23
3386,1.53,6.22
3387,1.53,6.22
3388,1.53,6.22
3389,1.53,6.21
3390,1.53,6.2
3391,1.53,6.2
3392,1.53,6.2
3393,1.53,6.19
3394,1.53,6.19
3395,1.53,6.18
3396,1.53,6.17
3397,1.53,6.17
3398,1.53,6.17
3399,1.53,6.16
3400,1.53,6.15
3401,1.53,6.15
3402,1.53,6.15
3403,1.53,6.15
3404,1.53,6.14
3405,1.53,6.14
3406,1.53,6.14
3407,1.53,6.14
3408,1.53,6.14
3409,1.53,6.14
3410,1.53,6.14
3411,1.53,6.14
3412,1.53,6.15
3413,1.53,6.15
3414,1.53,6.15
3415,1.53,6.16
3416,1.53,6.16
3417,1.53,6.16
3418,1.53,6.17
3419,1.53,6.17
3420,1.53,6.18
3421,1.53,6.18
3422,1.53,6.19
3423,1.53,6.19
3424,1.53,6.2
3425,1.53,6.2
3426,1.53,6.2
3427,1.53,6.21
3428,1.53,6.21
3429,1.53,6.21
3430,1.53,6.21
3431,1.53,6.22
3432,1.53,6.22
3433,1.53,6.22
3434,1.53,6.22
3435,1.53,6.21
3436,1.53,6.21
3437,1.53,6.21
3438,1.53,6.21
3439,1.53,6.21
3440,1.53,6.21
3441,1.53,6.2
3442,1.53,6.2
3443,1.53,6.19
3444,1.53,6.19
3445,1.53,6.19
3446,1.53,6.18
3447,1.53,6.18
3448,1.53,6.17
3449,1.53,6.17
3450,1.53,6.16
3451,1.53,6.16
3452,1.53,6.16
3453,1.53,6.15
3454,1.53,6.15
3455,1.53,6.15
3456,1.53,6.15
3457,1.53,6.15
3458,1.53,6.14
3459,1.53,6.14
3460,1.53,6.14
3461,1.53,6.14
3462,1.53,6.14
3463,1.53,6.15
3464,1.53,6.15
3465,1.53,6.15
3466,1.53,6.16
3467,1.53,6.16
3468,1.53,6.16
3469,1.53,6.17
3470,1.53,6.17
3471,1.53,6.18
3472,1.53,6.18
3473,1.53,6.19
3474,1.53,6.19
3475,1.53,6.19
3476,1.53,6.2
3477,1.53,6.2
3478,1.53,6.2
3479,1.53,6.2
3480,1.53,6.21
3481,1.53,6.21
3482,1.53,6.21
3483,1.53,6.21
3484,1.53,6.21
3485,1.53,6.21
3486,1.53,6.21
3487,1.53,6.21
3488,1.53,6.21
3489,1.53,6.21
3490,1.53,6.21
3491,1.53,6.21
3492,1.53,6.2
3493,1.53,6.2
3494,1.53,6.19
3495,1.53,6.19
3496,1.53,6.19
3497,1.53,6.18
3498,1.53,6.18
3499,1.53,6.18
3500,1.53,6.17
3501,1.53,6.17
3502,1.53,6.16
3503,1.53,6.16
3504,1.53,6.16
3505,1.53,6.15
3506,1.53,6.15
3507,1.53,6.15
3508,1.53,6.15
3509,1.53,6.15
3510,1.53,6.15
3511,1.53,6.15
3512,1.53,6.15
3513,1.53,6.15
3514,1.53,6.15
3515,1.53,6.15
3516,1.53,6.15
3517,1.53,6.16
3518,1.53,6.16
3519,1.53,6.16
3520,1.53,6.16
3521,1.53,6.17
3522,1.53,6.17
3523,1.53,6.18
3524,1.53,6.18
3525,1.53,6.19
3526,1.53,6.19
3527,1.53,6.19
3528,1.53,6.2
3529,1.53,6.2
3530,1.53,6.2
3531,1.53,6.21
3532,1.53,6.21
3533,1.53,6.21
3534,1.53,6.21
3535,1.53,6.22
3536,1.53,6.22
3537,1.53,6.22
3538,1.53,6.22
3539,1.52,6.21
3540,1.53,6.21
3541,1.52,6.21
3542,1.53,6.21
3543,1.52,6.2
3544,1.52,6.2
3545,1.52,6.19
3546,1.53,6.19
3547,1.52,6.19
3548,1.53,6.18
3549,1.52,6.17
3550,1.52,6.17
3551,1.52,6.16
3552,1.52,6.16
3553,1.53,6.15
3554,1.52,6.15
3555,1.52,6.14
3556,1.52,6.14
3557,1.52,6.14
3558,1.53,6.13
3559,1.52,6.13
3560,1.52,6.13
3561,1.53,6.13
3562,1.52,6.13
3563,1.53,6.12
3564,1.52,6.12
3565,1.52,6.13
3566,1.52,6.13
3567,1.52,6.13
3568,1.52,6.13
3569,1.52,6.14
3570,1.52,6.14
3571,1.52,6.14
3572,1.52,6.15
3573,1.52,6.15
3574,1.52,6.15
3575,1.53,6.16
3576,1.53,6.16
3577,1.52,6.17
3578,1.52,6.17
3579,1.52,6.18
3580,1.52,6.18
3581,1.52,6.19
3582,1.52,6.19
3583,1.52,6.19
3584,1.52,6.19
3585,1.53,6.2
3586,1.52,6.2
3587,1.52,6.2
3588,1.53,6.2
3589,1.52,6.2
3590,1.53,6.2
3591,1.52,6.2
3592,1.52,6.2
3593,1.52,6.19
3594,1.52,6.19
3595,1.53,6.19
3596,1.52,6.19
3597,1.52,6.18
3598,1.53,6.18
3599,1.52,6.18
3600,1.52,6.17
3601,1.52,6.17
3602,1.52,6.16
3603,1.52,6.16
3604,1.52,6.16
3605,1.52,6.15
3606,1.52,6.15
3607,1.53,6.15
3608,1.52,6.14
3609,1.52,6.14
3610,1.53,6.14
3611,1.52,6.14
3612,1.53,6.13
3613,1.52,6.13
3614,1.53,6.13
3615,1.52,6.13
3616,1.52,6.13
3617,1.52,6.13
3618,1.53,6.13
3619,1.52,6.14
3620,1.52,6.14
3621,1.52,6.14
3622,1.53,6.15
3623,1.52,6.15
3624,1.52,6.15
3625,1.52,6.15
3626,1.52,6.16
3627,1.52,6.16
3628,1.53,6.17
3629,1.52,6.17
3630,1.52,6.17
3631,1.52,6.17
3632,1.52,6.18
3633,1.52,6.18
3634,1.52,6.18
3635,1.52,6.19
3636,1.52,6.19
3637,1.52,6.19
3638,1.53,6.19
3639,1.52,6.19
3640,1.53,6.19
3641,1.52,6.19
3642,1.53,6.19
3643,1.52,6.19
3644,1.52,6.19
3645,1.53,6.19
3646,1.52,6.19
3647,1.53,6.19
3648,1.52,6.18
3649,1.52,6.18
3650,1.52,6.18
3651,1.52,6.17
3652,1.53,6.17
3653,1.52,6.17
3654,1.53,6.17
3655,1.52,6.16
3656,1.53,6.16
3657,1.52,6.16
3658,1.52,6.15
3659,1.52,6.15
3660,1.53,6.15
3661,1.52,6.14
3662,1.52,6.14
3663,1.52,6.14
3664,1.52,6.14
3665,1.53,6.14
3666,1.52,6.14
3667,1.52,6.14
3668,1.52,6.14
3669,1.52,6.14
3670,1.52,6.14
3671,1.52,6.14
3672,1.52,6.15
3673,1.52,6.15
3674,1.52,6.15
3675,1.52,6.15
3676,1.52,6.16
3677,1.53,6.16
3678,1.52,6.16
3679,1.53,6.16
3680,1.52,6.17
3681,1.52,6.17
3682,1.52,6.18
3683,1.52,6.18
3684,1.52,6.18
3685,1.52,6.18
3686,1.52,6.18
3687,1.52,6.18
3688,1.52,6.19
3689,1.52,6.19
3690,1.52,6.19
3691,1.52,6.19
3692,1.52,6.19
3693,1.52,6.19
3694,1.52,6.19
3695,1.52,6.18
3696,1.52,6.18
3697,1.52,6.18
3698,1.52,6.18
3699,1.52,6.17
3700,1.52,6.17
3701,1.52,6.17
3702,1.52,6.17
3703,1.52,6.16
3704,1.52,6.16
3705,1.52,6.15
3706,1.52,6.15
3707,1.52,6.15
3708,1.52,6.14
3709,1.52,6.14
3710,1.52,6.13
3711,1.52,6.13
3712,1.52,6.13
3713,1.52,6.13
3714,1.52,6.12
3715,1.52,6.12
3716,1.52,6.12
3717,1.52,6.12
3718,1.52,6.12
3719,1.52,6.12
3720,1.52,6.12
3721,1.52,6.12
3722,1.52,6.12
3723,1.52,6.13
3724,1.52,6.13
3725,1.52,6.13
3726,1.52,6.14
3727,1.52,6.14
3728,1.52,6.14
3729,1.52,6.14
3730,1.52,6.15
3731,1.52,6.15
3732,1.52,6.16
3733,1.52,6.16
3734,1.52,6.17
3735,1.52,6.17
3736,1.52,6.17
3737,1.52,6.18
3738,1.52,6.18
3739,1.52,6.18
3740,1.52,6.18
3741,1.52,6.18
3742,1.52,6.19
3743,1.52,6.18
3744,1.52,6.19
3745,1.52,6.19
3746,1.52,6.18
3747,1.52,6.18
3748,1.52,6.18
3749,1.52,6.18
3750,1.52,6.18
3751,1.52,6.17
3752,1.52,6.17
3753,1.52,6.16
3754,1.52,6.16
3755,1.52,6.16
3756,1.52,6.16
3757,1.52,6.15
3758,1.52,6.15
3759,1.52,6.14
3760,1.52,6.14
3761,1.52,6.14
3762,1.52,6.13
3763,1.52,6.13
3764,1.52,6.13
3765,1.52,6.13
3766,1.52,6.13
3767,1.52,6.13
3768,1.52,6.13
3769,1.52,6.12
3770,1.52,6.12
3771,1.52,6.12
3772,1.52,6.12
3773,1.52,6.12
3774,1.52,6.13
3775,1.52,6.13
3776,1.52,6.13
3777,1.52,6.14
3778,1.52,6.14
3779,1.52,6.14
3780,1.52,6.14
3781,1.52,6.15
3782,1.52,6.15
3783,1.52,6.16
3784,1.52,6.16
3785,1.52,6.16
3786,1.52,6.17
3787,1.52,6.17
3788,1.52,6.17
3789,1.52,6.17
3790,1.52,6.18
3791,1.52,6.18
3792,1.52,6.18
3793,1.52,6.18
3794,1.52,6.18
3795,1.52,6.18
3796,1.52,6.18
3797,1.52,6.18
3798,1.52,6.18
3799,1.52,6.18
3800,1.52,6.18
3801,1.52,6.18
3802,1.52,6.17
3803,1.52,6.17
3804,1.52,6.17
3805,1.52,6.16
3806,1.52,6.16
3807,1.52,6.16
3808,1.52,6.15
3809,1.52,6.15
3810,1.52,6.14
3811,1.52,6.14
3812,1.52,6.14
3813,1.52,6.14
3814,1.52,6.13
3815,1.52,6.13
3816,1.52,6.13
3817,1.52,6.13
3818,1.52,6.13
3819,1.52,6.13
3820,1.52,6.13
3821,1.52,6.13
3822,1.52,6.13
3823,1.52,6.13
3824,1.52,6.13
3825,1.52,6.13
3826,1.52,6.13
3827,1.52,6.14
3828,1.52,6.14
3829,1.52,6.14
3830,1.52,6.14
3831,1.52,6.14
3832,1.52,6.15
3833,1.52,6.15
3834,1.52,6.16
3835,1.52,6.16
3836,1.52,6.16
3837,1.52,6.16
3838,1.51,6.16
3839,1.52,6.17
3840,1.52,6.17
3841,1.51,6.17
3842,1.51,6.17
3843,1.51,6.17
3844,1.51,6.17
3845,1.51,6.17
3846,1.52,6.17
3847,1.51,6.17
3848,1.51,6.16
3849,1.51,6.16
3850,1.51,6.16
3851,1.52,6.16
3852,1.51,6.16
3853,1.51,6.15
3854,1.51,6.15
3855,1.51,6.14
3856,1.51,6.14
3857,1.51,6.14
3858,1.52,6.13
3859,1.51,6.13
3860,1.51,6.12
3861,1.51,6.12
3862,1.51,6.12
3863,1.52,6.11
3864,1.51,6.11
3865,1.52,6.11
3866,1.51,6.1
3867,1.51,6.1
3868,1.51,6.1
3869,1.51,6.1
3870,1.51,6.1
3871,1.51,6.1
3872,1.51,6.1
3873,1.51,6.1
3874,1.51,6.1
3875,1.52,6.1
3876,1.51,6.1
3877,1.51,6.11
3878,1.52,6.11
3879,1.51,6.11
3880,1.51,6.11
3881,1.51,6.12
3882,1.51,6.12
3883,1.51,6.12
3884,1.51,6.13
3885,1.52,6.13
3886,1.51,6.14
3887,1.51,6.14
3888,1.51,6.14
3889,1.51,6.15
3890,1.51,6.15
3891,1.51,6.15
3892,1.52,6.15
3893,1.52,6.16
3894,1.51,6.16
3895,1.51,6.16
3896,1.51,6.16
3897,1.51,6.16
3898,1.52,6.16
3899,1.51,6.16
3900,1.52,6.16
3901,1.51,6.16
3902,1.52,6.16
3903,1.51,6.15
3904,1.51,6.15
3905,1.52,6.15
3906,1.51,6.15
3907,1.51,6.14
3908,1.52,6.14
3909,1.52,6.14
3910,1.51,6.13
3911,1.51,6.13
3912,1.51,6.13
3913,1.51,6.12
3914,1.51,6.12
3915,1.52,6.12
3916,1.51,6.11
3917,1.51,6.11
3918,1.52,6.11
3919,1.51,6.11
3920,1.51,6.1
3921,1.51,6.1
3922,1.51,6.1
3923,1.51,6.1
3924,1.51,6.1
3925,1.52,6.1
3926,1.52,6.1
3927,1.51,6.11
3928,1.51,6.11
3929,1.51,6.11
3930,1.52,6.11
3931,1.51,6.12
3932,1.52,6.12
3933,1.52,6.13
3934,1.51,6.13
3935,1.52,6.13
3936,1.51,6.14
3937,1.52,6.14
3938,1.52,6.14
3939,1.51,6.14
3940,1.52,6.15
3941,1.52,6.15
3942,1.52,6.15
3943,1.52,6.15
3944,1.52,6.16
3945,1.51,6.16
3946,1.51,6.16
3947,1.52,6.16
3948,1.51,6.16
3949,1.52,6.16
3950,1.52,6.16
3951,1.51,6.16
3952,1.52,6.16
3953,1.52,6.16
3954,1.52,6.16
3955,1.52,6.15
3956,1.52,6.15
3957,1.52,6.15
3958,1.52,6.14
3959,1.52,6.14
3960,1.52,6.14
3961,1.51,6.14
3962,1.51,6.13
3963,1.52,6.13
3964,1.52,6.13
3965,1.52,6.12
3966,1.51,6.12
3967,1.52,6.12
3968,1.51,6.12
3969,1.51,6.11
3970,1.52,6.11
3971,1.51,6.11
3972,1.52,6.11
3973,1.52,6.11
3974,1.52,6.11
3975,1.51,6.11
3976,1.52,6.11
3977,1.52,6.11
3978,1.52,6.11
3979,1.52,6.12
3980,1.52,6.12
3981,1.52,6.12
3982,1.51,6.12
3983,1.51,6.13
3984,1.51,6.13
3985,1.51,6.13
3986,1.51,6.13
3987,1.52,6.14
3988,1.51,6.14
3989,1.51,6.14
3990,1.51,6.15
3991,1.5,6.15
3992,1.5,6.15
3993,1.51,6.15
3994,1.51,6.15
3995,1.51,6.15
3996,1.51,6.16
3997,1.51,6.16
3998,1.51,6.15
3999,1.5,6.15
4000,1.51,6.15
4001,1.5,6.15
4002,1.51,6.15
4003,1.51,6.15
4004,1.51,6.14
4005,1.51,6.14
4006,1.5,6.14
4007,1.51,6.14
4008,1.51,6.13
4009,1.51,6.13
4010,1.51,6.13
4011,1.51,6.13
4012,1.5,6.12
4013,1.51,6.12
4014,1.5,6.11
4015,1.5,6.11
4016,1.5,6.1
4017,1.5,6.1
4018,1.5,6.1
4019,1.5,6.1
4020,1.51,6.09
4021,1.5,6.09
4022,1.5,6.09
4023,1.51,6.09
4024,1.51,6.09
4025,1.51,6.09
4026,1.51,6.09
4027,1.51,6.09
4028,1.51,6.09
4029,1.5,6.09
4030,1.51,6.09
4031,1.5,6.1
4032,1.5,6.1
4033,1.5,6.1
4034,1.5,6.1
4035,1.51,6.11
4036,1.51,6.11
4037,1.5,6.11
4038,1.51,6.12
4039,1.51,6.12
4040,1.51,6.12
4041,1.51,6.13
4042,1.51,6.13
4043,1.5,6.13
4044,1.51,6.13
4045,1.51,6.14
4046,1.5,6.14
4047,1.51,6.14
4048,1.51,6.14
4049,1.51,6.14
4050,1.51,6.14
4051,1.5,6.14
4052,1.5,6.14
4053,1.51,6.14
4054,1.51,6.14
4055,1.51,6.14
4056,1.5,6.14
4057,1.5,6.14
4058,1.51,6.13
4059,1.5,6.13
4060,1.51,6.12
4061,1.5,6.12
4062,1.51,6.12
4063,1.51,6.12
4064,1.51,6.11
4065,1.51,6.11
4066,1.51,6.11
4067,1.51,6.11
4068,1.51,6.1
4069,1.5,6.1
4070,1.5,6.1
4071,1.5,6.1
4072,1.5,6.09
4073,1.51,6.09
4074,1.5,6.09
4075,1.51,6.09
4076,1.51,6.09
4077,1.5,6.09
4078,1.51,6.09
4079,1.51,6.09
4080,1.5,6.09
4081,1.5,6.1
4082,1.5,6.1
4083,1.51,6.1
4084,1.5,6.1
4085,1.5,6.11
4086,1.51,6.11
4087,1.51,6.11
4088,1.51,6.12
4089,1.5,6.12
4090,1.51,6.12
4091,1.51,6.12
4092,1.5,6.13
4093,1.51,6.13
4094,1.5,6.13
4095,1.51,6.13
4096,1.5,6.14
4097,1.5,6.14
4098,1.51,6.14
4099,1.51,6.14
4100,1.51,6.14
4101,1.5,6.14
4102,1.51,6.14
4103,1.5,6.14
4104,1.5,6.14
4105,1.51,6.14
4106,1.5,6.14
4107,1.5,6.14
4108,1.51,6.14
4109,1.5,6.13
4110,1.5,6.13
4111,1.51,6.13
4112,1.51,6.13
4113,1.51,6.12
4114,1.51,6.12
4115,1.51,6.11
4116,1.5,6.11
4117,1.51,6.11
4118,1.51,6.11
4119,1.51,6.1
4120,1.51,6.1
4121,1.5,6.1
4122,1.51,6.1
4123,1.5,6.1
4124,1.51,6.1
4125,1.51,6.1
4126,1.51,6.1
4127,1.51,6.09
4128,1.51,6.09
4129,1.5,6.09
4130,1.5,6.09
4131,1.5,6.1
4132,1.5,6.1
4133,1.5,6.1
4134,1.51,6.1
4135,1.51,6.1
4136,1.51,6.11
4137,1.51,6.11
4138,1.51,6.11
4139,1.51,6.11
4140,1.5,6.12
4141,1.5,6.12
4142,1.51,6.12
4143,1.51,6.12
4144,1.5,6.12
4145,1.5,6.13
4146,1.5,6.13
4147,1.5,6.13
4148,1.5,6.13
4149,1.5,6.14
4150,1.5,6.14
4151,1.5,6.14
4152,1.5,6.14
4153,1.5,6.14
4154,1.5,6.14
4155,1.5,6.14
4156,1.5,6.14
4157,1.5,6.14
4158,1.5,6.13
4159,1.5,6.13
4160,1.5,6.13
4161,1.5,6.12
4162,1.5,6.12
4163,1.5,6.12
4164,1.5,6.11
4165,1.5,6.11
4166,1.5,6.1
4167,1.5,6.1
4168,1.5,6.1
4169,1.5,6.09
4170,1.5,6.09
4171,1.5,6.08
4172,1.5,6.08
4173,1.5,6.08
4174,1.5,6.08
4175,1.5,6.07
4176,1.5,6.07
4177,1.5,6.07
4178,1.5,6.07
4179,1.5,6.07
4180,1.5,6.07
4181,1.5,6.07
4182,1.5,6.07
4183,1.5,6.07
4184,1.5,6.07
4185,1.5,6.07
4186,1.5,6.08
4187,1.5,6.08
4188,1.5,6.08
4189,1.5,6.09
4190,1.5,6.09
4191,1.5,6.09
4192,1.5,6.1
4193,1.5,6.1
4194,1.5,6.11
4195,1.5,6.11
4196,1.5,6.11
4197,1.5,6.12
4198,1.5,6.12
4199,1.5,6.12
4200,1.5,6.12
4201,1.5,6.12
4202,1.5,6.13
4203,1.5,6.13
4204,1.5,6.13
4205,1.5,6.13
4206,1.5,6.13
4207,1.5,6.13
4208,1.5,6.12
4209,1.5,6.12
4210,1.5,6.12
4211,1.5,6.12
4212,1.5,6.12
4213,1.5,6.11
4214,1.5,6.11
4215,1.5,6.11
4216,1.5,6.1
4217,1.5,6.1
4218,1.5,6.1
4219,1.5,6.09
4220,1.5,6.09
4221,1.5,6.09
4222,1.5,6.08
4223,1.5,6.08
4224,1.5,6.08
4225,1.5,6.07
4226,1.5,6.07
4227,1.5,6.07
4228,1.5,6.07
4229,1.5,6.07
4230,1.5,6.07
4231,1.5,6.07
4232,1.5,6.07
4233,1.5,6.07
4234,1.5,6.07
4235,1.5,6.07
4236,1.5,6.07
4237,1.5,6.07
4238,1.5,6.08
4239,1.5,6.08
4240,1.5,6.08
4241,1.5,6.09
4242,1.5,6.09
4243,1.5,6.09
4244,1.5,6.1
4245,1.5,6.1
4246,1.5,6.1
4247,1.5,6.11
4248,1.5,6.11
4249,1.5,6.11
4250,1.5,6.11
4251,1.5,6.12
4252,1.5,6.12
4253,1.5,6.12
4254,1.5,6.12
4255,1.5,6.12
4256,1.5,6.13
4257,1.5,6.13
4258,1.5,6.13
4259,1.5,6.12
4260,1.5,6.12
4261,1.5,6.12
4262,1.5,6.12
4263,1.5,6.12
4264,1.5,6.12
4265,1.5,6.11
4266,1.5,6.11
4267,1.5,6.11
4268,1.5,6.1
4269,1.5,6.1
4270,1.5,6.1
4271,1.5,6.1
4272,1.5,6.09
4273,1.5,6.09
4274,1.5,6.09
4275,1.5,6.09
4276,1.5,6.09
4277,1.5,6.09
4278,1.5,6.08
4279,1.5,6.08
4280,1.5,6.08
4281,1.5,6.08
4282,1.5,6.08
4283,1.5,6.08
4284,1.5,6.08
4285,1.5,6.08
4286,1.5,6.08
4287,1.5,6.08
4288,1.5,6.08
4289,1.5,6.08
4290,1.5,6.09
4291,1.5,6.09
4292,1.5,6.09
4293,1.5,6.09
4294,1.5,6.1
4295,1.5,6.1
4296,1.5,6.1
4297,1.5,6.11
4298,1.5,6.11
4299,1.5,6.11
4300,1.5,6.11
4301,1.5,6.12
4302,1.5,6.12
4303,1.5,6.12
4304,1.5,6.12
4305,1.5,6.12
4306,1.5,6.13
4307,1.5,6.13
4308,1.5,6.13
4309,1.5,6.13
4310,1.5,6.12
4311,1.5,6.12
4312,1.5,6.12
4313,1.5,6.12
4314,1.5,6.12
4315,1.5,6.11
4316,1.5,6.11
4317,1.5,6.11
4318,1.5,6.11
4319,1.5,6.1
4320,1.5,6.1
4321,1.5,6.09
4322,1.5,6.09
4323,1.5,6.08
4324,1.5,6.08
4325,1.5,6.08
4326,1.5,6.07
4327,1.5,6.07
4328,1.5,6.07
4329,1.5,6.07
4330,1.5,6.07
4331,1.5,6.06
4332,1.5,6.06
4333,1.5,6.06
4334,1.49,6.06
4335,1.5,6.06
4336,1.5,6.06
4337,1.5,6.06
4338,1.5,6.06
4339,1.5,6.06
4340,1.5,6.06
4341,1.5,6.06
4342,1.5,6.06
4343,1.5,6.06
4344,1.5,6.06
4345,1.5,6.07
4346,1.5,6.07
4347,1.5,6.07
4348,1.5,6.07
4349,1.5,6.08
4350,1.5,6.08
4351,1.5,6.08
4352,1.5,6.09
4353,1.5,6.09
4354,1.5,6.09
4355,1.5,6.1
4356,1.5,6.1
4357,1.5,6.1
4358,1.5,6.1
4359,1.5,6.1
4360,1.5,6.11
4361,1.49,6.11
4362,1.5,6.11
4363,1.5,6.1
4364,1.5,6.1
4365,1.5,6.1
4366,1.5,6.1
4367,1.5,6.1
4368,1.5,6.1
4369,1.5,6.1
4370,1.5,6.1
4371,1.49,6.09
4372,1.5,6.09
4373,1.5,6.09
4374,1.5,6.09
4375,1.5,6.08
4376,1.5,6.08
4377,1.5,6.08
4378,1.5,6.08
4379,1.5,6.07
4380,1.5,6.07
4381,1.5,6.07
4382,1.5,6.06
4383,1.5,6.06
4384,1.5,6.06
4385,1.5,6.06
4386,1.5,6.06
4387,1.5,6.06
4388,1.5,6.06
4389,1.5,6.06
4390,1.5,6.06
4391,1.5,6.06
4392,1.5,6.06
4393,1.5,6.06
4394,1.49,6.06
4395,1.5,6.07
4396,1.5,6.07
4397,1.5,6.07
4398,1.5,6.07
4399,1.5,6.08
4400,1.49,6.08
4401,1.5,6.08
4402,1.5,6.09
4403,1.5,6.09
4404,1.5,6.09
4405,1.5,6.09
4406,1.49,6.1
4407,1.5,6.1
4408,1.5,6.1
4409,1.5,6.1
4410,1.5,6.1
4411,1.5,6.1
4412,1.5,6.1
4413,1.5,6.1
4414,1.5,6.1
4415,1.5,6.1
4416,1.5,6.1
4417,1.5,6.1
4418,1.5,6.1
4419,1.5,6.1
4420,1.5,6.09
4421,1.5,6.09
4422,1.5,6.09
4423,1.49,6.09
4424,1.5,6.08
4425,1.5,6.08
4426,1.5,6.08
4427,1.5,6.08
4428,1.5,6.07
4429,1.5,6.07
4430,1.5,6.07
4431,1.5,6.06
4432,1.5,6.06
4433,1.5,6.06
4434,1.5,6.06
4435,1.5,6.06
4436,1.5,6.06
4437,1.5,6.06
4438,1.5,6.05
4439,1.5,6.05
4440,1.5,6.05
4441,1.5,6.05
4442,1.5,6.06
4443,1.5,6.05
4444,1.5,6.06
4445,1.5,6.06
4446,1.5,6.06
4447,1.5,6.06
4448,1.5,6.07
4449,1.49,6.07
4450,1.5,6.07
4451,1.5,6.07
4452,1.5,6.08
4453,1.5,6.08
4454,1.5,6.08
4455,1.5,6.08
4456,1.5,6.09
4457,1.5,6.09
4458,1.5,6.09
4459,1.5,6.09
4460,1.5,6.09
4461,1.5,6.09
4462,1.5,6.1
4463,1.5,6.1
4464,1.5,6.1
4465,1.5,6.1
4466,1.5,6.1
4467,1.5,6.1
4468,1.5,6.1
4469,1.5,6.1
4470,1.5,6.09
4471,1.5,6.09
4472,1.5,6.09
4473,1.5,6.09
4474,1.5,6.09
4475,1.5,6.08
4476,1.5,6.08
4477,1.5,6.08
4478,1.5,6.08
4479,1.5,6.08
4480,1.5,6.07
4481,1.5,6.07
4482,1.5,6.06
4483,1.5,6.06
4484,1.5,6.06
4485,1.5,6.06
4486,1.5,6.06
4487,1.5,6.06
4488,1.5,6.06
4489,1.5,6.06
4490,1.5,6.06
4491,1.49,6.05
4492,1.5,6.06
4493,1.49,6.06
4494,1.5,6.06
4495,1.5,6.06
4496,1.49,6.06
4497,1.5,6.06
4498,1.49,6.06
4499,1.49,6.07
4500,1.49,6.07
4501,1.49,6.07
4502,1.49,6.07
4503,1.49,6.08
4504,1.49,6.08
4505,1.5,6.08
4506,1.49,6.08
4507,1.49,6.08
4508,1.49,6.08
4509,1.49,6.08
4510,1.49,6.08
4511,1.49,6.08
4512,1.49,6.08
4513,1.49,6.09
4514,1.49,6.09
4515,1.5,6.09
4516,1.49,6.09
4517,1.49,6.08
4518,1.49,6.08
4519,1.49,6.08
4520,1.5,6.08
4521,1.49,6.08
4522,1.49,6.07
4523,1.49,6.07
4524,1.49,6.07
4525,1.49,6.07
4526,1.49,6.06
4527,1.49,6.06
4528,1.49,6.06
4529,1.49,6.05
4530,1.49,6.05
4531,1.49,6.05
4532,1.49,6.05
4533,1.49,6.04
4534,1.49,6.04
4535,1.49,6.04
4536,1.49,6.04
4537,1.49,6.04
4538,1.49,6.04
4539,1.49,6.04
4540,1.49,6.04
4541,1.48,6.04
4542,1.49,6.04
4543,1.49,6.04
4544,1.49,6.04
4545,1.49,6.04
4546,1.49,6.04
4547,1.5,6.05
4548,1.49,6.05
4549,1.49,6.05
4550,1.49,6.06
4551,1.49,6.06
4552,1.49,6.06
4553,1.49,6.06
4554,1.49,6.07
4555,1.49,6.07
4556,1.49,6.07
4557,1.49,6.07
4558,1.49,6.08
4559,1.49,6.08
4560,1.5,6.08
4561,1.49,6.08
4562,1.49,6.08
4563,1.49,6.08
4564,1.49,6.08
4565,1.49,6.08
4566,1.49,6.08
4567,1.49,6.08
4568,1.49,6.08
4569,1.5,6.08
4570,1.49,6.08
4571,1.49,6.08
4572,1.49,6.07
4573,1.49,6.07
4574,1.49,6.07
4575,1.49,6.07
4576,1.49,6.06
4577,1.49,6.06
4578,1.49,6.06
4579,1.49,6.05
4580,1.49,6.05
4581,1.49,6.05
4582,1.49,6.05
4583,1.49,6.05
4584,1.49,6.04
4585,1.5,6.04
4586,1.49,6.04
4587,1.49,6.04
4588,1.49,6.04
4589,1.49,6.04
4590,1.49,6.04
4591,1.49,6.04
4592,1.49,6.04
4593,1.49,6.04
4594,1.49,6.04
4595,1.49,6.05
4596,1.49,6.05
4597,1.49,6.05
4598,1.49,6.05
4599,1.49,6.05
4600,1.49,6.05
4601,1.49,6.05
4602,1.49,6.06
4603,1.49,6.06
4604,1.48,6.06
4605,1.49,6.06
4606,1.49,6.07
4607,1.49,6.07
4608,1.49,6.07
4609,1.49,6.07
4610,1.5,6.07
4611,1.49,6.08
4612,1.49,6.08
4613,1.49,6.08
4614,1.49,6.08
4615,1.5,6.08
4616,1.49,6.08
4617,1.49,6.08
4618,1.49,6.08
4619,1.49,6.08
4620,1.49,6.07
4621,1.49,6.07
4622,1.49,6.07
4623,1.49,6.07
4624,1.49,6.07
4625,1.5,6.07
4626,1.49,6.07
4627,1.49,6.07
4628,1.49,6.06
4629,1.49,6.06
4630,1.49,6.06
4631,1.49,6.06
4632,1.49,6.05
4633,1.49,6.05
4634,1.49,6.05
4635,1.49,6.05
4636,1.49,6.05
4637,1.49,6.05
4638,1.49,6.05
4639,1.49,6.04
4640,1.49,6.04
4641,1.49,6.04
4642,1.49,6.04
4643,1.49,6.04
4644,1.49,6.04
4645,1.49,6.04
4646,1.49,6.04
4647,1.49,6.05
4648,1.49,6.05
4649,1.49,6.05
4650,1.49,6.05
4651,1.49,6.06
4652,1.49,6.06
4653,1.49,6.06
4654,1.49,6.06
4655,1.49,6.07
4656,1.49,6.07
4657,1.49,6.07
4658,1.49,6.07
4659,1.48,6.07
4660,1.49,6.08
4661,1.49,6.08
4662,1.49,6.08
4663,1.49,6.08
4664,1.49,6.08
4665,1.49,6.08
4666,1.49,6.08
4667,1.49,6.08
4668,1.49,6.08
4669,1.48,6.08
4670,1.49,6.08
4671,1.48,6.08
4672,1.48,6.08
4673,1.49,6.08
4674,1.48,6.08
4675,1.49,6.07
4676,1.48,6.07
4677,1.48,6.07
4678,1.49,6.07
4679,1.48,6.06
4680,1.48,6.06
4681,1.48,6.05
4682,1.48,6.05
4683,1.48,6.05
4684,1.48,6.05
4685,1.48,6.04
4686,1.48,6.04
4687,1.48,6.04
4688,1.49,6.04
4689,1.48,6.04
4690,1.49,6.03
4691,1.48,6.03
4692,1.48,6.03
4693,1.48,6.03
4694,1.48,6.03
4695,1.48,6.03
4696,1.48,6.03
4697,1.48,6.03
4698,1.48,6.03
4699,1.48,6.03
4700,1.49,6.03
4701,1.48,6.03
4702,1.48,6.03
4703,1.48,6.03
4704,1.48,6.03
4705,1.49,6.04
4706,1.48,6.04
4707,1.48,6.04
4708,1.48,6.04
4709,1.48,6.04
4710,1.48,6.05
4711,1.48,6.05
4712,1.48,6.05
4713,1.48,6.06
4714,1.48,6.06
4715,1.49,6.06
4716,1.48,6.06
4717,1.49,6.06
4718,1.49,6.06
4719,1.48,6.06
4720,1.48,6.06
4721,1.48,6.06
4722,1.48,6.07
4723,1.48,6.06
4724,1.48,6.06
4725,1.48,6.06
4726,1.48,6.06
4727,1.48,6.06
4728,1.48,6.06
4729,1.48,6.06
4730,1.48,6.05
4731,1.48,6.05
4732,1.48,6.05
4733,1.48,6.05
4734,1.48,6.05
4735,1.48,6.04
4736,1.49,6.04
4737,1.48,6.04
4738,1.48,6.04
4739,1.48,6.03
4740,1.48,6.03
4741,1.48,6.03
4742,1.48,6.03
4743,1.48,6.03
4744,1.48,6.02
4745,1.48,6.02
4746,1.48,6.02
4747,1.48,6.02
4748,1.48,6.02
4749,1.48,6.02
4750,1.48,6.02
4751,1.48,6.03
4752,1.48,6.03
4753,1.48,6.03
4754,1.48,6.03
4755,1.48,6.03
4756,1.48,6.03
4757,1.48,6.04
4758,1.48,6.04
4759,1.48,6.04
4760,1.48,6.04
4761,1.48,6.04
4762,1.48,6.05
4763,1.48,6.05
4764,1.48,6.05
4765,1.48,6.05
4766,1.49,6.05
4767,1.48,6.05
4768,1.48,6.05
4769,1.48,6.06
4770,1.48,6.06
4771,1.48,6.06
4772,1.48,6.06
4773,1.48,6.06
4774,1.48,6.06
4775,1.48,6.06
4776,1.48,6.06
4777,1.48,6.06
4778,1.48,6.06
4779,1.48,6.06
4780,1.48,6.05
4781,1.48,6.05
4782,1.48,6.05
4783,1.48,6.05
4784,1.48,6.05
4785,1.48,6.04
4786,1.48,6.04
4787,1.48,6.04
4788,1.49,6.04
4789,1.48,6.03
4790,1.48,6.03
4791,1.48,6.03
4792,1.49,6.03
4793,1.48,6.03
4794,1.48,6.03
4795,1.49,6.03
4796,1.48,6.03
4797,1.48,6.03
4798,1.48,6.02
4799,1.48,6.02
4800,1.48,6.03
4801,1.48,6.03
4802,1.48,6.03
4803,1.48,6.03
4804,1.48,6.03
4805,1.48,6.03
4806,1.48,6.03
4807,1.48,6.04
4808,1.49,6.04
4809,1.48,6.04
4810,1.48,6.04
4811,1.48,6.04
4812,1.48,6.04
4813,1.48,6.04
4814,1.48,6.05
4815,1.48,6.05
4816,1.48,6.05
4817,1.48,6.05
4818,1.48,6.05
4819,1.48,6.05
4820,1.48,6.06
4821,1.48,6.06
4822,1.48,6.06
4823,1.48,6.06
4824,1.48,6.06
4825,1.48,6.06
4826,1.48,6.06
4827,1.48,6.06
4828,1.48,6.06
4829,1.48,6.06
4830,1.48,6.06
4831,1.48,6.06
4832,1.48,6.06
4833,1.48,6.06
4834,1.48,6.05
4835,1.49,6.05
4836,1.48,6.05
4837,1.48,6.05
4838,1.48,6.05
4839,1.48,6.04
4840,1.48,6.04
4841,1.48,6.04
4842,1.48,6.04
4843,1.48,6.04
4844,1.48,6.04
4845,1.49,6.03
4846,1.48,6.03
4847,1.48,6.03
4848,1.49,6.03
4849,1.48,6.03
4850,1.48,6.03
4851,1.48,6.03
4852,1.48,6.03
4853,1.48,6.03
4854,1.48,6.03
4855,1.48,6.03
4856,1.48,6.03
4857,1.48,6.04
4858,1.48,6.04
4859,1.48,6.04
4860,1.48,6.04
4861,1.48,6.04
4862,1.48,6.04
4863,1.48,6.04
4864,1.48,6.05
4865,1.48,6.05
4866,1.48,6.05
4867,1.48,6.05
4868,1.48,6.05
4869,1.48,6.06
4870,1.48,6.06
4871,1.48,6.06
4872,1.48,6.06
4873,1.48,6.06
4874,1.48,6.06
4875,1.48,6.06
4876,1.48,6.06
4877,1.48,6.06
4878,1.48,6.06
4879,1.48,6.05
4880,1.48,6.05
4881,1.48,6.05
4882,1.48,6.05
4883,1.48,6.05
4884,1.48,6.05
4885,1.48,6.04
4886,1.48,6.04
4887,1.48,6.04
4888,1.48,6.03
4889,1.48,6.03
4890,1.48,6.03
4891,1.48,6.03
4892,1.48,6.02
4893,1.48,6.02
4894,1.48,6.02
4895,1.48,6.02
4896,1.48,6.02
4897,1.48,6.01
4898,1.48,6.01
4899,1.48,6.01
4900,1.48,6.01
4901,1.48,6.01
4902,1.48,6.01
4903,1.48,6.01
4904,1.48,6.01
4905,1.48,6.01
4906,1.48,6.01
4907,1.48,6.01
4908,1.48,6.01
4909,1.48,6.01
4910,1.48,6.01
4911,1.48,6.02
4912,1.48,6.02
4913,1.48,6.02
4914,1.48,6.03
4915,1.48,6.03
4916,1.48,6.03
4917,1.48,6.03
4918,1.48,6.03
4919,1.48,6.04
4920,1.48,6.04
4921,1.48,6.04
4922,1.48,6.04
4923,1.48,6.04
4924,1.48,6.05
4925,1.48,6.05
4926,1.48,6.05
4927,1.48,6.05
4928,1.48,6.05
4929,1.48,6.05
4930,1.48,6.04
4931,1.48,6.04
4932,1.48,6.04
4933,1.48,6.04
4934,1.48,6.04
4935,1.48,6.04
4936,1.48,6.04
4937,1.48,6.03
4938,1.48,6.03
4939,1.48,6.03
4940,1.48,6.03
4941,1.48,6.03
4942,1.48,6.03
4943,1.48,6.02
4944,1.48,6.02
4945,1.48,6.02
4946,1.48,6.02
4947,1.48,6.02
4948,1.48,6.01
4949,1.48,6.01
4950,1.48,6.01
4951,1.48,6.01
4952,1.48,6.01
4953,1.48,6.01
4954,1.48,6.01
4955,1.48,6.01
4956,1.48,6.01
4957,1.48,6.01
4958,1.48,6.01
4959,1.48,6.01
4960,1.48,6.01
4961,1.48,6.01
4962,1.48,6.02
4963,1.48,6.02
4964,1.48,6.03
4965,1.48,6.03
4966,1.48,6.03
4967,1.48,6.03
4968,1.48,6.03
4969,1.48,6.04
4970,1.48,6.04
4971,1.48,6.04
4972,1.48,6.04
4973,1.48,6.04
4974,1.48,6.04
4975,1.48,6.04
4976,1.48,6.04
4977,1.48,6.04
4978,1.48,6.05
4979,1.48,6.05
4980,1.48,6.05
4981,1.48,6.04
4982,1.48,6.05
4983,1.48,6.05
4984,1.48,6.04
4985,1.48,6.04
4986,1.48,6.04
4987,1.48,6.04
4988,1.48,6.04
4989,1.48,6.03
4990,1.48,6.03
4991,1.48,6.03
4992,1.48,6.03
4993,1.48,6.03
4994,1.48,6.02
4995,1.48,6.02
4996,1.48,6.02
4997,1.48,6.02
4998,1.48,6.02
4999,1.48,6.01
5000,1.48,6.01
5001,1.48,6.01
5002,1.48,6.01
5003,1.48,6.01
5004,1.48,6.01
5005,1.48,6.01
5006,1.48,6.01
5007,1.48,6.01
5008,1.48,6.01
5009,1.48,6.01
5010,1.48,6.01
5011,1.48,6.01
5012,1.48,6.01
5013,1.48,6.01
5014,1.48,6.02
5015,1.48,6.02
5016,1.48,6.02
5017,1.48,6.02
5018,1.48,6.02
5019,1.48,6.03
5020,1.48,6.03
5021,1.48,6.03
5022,1.48,6.03
5023,1.48,6.03
5024,1.48,6.03
5025,1.48,6.03
5026,1.48,6.04
5027,1.48,6.04
5028,1.48,6.04
5029,1.48,6.04
5030,1.48,6.04
5031,1.48,6.04
5032,1.48,6.04
5033,1.48,6.04
5034,1.48,6.04
5035,1.48,6.04
5036,1.48,6.04
5037,1.48,6.04
5038,1.48,6.04
5039,1.48,6.04
5040,1.48,6.04
5041,1.48,6.03
5042,1.48,6.03
5043,1.48,6.03
5044,1.48,6.03
5045,1.48,6.02
5046,1.48,6.02
5047,1.48,6.02
5048,1.48,6.02
5049,1.48,6.01
5050,1.48,6.01
5051,1.48,6.01
5052,1.48,6.01
5053,1.48,6.01
5054,1.48,6.01
5055,1.48,6.01
5056,1.48,6.01
5057,1.48,6.01
5058,1.48,6.01
5059,1.48,6.01
5060,1.48,6.01
5061,1.48,6.01
5062,1.48,6.01
5063,1.48,6.01
5064,1.48,6.02
5065,1.48,6.02
5066,1.48,6.02
5067,1.48,6.02
5068,1.48,6.02
5069,1.48,6.03
5070,1.48,6.03
5071,1.48,6.03
5072,1.48,6.03
5073,1.48,6.03
5074,1.48,6.03
5075,1.48,6.03
5076,1.48,6.04
5077,1.48,6.04
5078,1.48,6.04
5079,1.47,6.04
5080,1.48,6.04
5081,1.47,6.04
5082,1.47,6.04
5083,1.47,6.04
5084,1.48,6.03
5085,1.47,6.03
5086,1.47,6.03
5087,1.47,6.03
5088,1.48,6.03
5089,1.47,6.02
5090,1.47,6.02
5091,1.47,6.02
5092,1.47,6.02
5093,1.48,6.02
5094,1.47,6.01
5095,1.48,6.01
5096,1.47,6.01
5097,1.47,6.01
5098,1.47,6.0
5099,1.48,6.0
5100,1.48,6.0
5101,1.47,6.0
5102,1.47,6.0
5103,1.47,5.99
5104,1.47,5.99
5105,1.48,5.99
5106,1.47,5.99
5107,1.47,5.99
5108,1.47,5.99
5109,1.47,5.99
5110,1.47,5.99
5111,1.47,5.99
5112,1.48,5.99
5113,1.48,5.99
5114,1.47,5.99
5115,1.47,5.99
5116,1.47,6.0
5117,1.48,6.0
5118,1.48,6.0
5119,1.47,6.0
5120,1.47,6.01
5121,1.47,6.01
5122,1.48,6.01
5123,1.47,6.02
5124,1.47,6.02
5125,1.48,6.02
5126,1.47,6.02
5127,1.47,6.02
5128,1.47,6.02
5129,1.47,6.02
5130,1.47,6.03
5131,1.47,6.03
5132,1.47,6.03
5133,1.47,6.03
5134,1.47,6.03
5135,1.48,6.03
5136,1.47,6.03
5137,1.48,6.03
5138,1.48,6.03
5139,1.47,6.03
5140,1.48,6.02
5141,1.47,6.02
5142,1.48,6.02
5143,1.47,6.02
5144,1.47,6.02
5145,1.47,6.01
5146,1.47,6.01
5147,1.47,6.01
5148,1.47,6.0
5149,1.47,6.0
5150,1.47,6.0
5151,1.47,6.0
5152,1.48,6.0
5153,1.48,5.99
5154,1.47,5.99
5155,1.47,5.99
5156,1.47,5.99
5157,1.47,5.99
5158,1.47,5.99
5159,1.47,5.99
5160,1.47,5.99
5161,1.47,5.99
5162,1.47,5.99
5163,1.47,5.99
5164,1.48,5.99
5165,1.47,5.99
5166,1.47,5.99
5167,1.48,6.0
5168,1.47,6.0
5169,1.47,6.0
5170,1.47,6.0
5171,1.47,6.0
5172,1.47,6.01
5173,1.47,6.01
5174,1.47,6.01
5175,1.47,6.01
5176,1.47,6.02
5177,1.48,6.02
5178,1.48,6.02
5179,1.48,6.02
5180,1.48,6.02
5181,1.47,6.02
5182,1.48,6.03
5183,1.48,6.03
5184,1.47,6.03
5185,1.48,6.03
5186,1.47,6.03
5187,1.47,6.03
5188,1.48,6.03
5189,1.47,6.03
5190,1.48,6.03
5191,1.47,6.02
5192,1.47,6.02
5193,1.47,6.02
5194,1.47,6.02
5195,1.48,6.02
5196,1.47,6.02
5197,1.47,6.01
5198,1.48,6.01
5199,1.47,6.01
5200,1.47,6.01
5201,1.47,6.0
5202,1.47,6.0
5203,1.48,6.0
5204,1.48,6.0
5205,1.48,5.99
5206,1.47,5.99
5207,1.48,5.99
5208,1.48,5.99
5209,1.47,5.99
5210,1.47,5.99
5211,1.47,5.99
5212,1.48,5.99
5213,1.47,5.99
5214,1.47,5.99
5215,1.48,5.99
5216,1.47,5.99
5217,1.47,5.99
5218,1.47,5.99
5219,1.48,6.0
5220,1.47,6.0
5221,1.47,6.0
5222,1.48,6.0
5223,1.47,6.01
5224,1.47,6.01
5225,1.47,6.01
5226,1.47,6.01
5227,1.47,6.01
5228,1.48,6.02
5229,1.48,6.02
5230,1.47,6.02
5231,1.47,6.02
5232,1.47,6.02
5233,1.48,6.02
5234,1.47,6.02
5235,1.47,6.02
5236,1.48,6.02
5237,1.48,6.02
5238,1.48,6.02
5239,1.47,6.02
5240,1.47,6.02
5241,1.47,6.02
5242,1.47,6.02
5243,1.47,6.02
5244,1.47,6.02
5245,1.48,6.02
5246,1.48,6.02
5247,1.47,6.01
5248,1.48,6.01
5249,1.47,6.01
5250,1.47,6.01
5251,1.47,6.0
5252,1.47,6.0
5253,1.47,6.0
5254,1.47,6.0
5255,1.48,6.0
5256,1.48,5.99
5257,1.48,5.99
5258,1.48,5.99
5259,1.47,5.99
5260,1.47,5.99
5261,1.47,5.99
5262,1.47,5.99
5263,1.47,5.99
5264,1.47,5.99
5265,1.47,5.99
5266,1.47,5.99
5267,1.47,6.0
5268,1.48,6.0
5269,1.47,6.0
5270,1.48,6.0
5271,1.47,6.0
5272,1.48,6.0
5273,1.47,6.0
5274,1.47,6.01
5275,1.47,6.01
5276,1.47,6.01
5277,1.47,6.01
5278,1.48,6.02
5279,1.47,6.02
5280,1.47,6.02
5281,1.47,6.02
5282,1.47,6.02
5283,1.47,6.02
5284,1.47,6.02
5285,1.47,6.02
5286,1.46,6.02
5287,1.47,6.02
5288,1.47,6.03
5289,1.47,6.03
5290,1.47,6.03
5291,1.47,6.03
5292,1.46,6.02
5293,1.46,6.02
5294,1.47,6.02
5295,1.47,6.02
5296,1.47,6.02
5297,1.47,6.01
5298,1.46,6.01
5299,1.47,6.01
5300,1.47,6.01
5301,1.46,6.0
5302,1.46,6.0
5303,1.46,6.0
5304,1.46,5.99
5305,1.47,5.99
5306,1.46,5.99
5307,1.46,5.99
5308,1.46,5.98
5309,1.47,5.98
5310,1.47,5.98
5311,1.46,5.97
5312,1.47,5.97
5313,1.46,5.97
5314,1.46,5.97
5315,1.46,5.97
5316,1.46,5.97
5317,1.47,5.97
5318,1.46,5.97
5319,1.46,5.97
5320,1.47,5.97
5321,1.46,5.97
5322,1.47,5.98
5323,1.46,5.98
5324,1.46,5.98
5325,1.47,5.98
5326,1.46,5.99
5327,1.47,5.99
5328,1.46,5.99
5329,1.46,5.99
5330,1.47,6.0
5331,1.46,6.0
5332,1.46,6.0
5333,1.46,6.0
5334,1.47,6.01
5335,1.46,6.01
5336,1.46,6.01
5337,1.47,6.01
5338,1.47,6.01
5339,1.46,6.01
5340,1.47,6.01
5341,1.46,6.01
5342,1.46,6.01
5343,1.47,6.01
5344,1.46,6.01
5345,1.47,6.01
5346,1.46,6.01
5347,1.46,6.01
5348,1.47,6.01
5349,1.46,6.0
5350,1.47,6.0
5351,1.46,6.0
5352,1.46,6.0
5353,1.46,5.99
5354,1.46,5.99
5355,1.46,5.99
5356,1.46,5.99
5357,1.47,5.98
5358,1.46,5.98
5359,1.47,5.98
5360,1.47,5.98
5361,1.46,5.98
5362,1.46,5.98
5363,1.47,5.98
5364,1.47,5.97
5365,1.47,5.97
5366,1.46,5.97
5367,1.46,5.97
5368,1.46,5.97
5369,1.46,5.97
5370,1.47,5.97
5371,1.46,5.98
5372,1.46,5.98
5373,1.46,5.98
5374,1.47,5.98
5375,1.46,5.98
5376,1.46,5.99
5377,1.47,5.99
5378,1.46,5.99
5379,1.46,5.99
5380,1.46,5.99
5381,1.46,5.99
5382,1.46,6.0
5383,1.46,6.0
5384,1.46,6.0
5385,1.47,6.0
5386,1.46,6.0
5387,1.47,6.0
5388,1.47,6.0
5389,1.47,6.0
5390,1.46,6.0
5391,1.46,6.0
5392,1.46,6.01
5393,1.46,6.01
5394,1.46,6.01
5395,1.46,6.01
5396,1.47,6.01
5397,1.47,6.01
5398,1.47,6.01
5399,1.46,6.0
5400,1.47,6.0
5401,1.46,6.0
5402,1.46,6.0
5403,1.47,6.0
5404,1.47,6.0
5405,1.47,5.99
5406,1.46,5.99
5407,1.47,5.99
5408,1.47,5.99
5409,1.46,5.99
5410,1.47,5.99
5411,1.46,5.98
5412,1.46,5.98
5413,1.46,5.98
5414,1.47,5.98
5415,1.47,5.98
5416,1.46,5.98
5417,1.46,5.98
5418,1.47,5.98
5419,1.46,5.98
5420,1.47,5.98
5421,1.46,5.98
5422,1.47,5.98
5423,1.46,5.98
5424,1.46,5.98
5425,1.46,5.98
5426,1.47,5.98
5427,1.47,5.99
5428,1.46,5.99
5429,1.46,5.99
5430,1.47,5.99
5431,1.46,5.99
5432,1.47,5.99
5433,1.47,6.0
5434,1.47,6.0
5435,1.47,6.0
5436,1.46,6.0
5437,1.47,6.0
5438,1.47,6.01
5439,1.46,6.01
5440,1.47,6.01
5441,1.46,6.01
5442,1.47,6.01
5443,1.47,6.01
5444,1.46,6.01
5445,1.47,6.01
5446,1.46,6.01
5447,1.47,6.01
5448,1.47,6.01
5449,1.46,6.01
5450,1.46,6.01
5451,1.46,6.01
5452,1.46,6.0
5453,1.47,6.0
5454,1.47,6.0
5455,1.47,6.0
5456,1.46,6.0
5457,1.47,5.99
5458,1.47,5.99
5459,1.46,5.99
5460,1.46,5.99
5461,1.46,5.98
5462,1.46,5.98
5463,1.46,5.98
5464,1.47,5.98
5465,1.47,5.98
5466,1.47,5.98
5467,1.46,5.98
5468,1.46,5.98
5469,1.47,5.98
5470,1.47,5.98
5471,1.46,5.98
5472,1.47,5.98
5473,1.47,5.98
5474,1.46,5.98
5475,1.47,5.98
5476,1.46,5.98
5477,1.47,5.98
5478,1.47,5.99
5479,1.46,5.99
5480,1.47,5.99
5481,1.46,5.99
5482,1.47,5.99
5483,1.47,5.99
5484,1.47,5.99
5485,1.46,5.99
5486,1.47,6.0
5487,1.46,6.0
5488,1.47,6.0
5489,1.46,6.0
5490,1.46,6.0
5491,1.46,6.01
5492,1.47,6.01
5493,1.47,6.01
5494,1.46,6.01
5495,1.47,6.01
5496,1.46,6.01
5497,1.46,6.01
5498,1.46,6.01
5499,1.46,6.01
5500,1.46,6.01
5501,1.46,6.01
5502,1.46,6.01
5503,1.46,6.01
5504,1.46,6.0
5505,1.46,6.0
5506,1.46,6.0
5507,1.46,6.0
5508,1.46,6.0
5509,1.46,5.99
5510,1.46,5.99
5511,1.46,5.99
5512,1.46,5.98
5513,1.46,5.98
5514,1.46,5.98
5515,1.46,5.98
5516,1.46,5.98
5517,1.46,5.98
5518,1.46,5.97
5519,1.46,5.97
5520,1.46,5.97
5521,1.46,5.97
5522,1.46,5.97
5523,1.46,5.97
5524,1.46,5.97
5525,1.46,5.96
5526,1.46,5.96
5527,1.46,5.96
5528,1.46,5.96
5529,1.46,5.96
5530,1.46,5.97
5531,1.46,5.97
5532,1.46,5.97
5533,1.46,5.97
5534,1.46,5.97
5535,1.46,5.97
5536,1.46,5.97
5537,1.46,5.98
5538,1.46,5.98
5539,1.46,5.98
5540,1.46,5.98
5541,1.46,5.98
5542,1.46,5.99
5543,1.46,5.99
5544,1.46,5.99
5545,1.46,5.99
5546,1.46,5.99
5547,1.46,5.99
5548,1.46,5.99
5549,1.46,5.99
5550,1.46,5.99
5551,1.46,5.99
5552,1.46,5.99
5553,1.46,5.99
5554,1.46,5.99
5555,1.46,5.99
5556,1.46,5.99
5557,1.46,5.99
5558,1.46,5.99
5559,1.46,5.99
5560,1.46,5.98
5561,1.46,5.98
5562,1.46,5.98
5563,1.46,5.98
5564,1.46,5.98
5565,1.46,5.98
5566,1.46,5.97
5567,1.46,5.97
5568,1.46,5.97
5569,1.46,5.97
5570,1.46,5.97
5571,1.46,5.97
5572,1.46,5.97
5573,1.46,5.97
5574,1.46,5.97
5575,1.46,5.96
5576,1.46,5.96
5577,1.46,5.96
5578,1.46,5.96
5579,1.46,5.96
5580,1.46,5.96
5581,1.46,5.96
5582,1.46,5.96
5583,1.46,5.96
5584,1.46,5.96
5585,1.46,5.96
5586,1.46,5.97
5587,1.46,5.97
5588,1.46,5.97
5589,1.46,5.97
5590,1.46,5.97
5591,1.46,5.97
5592,1.46,5.98
5593,1.46,5.98
5594,1.46,5.98
5595,1.46,5.98
5596,1.46,5.98
5597,1.46,5.99
5598,1.46,5.99
5599,1.46,5.99
5600,1.46,5.99
5601,1.46,5.99
5602,1.46,5.99
5603,1.46,5.99
5604,1.46,5.99
5605,1.46,5.99
5606,1.46,5.99
5607,1.46,5.99
5608,1.46,5.99
5609,1.46,5.99
5610,1.46,5.98
5611,1.46,5.98
5612,1.46,5.98
5613,1.46,5.98
5614,1.46,5.98
5615,1.46,5.98
5616,1.46,5.98
5617,1.46,5.98
5618,1.46,5.97
5619,1.46,5.97
5620,1.46,5.97
5621,1.46,5.97
5622,1.46,5.97
5623,1.46,5.97
5624,1.46,5.97
5625,1.46,5.97
5626,1.46,5.97
5627,1.46,5.97
5628,1.46,5.97
5629,1.46,5.97
5630,1.46,5.97
5631,1.46,5.97
5632,1.46,5.97
5633,1.46,5.97
5634,1.46,5.97
5635,1.46,5.97
5636,1.46,5.97
5637,1.46,5.97
5638,1.46,5.97
5639,1.46,5.98
5640,1.46,5.97
5641,1.46,5.98
5642,1.46,5.98
5643,1.46,5.98
5644,1.46,5.98
5645,1.46,5.98
5646,1.46,5.99
5647,1.46,5.99
5648,1.46,5.99
5649,1.46,5.99
5650,1.46,5.99
5651,1.46,5.99
5652,1.46,5.99
5653,1.46,5.99
5654,1.46,5.99
5655,1.46,5.99
5656,1.46,5.99
5657,1.46,5.99
5658,1.46,5.99
5659,1.46,5.99
5660,1.46,5.99
5661,1.46,5.99
5662,1.46,5.99
5663,1.46,5.98
5664,1.46,5.98
5665,1.46,5.98
5666,1.46,5.98
5667,1.46,5.98
5668,1.46,5.98
5669,1.46,5.97
5670,1.46,5.97
5671,1.46,5.97
5672,1.46,5.97
5673,1.46,5.97
5674,1.46,5.96
5675,1.46,5.96
5676,1.46,5.96
5677,1.46,5.96
5678,1.46,5.96
5679,1.46,5.96
5680,1.46,5.96
5681,1.46,5.96
5682,1.46,5.96
5683,1.46,5.96
5684,1.46,5.97
5685,1.46,5.97
5686,1.46,5.97
5687,1.46,5.97
5688,1.46,5.97
5689,1.46,5.97
5690,1.46,5.97
5691,1.46,5.97
5692,1.46,5.97
5693,1.46,5.97
5694,1.46,5.98
5695,1.46,5.98
5696,1.46,5.98
5697,1.46,5.98
5698,1.46,5.98
5699,1.46,5.99
5700,1.46,5.99
5701,1.46,5.99
5702,1.46,5.99
5703,1.46,5.99
5704,1.46,5.99
5705,1.46,5.99
5706,1.46,5.99
5707,1.46,5.99
5708,1.46,5.99
5709,1.46,5.99
5710,1.46,5.98
5711,1.46,5.98
5712,1.46,5.98
5713,1.46,5.98
5714,1.46,5.98
5715,1.46,5.98
5716,1.46,5.97
5717,1.46,5.97
5718,1.46,5.97
5719,1.46,5.97
5720,1.46,5.97
5721,1.46,5.97
5722,1.46,5.97
5723,1.46,5.96
5724,1.46,5.96
5725,1.46,5.96
5726,1.46,5.96
5727,1.46,5.96
5728,1.46,5.96
5729,1.46,5.96
5730,1.46,5.96
5731,1.46,5.96
5732,1.46,5.96
5733,1.46,5.96
5734,1.46,5.96
5735,1.46,5.96
5736,1.46,5.96
5737,1.46,5.96
5738,1.46,5.96
5739,1.46,5.97
5740,1.46,5.97
5741,1.46,5.97
5742,1.46,5.97
5743,1.46,5.97
5744,1.46,5.98
5745,1.46,5.98
5746,1.46,5.98
5747,1.46,5.98
5748,1.46,5.98
5749,1.46,5.98
5750,1.46,5.98
5751,1.46,5.98
5752,1.46,5.99
5753,1.46,5.98
5754,1.46,5.98
5755,1.46,5.99
5756,1.46,5.98
5757,1.46,5.98
5758,1.46,5.98
5759,1.46,5.98
5760,1.46,5.98
5761,1.46,5.98
5762,1.46,5.98
5763,1.46,5.98
5764,1.46,5.98
5765,1.46,5.97
5766,1.46,5.97
5767,1.46,5.97
5768,1.46,5.96
5769,1.46,5.96
5770,1.46,5.96
5771,1.46,5.96
5772,1.46,5.95
5773,1.46,5.95
5774,1.46,5.95
5775,1.46,5.95
5776,1.46,5.95
5777,1.46,5.95
5778,1.46,5.94
5779,1.45,5.94
5780,1.46,5.94
5781,1.46,5.94
5782,1.46,5.94
5783,1.45,5.94
5784,1.46,5.94
5785,1.46,5.94
5786,1.45,5.95
5787,1.46,5.95
5788,1.46,5.95
5789,1.46,5.95
5790,1.46,5.95
5791,1.45,5.95
5792,1.46,5.96
5793,1.46,5.96
5794,1.45,5.96
5795,1.46,5.96
5796,1.46,5.96
5797,1.46,5.97
5798,1.46,5.97
5799,1.45,5.97
5800,1.46,5.97
5801,1.46,5.97
5802,1.46,5.97
5803,1.46,5.97
5804,1.46,5.98
5805,1.46,5.98
5806,1.45,5.98
5807,1.46,5.98
5808,1.46,5.98
5809,1.46,5.98
5810,1.46,5.98
5811,1.46,5.98
5812,1.45,5.98
5813,1.46,5.98
5814,1.46,5.97
5815,1.46,5.97
5816,1.45,5.97
5817,1.46,5.97
5818,1.46,5.97
5819,1.46,5.97
5820,1.46,5.96
5821,1.46,5.96
5822,1.46,5.96
5823,1.46,5.96
5824,1.46,5.96
5825,1.46,5.96
5826,1.45,5.95
5827,1.46,5.95
5828,1.46,5.95
5829,1.46,5.95
5830,1.46,5.95
5831,1.45,5.95
5832,1.45,5.95
5833,1.46,5.95
5834,1.46,5.95
5835,1.46,5.95
5836,1.45,5.95
5837,1.46,5.95
5838,1.46,5.95
5839,1.45,5.95
5840,1.46,5.95
5841,1.45,5.95
5842,1.46,5.95
5843,1.46,5.95
5844,1.46,5.96
5845,1.46,5.96
5846,1.46,5.96
5847,1.46,5.96
5848,1.46,5.96
5849,1.45,5.96
5850,1.46,5.96
5851,1.46,5.97
5852,1.46,5.97
5853,1.45,5.97
5854,1.46,5.97
5855,1.46,5.97
5856,1.45,5.97
5857,1.45,5.97
5858,1.45,5.98
5859,1.46,5.98
5860,1.46,5.98
5861,1.45,5.98
5862,1.45,5.98
5863,1.46,5.98
5864,1.46,5.97
5865,1.46,5.97
5866,1.45,5.97
5867,1.46,5.97
5868,1.46,5.97
5869,1.45,5.97
5870,1.46,5.97
5871,1.46,5.97
5872,1.45,5.97
5873,1.46,5.97
5874,1.46,5.97
5875,1.46,5.96
5876,1.46,5.96
5877,1.46,5.96
5878,1.46,5.96
5879,1.46,5.96
5880,1.46,5.96
5881,1.46,5.95
5882,1.45,5.95
5883,1.46,5.95
5884,1.45,5.95
5885,1.46,5.95
5886,1.46,5.95
5887,1.46,5.95
5888,1.46,5.95
5889,1.46,5.95
5890,1.46,5.95
5891,1.46,5.95
5892,1.45,5.95
5893,1.45,5.95
5894,1.46,5.95
5895,1.46,5.95
5896,1.45,5.95
5897,1.46,5.95
5898,1.46,5.96
5899,1.45,5.96
5900,1.46,5.96
5901,1.46,5.96
5902,1.46,5.96
5903,1.46,5.96
5904,1.46,5.97
5905,1.46,5.97
5906,1.46,5.97
5907,1.46,5.97
5908,1.46,5.97
5909,1.46,5.97
5910,1.45,5.97
5911,1.46,5.97
5912,1.45,5.97
5913,1.46,5.97
5914,1.46,5.97
5915,1.46,5.97
5916,1.45,5.97
5917,1.46,5.97
5918,1.46,5.97
5919,1.46,5.97
5920,1.46,5.97
5921,1.45,5.97
5922,1.45,5.96
5923,1.45,5.96
5924,1.46,5.96
5925,1.45,5.96
5926,1.45,5.96
5927,1.46,5.96
5928,1.46,5.96
5929,1.45,5.95
5930,1.46,5.95
5931,1.46,5.95
5932,1.46,5.95
5933,1.45,5.95
5934,1.45,5.95
5935,1.46,5.95
5936,1.45,5.95
5937,1.46,5.95
5938,1.46,5.95
5939,1.46,5.95
5940,1.46,5.95
5941,1.46,5.95
5942,1.46,5.95
5943,1.46,5.95
5944,1.46,5.95
5945,1.45,5.95
5946,1.46,5.95
5947,1.46,5.95
5948,1.46,5.96
5949,1.46,5.96
5950,1.46,5.96
5951,1.46,5.96
5952,1.46,5.96
5953,1.46,5.96
5954,1.46,5.97
5955,1.46,5.97
5956,1.46,5.97
5957,1.46,5.97
5958,1.46,5.97
5959,1.46,5.97
5960,1.46,5.97
5961,1.46,5.97
5962,1.46,5.97
5963,1.46,5.97
5964,1.45,5.97
5965,1.46,5.97
5966,1.46,5.97
5967,1.46,5.97
5968,1.46,5.97
5969,1.46,5.97
5970,1.46,5.97
5971,1.46,5.97
5972,1.45,5.97
5973,1.46,5.96
5974,1.46,5.96
5975,1.46,5.96
5976,1.46,5.96
5977,1.46,5.96
5978,1.46,5.96
5979,1.46,5.96
5980,1.46,5.96
5981,1.46,5.96
5982,1.46,5.95
5983,1.46,5.95
5984,1.46,5.95
5985,1.46,5.95
5986,1.45,5.95
5987,1.45,5.96
5988,1.46,5.96
5989,1.46,5.95
5990,1.45,5.96
5991,1.46,5.96
5992,1.45,5.96
5993,1.45,5.96
5994,1.45,5.96
5995,1.45,5.96
5996,1.45,5.96
5997,1.45,5.96
5998,1.46,5.96
5999,1.45,5.96
6000,1.45,5.96
6001,1.45,5.96
6002,1.45,5.96
6003,1.45,5.96
6004,1.45,5.96
6005,1.45,5.96
6006,1.45,5.96
6007,1.45,5.96
6008,1.45,5.96
6009,1.45,5.96
6010,1.45,5.96
6011,1.44,5.96
6012,1.45,5.96
6013,1.45,5.96
6014,1.45,5.96
6015,1.45,5.95
6016,1.44,5.95
6017,1.45,5.95
6018,1.45,5.95
6019,1.45,5.95
6020,1.46,5.95
6021,1.45,5.95
6022,1.45,5.94
6023,1.45,5.94
6024,1.44,5.94
6025,1.45,5.94
6026,1.45,5.94
6027,1.44,5.94
6028,1.45,5.94
6029,1.45,5.94
6030,1.45,5.93
6031,1.45,5.93
6032,1.45,5.93
6033,1.45,5.93
6034,1.45,5.93
6035,1.45,5.93
6036,1.45,5.94
6037,1.45,5.94
6038,1.45,5.94
6039,1.44,5.94
6040,1.45,5.94
6041,1.45,5.94
6042,1.45,5.94
6043,1.45,5.94
6044,1.45,5.95
6045,1.46,5.95
6046,1.45,5.95
6047,1.45,5.95
6048,1.45,5.95
6049,1.44,5.95
6050,1.45,5.95
6051,1.44,5.95
6052,1.45,5.96
6053,1.45,5.96
6054,1.45,5.96
6055,1.45,5.96
6056,1.44,5.96
6057,1.46,5.96
6058,1.45,5.96
6059,1.45,5.96
6060,1.45,5.96
6061,1.45,5.96
6062,1.45,5.96
6063,1.45,5.96
6064,1.45,5.96
6065,1.45,5.96
6066,1.45,5.96
6067,1.45,5.95
6068,1.45,5.95
6069,1.45,5.95
6070,1.45,5.95
6071,1.44,5.95
6072,1.45,5.94
6073,1.45,5.94
6074,1.45,5.94
6075,1.45,5.94
6076,1.45,5.94
6077,1.45,5.94
6078,1.45,5.93
6079,1.44,5.93
6080,1.45,5.93
6081,1.45,5.93
6082,1.45,5.93
6083,1.44,5.93
6084,1.45,5.93
6085,1.46,5.93
6086,1.45,5.93
6087,1.45,5.93
6088,1.45,5.93
6089,1.45,5.93
6090,1.45,5.93
6091,1.44,5.93
6092,1.44,5.94
6093,1.45,5.94
6094,1.45,5.94
6095,1.45,5.94
6096,1.45,5.94
6097,1.45,5.94
6098,1.45,5.94
6099,1.45,5.94
6100,1.45,5.94
6101,1.45,5.94
6102,1.45,5.95
6103,1.45,5.95
6104,1.45,5.95
6105,1.45,5.95
6106,1.45,5.95
6107,1.45,5.95
6108,1.45,5.95
6109,1.45,5.96
6110,1.45,5.95
6111,1.44,5.95
6112,1.45,5.95
6113,1.45,5.95
6114,1.45,5.95
6115,1.45,5.95
6116,1.45,5.95
6117,1.45,5.95
6118,1.45,5.95
6119,1.45,5.95
6120,1.45,5.95
6121,1.45,5.95
6122,1.45,5.94
6123,1.45,5.94
6124,1.45,5.94
6125,1.45,5.94
6126,1.45,5.94
6127,1.45,5.94
6128,1.45,5.94
6129,1.45,5.94
6130,1.45,5.93
6131,1.45,5.93
6132,1.45,5.93
6133,1.45,5.93
6134,1.45,5.93
6135,1.45,5.93
6136,1.45,5.93
6137,1.45,5.93
6138,1.45,5.93
6139,1.45,5.93
6140,1.45,5.93
6141,1.45,5.93
6142,1.45,5.93
6143,1.44,5.93
6144,1.45,5.94
6145,1.45,5.94
6146,1.44,5.94
6147,1.45,5.94
6148,1.45,5.94
6149,1.44,5.94
6150,1.45,5.94
6151,1.45,5.94
6152,1.45,5.95
6153,1.45,5.95
6154,1.45,5.95
6155,1.45,5.95
6156,1.45,5.95
6157,1.45,5.95
6158,1.45,5.95
6159,1.45,5.95
6160,1.45,5.95
6161,1.44,5.95
6162,1.45,5.95
6163,1.45,5.95
6164,1.45,5.95
6165,1.45,5.95
6166,1.45,5.95
6167,1.45,5.95
6168,1.45,5.95
6169,1.45,5.95
6170,1.45,5.95
6171,1.45,5.95
6172,1.45,5.95
6173,1.44,5.95
6174,1.45,5.94
6175,1.45,5.94
6176,1.44,5.94
6177,1.45,5.94
6178,1.45,5.94
6179,1.45,5.94
6180,1.45,5.94
6181,1.45,5.94
6182,1.45,5.94
6183,1.45,5.93
6184,1.45,5.93
6185,1.45,5.93
6186,1.44,5.93
6187,1.45,5.93
6188,1.45,5.93
6189,1.45,5.93
6190,1.44,5.93
6191,1.44,5.93
6192,1.45,5.93
6193,1.45,5.93
6194,1.45,5.93
6195,1.45,5.93
6196,1.44,5.94
6197,1.45,5.94
6198,1.45,5.94
6199,1.45,5.94
6200,1.45,5.94
6201,1.45,5.94
6202,1.45,5.94
6203,1.45,5.94
6204,1.45,5.95
6205,1.45,5.95
6206,1.45,5.95
6207,1.46,5.95
6208,1.45,5.95
6209,1.45,5.95
6210,1.45,5.95
6211,1.45,5.95
6212,1.45,5.95
6213,1.44,5.95
6214,1.45,5.95
6215,1.45,5.95
6216,1.45,5.95
6217,1.45,5.95
6218,1.45,5.95
6219,1.45,5.95
6220,1.45,5.95
6221,1.45,5.95
6222,1.45,5.95
6223,1.45,5.95
6224,1.44,5.95
6225,1.45,5.95
6226,1.45,5.94
6227,1.45,5.94
6228,1.45,5.94
6229,1.44,5.94
6230,1.45,5.94
6231,1.45,5.94
6232,1.45,5.94
6233,1.45,5.93
6234,1.45,5.93
6235,1.45,5.93
6236,1.45,5.93
6237,1.45,5.93
6238,1.45,5.93
6239,1.44,5.93
6240,1.45,5.93
6241,1.44,5.93
6242,1.45,5.93
6243,1.45,5.93
6244,1.45,5.93
6245,1.45,5.93
6246,1.44,5.93
6247,1.44,5.93
6248,1.44,5.93
6249,1.44,5.94
6250,1.44,5.94
6251,1.44,5.94
6252,1.44,5.94
6253,1.44,5.94
6254,1.44,5.94
6255,1.44,5.94
6256,1.44,5.94
6257,1.44,5.94
6258,1.44,5.94
6259,1.44,5.94
6260,1.44,5.94
6261,1.44,5.94
6262,1.44,5.94
6263,1.44,5.94
6264,1.44,5.94
6265,1.44,5.94
6266,1.44,5.94
6267,1.44,5.94
6268,1.44,5.94
6269,1.44,5.94
6270,1.44,5.93
6271,1.44,5.93
6272,1.44,5.93
6273,1.44,5.93
6274,1.44,5.93
6275,1.44,5.92
6276,1.44,5.92
6277,1.44,5.92
6278,1.44,5.92
6279,1.44,5.92
6280,1.44,5.92
6281,1.44,5.92
6282,1.44,5.91
6283,1.44,5.91
6284,1.44,5.91
6285,1.44,5.91
6286,1.44,5.91
6287,1.44,5.91
6288,1.44,5.91
6289,1.44,5.91
6290,1.44,5.91
6291,1.44,5.91
6292,1.44,5.91
6293,1.44,5.91
6294,1.44,5.91
6295,1.44,5.91
6296,1.44,5.91
6297,1.44,5.91
6298,1.44,5.92
6299,1.44,5.92
6300,1.44,5.92
6301,1.44,5.92
6302,1.44,5.92
6303,1.44,5.93
6304,1.44,5.93
6305,1.44,5.93
6306,1.44,5.93
6307,1.44,5.93
6308,1.44,5.93
6309,1.44,5.93
6310,1.44,5.94
6311,1.44,5.94
6312,1.44,5.94
6313,1.44,5.94
6314,1.44,5.94
6315,1.44,5.94
6316,1.44,5.94
6317,1.44,5.94
6318,1.44,5.94
6319,1.44,5.94
6320,1.45,5.94
6321,1.44,5.93
6322,1.44,5.93
6323,1.44,5.93
6324,1.44,5.93
6325,1.44,5.93
6326,1.44,5.93
6327,1.44,5.93
6328,1.44,5.92
6329,1.44,5.92
6330,1.44,5.92
6331,1.44,5.92
6332,1.44,5.92
6333,1.44,5.92
6334,1.44,5.92
6335,1.44,5.92
6336,1.44,5.92
6337,1.45,5.92
6338,1.44,5.92
6339,1.44,5.92
6340,1.44,5.92
6341,1.44,5.92
6342,1.44,5.92
6343,1.44,5.92
6344,1.44,5.92
6345,1.44,5.92
6346,1.44,5.92
6347,1.44,5.92
6348,1.44,5.92
6349,1.44,5.92
6350,1.44,5.92
6351,1.44,5.92
6352,1.44,5.93
6353,1.44,5.93
6354,1.44,5.93
6355,1.44,5.93
6356,1.44,5.93
6357,1.44,5.93
6358,1.44,5.94
6359,1.44,5.94
6360,1.44,5.94
6361,1.44,5.94
6362,1.44,5.94
6363,1.44,5.94
6364,1.44,5.94
6365,1.44,5.94
6366,1.44,5.94
6367,1.44,5.94
6368,1.44,5.94
6369,1.44,5.94
6370,1.44,5.93
6371,1.44,5.93
6372,1.44,5.93
6373,1.44,5.93
6374,1.44,5.93
6375,1.45,5.93
6376,1.44,5.93
6377,1.44,5.93
6378,1.44,5.93
6379,1.44,5.92
6380,1.44,5.92
6381,1.44,5.92
6382,1.44,5.92
6383,1.44,5.92
6384,1.44,5.92
6385,1.44,5.92
6386,1.44,5.92
6387,1.44,5.92
6388,1.44,5.92
6389,1.44,5.91
6390,1.44,5.91
6391,1.44,5.91
6392,1.44,5.91
6393,1.44,5.91
6394,1.44,5.91
6395,1.44,5.91
6396,1.44,5.91
6397,1.44,5.91
6398,1.44,5.92
6399,1.44,5.92
6400,1.44,5.92
6401,1.44,5.92
6402,1.44,5.92
6403,1.44,5.92
6404,1.44,5.92
6405,1.44,5.92
6406,1.44,5.93
6407,1.44,5.93
6408,1.44,5.93
6409,1.44,5.93
6410,1.44,5.93
6411,1.44,5.93
6412,1.44,5.93
6413,1.44,5.93
6414,1.44,5.93
6415,1.44,5.93
6416,1.44,5.93
6417,1.44,5.93
6418,1.44,5.93
6419,1.44,5.93
6420,1.44,5.93
6421,1.44,5.94
6422,1.44,5.94
6423,1.44,5.94
6424,1.44,5.94
6425,1.44,5.94
6426,1.44,5.94
6427,1.44,5.94
6428,1.44,5.94
6429,1.44,5.93
6430,1.44,5.92
6431,1.44,5.92
6432,1.44,5.91
6433,1.44,5.91
6434,1.44,5.91
6435,1.44,5.9
6436,1.44,5.9
6437,1.44,5.9
6438,1.44,5.9
6439,1.44,5.89
6440,1.44,5.88
6441,1.44,5.88
6442,1.44,5.87
6443,1.44,5.87
6444,1.44,5.88
6445,1.44,5.88
6446,1.43,5.89
6447,1.44,5.89
6448,1.44,5.89
6449,1.44,5.89
6450,1.44,5.89
6451,1.44,5.88
6452,1.44,5.89
6453,1.44,5.89
6454,1.44,5.89
6455,1.44,5.9
6456,1.44,5.91
6457,1.44,5.91
6458,1.44,5.92
6459,1.44,5.91
6460,1.44,5.91
6461,1.44,5.91
6462,1.44,5.92
6463,1.44,5.92
6464,1.44,5.93
6465,1.44,5.93
6466,1.44,5.94
6467,1.44,5.94
6468,1.44,5.93
6469,1.44,5.93
6470,1.44,5.93
6471,1.44,5.93
6472,1.44,5.93
6473,1.44,5.93
6474,1.44,5.93
6475,1.44,5.93
6476,1.44,5.93
6477,1.44,5.93
6478,1.44,5.92
6479,1.44,5.92
6480,1.44,5.91
6481,1.44,5.91
6482,1.44,5.91
6483,1.44,5.91
6484,1.44,5.91
6485,1.44,5.91
6486,1.44,5.9
6487,1.44,5.89
6488,1.44,5.89
6489,1.44,5.88
6490,1.43,5.88
6491,1.44,5.88
6492,1.44,5.88
6493,1.44,5.88
6494,1.44,5.88
6495,1.44,5.88
6496,1.44,5.88
6497,1.44,5.88
6498,1.44,5.87
6499,1.44,5.88
6500,1.44,5.88
6501,1.44,5.88
6502,1.43,5.89
6503,1.44,5.89
6504,1.44,5.89
6505,1.44,5.89
6506,1.44,5.89
6507,1.44,5.89
6508,1.44,5.9
6509,1.44,5.9
6510,1.44,5.91
6511,1.44,5.91
6512,1.44,5.92
6513,1.44,5.92
6514,1.44,5.92
6515,1.44,5.92
6516,1.44,5.92
6517,1.44,5.92
6518,1.44,5.93
6519,1.44,5.93
6520,1.44,5.93
6521,1.44,5.93
6522,1.44,5.94
6523,1.44,5.94
6524,1.44,5.93
6525,1.44,5.93
6526,1.44,5.93
6527,1.44,5.93
6528,1.44,5.93
6529,1.44,5.93
6530,1.44,5.93
6531,1.44,5.93
6532,1.44,5.92
6533,1.44,5.92
6534,1.44,5.91
6535,1.44,5.91
6536,1.44,5.9
6537,1.44,5.9
6538,1.44,5.9
6539,1.44,5.9
6540,1.44,5.9
6541,1.44,5.89
6542,1.44,5.89
6543,1.44,5.88
6544,1.44,5.88
6545,1.44,5.88
6546,1.44,5.88
6547,1.44,5.88
6548,1.44,5.88
6549,1.44,5.88
6550,1.44,5.88
6551,1.44,5.88
6552,1.43,5.88
6553,1.44,5.88
6554,1.44,5.88
6555,1.44,5.88
6556,1.44,5.89
6557,1.44,5.89
6558,1.44,5.89
6559,1.44,5.9
6560,1.44,5.9
6561,1.44,5.9
6562,1.44,5.9
6563,1.44,5.91
6564,1.44,5.91
6565,1.44,5.91
6566,1.44,5.92
6567,1.43,5.92
6568,1.43,5.93
6569,1.43,5.93
6570,1.44,5.92
6571,1.44,5.92
6572,1.44,5.92
6573,1.44,5.92
6574,1.43,5.92
6575,1.44,5.92
6576,1.43,5.92
6577,1.43,5.93
6578,1.43,5.92
6579,1.43,5.92
6580,1.44,5.91
6581,1.43,5.91
6582,1.43,5.9
6583,1.43,5.9
6584,1.44,5.9
6585,1.44,5.9
6586,1.43,5.9
6587,1.43,5.89
6588,1.43,5.89
6589,1.43,5.88
6590,1.43,5.88
6591,1.44,5.87
6592,1.43,5.87
6593,1.43,5.87
6594,1.43,5.87
6595,1.44,5.87
6596,1.44,5.87
6597,1.44,5.87
6598,1.44,5.86
6599,1.43,5.86
6600,1.44,5.86
6601,1.44,5.86
6602,1.43,5.86
6603,1.44,5.87
6604,1.44,5.87
6605,1.44,5.87
6606,1.43,5.88
6607,1.43,5.88
6608,1.44,5.88
6609,1.43,5.88
6610,1.43,5.88
6611,1.44,5.89
6612,1.43,5.89
6613,1.44,5.9
6614,1.43,5.9
6615,1.44,5.91
6616,1.43,5.91
6617,1.43,5.91
6618,1.43,5.91
6619,1.43,5.91
6620,1.43,5.91
6621,1.43,5.91
6622,1.43,5.92
6623,1.44,5.92
6624,1.43,5.92
6625,1.44,5.92
6626,1.43,5.92
6627,1.43,5.91
6628,1.44,5.91
6629,1.43,5.91
6630,1.43,5.91
6631,1.43,5.91
6632,1.43,5.91
6633,1.43,5.9
6634,1.44,5.9
6635,1.44,5.9
6636,1.44,5.89
6637,1.43,5.89
6638,1.44,5.89
6639,1.44,5.88
6640,1.44,5.88
6641,1.43,5.88
6642,1.43,5.88
6643,1.43,5.88
6644,1.43,5.88
6645,1.43,5.87
6646,1.43,5.87
6647,1.43,5.87
6648,1.44,5.87
6649,1.43,5.87
6650,1.44,5.87
6651,1.44,5.87
6652,1.43,5.87
6653,1.43,5.87
6654,1.43,5.87
6655,1.43,5.87
6656,1.43,5.87
6657,1.43,5.87
6658,1.44,5.88
6659,1.43,5.88
6660,1.44,5.88
6661,1.43,5.88
6662,1.43,5.89
6663,1.44,5.89
6664,1.43,5.89
6665,1.43,5.89
6666,1.43,5.9
6667,1.43,5.9
6668,1.43,5.9
6669,1.43,5.91
6670,1.43,5.91
6671,1.43,5.91
6672,1.43,5.91
6673,1.43,5.91
6674,1.43,5.91
6675,1.43,5.91
6676,1.43,5.91
6677,1.43,5.91
6678,1.43,5.91
6679,1.42,5.91
6680,1.43,5.91
6681,1.42,5.91
6682,1.43,5.91
6683,1.43,5.9
6684,1.42,5.9
6685,1.43,5.9
6686,1.43,5.89
6687,1.42,5.89
6688,1.43,5.89
6689,1.42,5.88
6690,1.43,5.88
6691,1.43,5.87
6692,1.43,5.87
6693,1.43,5.86
6694,1.42,5.86
6695,1.43,5.86
6696,1.42,5.85
6697,1.43,5.85
6698,1.43,5.85
6699,1.42,5.85
6700,1.43,5.85
6701,1.42,5.85
6702,1.43,5.84
6703,1.43,5.84
6704,1.43,5.84
6705,1.43,5.84
6706,1.42,5.84
6707,1.42,5.85
6708,1.43,5.85
6709,1.42,5.85
6710,1.43,5.85
6711,1.42,5.86
6712,1.42,5.86
6713,1.42,5.86
6714,1.43,5.87
6715,1.43,5.87
6716,1.42,5.88
6717,1.43,5.88
6718,1.42,5.88
6719,1.42,5.88
6720,1.43,5.89
6721,1.43,5.89
6722,1.42,5.89
6723,1.42,5.89
6724,1.43,5.9
6725,1.43,5.9
6726,1.42,5.9
6727,1.43,5.9
6728,1.43,5.9
6729,1.43,5.9
6730,1.43,5.9
6731,1.43,5.9
6732,1.42,5.9
6733,1.42,5.9
6734,1.42,5.9
6735,1.43,5.9
6736,1.43,5.9
6737,1.42,5.89
6738,1.43,5.89
6739,1.42,5.89
6740,1.43,5.88
6741,1.42,5.88
6742,1.42,5.88
6743,1.43,5.87
6744,1.43,5.87
6745,1.43,5.87
6746,1.43,5.87
6747,1.43,5.86
6748,1.43,5.86
6749,1.42,5.86
6750,1.43,5.85
6751,1.42,5.85
6752,1.43,5.85
6753,1.42,5.85
6754,1.43,5.85
6755,1.43,5.85
6756,1.42,5.85
6757,1.43,5.85
6758,1.42,5.85
6759,1.42,5.85
6760,1.43,5.86
6761,1.42,5.86
6762,1.42,5.86
6763,1.43,5.86
6764,1.42,5.87
6765,1.43,5.87
6766,1.42,5.87
6767,1.43,5.88
6768,1.43,5.88
6769,1.42,5.88
6770,1.42,5.89
6771,1.42,5.89
6772,1.42,5.89
6773,1.42,5.89
6774,1.42,5.9
6775,1.42,5.9
6776,1.42,5.9
6777,1.42,5.9
6778,1.42,5.9
6779,1.42,5.9
6780,1.42,5.9
6781,1.42,5.9
6782,1.42,5.9
6783,1.42,5.9
6784,1.42,5.9
6785,1.42,5.9
6786,1.42,5.89
6787,1.42,5.89
6788,1.42,5.89
6789,1.42,5.88
6790,1.42,5.88
6791,1.42,5.88
6792,1.42,5.87
6793,1.42,5.87
6794,1.42,5.86
6795,1.42,5.86
6796,1.42,5.85
6797,1.42,5.85
6798,1.42,5.85
6799,1.42,5.84
6800,1.42,5.84
6801,1.42,5.84
6802,1.42,5.84
6803,1.42,5.83
6804,1.42,5.83
6805,1.42,5.83
6806,1.42,5.83
6807,1.42,5.83
6808,1.42,5.83
6809,1.42,5.83
6810,1.42,5.83
6811,1.42,5.83
6812,1.42,5.83
6813,1.42,5.83
6814,1.42,5.84
6815,1.42,5.84
6816,1.42,5.84
6817,1.42,5.85
6818,1.42,5.85
6819,1.42,5.86
6820,1.42,5.86
6821,1.42,5.86
6822,1.42,5.87
6823,1.42,5.87
6824,1.42,5.88
6825,1.42,5.88
6826,1.42,5.88
6827,1.42,5.89
6828,1.42,5.89
6829,1.42,5.89
6830,1.42,5.89
6831,1.42,5.89
6832,1.42,5.89
6833,1.42,5.89
6834,1.42,5.89
6835,1.42,5.89
6836,1.42,5.89
6837,1.42,5.89
6838,1.42,5.89
6839,1.42,5.89
6840,1.42,5.88
6841,1.42,5.88
6842,1.42,5.87
6843,1.42,5.87
6844,1.42,5.87
6845,1.42,5.86
6846,1.42,5.86
6847,1.42,5.86
6848,1.42,5.85
6849,1.42,5.85
6850,1.42,5.85
6851,1.42,5.84
6852,1.42,5.84
6853,1.42,5.84
6854,1.42,5.83
6855,1.42,5.83
6856,1.42,5.83
6857,1.42,5.83
6858,1.42,5.83
6859,1.42,5.83
6860,1.42,5.83
6861,1.42,5.83
6862,1.42,5.83
6863,1.42,5.83
6864,1.42,5.84
6865,1.42,5.84
6866,1.42,5.84
6867,1.42,5.85
6868,1.42,5.85
6869,1.42,5.85
6870,1.42,5.86
6871,1.42,5.86
6872,1.42,5.86
6873,1.42,5.86
6874,1.42,5.87
6875,1.42,5.87
6876,1.42,5.87
6877,1.42,5.87
6878,1.42,5.87
6879,1.42,5.88
6880,1.42,5.88
6881,1.42,5.88
6882,1.41,5.88
6883,1.42,5.88
6884,1.42,5.88
6885,1.42,5.88
6886,1.42,5.88
6887,1.42,5.87
6888,1.42,5.87
6889,1.42,5.87
6890,1.42,5.86
6891,1.41,5.86
6892,1.42,5.86
6893,1.42,5.85
6894,1.42,5.85
6895,1.42,5.85
6896,1.42,5.84
6897,1.42,5.84
6898,1.42,5.83
6899,1.42,5.83
6900,1.42,5.83
6901,1.42,5.82
6902,1.42,5.82
6903,1.42,5.82
6904,1.41,5.81
6905,1.42,5.81
6906,1.41,5.81
6907,1.42,5.81
6908,1.42,5.81
6909,1.42,5.81
6910,1.42,5.81
6911,1.41,5.81
6912,1.41,5.81
6913,1.41,5.81
6914,1.42,5.81
6915,1.42,5.81
6916,1.42,5.82
6917,1.42,5.82
6918,1.42,5.82
6919,1.41,5.83
6920,1.42,5.83
6921,1.41,5.84
6922,1.41,5.84
6923,1.41,5.84
6924,1.42,5.85
6925,1.42,5.85
6926,1.41,5.85
6927,1.42,5.86
6928,1.42,5.86
6929,1.41,5.86
6930,1.42,5.86
6931,1.42,5.87
6932,1.42,5.87
6933,1.42,5.87
6934,1.42,5.87
6935,1.42,5.87
6936,1.42,5.87
6937,1.42,5.87
6938,1.42,5.87
6939,1.42,5.87
6940,1.42,5.87
6941,1.42,5.86
6942,1.42,5.86
6943,1.42,5.86
6944,1.42,5.85
6945,1.42,5.85
6946,1.41,5.85
6947,1.42,5.84
6948,1.41,5.84
6949,1.42,5.84
6950,1.42,5.84
6951,1.42,5.83
6952,1.41,5.83
6953,1.42,5.82
6954,1.42,5.82
6955,1.42,5.82
6956,1.41,5.82
6957,1.41,5.82
6958,1.42,5.81
6959,1.41,5.81
6960,1.41,5.81
6961,1.41,5.81
6962,1.41,5.81
6963,1.41,5.81
6964,1.41,5.81
6965,1.41,5.81
6966,1.41,5.82
6967,1.41,5.82
6968,1.41,5.82
6969,1.41,5.82
6970,1.41,5.82
6971,1.41,5.83
6972,1.41,5.83
6973,1.4,5.83
6974,1.41,5.83
6975,1.41,5.84
6976,1.41,5.84
6977,1.41,5.84
6978,1.41,5.84
6979,1.41,5.85
6980,1.41,5.85
6981,1.41,5.85
6982,1.41,5.85
6983,1.41,5.85
6984,1.41,5.85
6985,1.42,5.85
6986,1.41,5.85
6987,1.41,5.85
6988,1.41,5.85
6989,1.41,5.84
6990,1.41,5.84
6991,1.41,5.84
6992,1.4,5.84
6993,1.41,5.83
6994,1.41,5.83
6995,1.41,5.83
6996,1.41,5.82
6997,1.41,5.82
6998,1.41,5.82
6999,1.41,5.81
7000,1.41,5.81
7001,1.4,5.81
7002,1.41,5.81
7003,1.41,5.8
7004,1.41,5.8
7005,1.41,5.8
7006,1.41,5.8
7007,1.4,5.8
7008,1.41,5.8
7009,1.41,5.8
7010,1.41,5.8
7011,1.41,5.8
7012,1.41,5.8
7013,1.41,5.8
7014,1.41,5.8
7015,1.41,5.8
7016,1.4,5.8
7017,1.4,5.8
7018,1.41,5.81
7019,1.41,5.81
7020,1.41,5.81
7021,1.41,5.81
7022,1.41,5.82
7023,1.41,5.82
7024,1.41,5.82
7025,1.41,5.83
7026,1.4,5.83
7027,1.4,5.83
7028,1.41,5.84
7029,1.41,5.84
7030,1.41,5.84
7031,1.41,5.84
7032,1.41,5.85
7033,1.41,5.85
7034,1.4,5.85
7035,1.41,5.85
7036,1.41,5.85
7037,1.41,5.85
7038,1.41,5.85
7039,1.4,5.85
7040,1.41,5.85
7041,1.41,5.84
7042,1.4,5.84
7043,1.4,5.84
7044,1.4,5.84
7045,1.41,5.83
7046,1.4,5.83
7047,1.4,5.83
7048,1.4,5.82
7049,1.4,5.82
7050,1.4,5.82
7051,1.4,5.81
7052,1.4,5.81
7053,1.4,5.81
7054,1.4,5.81
7055,1.41,5.8
7056,1.4,5.8
7057,1.4,5.8
7058,1.4,5.8
7059,1.4,5.79
7060,1.4,5.79
7061,1.4,5.79
7062,1.4,5.79
7063,1.4,5.79
7064,1.4,5.79
7065,1.4,5.79
7066,1.4,5.79
7067,1.4,5.79
7068,1.4,5.79
7069,1.4,5.79
7070,1.4,5.79
7071,1.4,5.79
7072,1.4,5.79
7073,1.4,5.8
7074,1.4,5.8
7075,1.4,5.8
7076,1.4,5.8
7077,1.4,5.8
7078,1.4,5.81
7079,1.4,5.81
7080,1.4,5.81
7081,1.4,5.82
7082,1.4,5.82
7083,1.4,5.82
7084,1.4,5.82
7085,1.4,5.82
7086,1.4,5.82
7087,1.4,5.82
7088,1.4,5.82
7089,1.4,5.82
7090,1.4,5.82
7091,1.4,5.82
7092,1.4,5.82
7093,1.4,5.82
7094,1.4,5.82
7095,1.4,5.82
7096,1.4,5.82
7097,1.4,5.82
7098,1.4,5.82
7099,1.4,5.81
7100,1.4,5.81
7101,1.4,5.81
7102,1.4,5.81
7103,1.4,5.81
7104,1.4,5.81
7105,1.4,5.81
7106,1.4,5.8
7107,1.4,5.8
7108,1.4,5.8
7109,1.4,5.8
7110,1.4,5.79
7111,1.4,5.79
7112,1.4,5.79
7113,1.4,5.79
7114,1.4,5.79
7115,1.4,5.79
7116,1.4,5.79
7117,1.4,5.79
7118,1.4,5.79
7119,1.4,5.79
7120,1.4,5.79
7121,1.4,5.8
7122,1.4,5.8
7123,1.4,5.8
7124,1.4,5.8
7125,1.4,5.8
7126,1.4,5.8
7127,1.4,5.8
7128,1.4,5.8
7129,1.4,5.81
7130,1.4,5.81
7131,1.4,5.81
7132,1.4,5.81
7133,1.4,5.82
7134,1.4,5.82
7135,1.4,5.82
7136,1.4,5.82
7137,1.4,5.82
7138,1.4,5.82
7139,1.4,5.82
7140,1.4,5.82
7141,1.4,5.82
7142,1.4,5.82
7143,1.4,5.82
7144,1.4,5.82
7145,1.4,5.82
7146,1.4,5.82
7147,1.4,5.82
7148,1.4,5.82
7149,1.4,5.81
7150,1.4,5.81
7151,1.4,5.81
7152,1.4,5.8
7153,1.4,5.8
7154,1.4,5.8
7155,1.39,5.79
7156,1.4,5.79
7157,1.4,5.79
7158,1.4,5.78
7159,1.4,5.78
7160,1.4,5.78
7161,1.4,5.77
7162,1.4,5.77
7163,1.4,5.77
7164,1.4,5.77
7165,1.4,5.77
7166,1.4,5.76
7167,1.4,5.76
7168,1.4,5.76
7169,1.39,5.76
7170,1.4,5.76
7171,1.4,5.76
7172,1.4,5.76
7173,1.4,5.76
7174,1.39,5.77
7175,1.4,5.77
7176,1.4,5.77
7177,1.4,5.78
7178,1.4,5.78
7179,1.4,5.78
7180,1.4,5.78
7181,1.4,5.79
7182,1.4,5.79
7183,1.4,5.79
7184,1.4,5.8
7185,1.4,5.8
7186,1.4,5.8
7187,1.4,5.8
7188,1.4,5.8
7189,1.4,5.8
7190,1.4,5.81
7191,1.4,5.81
7192,1.4,5.81
7193,1.4,5.81
7194,1.4,5.81
7195,1.4,5.81
7196,1.4,5.81
7197,1.4,5.81
7198,1.4,5.81
7199,1.39,5.8
7200,1.4,5.8
7201,1.4,5.8
7202,1.4,5.8
7203,1.4,5.8
7204,1.4,5.79
7205,1.4,5.79
7206,1.4,5.79
7207,1.4,5.79
7208,1.4,5.78
7209,1.4,5.78
7210,1.4,5.78
7211,1.4,5.78
7212,1.4,5.77
7213,1.4,5.77
7214,1.4,5.77
7215,1.4,5.77
7216,1.4,5.77
7217,1.4,5.77
7218,1.4,5.77
7219,1.4,5.77
7220,1.39,5.77
7221,1.4,5.77
7222,1.4,5.77
7223,1.4,5.77
7224,1.39,5.77
7225,1.4,5.77
7226,1.39,5.77
7227,1.4,5.77
7228,1.4,5.78
7229,1.4,5.78
7230,1.4,5.78
7231,1.4,5.78
7232,1.39,5.78
7233,1.4,5.79
7234,1.39,5.79
7235,1.39,5.79
7236,1.39,5.79
7237,1.39,5.8
7238,1.39,5.8
7239,1.4,5.8
7240,1.39,5.8
7241,1.39,5.79
7242,1.39,5.79
7243,1.39,5.79
7244,1.4,5.79
7245,1.4,5.79
7246,1.39,5.79
7247,1.39,5.79
7248,1.4,5.79
7249,1.39,5.78
7250,1.39,5.78
7251,1.39,5.78
7252,1.39,5.78
7253,1.39,5.77
7254,1.39,5.77
7255,1.4,5.77
7256,1.4,5.77
7257,1.39,5.77
7258,1.39,5.76
7259,1.39,5.76
7260,1.39,5.76
7261,1.39,5.75
7262,1.39,5.75
7263,1.4,5.75
7264,1.4,5.75
7265,1.4,5.75
7266,1.39,5.75
7267,1.4,5.75
7268,1.38,5.75
7269,1.39,5.75
7270,1.39,5.75
7271,1.4,5.75
7272,1.39,5.75
7273,1.39,5.75
7274,1.39,5.75
7275,1.4,5.76
7276,1.39,5.76
7277,1.39,5.77
7278,1.39,5.77
7279,1.4,5.77
7280,1.39,5.77
7281,1.39,5.77
7282,1.39,5.78
7283,1.39,5.78
7284,1.39,5.78
7285,1.4,5.78
7286,1.39,5.78
7287,1.39,5.79
7288,1.39,5.79
7289,1.39,5.79
7290,1.39,5.79
7291,1.39,5.79
7292,1.39,5.79
7293,1.38,5.79
7294,1.39,5.79
7295,1.4,5.79
7296,1.39,5.79
7297,1.39,5.79
7298,1.39,5.79
7299,1.39,5.79
7300,1.39,5.79
7301,1.39,5.79
7302,1.39,5.79
7303,1.39,5.78
7304,1.39,5.78
7305,1.39,5.78
7306,1.39,5.78
7307,1.39,5.77
7308,1.39,5.77
7309,1.38,5.77
7310,1.38,5.77
7311,1.39,5.76
7312,1.38,5.76
7313,1.38,5.76
7314,1.38,5.76
7315,1.38,5.75
7316,1.38,5.75
7317,1.38,5.75
7318,1.38,5.75
7319,1.38,5.75
7320,1.39,5.75
7321,1.38,5.74
7322,1.39,5.74
7323,1.38,5.74
7324,1.38,5.74
7325,1.39,5.74
7326,1.38,5.74
7327,1.38,5.75
7328,1.38,5.75
7329,1.38,5.75
7330,1.39,5.75
7331,1.38,5.75
7332,1.38,5.75
7333,1.38,5.75
7334,1.38,5.75
7335,1.38,5.76
7336,1.38,5.76
7337,1.39,5.76
7338,1.38,5.76
7339,1.38,5.76
7340,1.39,5.77
7341,1.38,5.77
7342,1.38,5.77
7343,1.39,5.77
7344,1.38,5.77
7345,1.38,5.77
7346,1.38,5.77
7347,1.39,5.77
7348,1.39,5.77
7349,1.38,5.77
7350,1.39,5.77
7351,1.38,5.77
7352,1.38,5.77
7353,1.38,5.77
7354,1.38,5.77
7355,1.38,5.77
7356,1.39,5.76
7357,1.38,5.76
7358,1.39,5.76
7359,1.38,5.76
7360,1.38,5.76
7361,1.39,5.75
7362,1.38,5.75
7363,1.39,5.75
7364,1.38,5.75
7365,1.38,5.75
7366,1.38,5.75
7367,1.39,5.74
7368,1.38,5.74
7369,1.38,5.74
7370,1.38,5.74
7371,1.39,5.74
7372,1.39,5.74
7373,1.39,5.74
7374,1.38,5.74
7375,1.38,5.74
7376,1.38,5.74
7377,1.38,5.74
7378,1.39,5.74
7379,1.38,5.74
7380,1.38,5.74
7381,1.38,5.74
7382,1.38,5.74
7383,1.38,5.75
7384,1.38,5.75
7385,1.38,5.75
7386,1.38,5.75
7387,1.38,5.76
7388,1.38,5.76
7389,1.38,5.76
7390,1.38,5.76
7391,1.38,5.76
7392,1.38,5.77
7393,1.38,5.77
7394,1.38,5.77
7395,1.38,5.77
7396,1.38,5.77
7397,1.38,5.77
7398,1.38,5.77
7399,1.38,5.77
7400,1.38,5.77
7401,1.38,5.76
7402,1.38,5.76
7403,1.38,5.76
7404,1.38,5.76
7405,1.38,5.76
7406,1.38,5.76
7407,1.38,5.75
7408,1.38,5.75
7409,1.38,5.75
7410,1.38,5.75
7411,1.38,5.74
7412,1.38,5.74
7413,1.38,5.74
7414,1.38,5.73
7415,1.38,5.73
7416,1.38,5.73
7417,1.38,5.73
7418,1.38,5.72
7419,1.38,5.72
7420,1.38,5.72
7421,1.38,5.72
7422,1.38,5.72
7423,1.38,5.72
7424,1.38,5.72
7425,1.38,5.72
7426,1.38,5.72
7427,1.38,5.72
7428,1.38,5.72
7429,1.38,5.72
7430,1.38,5.72
7431,1.38,5.73
7432,1.38,5.73
7433,1.38,5.73
7434,1.38,5.74
7435,1.38,5.74
7436,1.38,5.74
7437,1.38,5.74
7438,1.38,5.75
7439,1.38,5.75
7440,1.38,5.75
7441,1.38,5.76
7442,1.38,5.76
7443,1.38,5.76
7444,1.38,5.76
7445,1.38,5.76
7446,1.38,5.76
7447,1.38,5.76
7448,1.38,5.76
7449,1.38,5.76
7450,1.38,5.76
7451,1.38,5.76
7452,1.38,5.76
7453,1.38,5.76
7454,1.38,5.76
7455,1.38,5.75
7456,1.38,5.75
7457,1.38,5.75
7458,1.38,5.75
7459,1.38,5.74
7460,1.38,5.74
7461,1.38,5.74
7462,1.38,5.74
7463,1.38,5.73
7464,1.38,5.73
7465,1.38,5.73
7466,1.38,5.73
7467,1.38,5.73
7468,1.38,5.73
7469,1.38,5.72
7470,1.38,5.72
7471,1.38,5.72
7472,1.38,5.72
7473,1.38,5.72
7474,1.38,5.72
7475,1.38,5.72
7476,1.38,5.72
7477,1.38,5.72
7478,1.38,5.72
7479,1.37,5.72
7480,1.38,5.72
7481,1.38,5.72
7482,1.38,5.73
7483,1.38,5.73
7484,1.38,5.73
7485,1.38,5.73
7486,1.37,5.73
7487,1.38,5.74
7488,1.38,5.74
7489,1.38,5.74
7490,1.38,5.74
7491,1.38,5.74
7492,1.37,5.74
7493,1.37,5.74
7494,1.38,5.74
7495,1.37,5.74
7496,1.38,5.74
7497,1.38,5.74
7498,1.38,5.74
7499,1.38,5.74
7500,1.37,5.74
7501,1.38,5.74
7502,1.37,5.73
7503,1.37,5.73
7504,1.38,5.73
7505,1.38,5.73
7506,1.38,5.72
7507,1.38,5.72
7508,1.37,5.72
7509,1.38,5.72
7510,1.38,5.72
7511,1.37,5.71
7512,1.38,5.71
7513,1.38,5.71
7514,1.38,5.71
7515,1.37,5.71
7516,1.38,5.71
7517,1.38,5.71
7518,1.37,5.71
7519,1.38,5.71
7520,1.38,5.71
7521,1.38,5.71
7522,1.38,5.71
7523,1.37,5.71
7524,1.37,5.71
7525,1.38,5.71
7526,1.38,5.71
7527,1.38,5.71
7528,1.38,5.71
7529,1.38,5.72
7530,1.38,5.72
7531,1.37,5.72
7532,1.37,5.72
7533,1.38,5.73
7534,1.38,5.73
7535,1.38,5.73
7536,1.38,5.73
7537,1.37,5.73
7538,1.38,5.73
7539,1.38,5.73
7540,1.37,5.73
7541,1.38,5.74
7542,1.38,5.74
7543,1.38,5.74
7544,1.38,5.74
7545,1.38,5.74
7546,1.38,5.74
7547,1.38,5.74
7548,1.37,5.74
7549,1.38,5.73
7550,1.37,5.73
7551,1.37,5.73
7552,1.37,5.73
7553,1.37,5.73
7554,1.37,5.73
7555,1.37,5.73
7556,1.37,5.72
7557,1.37,5.72
7558,1.37,5.72
7559,1.37,5.72
7560,1.37,5.71
7561,1.37,5.71
7562,1.37,5.71
7563,1.37,5.71
7564,1.37,5.7
7565,1.37,5.7
7566,1.37,5.7
7567,1.37,5.7
7568,1.37,5.7
7569,1.37,5.7
7570,1.37,5.7
7571,1.37,5.69
7572,1.37,5.69
7573,1.37,5.69
7574,1.37,5.69
7575,1.37,5.69
7576,1.37,5.69
7577,1.37,5.69
7578,1.37,5.69
7579,1.37,5.7
7580,1.37,5.7
7581,1.37,5.7
7582,1.37,5.7
7583,1.37,5.7
7584,1.37,5.7
7585,1.37,5.7
7586,1.37,5.71
7587,1.37,5.71
7588,1.37,5.71
7589,1.37,5.71
7590,1.37,5.71
7591,1.37,5.71
7592,1.37,5.71
7593,1.37,5.71
7594,1.37,5.71
7595,1.37,5.72
7596,1.37,5.72
7597,1.37,5.72
7598,1.37,5.72
7599,1.37,5.72
7600,1.37,5.72
7601,1.37,5.72
7602,1.37,5.71
7603,1.37,5.71
7604,1.37,5.71
7605,1.37,5.71
7606,1.37,5.71
7607,1.37,5.71
7608,1.37,5.71
7609,1.37,5.71
7610,1.37,5.71
7611,1.37,5.7
7612,1.37,5.7
7613,1.37,5.7
7614,1.37,5.7
7615,1.37,5.7
7616,1.37,5.7
7617,1.37,5.7
7618,1.37,5.69
7619,1.37,5.69
7620,1.37,5.69
7621,1.37,5.69
7622,1.37,5.69
7623,1.37,5.69
7624,1.37,5.69
7625,1.37,5.69
7626,1.37,5.69
7627,1.37,5.69
7628,1.37,5.7
7629,1.37,5.7
7630,1.37,5.7
7631,1.37,5.7
7632,1.37,5.7
7633,1.37,5.7
7634,1.37,5.7
7635,1.37,5.7
7636,1.37,5.7
7637,1.37,5.7
7638,1.37,5.71
7639,1.37,5.71
7640,1.37,5.71
7641,1.37,5.71
7642,1.37,5.71
7643,1.37,5.71
7644,1.37,5.71
7645,1.37,5.71
7646,1.37,5.71
7647,1.37,5.71
7648,1.37,5.71
7649,1.37,5.71
7650,1.37,5.71
7651,1.37,5.71
7652,1.37,5.71
7653,1.37,5.7
7654,1.37,5.7
7655,1.37,5.7
7656,1.37,5.7
7657,1.37,5.7
7658,1.37,5.69
7659,1.37,5.69
7660,1.37,5.69
7661,1.37,5.69
7662,1.37,5.69
7663,1.37,5.68
7664,1.37,5.68
7665,1.37,5.68
7666,1.37,5.68
7667,1.37,5.67
7668,1.37,5.67
7669,1.37,5.67
7670,1.37,5.67
7671,1.37,5.67
7672,1.37,5.67
7673,1.37,5.67
7674,1.37,5.67
7675,1.37,5.67
7676,1.37,5.67
7677,1.37,5.67
7678,1.37,5.67
7679,1.37,5.68
7680,1.37,5.68
7681,1.37,5.68
7682,1.37,5.68
7683,1.37,5.68
7684,1.37,5.68
7685,1.37,5.68
7686,1.37,5.69
7687,1.37,5.69
7688,1.37,5.69
7689,1.37,5.69
7690,1.37,5.7
7691,1.37,5.7
7692,1.37,5.7
7693,1.37,5.7
7694,1.37,5.7
7695,1.37,5.7
7696,1.37,5.7
7697,1.37,5.71
7698,1.37,5.7
7699,1.37,5.7
7700,1.37,5.7
7701,1.37,5.7
7702,1.37,5.7
7703,1.37,5.7
7704,1.37,5.7
7705,1.37,5.7
7706,1.37,5.69
7707,1.37,5.69
7708,1.37,5.69
7709,1.37,5.69
7710,1.37,5.69
7711,1.37,5.68
7712,1.37,5.68
7713,1.37,5.68
7714,1.37,5.68
7715,1.37,5.68
7716,1.37,5.68
7717,1.37,5.67
7718,1.37,5.67
7719,1.37,5.67
7720,1.37,5.67
7721,1.37,5.67
7722,1.37,5.67
7723,1.37,5.67
7724,1.37,5.67
7725,1.37,5.67
7726,1.37,5.68
7727,1.37,5.68
7728,1.37,5.68
7729,1.37,5.68
7730,1.37,5.68
7731,1.36,5.68
7732,1.36,5.68
7733,1.37,5.69
7734,1.37,5.69
7735,1.36,5.69
7736,1.36,5.69
7737,1.36,5.69
7738,1.37,5.7
7739,1.36,5.7
7740,1.37,5.7
7741,1.37,5.7
7742,1.36,5.7
7743,1.36,5.7
7744,1.35,5.7
7745,1.36,5.7
7746,1.36,5.7
7747,1.36,5.69
7748,1.36,5.69
7749,1.36,5.69
7750,1.36,5.69
7751,1.36,5.69
7752,1.36,5.68
7753,1.36,5.68
7754,1.36,5.68
7755,1.36,5.68
7756,1.36,5.67
7757,1.36,5.67
7758,1.36,5.67
7759,1.36,5.66
7760,1.36,5.66
7761,1.36,5.66
7762,1.36,5.66
7763,1.36,5.66
7764,1.36,5.66
7765,1.36,5.65
7766,1.36,5.65
7767,1.36,5.65
7768,1.36,5.65
7769,1.36,5.65
7770,1.36,5.65
7771,1.36,5.65
7772,1.36,5.65
7773,1.36,5.65
7774,1.36,5.66
7775,1.36,5.66
7776,1.36,5.66
7777,1.36,5.66
7778,1.37,5.66
7779,1.36,5.67
7780,1.36,5.67
7781,1.36,5.67
7782,1.36,5.67
7783,1.36,5.68
7784,1.36,5.68
7785,1.36,5.68
7786,1.36,5.68
7787,1.36,5.68
7788,1.36,5.68
7789,1.35,5.69
7790,1.36,5.69
7791,1.36,5.69
7792,1.36,5.69
7793,1.36,5.69
7794,1.36,5.69
7795,1.36,5.69
7796,1.36,5.69
7797,1.36,5.69
7798,1.36,5.69
7799,1.36,5.69
7800,1.36,5.69
7801,1.36,5.68
7802,1.36,5.68
7803,1.36,5.68
7804,1.37,5.68
7805,1.36,5.68
7806,1.36,5.67
7807,1.37,5.67
7808,1.36,5.67
7809,1.36,5.67
7810,1.36,5.66
7811,1.36,5.66
7812,1.37,5.66
7813,1.36,5.66
7814,1.36,5.66
7815,1.36,5.66
7816,1.36,5.66
7817,1.36,5.65
7818,1.36,5.65
7819,1.35,5.65
7820,1.35,5.65
7821,1.36,5.65
7822,1.36,5.65
7823,1.35,5.65
7824,1.35,5.65
7825,1.35,5.65
7826,1.35,5.66
7827,1.35,5.66
7828,1.35,5.66
7829,1.35,5.66
7830,1.36,5.66
7831,1.35,5.67
7832,1.35,5.67
7833,1.35,5.67
7834,1.35,5.67
7835,1.35,5.67
7836,1.36,5.67
7837,1.35,5.67
7838,1.35,5.67
7839,1.35,5.67
7840,1.35,5.67
7841,1.35,5.67
7842,1.36,5.67
7843,1.35,5.67
7844,1.35,5.67
7845,1.36,5.67
7846,1.35,5.66
7847,1.35,5.66
7848,1.35,5.66
7849,1.35,5.66
7850,1.35,5.66
7851,1.35,5.66
7852,1.35,5.65
7853,1.35,5.65
7854,1.35,5.65
7855,1.35,5.65
7856,1.35,5.65
7857,1.35,5.65
7858,1.35,5.65
7859,1.35,5.64
7860,1.35,5.64
7861,1.35,5.64
7862,1.35,5.64
7863,1.35,5.64
7864,1.35,5.64
7865,1.35,5.64
7866,1.35,5.63
7867,1.36,5.63
7868,1.35,5.63
7869,1.35,5.63
7870,1.36,5.63
7871,1.35,5.63
7872,1.35,5.63
7873,1.35,5.64
7874,1.35,5.64
7875,1.35,5.64
7876,1.35,5.64
7877,1.35,5.64
7878,1.35,5.65
7879,1.35,5.65
7880,1.35,5.65
7881,1.35,5.65
7882,1.35,5.66
7883,1.35,5.66
7884,1.35,5.66
7885,1.35,5.66
7886,1.35,5.66
7887,1.35,5.66
7888,1.35,5.66
7889,1.35,5.66
7890,1.35,5.66
7891,1.35,5.66
7892,1.35,5.66
7893,1.35,5.66
7894,1.35,5.66
7895,1.35,5.66
7896,1.35,5.66
7897,1.35,5.66
7898,1.35,5.66
7899,1.35,5.66
7900,1.35,5.66
7901,1.35,5.66
7902,1.35,5.66
7903,1.35,5.66
7904,1.35,5.66
7905,1.35,5.65
7906,1.35,5.65
7907,1.35,5.65
7908,1.35,5.65
7909,1.35,5.65
7910,1.35,5.65
7911,1.35,5.65
7912,1.35,5.64
7913,1.35,5.64
7914,1.35,5.64
7915,1.35,5.64
7916,1.35,5.64
7917,1.35,5.64
7918,1.35,5.64
7919,1.35,5.64
7920,1.35,5.64
7921,1.35,5.64
7922,1.35,5.64
7923,1.35,5.64
7924,1.35,5.64
7925,1.35,5.64
7926,1.35,5.64
7927,1.35,5.64
7928,1.35,5.64
7929,1.35,5.64
7930,1.35,5.64
7931,1.35,5.64
7932,1.35,5.64
7933,1.35,5.64
7934,1.35,5.65
7935,1.35,5.65
7936,1.35,5.65
7937,1.35,5.65
7938,1.35,5.64
7939,1.35,5.65
7940,1.35,5.65
7941,1.35,5.65
7942,1.35,5.65
7943,1.35,5.65
7944,1.35,5.65
7945,1.35,5.65
7946,1.35,5.65
7947,1.35,5.65
7948,1.35,5.64
7949,1.35,5.64
7950,1.35,5.64
7951,1.35,5.64
7952,1.35,5.64
7953,1.35,5.64
7954,1.35,5.64
7955,1.35,5.64
7956,1.35,5.64
7957,1.35,5.63
7958,1.35,5.63
7959,1.35,5.63
7960,1.35,5.63
7961,1.35,5.63
7962,1.35,5.63
7963,1.35,5.63
7964,1.35,5.63
7965,1.35,5.63
7966,1.35,5.63
7967,1.35,5.63
7968,1.35,5.63
7969,1.35,5.63
7970,1.35,5.63
7971,1.35,5.63
7972,1.35,5.63
7973,1.35,5.63
7974,1.35,5.63
7975,1.35,5.63
7976,1.35,5.63
7977,1.35,5.63
7978,1.35,5.63
7979,1.35,5.63
7980,1.35,5.64
7981,1.35,5.64
7982,1.35,5.64
7983,1.35,5.64
7984,1.35,5.64
7985,1.35,5.64
7986,1.35,5.64
7987,1.35,5.64
7988,1.35,5.64
7989,1.35,5.64
7990,1.35,5.64
7991,1.35,5.65
7992,1.35,5.65
7993,1.35,5.65
7994,1.35,5.65
7995,1.35,5.65
7996,1.35,5.65
7997,1.35,5.65
7998,1.35,5.65
7999,1.35,5.64
8000,1.35,5.64
8001,1.35,5.64
8002,1.35,5.64
8003,1.35,5.64
8004,1.35,5.64
8005,1.35,5.64
8006,1.35,5.64
8007,1.35,5.64
8008,1.35,5.64
8009,1.35,5.64
8010,1.35,5.64
8011,1.35,5.64
8012,1.35,5.64
8013,1.35,5.64
8014,1.35,5.64
8015,1.35,5.63
8016,1.35,5.63
8017,1.35,5.63
8018,1.35,5.63
8019,1.34,5.63
8020,1.35,5.63
8021,1.34,5.63
8022,1.34,5.63
8023,1.35,5.63
8024,1.35,5.63
8025,1.35,5.63
8026,1.35,5.63
8027,1.35,5.63
8028,1.34,5.62
8029,1.34,5.62
8030,1.35,5.62
8031,1.34,5.62
8032,1.35,5.62
8033,1.34,5.62
8034,1.34,5.62
8035,1.34,5.62
8036,1.34,5.62
8037,1.34,5.62
8038,1.35,5.62
8039,1.34,5.62
8040,1.35,5.62
8041,1.35,5.62
8042,1.34,5.62
8043,1.34,5.62
8044,1.34,5.62
8045,1.35,5.62
8046,1.34,5.62
8047,1.34,5.62
8048,1.35,5.62
8049,1.34,5.62
8050,1.35,5.62
8051,1.34,5.62
8052,1.34,5.63
8053,1.34,5.63
8054,1.35,5.63
8055,1.34,5.63
8056,1.34,5.63
8057,1.35,5.63
8058,1.34,5.63
8059,1.34,5.63
8060,1.34,5.63
8061,1.35,5.63
8062,1.34,5.63
8063,1.34,5.63
8064,1.34,5.63
8065,1.35,5.63
8066,1.35,5.63
8067,1.35,5.63
8068,1.35,5.63
8069,1.34,5.63
8070,1.35,5.63
8071,1.35,5.63
8072,1.34,5.63
8073,1.34,5.63
8074,1.35,5.63
8075,1.34,5.63
8076,1.34,5.62
8077,1.35,5.62
8078,1.34,5.62
8079,1.35,5.62
8080,1.34,5.62
8081,1.34,5.62
8082,1.35,5.62
8083,1.34,5.62
8084,1.35,5.62
8085,1.35,5.62
8086,1.35,5.62
8087,1.35,5.62
8088,1.34,5.62
8089,1.35,5.62
8090,1.35,5.62
8091,1.35,5.62
8092,1.35,5.62
8093,1.34,5.62
8094,1.34,5.62
8095,1.34,5.62
8096,1.35,5.62
8097,1.35,5.62
8098,1.35,5.62
8099,1.35,5.62
8100,1.34,5.62
8101,1.34,5.62
8102,1.35,5.62
8103,1.34,5.62
8104,1.35,5.62
8105,1.35,5.62
8106,1.35,5.62
8107,1.35,5.62
8108,1.34,5.62
8109,1.35,5.62
8110,1.34,5.62
8111,1.34,5.62
8112,1.34,5.62
8113,1.34,5.62
8114,1.34,5.62
8115,1.34,5.62
8116,1.34,5.62
8117,1.34,5.62
8118,1.34,5.62
8119,1.33,5.62
8120,1.34,5.62
8121,1.34,5.62
8122,1.34,5.62
8123,1.34,5.62
8124,1.34,5.62
8125,1.33,5.62
8126,1.33,5.62
8127,1.34,5.62
8128,1.33,5.62
8129,1.34,5.62
8130,1.33,5.62
8131,1.34,5.62
8132,1.33,5.62
8133,1.34,5.62
8134,1.34,5.62
8135,1.33,5.61
8136,1.33,5.61
8137,1.34,5.61
8138,1.34,5.61
8139,1.33,5.61
8140,1.33,5.61
8141,1.33,5.6
8142,1.33,5.6
8143,1.34,5.6
8144,1.34,5.6
8145,1.34,5.6
8146,1.34,5.6
8147,1.34,5.6
8148,1.34,5.6
8149,1.34,5.6
8150,1.34,5.6
8151,1.34,5.6
8152,1.34,5.59
8153,1.34,5.6
8154,1.34,5.6
8155,1.33,5.6
8156,1.33,5.6
8157,1.34,5.6
8158,1.34,5.6
8159,1.33,5.6
8160,1.34,5.6
8161,1.34,5.6
8162,1.33,5.6
8163,1.33,5.6
8164,1.34,5.61
8165,1.34,5.6
8166,1.34,5.61
8167,1.33,5.61
8168,1.33,5.61
8169,1.33,5.61
8170,1.34,5.61
8171,1.33,5.61
8172,1.33,5.61
8173,1.34,5.61
8174,1.34,5.61
8175,1.34,5.61
8176,1.34,5.62
8177,1.34,5.62
8178,1.33,5.62
8179,1.34,5.62
8180,1.33,5.62
8181,1.34,5.62
8182,1.34,5.62
8183,1.34,5.62
8184,1.33,5.62
8185,1.34,5.62
8186,1.34,5.61
8187,1.33,5.61
8188,1.34,5.61
8189,1.34,5.61
8190,1.33,5.61
8191,1.34,5.61
8192,1.34,5.61
8193,1.34,5.61
8194,1.34,5.61
8195,1.34,5.61
8196,1.33,5.61
8197,1.34,5.61
8198,1.34,5.6
8199,1.33,5.6
8200,1.34,5.6
8201,1.34,5.6
8202,1.33,5.6
8203,1.34,5.6
8204,1.34,5.6
8205,1.33,5.6
8206,1.34,5.6
8207,1.34,5.6
8208,1.34,5.6
8209,1.33,5.6
8210,1.34,5.6
8211,1.33,5.6
8212,1.34,5.6
8213,1.33,5.6
8214,1.34,5.6
8215,1.33,5.6
8216,1.34,5.6
8217,1.34,5.6
8218,1.33,5.6
8219,1.34,5.6
8220,1.34,5.61
8221,1.33,5.61
8222,1.34,5.61
8223,1.34,5.61
8224,1.33,5.61
8225,1.33,5.61
8226,1.34,5.61
8227,1.33,5.61
8228,1.33,5.61
8229,1.33,5.61
8230,1.33,5.61
8231,1.33,5.62
8232,1.33,5.62
8233,1.33,5.62
8234,1.33,5.62
8235,1.33,5.62
8236,1.33,5.62
8237,1.33,5.62
8238,1.33,5.61
8239,1.33,5.61
8240,1.33,5.61
8241,1.33,5.61
8242,1.33,5.61
8243,1.33,5.61
8244,1.33,5.61
8245,1.33,5.6
8246,1.33,5.6
8247,1.33,5.6
8248,1.33,5.6
8249,1.33,5.59
8250,1.33,5.59
8251,1.33,5.59
8252,1.33,5.59
8253,1.33,5.58
8254,1.33,5.58
8255,1.33,5.58
8256,1.33,5.58
8257,1.33,5.58
8258,1.33,5.58
8259,1.33,5.58
8260,1.33,5.58
8261,1.33,5.57
8262,1.33,5.57
8263,1.33,5.57
8264,1.33,5.57
8265,1.33,5.57
8266,1.33,5.57
8267,1.33,5.57
8268,1.33,5.58
8269,1.33,5.58
8270,1.33,5.58
8271,1.33,5.58
8272,1.33,5.58
8273,1.33,5.58
8274,1.33,5.58
8275,1.33,5.59
8276,1.33,5.59
8277,1.33,5.59
8278,1.33,5.59
8279,1.33,5.6
8280,1.33,5.6
8281,1.33,5.6
8282,1.33,5.6
8283,1.33,5.61
8284,1.33,5.61
8285,1.33,5.61
8286,1.33,5.61
8287,1.33,5.61
8288,1.33,5.61
8289,1.33,5.61
8290,1.33,5.61
8291,1.33,5.61
8292,1.33,5.61
8293,1.33,5.6
8294,1.33,5.6
8295,1.33,5.6
8296,1.33,5.6
8297,1.33,5.6
8298,1.33,5.6
8299,1.33,5.6
8300,1.33,5.59
8301,1.33,5.59
8302,1.33,5.59
8303,1.33,5.59
8304,1.33,5.59
8305,1.33,5.59
8306,1.33,5.59
8307,1.33,5.59
8308,1.33,5.58
8309,1.33,5.58
8310,1.33,5.58
8311,1.33,5.58
8312,1.33,5.58
8313,1.33,5.58
8314,1.33,5.58
8315,1.33,5.58
8316,1.33,5.58
8317,1.33,5.58
8318,1.33,5.58
8319,1.33,5.58
8320,1.33,5.57
8321,1.33,5.58
8322,1.33,5.58
8323,1.33,5.58
8324,1.33,5.58
8325,1.33,5.58
8326,1.33,5.58
8327,1.33,5.59
8328,1.33,5.59
8329,1.33,5.59
8330,1.33,5.59
8331,1.33,5.59
8332,1.33,5.59
8333,1.33,5.59
8334,1.33,5.6
8335,1.33,5.6
8336,1.33,5.6
8337,1.33,5.6
8338,1.33,5.6
8339,1.33,5.6
8340,1.33,5.6
8341,1.33,5.6
8342,1.33,5.6
8343,1.33,5.6
8344,1.33,5.6
8345,1.33,5.6
8346,1.33,5.6
8347,1.33,5.6
8348,1.33,5.6
8349,1.33,5.6
8350,1.33,5.6
8351,1.33,5.59
8352,1.33,5.59
8353,1.33,5.59
8354,1.33,5.59
8355,1.33,5.59
8356,1.33,5.58
8357,1.33,5.58
8358,1.33,5.58
8359,1.33,5.58
8360,1.33,5.58
8361,1.33,5.57
8362,1.33,5.57
8363,1.33,5.57
8364,1.33,5.57
8365,1.33,5.57
8366,1.33,5.57
8367,1.32,5.57
8368,1.33,5.57
8369,1.32,5.56
8370,1.33,5.56
8371,1.33,5.56
8372,1.33,5.56
8373,1.33,5.56
8374,1.33,5.56
8375,1.33,5.56
8376,1.33,5.56
8377,1.33,5.56
8378,1.33,5.56
8379,1.33,5.56
8380,1.33,5.56
8381,1.33,5.56
8382,1.33,5.56
8383,1.32,5.56
8384,1.32,5.56
8385,1.33,5.56
8386,1.33,5.57
8387,1.33,5.57
8388,1.33,5.57
8389,1.33,5.57
8390,1.33,5.57
8391,1.33,5.57
8392,1.33,5.57
8393,1.33,5.57
8394,1.33,5.58
8395,1.33,5.58
8396,1.33,5.58
8397,1.32,5.58
8398,1.33,5.58
8399,1.33,5.58
8400,1.33,5.58
8401,1.33,5.58
8402,1.33,5.58
8403,1.33,5.58
8404,1.33,5.58
8405,1.33,5.58
8406,1.33,5.58
8407,1.33,5.58
8408,1.33,5.58
8409,1.33,5.58
8410,1.33,5.58
8411,1.33,5.57
8412,1.33,5.57
8413,1.33,5.57
8414,1.33,5.57
8415,1.33,5.57
8416,1.33,5.57
8417,1.33,5.56
8418,1.33,5.56
8419,1.33,5.56
8420,1.33,5.56
8421,1.33,5.56
8422,1.33,5.56
8423,1.33,5.56
8424,1.33,5.56
8425,1.33,5.56
8426,1.33,5.56
8427,1.33,5.56
8428,1.33,5.56
8429,1.33,5.56
8430,1.32,5.56
8431,1.33,5.56
8432,1.33,5.56
8433,1.33,5.56
8434,1.33,5.56
8435,1.33,5.56
8436,1.33,5.56
8437,1.32,5.57
8438,1.33,5.57
8439,1.33,5.57
8440,1.33,5.57
8441,1.33,5.57
8442,1.33,5.57
8443,1.33,5.57
8444,1.32,5.57
8445,1.33,5.58
8446,1.33,5.58
8447,1.33,5.58
8448,1.33,5.58
8449,1.33,5.58
8450,1.33,5.58
8451,1.32,5.58
8452,1.32,5.58
8453,1.33,5.59
8454,1.33,5.58
8455,1.32,5.58
8456,1.33,5.59
8457,1.33,5.58
8458,1.33,5.58
8459,1.33,5.58
8460,1.33,5.58
8461,1.33,5.58
8462,1.33,5.58
8463,1.33,5.58
8464,1.33,5.58
8465,1.33,5.58
8466,1.33,5.57
8467,1.33,5.57
8468,1.33,5.57
8469,1.33,5.57
8470,1.33,5.57
8471,1.33,5.57
8472,1.33,5.57
8473,1.33,5.57
8474,1.33,5.57
8475,1.33,5.56
8476,1.33,5.56
8477,1.33,5.56
8478,1.33,5.56
8479,1.33,5.56
8480,1.33,5.56
8481,1.33,5.56
8482,1.32,5.56
8483,1.33,5.56
8484,1.33,5.56
8485,1.33,5.56
8486,1.33,5.56
8487,1.33,5.56
8488,1.33,5.57
8489,1.33,5.57
8490,1.33,5.57
8491,1.33,5.57
8492,1.33,5.57
8493,1.33,5.57
8494,1.33,5.57
8495,1.33,5.57
8496,1.33,5.57
8497,1.33,5.58
8498,1.33,5.58
8499,1.32,5.58
8500,1.33,5.58
8501,1.33,5.58
8502,1.33,5.58
8503,1.32,5.58
8504,1.33,5.58
8505,1.33,5.58
8506,1.32,5.58
8507,1.33,5.58
8508,1.32,5.58
8509,1.32,5.58
8510,1.32,5.58
8511,1.32,5.58
8512,1.32,5.58
8513,1.32,5.58
8514,1.32,5.58
8515,1.32,5.57
8516,1.32,5.57
8517,1.32,5.57
8518,1.32,5.57
8519,1.32,5.57
8520,1.32,5.57
8521,1.32,5.56
8522,1.32,5.56
8523,1.32,5.56
8524,1.32,5.56
8525,1.32,5.56
8526,1.32,5.55
8527,1.32,5.55
8528,1.32,5.55
8529,1.32,5.55
8530,1.32,5.54
8531,1.32,5.54
8532,1.32,5.54
8533,1.32,5.54
8534,1.32,5.54
8535,1.32,5.54
8536,1.32,5.54
8537,1.32,5.54
8538,1.32,5.54
8539,1.32,5.54
8540,1.32,5.54
8541,1.32,5.55
8542,1.32,5.55
8543,1.33,5.55
8544,1.32,5.55
8545,1.32,5.55
8546,1.32,5.55
8547,1.32,5.56
8548,1.32,5.56
8549,1.32,5.56
8550,1.32,5.56
8551,1.32,5.56
8552,1.32,5.56
8553,1.32,5.56
8554,1.32,5.56
8555,1.32,5.57
8556,1.32,5.57
8557,1.32,5.57
8558,1.32,5.57
8559,1.32,5.57
8560,1.31,5.57
8561,1.32,5.57
8562,1.32,5.57
8563,1.32,5.57
8564,1.32,5.57
8565,1.32,5.57
8566,1.32,5.57
8567,1.32,5.57
8568,1.32,5.57
8569,1.32,5.57
8570,1.32,5.57
8571,1.32,5.57
8572,1.32,5.56
8573,1.32,5.56
8574,1.32,5.56
8575,1.32,5.56
8576,1.32,5.56
8577,1.32,5.56
8578,1.32,5.55
8579,1.31,5.55
8580,1.32,5.55
8581,1.32,5.55
8582,1.32,5.55
8583,1.32,5.55
8584,1.32,5.54
8585,1.32,5.54
8586,1.32,5.54
8587,1.32,5.54
8588,1.32,5.54
8589,1.32,5.54
8590,1.32,5.54
8591,1.32,5.54
8592,1.32,5.54
8593,1.32,5.54
8594,1.32,5.54
8595,1.32,5.54
8596,1.32,5.55
8597,1.32,5.55
8598,1.32,5.55
8599,1.32,5.55
8600,1.32,5.55
8601,1.32,5.55
8602,1.32,5.56
8603,1.31,5.56
8604,1.32,5.56
8605,1.32,5.56
8606,1.32,5.56
8607,1.32,5.56
8608,1.32,5.57
8609,1.32,5.57
8610,1.32,5.57
8611,1.32,5.57
8612,1.32,5.57
8613,1.32,5.57
8614,1.32,5.57
8615,1.32,5.57
8616,1.32,5.57
8617,1.32,5.57
8618,1.32,5.57
8619,1.32,5.57
8620,1.32,5.56
8621,1.32,5.56
8622,1.32,5.56
8623,1.32,5.56
8624,1.32,5.56
8625,1.32,5.56
8626,1.32,5.56
8627,1.32,5.56
8628,1.32,5.56
8629,1.32,5.56
8630,1.32,5.55
8631,1.32,5.55
8632,1.32,5.55
8633,1.33,5.55
8634,1.32,5.55
8635,1.32,5.55
8636,1.32,5.55
8637,1.32,5.55
8638,1.32,5.54
8639,1.32,5.54
8640,1.32,5.54
8641,1.32,5.54
8642,1.32,5.54
8643,1.32,5.54
8644,1.32,5.54
8645,1.32,5.54
8646,1.32,5.54
8647,1.32,5.54
8648,1.32,5.55
8649,1.32,5.55
8650,1.32,5.55
8651,1.32,5.55
8652,1.32,5.55
8653,1.32,5.55
8654,1.32,5.55
8655,1.32,5.56
8656,1.32,5.56
8657,1.32,5.56
8658,1.32,5.56
8659,1.32,5.56
8660,1.32,5.56
8661,1.32,5.56
8662,1.33,5.56
8663,1.32,5.56
8664,1.32,5.56
8665,1.32,5.56
8666,1.32,5.56
8667,1.32,5.56
8668,1.32,5.56
8669,1.32,5.56
8670,1.32,5.56
8671,1.32,5.56
8672,1.32,5.56
8673,1.32,5.56
8674,1.32,5.56
8675,1.32,5.56
8676,1.32,5.56
8677,1.32,5.56
8678,1.32,5.56
8679,1.32,5.55
8680,1.32,5.55
8681,1.32,5.55
8682,1.32,5.55
8683,1.32,5.55
8684,1.31,5.55
8685,1.32,5.55
8686,1.31,5.55
8687,1.32,5.55
8688,1.31,5.55
8689,1.32,5.54
8690,1.31,5.54
8691,1.31,5.54
8692,1.31,5.54
8693,1.31,5.54
8694,1.31,5.54
8695,1.31,5.54
8696,1.32,5.54
8697,1.31,5.54
8698,1.32,5.54
8699,1.31,5.54
8700,1.31,5.53
8701,1.31,5.53
8702,1.32,5.54
8703,1.31,5.53
8704,1.31,5.54
8705,1.31,5.54
8706,1.31,5.54
8707,1.31,5.54
8708,1.31,5.54
8709,1.31,5.54
8710,1.31,5.54
8711,1.31,5.54
8712,1.31,5.54
8713,1.31,5.54
8714,1.31,5.54
8715,1.31,5.55
8716,1.31,5.55
8717,1.31,5.55
8718,1.31,5.55
8719,1.31,5.55
8720,1.31,5.55
8721,1.31,5.55
8722,1.31,5.55
8723,1.31,5.55
8724,1.31,5.55
8725,1.31,5.55
8726,1.31,5.55
8727,1.31,5.55
8728,1.31,5.55
8729,1.31,5.55
8730,1.31,5.55
8731,1.31,5.54
8732,1.31,5.54
8733,1.31,5.54
8734,1.32,5.54
8735,1.31,5.54
8736,1.31,5.54
8737,1.31,5.54
8738,1.31,5.54
8739,1.31,5.54
8740,1.31,5.54
8741,1.31,5.54
8742,1.31,5.54
8743,1.31,5.54
8744,1.31,5.54
8745,1.31,5.54
8746,1.31,5.54
8747,1.31,5.53
8748,1.31,5.53
8749,1.31,5.54
8750,1.32,5.53
8751,1.31,5.53
8752,1.32,5.53
8753,1.31,5.53
8754,1.31,5.53
8755,1.32,5.53
8756,1.31,5.53
8757,1.31,5.53
8758,1.31,5.53
8759,1.31,5.53
8760,1.31,5.53
8761,1.31,5.54
8762,1.32,5.54
8763,1.31,5.54
8764,1.31,5.54
8765,1.31,5.54
8766,1.31,5.54
8767,1.31,5.54
8768,1.31,5.54
8769,1.31,5.54
8770,1.31,5.55
8771,1.31,5.55
8772,1.31,5.55
8773,1.31,5.55
8774,1.31,5.55
8775,1.31,5.55
8776,1.32,5.55
8777,1.31,5.55
8778,1.32,5.55
8779,1.31,5.55
8780,1.31,5.55
8781,1.31,5.55
8782,1.31,5.55
8783,1.31,5.55
8784,1.31,5.55
8785,1.31,5.55
8786,1.31,5.55
8787,1.31,5.55
8788,1.31,5.55
8789,1.31,5.54
8790,1.31,5.54
8791,1.32,5.54
8792,1.31,5.54
8793,1.31,5.54
8794,1.31,5.54
8795,1.31,5.54
8796,1.31,5.54
8797,1.31,5.54
8798,1.31,5.54
8799,1.31,5.54
8800,1.31,5.53
8801,1.32,5.53
8802,1.32,5.53
8803,1.31,5.53
8804,1.31,5.53
8805,1.31,5.53
8806,1.31,5.53
8807,1.31,5.53
8808,1.31,5.53
8809,1.31,5.54
8810,1.31,5.53
8811,1.31,5.54
8812,1.31,5.54
8813,1.31,5.53
8814,1.31,5.54
8815,1.31,5.54
8816,1.31,5.54
8817,1.31,5.54
8818,1.31,5.54
8819,1.32,5.54
8820,1.31,5.54
8821,1.31,5.54
8822,1.32,5.54
8823,1.31,5.54
8824,1.31,5.54
8825,1.31,5.55
8826,1.31,5.55
8827,1.31,5.55
8828,1.31,5.55
8829,1.31,5.55
8830,1.31,5.55
8831,1.31,5.55
8832,1.31,5.55
8833,1.31,5.55
8834,1.31,5.55
8835,1.31,5.55
8836,1.31,5.55
8837,1.31,5.55
8838,1.31,5.55
8839,1.31,5.55
8840,1.31,5.55
8841,1.31,5.55
8842,1.32,5.54
8843,1.31,5.54
8844,1.31,5.54
8845,1.31,5.54
8846,1.31,5.54
8847,1.31,5.54
8848,1.31,5.54
8849,1.31,5.54
8850,1.31,5.54
8851,1.31,5.54
8852,1.32,5.54
8853,1.32,5.54
8854,1.31,5.54
8855,1.32,5.54
8856,1.31,5.54
8857,1.31,5.54
8858,1.31,5.54
8859,1.31,5.54
8860,1.31,5.54
8861,1.31,5.54
8862,1.31,5.54
8863,1.31,5.54
8864,1.31,5.54
8865,1.31,5.54
8866,1.31,5.54
8867,1.31,5.54
8868,1.31,5.54
8869,1.31,5.54
8870,1.31,5.54
8871,1.31,5.54
8872,1.31,5.54
8873,1.31,5.54
8874,1.31,5.54
8875,1.31,5.54
8876,1.31,5.55
8877,1.31,5.55
8878,1.31,5.55
8879,1.31,5.55
8880,1.31,5.55
8881,1.31,5.55
8882,1.32,5.55
8883,1.31,5.55
8884,1.31,5.55
8885,1.31,5.55
8886,1.31,5.55
8887,1.32,5.55
8888,1.31,5.55
8889,1.31,5.55
8890,1.32,5.55
8891,1.31,5.54
8892,1.31,5.54
8893,1.31,5.54
8894,1.31,5.54
8895,1.31,5.54
8896,1.31,5.54
8897,1.31,5.54
8898,1.31,5.54
8899,1.31,5.54
8900,1.31,5.54
8901,1.32,5.54
8902,1.32,5.54
8903,1.31,5.54
8904,1.31,5.54
8905,1.31,5.54
8906,1.31,5.54
8907,1.31,5.53
8908,1.31,5.53
8909,1.31,5.54
8910,1.31,5.53
8911,1.31,5.53
8912,1.31,5.53
8913,1.31,5.53
8914,1.31,5.53
8915,1.31,5.53
8916,1.31,5.53
8917,1.31,5.53
8918,1.32,5.53
8919,1.32,5.53
8920,1.32,5.53
8921,1.31,5.54
8922,1.31,5.54
8923,1.31,5.54
8924,1.31,5.54
8925,1.31,5.54
8926,1.31,5.54
8927,1.31,5.54
8928,1.31,5.54
8929,1.31,5.54
8930,1.31,5.54
8931,1.31,5.54
8932,1.31,5.54
8933,1.31,5.54
8934,1.31,5.54
8935,1.31,5.54
8936,1.31,5.54
8937,1.31,5.54
8938,1.31,5.54
8939,1.31,5.54
8940,1.31,5.54
8941,1.31,5.54
8942,1.31,5.54
8943,1.31,5.54
8944,1.31,5.54
8945,1.32,5.54
8946,1.32,5.54
8947,1.31,5.54
8948,1.31,5.54
8949,1.31,5.54
8950,1.31,5.54
8951,1.31,5.54
8952,1.31,5.54
8953,1.31,5.54
8954,1.31,5.54
8955,1.31,5.54
8956,1.31,5.54
8957,1.31,5.54
8958,1.31,5.54
8959,1.31,5.54
8960,1.31,5.54
8961,1.31,5.54
8962,1.31,5.54
8963,1.31,5.54
8964,1.31,5.54
8965,1.31,5.54
8966,1.31,5.54
8967,1.31,5.54
8968,1.31,5.54
8969,1.31,5.54
8970,1.31,5.54
8971,1.31,5.54
8972,1.31,5.54
8973,1.31,5.54
8974,1.31,5.54
8975,1.31,5.54
8976,1.31,5.54
8977,1.31,5.54
8978,1.31,5.54
8979,1.31,5.53
8980,1.31,5.53
8981,1.31,5.53
8982,1.31,5.53
8983,1.31,5.53
8984,1.31,5.53
8985,1.31,5.53
8986,1.31,5.53
8987,1.31,5.53
8988,1.31,5.52
8989,1.31,5.52
8990,1.31,5.52
8991,1.31,5.52
8992,1.31,5.52
8993,1.31,5.52
8994,1.31,5.52
8995,1.31,5.52
8996,1.31,5.52
8997,1.31,5.52
8998,1.31,5.52
8999,1.31,5.52
9000,1.31,5.52
9001,1.31,5.52
9002,1.31,5.52
9003,1.31,5.52
9004,1.31,5.52
9005,1.31,5.52
9006,1.31,5.52
9007,1.31,5.52
9008,1.31,5.52
9009,1.31,5.52
9010,1.31,5.52
9011,1.31,5.53
9012,1.31,5.53
9013,1.31,5.53
9014,1.31,5.53
9015,1.31,5.53
9016,1.31,5.53
9017,1.31,5.53
9018,1.31,5.53
9019,1.31,5.53
9020,1.31,5.53
9021,1.31,5.53
9022,1.31,5.53
9023,1.31,5.53
9024,1.31,5.53
9025,1.31,5.53
9026,1.31,5.53
9027,1.31,5.53
9028,1.31,5.53
9029,1.31,5.53
9030,1.31,5.53
9031,1.31,5.53
9032,1.31,5.53
9033,1.31,5.53
9034,1.31,5.52
9035,1.31,5.53
9036,1.31,5.52
9037,1.31,5.52
9038,1.31,5.52
9039,1.31,5.52
9040,1.31,5.52
9041,1.31,5.52
9042,1.31,5.52
9043,1.31,5.52
9044,1.31,5.52
9045,1.31,5.52
9046,1.31,5.52
9047,1.31,5.52
9048,1.31,5.52
9049,1.31,5.52
9050,1.31,5.52
9051,1.31,5.52
9052,1.31,5.52
9053,1.31,5.52
9054,1.31,5.52
9055,1.31,5.52
9056,1.31,5.52
9057,1.31,5.52
9058,1.31,5.52
9059,1.31,5.52
9060,1.31,5.52
9061,1.31,5.52
9062,1.31,5.52
9063,1.31,5.52
9064,1.31,5.52
9065,1.31,5.52
9066,1.31,5.53
9067,1.31,5.53
9068,1.31,5.53
9069,1.31,5.53
9070,1.31,5.53
9071,1.31,5.53
9072,1.31,5.53
9073,1.31,5.53
9074,1.31,5.53
9075,1.31,5.53
9076,1.31,5.53
9077,1.31,5.53
9078,1.31,5.53
9079,1.31,5.53
9080,1.31,5.53
9081,1.31,5.53
9082,1.31,5.53
9083,1.31,5.53
9084,1.31,5.53
9085,1.31,5.53
9086,1.31,5.52
9087,1.31,5.53
9088,1.31,5.53
9089,1.31,5.52
9090,1.31,5.52
9091,1.31,5.53
9092,1.31,5.52
9093,1.31,5.52
9094,1.31,5.53
9095,1.31,5.52
9096,1.31,5.52
9097,1.31,5.52
9098,1.31,5.52
9099,1.31,5.52
9100,1.31,5.52
9101,1.31,5.52
9102,1.31,5.52
9103,1.31,5.52
9104,1.31,5.52
9105,1.31,5.52
9106,1.31,5.52
9107,1.31,5.52
9108,1.31,5.52
9109,1.31,5.52
9110,1.31,5.52
9111,1.31,5.52
9112,1.31,5.52
9113,1.31,5.52
9114,1.31,5.52
9115,1.31,5.52
9116,1.31,5.53
9117,1.31,5.53
9118,1.31,5.53
9119,1.31,5.53
9120,1.31,5.53
9121,1.31,5.53
9122,1.31,5.53
9123,1.31,5.53
9124,1.31,5.53
9125,1.31,5.53
9126,1.31,5.53
9127,1.31,5.53
9128,1.31,5.53
9129,1.31,5.53
9130,1.31,5.53
9131,1.31,5.53
9132,1.31,5.53
9133,1.31,5.53
9134,1.31,5.53
9135,1.31,5.53
9136,1.31,5.53
9137,1.31,5.53
9138,1.31,5.53
9139,1.31,5.53
9140,1.31,5.53
9141,1.31,5.53
9142,1.31,5.53
9143,1.31,5.52
9144,1.31,5.52
9145,1.31,5.52
9146,1.31,5.52
9147,1.31,5.52
9148,1.31,5.52
9149,1.31,5.52
9150,1.31,5.52
9151,1.31,5.52
9152,1.31,5.52
9153,1.31,5.52
9154,1.31,5.52
9155,1.31,5.52
9156,1.31,5.52
9157,1.31,5.52
9158,1.31,5.52
9159,1.31,5.52
9160,1.31,5.52
9161,1.31,5.52
9162,1.31,5.52
9163,1.31,5.53
9164,1.31,5.53
9165,1.31,5.53
9166,1.31,5.53
9167,1.31,5.53
9168,1.31,5.53
9169,1.31,5.53
9170,1.31,5.53
9171,1.31,5.52
9172,1.31,5.53
9173,1.31,5.53
9174,1.31,5.53
9175,1.31,5.53
9176,1.31,5.53
9177,1.31,5.53
9178,1.31,5.53
9179,1.31,5.53
9180,1.31,5.53
9181,1.31,5.53
9182,1.31,5.53
9183,1.31,5.53
9184,1.31,5.53
9185,1.31,5.53
9186,1.31,5.53
9187,1.31,5.53
9188,1.31,5.53
9189,1.31,5.53
9190,1.31,5.53
9191,1.31,5.53
9192,1.31,5.53
9193,1.31,5.53
9194,1.31,5.52
9195,1.31,5.53
9196,1.31,5.53
9197,1.31,5.53
9198,1.31,5.53
9199,1.31,5.52
9200,1.31,5.53
9201,1.31,5.52
9202,1.31,5.52
9203,1.31,5.52
9204,1.31,5.52
9205,1.31,5.52
9206,1.31,5.52
9207,1.31,5.52
9208,1.31,5.52
9209,1.31,5.52
9210,1.31,5.52
9211,1.31,5.52
9212,1.31,5.52
9213,1.31,5.52
9214,1.31,5.52
9215,1.31,5.52
9216,1.31,5.52
9217,1.31,5.52
9218,1.31,5.52
9219,1.31,5.52
9220,1.31,5.53
9221,1.31,5.53
9222,1.31,5.53
9223,1.31,5.53
9224,1.31,5.53
9225,1.31,5.53
9226,1.31,5.53
9227,1.31,5.53
9228,1.31,5.53
9229,1.31,5.53
9230,1.31,5.53
9231,1.31,5.53
9232,1.31,5.53
9233,1.31,5.53
9234,1.31,5.53
9235,1.31,5.53
9236,1.31,5.53
9237,1.31,5.53
9238,1.31,5.53
9239,1.31,5.53
9240,1.31,5.53
9241,1.31,5.53
9242,1.31,5.53
9243,1.31,5.53
9244,1.31,5.53
9245,1.31,5.53
9246,1.31,5.53
9247,1.31,5.53
9248,1.31,5.53
9249,1.31,5.53
9250,1.31,5.53
9251,1.31,5.53
9252,1.31,5.53
9253,1.31,5.53
9254,1.31,5.53
9255,1.31,5.53
9256,1.31,5.53
9257,1.31,5.52
9258,1.31,5.52
9259,1.31,5.52
9260,1.31,5.52
9261,1.31,5.52
9262,1.31,5.52
9263,1.31,5.52
9264,1.31,5.53
9265,1.31,5.53
9266,1.31,5.53
9267,1.31,5.53
9268,1.31,5.53
9269,1.31,5.53
9270,1.31,5.53
9271,1.31,5.53
9272,1.31,5.53
9273,1.31,5.53
9274,1.31,5.53
9275,1.31,5.53
9276,1.31,5.53
9277,1.31,5.53
9278,1.31,5.53
9279,1.31,5.53
9280,1.31,5.53
9281,1.31,5.53
9282,1.31,5.53
9283,1.31,5.53
9284,1.31,5.53
9285,1.31,5.53
9286,1.31,5.53
9287,1.31,5.53
9288,1.31,5.53
9289,1.31,5.53
9290,1.31,5.53
9291,1.31,5.53
9292,1.31,5.53
9293,1.31,5.53
9294,1.31,5.53
9295,1.31,5.53
9296,1.31,5.53
9297,1.31,5.53
9298,1.31,5.53
9299,1.31,5.53
9300,1.31,5.53
9301,1.31,5.53
9302,1.31,5.53
9303,1.31,5.53
9304,1.31,5.53
9305,1.31,5.53
9306,1.31,5.53
9307,1.31,5.53
9308,1.31,5.53
9309,1.31,5.52
9310,1.31,5.52
9311,1.31,5.52
9312,1.31,5.52
9313,1.31,5.52
9314,1.31,5.52
9315,1.31,5.53
9316,1.31,5.53
9317,1.31,5.53
9318,1.31,5.53
9319,1.31,5.53
9320,1.31,5.53
9321,1.31,5.53
9322,1.31,5.53
9323,1.31,5.53
9324,1.31,5.53
9325,1.31,5.53
9326,1.31,5.53
9327,1.31,5.53
9328,1.31,5.53
9329,1.31,5.53
9330,1.31,5.53
9331,1.31,5.53
9332,1.31,5.53
9333,1.31,5.53
9334,1.31,5.53
9335,1.31,5.53
9336,1.31,5.53
9337,1.31,5.53
9338,1.31,5.53
9339,1.31,5.53
9340,1.31,5.53
9341,1.31,5.53
9342,1.31,5.53
9343,1.31,5.53
9344,1.31,5.53
9345,1.31,5.53
9346,1.31,5.53
9347,1.31,5.53
9348,1.31,5.53
9349,1.31,5.53
9350,1.31,5.53
9351,1.31,5.53
9352,1.31,5.52
9353,1.31,5.52
9354,1.31,5.52
9355,1.31,5.52
9356,1.31,5.52
9357,1.31,5.52
9358,1.31,5.52
9359,1.31,5.52
9360,1.31,5.52
9361,1.31,5.52
9362,1.31,5.52
9363,1.31,5.52
9364,1.31,5.52
9365,1.31,5.52
9366,1.31,5.52
9367,1.31,5.52
9368,1.31,5.52
9369,1.31,5.52
9370,1.31,5.52
9371,1.31,5.52
9372,1.31,5.52
9373,1.31,5.53
9374,1.31,5.53
9375,1.31,5.53
9376,1.31,5.53
9377,1.31,5.53
9378,1.31,5.53
9379,1.31,5.53
9380,1.31,5.53
9381,1.31,5.53
9382,1.31,5.53
9383,1.31,5.53
9384,1.31,5.53
9385,1.31,5.53
9386,1.31,5.53
9387,1.31,5.53
9388,1.31,5.53
9389,1.31,5.53
9390,1.31,5.53
9391,1.31,5.53
9392,1.31,5.53
9393,1.31,5.53
9394,1.31,5.53
9395,1.31,5.53
9396,1.31,5.53
9397,1.31,5.53
9398,1.31,5.53
9399,1.31,5.53
9400,1.31,5.53
9401,1.31,5.53
9402,1.31,5.53
9403,1.31,5.53
9404,1.31,5.53
9405,1.31,5.53
9406,1.31,5.53
9407,1.31,5.53
9408,1.31,5.53
9409,1.31,5.53
9410,1.31,5.52
9411,1.31,5.53
9412,1.31,5.53
9413,1.31,5.53
9414,1.31,5.52
9415,1.31,5.53
9416,1.31,5.53
9417,1.31,5.53
9418,1.31,5.53
9419,1.31,5.53
9420,1.31,5.53
9421,1.31,5.53
9422,1.31,5.53
9423,1.31,5.52
9424,1.31,5.53
9425,1.31,5.53
9426,1.31,5.53
9427,1.31,5.53
9428,1.31,5.53
9429,1.31,5.53
9430,1.31,5.53
9431,1.31,5.53
9432,1.31,5.53
9433,1.31,5.53
9434,1.31,5.53
9435,1.31,5.53
9436,1.31,5.53
9437,1.31,5.53
9438,1.31,5.53
9439,1.31,5.53
9440,1.31,5.53
9441,1.31,5.53
9442,1.31,5.53
9443,1.31,5.53
9444,1.3,5.53
9445,1.31,5.53
9446,1.31,5.53
9447,1.31,5.53
9448,1.31,5.53
9449,1.31,5.53
9450,1.31,5.53
9451,1.31,5.53
9452,1.31,5.53
9453,1.31,5.53
9454,1.31,5.53
9455,1.31,5.53
9456,1.31,5.53
9457,1.31,5.52
9458,1.31,5.52
9459,1.31,5.52
9460,1.31,5.52
9461,1.31,5.52
9462,1.31,5.52
9463,1.31,5.52
9464,1.31,5.52
9465,1.3,5.52
9466,1.31,5.52
9467,1.31,5.52
9468,1.31,5.52
9469,1.31,5.52
9470,1.31,5.52
9471,1.31,5.52
9472,1.31,5.52
9473,1.31,5.52
9474,1.31,5.52
9475,1.31,5.52
9476,1.31,5.52
9477,1.31,5.52
9478,1.31,5.52
9479,1.31,5.52
9480,1.31,5.52
9481,1.31,5.52
9482,1.31,5.53
9483,1.31,5.53
9484,1.31,5.53
9485,1.31,5.53
9486,1.31,5.53
9487,1.31,5.53
9488,1.31,5.53
9489,1.31,5.53
9490,1.31,5.53
9491,1.31,5.53
9492,1.31,5.53
9493,1.31,5.53
9494,1.31,5.53
9495,1.31,5.53
9496,1.31,5.53
9497,1.31,5.53
9498,1.31,5.53
9499,1.31,5.53
9500,1.31,5.53
9501,1.31,5.53
9502,1.31,5.53
9503,1.31,5.53
9504,1.31,5.53
9505,1.31,5.53
9506,1.31,5.53
9507,1.31,5.53
9508,1.31,5.53
9509,1.31,5.53
9510,1.31,5.53
9511,1.31,5.53
9512,1.31,5.53
9513,1.31,5.53
9514,1.31,5.53
9515,1.31,5.53
9516,1.31,5.53
9517,1.31,5.53
9518,1.31,5.53
9519,1.31,5.53
9520,1.31,5.53
9521,1.31,5.53
9522,1.31,5.53
9523,1.32,5.53
9524,1.31,5.53
9525,1.31,5.53
9526,1.31,5.53
9527,1.31,5.53
9528,1.31,5.53
9529,1.31,5.53
9530,1.31,5.53
9531,1.31,5.54
9532,1.31,5.54
9533,1.31,5.54
9534,1.31,5.54
9535,1.31,5.54
9536,1.31,5.55
9537,1.31,5.55
9538,1.31,5.55
9539,1.31,5.55
9540,1.31,5.55
9541,1.31,5.55
9542,1.31,5.55
9543,1.31,5.55
9544,1.31,5.56
9545,1.31,5.56
9546,1.32,5.56
9547,1.32,5.56
9548,1.31,5.56
9549,1.31,5.56
9550,1.31,5.56
9551,1.31,5.56
9552,1.31,5.56
9553,1.31,5.56
9554,1.31,5.55
9555,1.31,5.56
9556,1.31,5.55
9557,1.31,5.55
9558,1.31,5.55
9559,1.31,5.55
9560,1.31,5.55
9561,1.31,5.54
9562,1.31,5.54
9563,1.32,5.54
9564,1.31,5.54
9565,1.32,5.54
9566,1.31,5.54
9567,1.31,5.53
9568,1.32,5.53
9569,1.31,5.53
9570,1.31,5.53
9571,1.31,5.53
9572,1.31,5.53
9573,1.31,5.53
9574,1.31,5.53
9575,1.31,5.53
9576,1.31,5.53
9577,1.31,5.53
9578,1.31,5.53
9579,1.31,5.53
9580,1.31,5.53
9581,1.31,5.53
9582,1.31,5.53
9583,1.32,5.53
9584,1.32,5.53
9585,1.31,5.53
9586,1.31,5.53
9587,1.31,5.54
9588,1.31,5.54
9589,1.31,5.54
9590,1.31,5.54
9591,1.31,5.54
9592,1.31,5.54
9593,1.31,5.55
9594,1.31,5.55
9595,1.31,5.55
9596,1.31,5.55
9597,1.32,5.55
9598,1.31,5.55
9599,1.31,5.55
9600,1.31,5.55
9601,1.31,5.55
9602,1.31,5.55
9603,1.31,5.55
9604,1.31,5.55
9605,1.31,5.55
9606,1.31,5.55
9607,1.32,5.55
9608,1.31,5.55
9609,1.31,5.55
9610,1.31,5.55
9611,1.31,5.54
9612,1.31,5.54
9613,1.31,5.54
9614,1.31,5.54
9615,1.31,5.54
9616,1.32,5.54
9617,1.31,5.54
9618,1.32,5.53
9619,1.32,5.53
9620,1.31,5.53
9621,1.31,5.53
9622,1.31,5.53
9623,1.31,5.53
9624,1.31,5.53
9625,1.31,5.53
9626,1.31,5.53
9627,1.31,5.53
9628,1.31,5.53
9629,1.31,5.53
9630,1.31,5.53
9631,1.31,5.53
9632,1.31,5.53
9633,1.31,5.53
9634,1.31,5.53
9635,1.31,5.53
9636,1.31,5.53
9637,1.31,5.53
9638,1.31,5.54
9639,1.31,5.54
9640,1.31,5.54
9641,1.32,5.54
9642,1.31,5.54
9643,1.31,5.54
9644,1.31,5.54
9645,1.31,5.55
9646,1.31,5.55
9647,1.31,5.55
9648,1.31,5.55
9649,1.31,5.55
9650,1.31,5.55
9651,1.31,5.55
9652,1.32,5.55
9653,1.31,5.55
9654,1.32,5.55
9655,1.31,5.55
9656,1.31,5.55
9657,1.31,5.55
9658,1.31,5.55
9659,1.31,5.55
9660,1.31,5.55
9661,1.31,5.55
9662,1.31,5.55
9663,1.31,5.55
9664,1.31,5.55
9665,1.31,5.54
9666,1.31,5.54
9667,1.31,5.54
9668,1.31,5.54
9669,1.31,5.54
9670,1.31,5.54
9671,1.31,5.54
9672,1.31,5.54
9673,1.31,5.53
9674,1.31,5.53
9675,1.31,5.53
9676,1.31,5.53
9677,1.31,5.53
9678,1.31,5.53
9679,1.31,5.53
9680,1.31,5.53
9681,1.31,5.53
9682,1.31,5.53
9683,1.31,5.53
9684,1.31,5.53
9685,1.31,5.53
9686,1.31,5.53
9687,1.31,5.53
9688,1.31,5.53
9689,1.31,5.53
9690,1.32,5.53
9691,1.31,5.53
9692,1.31,5.54
9693,1.31,5.54
9694,1.31,5.54
9695,1.32,5.54
9696,1.31,5.54
9697,1.31,5.54
9698,1.31,5.55
9699,1.31,5.55
9700,1.31,5.55
9701,1.31,5.55
9702,1.31,5.55
9703,1.31,5.55
9704,1.31,5.55
9705,1.31,5.55
9706,1.31,5.55
9707,1.31,5.55
9708,1.32,5.55
9709,1.31,5.55
9710,1.31,5.55
9711,1.31,5.55
9712,1.31,5.55
9713,1.31,5.55
9714,1.31,5.55
9715,1.31,5.55
9716,1.31,5.54
9717,1.31,5.54
9718,1.31,5.54
9719,1.31,5.54
9720,1.31,5.54
9721,1.31,5.54
9722,1.31,5.53
9723,1.31,5.53
9724,1.31,5.53
9725,1.31,5.53
9726,1.31,5.53
9727,1.31,5.53
9728,1.31,5.53
9729,1.31,5.53
9730,1.32,5.53
9731,1.31,5.53
9732,1.31,5.53
9733,1.31,5.53
9734,1.31,5.53
9735,1.31,5.53
9736,1.31,5.53
9737,1.31,5.53
9738,1.31,5.53
9739,1.31,5.53
9740,1.31,5.53
9741,1.31,5.53
9742,1.31,5.53
9743,1.31,5.53
9744,1.31,5.53
9745,1.31,5.54
9746,1.31,5.54
9747,1.31,5.54
9748,1.31,5.54
9749,1.31,5.54
9750,1.31,5.54
9751,1.31,5.55
9752,1.31,5.55
9753,1.31,5.55
9754,1.31,5.55
9755,1.31,5.55
9756,1.31,5.55
9757,1.31,5.55
9758,1.31,5.55
9759,1.31,5.55
9760,1.31,5.55
9761,1.31,5.55
9762,1.31,5.55
9763,1.31,5.55
9764,1.31,5.55
9765,1.31,5.55
9766,1.31,5.55
9767,1.31,5.55
9768,1.31,5.55
9769,1.31,5.55
9770,1.31,5.54
9771,1.31,5.54
9772,1.31,5.54
9773,1.32,5.54
9774,1.31,5.54
9775,1.31,5.54
9776,1.31,5.54
9777,1.31,5.53
9778,1.31,5.53
9779,1.31,5.53
9780,1.31,5.53
9781,1.31,5.53
9782,1.32,5.53
9783,1.31,5.53
9784,1.31,5.53
9785,1.31,5.53
9786,1.32,5.53
9787,1.31,5.53
9788,1.32,5.53
9789,1.31,5.53
9790,1.31,5.53
9791,1.31,5.53
9792,1.31,5.53
9793,1.31,5.53
9794,1.32,5.53
9795,1.31,5.53
9796,1.31,5.54
9797,1.31,5.54
9798,1.31,5.54
9799,1.31,5.54
9800,1.31,5.54
9801,1.31,5.54
9802,1.31,5.55
9803,1.31,5.55
9804,1.31,5.55
9805,1.31,5.55
9806,1.32,5.55
9807,1.31,5.55
9808,1.31,5.55
9809,1.31,5.55
9810,1.31,5.55
9811,1.31,5.55
9812,1.31,5.55
9813,1.31,5.55
9814,1.31,5.55
9815,1.31,5.55
9816,1.31,5.55
9817,1.31,5.55
9818,1.31,5.55
9819,1.31,5.55
9820,1.31,5.55
9821,1.32,5.55
9822,1.31,5.55
9823,1.32,5.54
9824,1.31,5.54
9825,1.32,5.54
9826,1.31,5.54
9827,1.31,5.54
9828,1.31,5.54
9829,1.32,5.54
9830,1.32,5.54
9831,1.31,5.54
9832,1.31,5.53
9833,1.31,5.53
9834,1.31,5.53
9835,1.31,5.53
9836,1.31,5.53
9837,1.31,5.53
9838,1.31,5.53
9839,1.31,5.53
9840,1.31,5.53
9841,1.32,5.53
9842,1.31,5.53
9843,1.32,5.53
9844,1.31,5.53
9845,1.32,5.54
9846,1.32,5.54
9847,1.32,5.54
9848,1.32,5.54
9849,1.32,5.54
9850,1.32,5.54
9851,1.32,5.54
9852,1.32,5.55
9853,1.32,5.55
9854,1.32,5.55
9855,1.32,5.55
9856,1.31,5.56
9857,1.32,5.56
9858,1.32,5.56
9859,1.32,5.56
9860,1.32,5.57
9861,1.32,5.57
9862,1.32,5.57
9863,1.32,5.57
9864,1.32,5.57
9865,1.32,5.57
9866,1.32,5.57
9867,1.32,5.57
9868,1.32,5.57
9869,1.32,5.57
9870,1.32,5.57
9871,1.32,5.57
9872,1.32,5.57
9873,1.32,5.57
9874,1.32,5.57
9875,1.32,5.57
9876,1.32,5.57
9877,1.32,5.56
9878,1.32,5.56
9879,1.32,5.56
9880,1.32,5.56
9881,1.32,5.56
9882,1.32,5.56
9883,1.32,5.56
9884,1.32,5.56
9885,1.32,5.55
9886,1.32,5.55
9887,1.32,5.55
9888,1.32,5.55
9889,1.32,5.55
9890,1.32,5.54
9891,1.32,5.54
9892,1.32,5.54
9893,1.32,5.54
9894,1.32,5.54
9895,1.32,5.54
9896,1.32,5.54
9897,1.32,5.54
9898,1.32,5.54
9899,1.32,5.55
9900,1.31,5.55
9901,1.32,5.55
9902,1.32,5.55
9903,1.32,5.55
9904,1.32,5.55
9905,1.32,5.56
9906,1.32,5.56
9907,1.32,5.56
9908,1.32,5.56
9909,1.32,5.56
9910,1.32,5.56
9911,1.32,5.57
9912,1.32,5.57
9913,1.32,5.57
9914,1.32,5.57
9915,1.32,5.57
9916,1.32,5.57
9917,1.32,5.57
9918,1.32,5.57
9919,1.32,5.57
9920,1.32,5.57
9921,1.32,5.57
9922,1.32,5.57
9923,1.32,5.57
9924,1.32,5.57
9925,1.32,5.57
9926,1.32,5.57
9927,1.32,5.57
9928,1.32,5.57
9929,1.32,5.57
9930,1.32,5.56
9931,1.33,5.56
9932,1.33,5.56
9933,1.32,5.56
9934,1.32,5.56
9935,1.32,5.56
9936,1.32,5.56
9937,1.32,5.56
9938,1.32,5.56
9939,1.32,5.55
9940,1.32,5.55
9941,1.32,5.55
9942,1.32,5.55
9943,1.32,5.55
9944,1.32,5.55
9945,1.32,5.55
9946,1.32,5.55
9947,1.32,5.55
9948,1.32,5.55
9949,1.32,5.55
9950,1.32,5.55
9951,1.32,5.55
9952,1.32,5.55
9953,1.32,5.55
9954,1.32,5.55
9955,1.31,5.55
9956,1.31,5.55
9957,1.32,5.55
9958,1.32,5.56
9959,1.32,5.56
9960,1.32,5.56
9961,1.32,5.56
9962,1.32,5.56
9963,1.33,5.56
9964,1.33,5.56
9965,1.32,5.56
9966,1.32,5.56
9967,1.32,5.56
9968,1.32,5.57
9969,1.32,5.57
9970,1.32,5.57
9971,1.32,5.57
9972,1.32,5.57
9973,1.32,5.57
9974,1.32,5.57
9975,1.32,5.57
9976,1.32,5.57
9977,1.32,5.57
9978,1.31,5.57
9979,1.32,5.57
9980,1.32,5.57
9981,1.31,5.57
9982,1.32,5.57
9983,1.32,5.57
9984,1.32,5.56
9985,1.32,5.56
9986,1.32,5.56
9987,1.32,5.56
9988,1.32,5.56
9989,1.32,5.56
9990,1.32,5.56
9991,1.32,5.55
9992,1.32,5.55
9993,1.32,5.55
9994,1.32,5.55
9995,1.32,5.55
9996,1.32,5.55
9997,1.32,5.55
9998,1.32,5.55
9999,1.32,5.55
