Sample,Courant,Pose
0,-0.03,5.35
1,-0.03,5.36
2,-0.03,5.36
3,-0.03,5.36
4,-0.03,5.36
5,-0.03,5.36
6,-0.03,5.36
7,-0.03,5.36
8,-0.03,5.36
9,-0.03,5.36
10,-0.03,5.36
11,-0.03,5.36
12,-0.03,5.36
13,-0.03,5.36
14,-0.03,5.36
15,-0.03,5.36
16,-0.03,5.36
17,-0.04,5.36
18,-0.03,5.36
19,-0.03,5.36
20,-0.03,5.36
21,-0.03,5.36
22,-0.03,5.36
23,-0.03,5.36
24,-0.03,5.36
25,-0.03,5.36
26,-0.03,5.36
27,-0.03,5.36
28,-0.03,5.36
29,-0.03,5.36
30,-0.03,5.36
31,-0.03,5.36
32,-0.03,5.36
33,-0.03,5.36
34,-0.03,5.36
35,-0.03,5.36
36,-0.03,5.36
37,-0.03,5.36
38,-0.03,5.36
39,-0.04,5.35
40,-0.03,5.35
41,-0.03,5.35
42,-0.03,5.35
43,-0.03,5.35
44,-0.03,5.35
45,-0.03,5.35
46,-0.03,5.36
47,-0.03,5.36
48,-0.03,5.36
49,-0.03,5.36
50,-0.02,5.36
51,-0.03,5.36
52,-0.03,5.36
53,-0.03,5.36
54,-0.03,5.36
55,-0.03,5.36
56,-0.03,5.36
57,-0.03,5.36
58,-0.03,5.36
59,-0.03,5.36
60,-0.03,5.36
61,-0.03,5.36
62,-0.03,5.36
63,-0.03,5.36
64,-0.04,5.36
65,-0.03,5.36
66,-0.03,5.36
67,-0.03,5.36
68,-0.03,5.36
69,-0.03,5.36
70,-0.03,5.36
71,-0.03,5.36
72,-0.03,5.36
73,-0.03,5.36
74,-0.03,5.36
75,-0.04,5.36
76,-0.03,5.36
77,-0.03,5.36
78,-0.03,5.36
79,-0.04,5.36
80,-0.04,5.35
81,-0.04,5.35
82,-0.04,5.35
83,-0.04,5.35
84,-0.04,5.35
85,-0.04,5.35
86,-0.04,5.35
87,-0.04,5.35
88,-0.04,5.35
89,-0.04,5.35
90,-0.04,5.35
91,-0.04,5.35
92,-0.04,5.35
93,-0.04,5.35
94,-0.04,5.35
95,-0.03,5.35
96,-0.04,5.35
97,-0.04,5.35
98,-0.04,5.35
99,-0.04,5.35
100,-0.04,5.35
101,-0.04,5.35
102,-0.04,5.35
103,-0.04,5.35
104,-0.04,5.35
105,-0.04,5.35
106,-0.04,5.35
107,-0.04,5.35
108,-0.04,5.35
109,-0.04,5.35
110,-0.04,5.35
111,-0.04,5.35
112,-0.04,5.35
113,-0.04,5.35
114,-0.04,5.35
115,-0.04,5.35
116,-0.04,5.35
117,-0.04,5.35
118,-0.04,5.35
119,-0.04,5.35
120,-0.04,5.35
121,-0.04,5.35
122,-0.04,5.35
123,-0.04,5.35
124,-0.04,5.35
125,-0.04,5.35
126,-0.04,5.35
127,-0.04,5.35
128,-0.04,5.35
129,-0.04,5.35
130,-0.04,5.35
131,-0.04,5.35
132,-0.04,5.35
133,-0.04,5.35
134,-0.04,5.35
135,-0.04,5.35
136,-0.04,5.35
137,-0.04,5.35
138,-0.04,5.35
139,-0.04,5.35
140,-0.04,5.35
141,-0.04,5.35
142,-0.04,5.35
143,-0.04,5.35
144,-0.04,5.35
145,-0.04,5.35
146,-0.04,5.35
147,-0.04,5.35
148,-0.04,5.36
149,-0.04,5.35
150,-0.04,5.35
151,-0.04,5.35
152,-0.04,5.35
153,-0.04,5.35
154,-0.04,5.35
155,-0.04,5.35
156,-0.04,5.35
157,-0.04,5.35
158,-0.04,5.35
159,-0.04,5.35
160,-0.04,5.35
161,-0.04,5.35
162,-0.04,5.35
163,-0.04,5.35
164,-0.04,5.35
165,-0.04,5.35
166,-0.04,5.35
167,-0.04,5.35
168,-0.04,5.35
169,-0.04,5.35
170,-0.04,5.35
171,-0.04,5.35
172,-0.04,5.35
173,-0.04,5.35
174,-0.04,5.35
175,-0.04,5.35
176,-0.04,5.35
177,-0.04,5.35
178,-0.04,5.35
179,-0.04,5.35
180,-0.04,5.35
181,-0.04,5.35
182,-0.04,5.35
183,-0.04,5.35
184,-0.04,5.35
185,-0.04,5.35
186,-0.04,5.35
187,-0.04,5.35
188,-0.04,5.35
189,-0.04,5.35
190,-0.04,5.35
191,-0.04,5.35
192,-0.04,5.35
193,-0.04,5.35
194,-0.04,5.35
195,-0.04,5.35
196,-0.04,5.35
197,-0.04,5.35
198,-0.04,5.35
199,-0.04,5.35
200,-0.04,5.35
201,-0.04,5.35
202,-0.04,5.35
203,-0.04,5.35
204,-0.04,5.35
205,-0.04,5.35
206,-0.04,5.35
207,-0.04,5.35
208,-0.04,5.35
209,-0.04,5.35
210,-0.04,5.35
211,-0.04,5.35
212,-0.04,5.35
213,-0.04,5.35
214,-0.04,5.35
215,-0.04,5.35
216,-0.04,5.35
217,-0.04,5.35
218,-0.04,5.35
219,-0.04,5.35
220,-0.04,5.35
221,-0.04,5.35
222,-0.04,5.35
223,-0.04,5.35
224,-0.04,5.35
225,-0.04,5.35
226,-0.04,5.35
227,-0.04,5.35
228,-0.04,5.35
229,-0.04,5.35
230,-0.04,5.35
231,-0.04,5.35
232,-0.04,5.35
233,-0.04,5.35
234,-0.04,5.35
235,-0.04,5.35
236,-0.04,5.35
237,-0.04,5.35
238,-0.04,5.35
239,-0.04,5.35
240,-0.04,5.35
241,-0.04,5.35
242,-0.04,5.35
243,-0.04,5.35
244,-0.04,5.35
245,-0.04,5.35
246,-0.04,5.35
247,-0.04,5.37
248,-0.04,5.36
249,-0.04,5.36
250,-0.04,5.36
251,-0.04,5.36
252,-0.04,5.36
253,-0.04,5.36
254,-0.04,5.36
255,-0.04,5.36
256,-0.04,5.36
257,-0.04,5.35
258,-0.04,5.35
259,-0.04,5.35
260,-0.04,5.35
261,-0.04,5.35
262,-0.04,5.35
263,-0.04,5.35
264,-0.04,5.35
265,-0.04,5.35
266,-0.04,5.35
267,-0.03,5.35
268,-0.04,5.35
269,-0.03,5.36
270,-0.04,5.36
271,-0.04,5.36
272,-0.04,5.36
273,-0.03,5.36
274,-0.03,5.36
275,-0.03,5.36
276,-0.03,5.36
277,-0.04,5.36
278,-0.03,5.37
279,-0.04,5.37
280,-0.04,5.37
281,-0.04,5.37
282,-0.04,5.37
283,-0.04,5.37
284,-0.04,5.37
285,-0.04,5.37
286,-0.04,5.37
287,-0.04,5.37
288,-0.04,5.37
289,-0.04,5.37
290,-0.04,5.37
291,-0.04,5.37
292,-0.04,5.37
293,-0.04,5.36
294,-0.04,5.36
295,-0.04,5.36
296,-0.04,5.36
297,-0.04,5.36
298,-0.04,5.36
299,-0.04,5.36
300,-0.04,5.36
301,-0.04,5.36
302,-0.04,5.35
303,-0.04,5.35
304,-0.04,5.35
305,-0.04,5.35
306,-0.04,5.35
307,-0.04,5.35
308,-0.04,5.35
309,-0.04,5.35
310,-0.04,5.35
311,-0.04,5.35
312,-0.04,5.35
313,-0.04,5.36
314,-0.04,5.36
315,-0.04,5.36
316,-0.04,5.36
317,-0.03,5.36
318,-0.03,5.36
319,-0.04,5.36
320,-0.04,5.36
321,-0.03,5.36
322,-0.03,5.36
323,-0.04,5.37
324,-0.03,5.37
325,-0.04,5.37
326,-0.04,5.37
327,-0.04,5.37
328,-0.04,5.37
329,-0.04,5.37
330,-0.04,5.37
331,-0.04,5.37
332,-0.04,5.37
333,-0.04,5.37
334,-0.04,5.37
335,-0.04,5.37
336,-0.04,5.37
337,-0.04,5.36
338,-0.04,5.36
339,-0.04,5.36
340,-0.04,5.36
341,-0.04,5.36
342,-0.04,5.36
343,-0.04,5.36
344,-0.04,5.36
345,-0.04,5.36
346,-0.04,5.35
347,-0.04,5.35
348,-0.04,5.35
349,-0.04,5.35
350,-0.04,5.35
351,-0.04,5.35
352,-0.04,5.35
353,-0.04,5.35
354,-0.04,5.35
355,-0.04,5.35
356,-0.04,5.35
357,-0.03,5.35
358,-0.03,5.35
359,-0.03,5.36
360,-0.03,5.36
361,-0.04,5.36
362,-0.04,5.36
363,-0.03,5.36
364,-0.04,5.36
365,-0.03,5.36
366,-0.03,5.36
367,-0.04,5.36
368,-0.03,5.36
369,-0.03,5.37
370,-0.04,5.37
371,-0.03,5.37
372,-0.04,5.37
373,-0.04,5.37
374,-0.04,5.37
375,-0.04,5.37
376,-0.04,5.37
377,-0.03,5.37
378,-0.04,5.37
379,-0.04,5.37
380,-0.04,5.36
381,-0.04,5.36
382,-0.04,5.36
383,-0.04,5.36
384,-0.04,5.36
385,-0.04,5.36
386,-0.04,5.36
387,-0.04,5.36
388,-0.04,5.36
389,-0.04,5.36
390,-0.04,5.35
391,-0.04,5.35
392,-0.04,5.35
393,-0.04,5.35
394,-0.04,5.35
395,-0.04,5.35
396,-0.04,5.35
397,-0.04,5.35
398,-0.04,5.35
399,-0.04,5.35
400,-0.04,5.35
401,-0.03,5.35
402,-0.04,5.35
403,-0.04,5.35
404,-0.04,5.35
405,-0.04,5.36
406,-0.04,5.36
407,-0.03,5.36
408,-0.03,5.36
409,-0.03,5.36
410,-0.03,5.36
411,-0.04,5.36
412,-0.03,5.36
413,-0.04,5.36
414,-0.03,5.37
415,-0.04,5.37
416,-0.04,5.37
417,-0.04,5.37
418,-0.04,5.37
419,-0.04,5.37
420,-0.04,5.37
421,-0.04,5.37
422,-0.04,5.37
423,-0.04,5.37
424,-0.04,5.37
425,-0.04,5.36
426,-0.04,5.36
427,-0.04,5.36
428,-0.04,5.36
429,-0.04,5.36
430,-0.04,5.36
431,-0.04,5.36
432,-0.04,5.36
433,-0.04,5.36
434,-0.04,5.35
435,-0.04,5.35
436,-0.04,5.35
437,-0.04,5.35
438,-0.03,5.35
439,-0.03,5.35
440,-0.04,5.35
441,-0.04,5.35
442,-0.04,5.35
443,-0.04,5.35
444,-0.03,5.35
445,-0.04,5.35
446,-0.04,5.35
447,-0.04,5.35
448,-0.04,5.35
449,-0.04,5.35
450,-0.04,5.36
451,-0.03,5.36
452,-0.04,5.36
453,-0.03,5.36
454,-0.04,5.36
455,-0.04,5.36
456,-0.03,5.36
457,-0.03,5.36
458,-0.03,5.36
459,-0.03,5.37
460,-0.03,5.37
461,-0.04,5.37
462,-0.04,5.37
463,-0.03,5.37
464,-0.04,5.37
465,-0.04,5.37
466,-0.04,5.37
467,-0.04,5.37
468,-0.04,5.37
469,-0.04,5.37
470,-0.04,5.37
471,-0.04,5.36
472,-0.04,5.36
473,-0.04,5.36
474,-0.04,5.36
475,-0.04,5.36
476,-0.04,5.36
477,-0.04,5.36
478,-0.04,5.36
479,-0.04,5.35
480,-0.04,5.35
481,-0.04,5.35
482,-0.04,5.35
483,-0.03,5.35
484,-0.04,5.35
485,-0.04,5.35
486,-0.04,5.35
487,-0.04,5.35
488,-0.03,5.35
489,-0.04,5.35
490,-0.04,5.35
491,-0.03,5.35
492,-0.04,5.35
493,-0.03,5.35
494,-0.03,5.35
495,-0.03,5.36
496,-0.03,5.36
497,-0.04,5.36
498,-0.03,5.36
499,-0.03,5.36
500,-0.03,5.36
501,-0.03,5.36
502,-0.03,5.36
503,-0.04,5.36
504,-0.03,5.37
505,-0.03,5.37
506,-0.03,5.37
507,-0.03,5.37
508,-0.04,5.37
509,-0.03,5.37
510,-0.04,5.37
511,-0.04,5.37
512,-0.04,5.37
513,-0.03,5.37
514,-0.04,5.36
515,-0.04,5.36
516,-0.04,5.36
517,-0.04,5.35
518,-0.03,5.35
519,-0.04,5.35
520,-0.03,5.34
521,-0.03,5.33
522,-0.03,5.33
523,-0.03,5.32
524,-0.04,5.31
525,-0.03,5.3
526,-0.03,5.29
527,-0.03,5.28
528,-0.03,5.27
529,-0.03,5.26
530,-0.03,5.25
531,-0.03,5.24
532,-0.03,5.23
533,-0.03,5.22
534,-0.03,5.21
535,-0.04,5.19
536,-0.03,5.18
537,-0.03,5.17
538,-0.03,5.16
539,-0.03,5.15
540,-0.03,5.14
541,-0.03,5.13
542,-0.03,5.12
543,-0.02,5.11
544,-0.02,5.1
545,-0.02,5.09
546,-0.02,5.08
547,-0.03,5.07
548,-0.02,5.06
549,-0.02,5.05
550,-0.02,5.04
551,-0.02,5.03
552,-0.02,5.02
553,-0.02,5.02
554,-0.02,5.01
555,-0.02,5.0
556,-0.02,4.99
557,-0.02,4.98
558,-0.02,4.98
559,-0.02,4.97
560,-0.01,4.96
561,-0.02,4.95
562,-0.01,4.95
563,-0.01,4.94
564,-0.01,4.93
565,-0.01,4.92
566,-0.01,4.92
567,-0.01,4.91
568,-0.01,4.9
569,-0.01,4.89
570,-0.0,4.89
571,-0.0,4.88
572,-0.01,4.87
573,-0.01,4.87
574,-0.0,4.86
575,-0.0,4.86
576,-0.0,4.85
577,-0.0,4.85
578,-0.0,4.84
579,0.0,4.84
580,-0.0,4.83
581,0.0,4.83
582,-0.0,4.83
583,-0.0,4.82
584,-0.0,4.82
585,-0.0,4.82
586,0.0,4.82
587,0.0,4.82
588,0.0,4.82
589,0.0,4.82
590,0.01,4.82
591,0.01,4.82
592,0.01,4.81
593,0.01,4.81
594,0.01,4.81
595,0.02,4.8
596,0.01,4.8
597,0.02,4.79
598,0.02,4.78
599,0.02,4.77
600,0.02,4.76
601,0.02,4.74
602,0.02,4.73
603,0.02,4.71
604,0.02,4.69
605,0.02,4.67
606,0.02,4.64
607,0.02,4.62
608,0.02,4.59
609,0.02,4.57
610,0.02,4.54
611,0.03,4.51
612,0.02,4.48
613,0.02,4.45
614,0.02,4.43
615,0.02,4.4
616,0.02,4.37
617,0.02,4.34
618,0.03,4.32
619,0.03,4.29
620,0.03,4.27
621,0.03,4.25
622,0.03,4.23
623,0.03,4.21
624,0.03,4.2
625,0.04,4.18
626,0.04,4.17
627,0.04,4.17
628,0.04,4.16
629,0.04,4.16
630,0.04,4.15
631,0.04,4.15
632,0.05,4.16
633,0.05,4.16
634,0.05,4.17
635,0.05,4.17
636,0.06,4.18
637,0.06,4.19
638,0.06,4.2
639,0.06,4.21
640,0.06,4.22
641,0.06,4.23
642,0.06,4.24
643,0.07,4.25
644,0.07,4.26
645,0.07,4.27
646,0.07,4.28
647,0.07,4.29
648,0.07,4.29
649,0.07,4.3
650,0.07,4.3
651,0.07,4.3
652,0.07,4.3
653,0.07,4.3
654,0.07,4.3
655,0.07,4.29
656,0.07,4.28
657,0.07,4.28
658,0.07,4.26
659,0.07,4.25
660,0.07,4.24
661,0.07,4.22
662,0.07,4.21
663,0.07,4.19
664,0.07,4.17
665,0.07,4.16
666,0.07,4.14
667,0.07,4.12
668,0.07,4.1
669,0.07,4.09
670,0.07,4.07
671,0.07,4.05
672,0.07,4.04
673,0.07,4.02
674,0.07,4.01
675,0.07,4.0
676,0.07,3.99
677,0.08,3.98
678,0.08,3.98
679,0.08,3.97
680,0.09,3.97
681,0.08,3.97
682,0.08,3.97
683,0.09,3.98
684,0.09,3.98
685,0.09,3.99
686,0.09,4.0
687,0.09,4.01
688,0.09,4.02
689,0.09,4.03
690,0.09,4.04
691,0.09,4.06
692,0.1,4.07
693,0.1,4.08
694,0.1,4.1
695,0.1,4.11
696,0.11,4.13
697,0.11,4.14
698,0.11,4.15
699,0.11,4.16
700,0.11,4.17
701,0.11,4.18
702,0.11,4.19
703,0.11,4.2
704,0.11,4.2
705,0.11,4.21
706,0.11,4.21
707,0.11,4.21
708,0.11,4.21
709,0.11,4.2
710,0.11,4.2
711,0.11,4.19
712,0.11,4.18
713,0.11,4.17
714,0.11,4.16
715,0.11,4.15
716,0.11,4.14
717,0.11,4.13
718,0.11,4.11
719,0.11,4.1
720,0.11,4.09
721,0.11,4.07
722,0.11,4.06
723,0.11,4.04
724,0.11,4.03
725,0.11,4.02
726,0.11,4.01
727,0.11,4.0
728,0.11,3.99
729,0.11,3.99
730,0.11,3.98
731,0.12,3.98
732,0.11,3.98
733,0.11,3.98
734,0.12,3.98
735,0.12,3.98
736,0.12,3.99
737,0.13,4.0
738,0.13,4.0
739,0.13,4.01
740,0.13,4.02
741,0.13,4.03
742,0.13,4.05
743,0.13,4.06
744,0.13,4.07
745,0.13,4.09
746,0.13,4.1
747,0.13,4.12
748,0.14,4.13
749,0.14,4.15
750,0.14,4.16
751,0.15,4.17
752,0.15,4.18
753,0.15,4.19
754,0.14,4.2
755,0.15,4.21
756,0.15,4.22
757,0.15,4.23
758,0.15,4.23
759,0.15,4.23
760,0.15,4.23
761,0.15,4.23
762,0.15,4.23
763,0.15,4.23
764,0.15,4.22
765,0.15,4.22
766,0.15,4.21
767,0.15,4.2
768,0.15,4.19
769,0.15,4.18
770,0.15,4.17
771,0.15,4.16
772,0.15,4.15
773,0.14,4.13
774,0.15,4.12
775,0.15,4.11
776,0.15,4.1
777,0.15,4.09
778,0.15,4.08
779,0.15,4.07
780,0.15,4.06
781,0.15,4.06
782,0.15,4.05
783,0.15,4.05
784,0.15,4.05
785,0.15,4.05
786,0.15,4.05
787,0.16,4.05
788,0.15,4.05
789,0.15,4.06
790,0.15,4.07
791,0.16,4.07
792,0.16,4.08
793,0.16,4.09
794,0.16,4.1
795,0.16,4.12
796,0.16,4.13
797,0.17,4.14
798,0.17,4.16
799,0.17,4.17
800,0.17,4.18
801,0.17,4.2
802,0.17,4.21
803,0.17,4.22
804,0.17,4.23
805,0.17,4.25
806,0.17,4.26
807,0.17,4.26
808,0.17,4.27
809,0.18,4.28
810,0.18,4.29
811,0.18,4.29
812,0.18,4.29
813,0.18,4.29
814,0.18,4.29
815,0.18,4.29
816,0.17,4.29
817,0.17,4.29
818,0.18,4.28
819,0.18,4.28
820,0.18,4.27
821,0.18,4.26
822,0.18,4.25
823,0.18,4.24
824,0.17,4.23
825,0.17,4.22
826,0.18,4.21
827,0.17,4.2
828,0.17,4.19
829,0.17,4.18
830,0.18,4.17
831,0.18,4.16
832,0.17,4.16
833,0.18,4.15
834,0.18,4.14
835,0.18,4.14
836,0.19,4.14
837,0.19,4.13
838,0.19,4.13
839,0.19,4.13
840,0.19,4.14
841,0.19,4.14
842,0.19,4.14
843,0.19,4.15
844,0.19,4.16
845,0.19,4.17
846,0.19,4.18
847,0.19,4.19
848,0.19,4.2
849,0.19,4.21
850,0.19,4.22
851,0.19,4.23
852,0.2,4.25
853,0.2,4.26
854,0.2,4.27
855,0.2,4.28
856,0.2,4.3
857,0.2,4.31
858,0.21,4.32
859,0.21,4.33
860,0.2,4.34
861,0.21,4.34
862,0.21,4.35
863,0.21,4.36
864,0.21,4.36
865,0.21,4.36
866,0.21,4.36
867,0.21,4.36
868,0.21,4.36
869,0.21,4.36
870,0.21,4.36
871,0.21,4.35
872,0.21,4.35
873,0.21,4.34
874,0.21,4.33
875,0.21,4.33
876,0.21,4.32
877,0.21,4.31
878,0.21,4.3
879,0.21,4.29
880,0.21,4.28
881,0.21,4.27
882,0.21,4.26
883,0.21,4.26
884,0.21,4.25
885,0.21,4.24
886,0.21,4.24
887,0.21,4.23
888,0.21,4.23
889,0.22,4.22
890,0.22,4.22
891,0.22,4.22
892,0.22,4.22
893,0.22,4.23
894,0.22,4.23
895,0.22,4.23
896,0.22,4.24
897,0.22,4.25
898,0.22,4.26
899,0.22,4.26
900,0.22,4.27
901,0.22,4.28
902,0.23,4.29
903,0.22,4.31
904,0.23,4.32
905,0.23,4.33
906,0.23,4.34
907,0.23,4.35
908,0.24,4.37
909,0.24,4.38
910,0.24,4.39
911,0.24,4.4
912,0.24,4.41
913,0.24,4.41
914,0.24,4.42
915,0.24,4.43
916,0.24,4.43
917,0.24,4.44
918,0.24,4.44
919,0.24,4.44
920,0.24,4.44
921,0.24,4.44
922,0.24,4.44
923,0.24,4.44
924,0.24,4.44
925,0.24,4.43
926,0.24,4.43
927,0.24,4.42
928,0.24,4.41
929,0.24,4.4
930,0.24,4.4
931,0.24,4.39
932,0.24,4.38
933,0.24,4.37
934,0.24,4.36
935,0.24,4.36
936,0.24,4.35
937,0.24,4.34
938,0.24,4.34
939,0.24,4.33
940,0.24,4.33
941,0.24,4.32
942,0.25,4.32
943,0.24,4.32
944,0.25,4.32
945,0.25,4.32
946,0.25,4.32
947,0.25,4.32
948,0.25,4.33
949,0.25,4.33
950,0.25,4.34
951,0.25,4.35
952,0.26,4.35
953,0.26,4.36
954,0.26,4.37
955,0.26,4.38
956,0.26,4.39
957,0.26,4.4
958,0.26,4.41
959,0.27,4.42
960,0.27,4.44
961,0.27,4.45
962,0.27,4.46
963,0.27,4.47
964,0.27,4.48
965,0.27,4.48
966,0.27,4.49
967,0.27,4.5
968,0.27,4.5
969,0.27,4.51
970,0.28,4.51
971,0.28,4.52
972,0.28,4.52
973,0.27,4.52
974,0.27,4.52
975,0.28,4.52
976,0.27,4.51
977,0.28,4.51
978,0.27,4.51
979,0.28,4.5
980,0.28,4.5
981,0.28,4.49
982,0.28,4.48
983,0.28,4.48
984,0.28,4.47
985,0.28,4.46
986,0.28,4.45
987,0.28,4.45
988,0.28,4.44
989,0.28,4.43
990,0.28,4.43
991,0.28,4.42
992,0.28,4.42
993,0.28,4.41
994,0.28,4.41
995,0.28,4.41
996,0.28,4.41
997,0.28,4.41
998,0.28,4.41
999,0.28,4.41
1000,0.28,4.41
1001,0.28,4.42
1002,0.28,4.42
1003,0.28,4.43
1004,0.28,4.43
1005,0.29,4.44
1006,0.29,4.45
1007,0.29,4.46
1008,0.29,4.47
1009,0.29,4.48
1010,0.3,4.49
1011,0.3,4.5
1012,0.3,4.51
1013,0.3,4.52
1014,0.3,4.53
1015,0.3,4.54
1016,0.3,4.55
1017,0.3,4.56
1018,0.3,4.56
1019,0.3,4.57
1020,0.3,4.58
1021,0.3,4.58
1022,0.3,4.59
1023,0.3,4.59
1024,0.31,4.6
1025,0.3,4.6
1026,0.3,4.6
1027,0.3,4.6
1028,0.31,4.6
1029,0.31,4.6
1030,0.3,4.59
1031,0.31,4.59
1032,0.3,4.58
1033,0.3,4.58
1034,0.31,4.57
1035,0.31,4.57
1036,0.3,4.56
1037,0.31,4.56
1038,0.31,4.55
1039,0.31,4.54
1040,0.31,4.54
1041,0.31,4.53
1042,0.31,4.52
1043,0.31,4.52
1044,0.31,4.51
1045,0.32,4.51
1046,0.31,4.51
1047,0.32,4.5
1048,0.31,4.5
1049,0.31,4.5
1050,0.32,4.5
1051,0.32,4.5
1052,0.32,4.5
1053,0.32,4.51
1054,0.32,4.51
1055,0.32,4.51
1056,0.32,4.52
1057,0.32,4.53
1058,0.32,4.53
1059,0.32,4.54
1060,0.32,4.55
1061,0.33,4.56
1062,0.32,4.57
1063,0.32,4.57
1064,0.33,4.58
1065,0.34,4.59
1066,0.34,4.6
1067,0.33,4.61
1068,0.34,4.62
1069,0.33,4.63
1070,0.33,4.64
1071,0.34,4.64
1072,0.34,4.65
1073,0.34,4.66
1074,0.34,4.66
1075,0.34,4.67
1076,0.34,4.67
1077,0.34,4.67
1078,0.34,4.68
1079,0.34,4.68
1080,0.34,4.68
1081,0.34,4.68
1082,0.34,4.67
1083,0.34,4.67
1084,0.34,4.67
1085,0.34,4.66
1086,0.34,4.66
1087,0.34,4.65
1088,0.34,4.65
1089,0.34,4.64
1090,0.34,4.64
1091,0.34,4.63
1092,0.34,4.63
1093,0.34,4.62
1094,0.34,4.61
1095,0.34,4.61
1096,0.34,4.6
1097,0.34,4.6
1098,0.34,4.6
1099,0.35,4.59
1100,0.35,4.59
1101,0.34,4.59
1102,0.35,4.59
1103,0.35,4.59
1104,0.35,4.59
1105,0.35,4.59
1106,0.35,4.6
1107,0.35,4.6
1108,0.35,4.6
1109,0.36,4.61
1110,0.36,4.61
1111,0.36,4.62
1112,0.36,4.63
1113,0.36,4.63
1114,0.36,4.64
1115,0.36,4.65
1116,0.36,4.66
1117,0.36,4.67
1118,0.36,4.68
1119,0.36,4.68
1120,0.36,4.69
1121,0.37,4.7
1122,0.37,4.71
1123,0.36,4.72
1124,0.36,4.72
1125,0.37,4.73
1126,0.37,4.73
1127,0.37,4.74
1128,0.37,4.74
1129,0.37,4.75
1130,0.37,4.75
1131,0.37,4.75
1132,0.37,4.75
1133,0.37,4.75
1134,0.37,4.75
1135,0.37,4.75
1136,0.37,4.75
1137,0.37,4.75
1138,0.37,4.74
1139,0.37,4.74
1140,0.37,4.73
1141,0.37,4.73
1142,0.37,4.72
1143,0.37,4.72
1144,0.37,4.71
1145,0.37,4.71
1146,0.37,4.7
1147,0.37,4.7
1148,0.37,4.69
1149,0.37,4.69
1150,0.37,4.69
1151,0.37,4.68
1152,0.38,4.68
1153,0.37,4.68
1154,0.37,4.68
1155,0.37,4.68
1156,0.37,4.68
1157,0.38,4.68
1158,0.38,4.68
1159,0.38,4.68
1160,0.38,4.68
1161,0.38,4.69
1162,0.39,4.69
1163,0.39,4.7
1164,0.38,4.7
1165,0.39,4.71
1166,0.39,4.72
1167,0.39,4.73
1168,0.39,4.73
1169,0.39,4.74
1170,0.39,4.75
1171,0.39,4.76
1172,0.39,4.77
1173,0.39,4.77
1174,0.39,4.78
1175,0.39,4.79
1176,0.39,4.79
1177,0.39,4.8
1178,0.4,4.81
1179,0.39,4.81
1180,0.4,4.82
1181,0.4,4.82
1182,0.4,4.82
1183,0.4,4.83
1184,0.4,4.83
1185,0.4,4.83
1186,0.4,4.83
1187,0.4,4.83
1188,0.41,4.83
1189,0.4,4.83
1190,0.4,4.82
1191,0.4,4.82
1192,0.4,4.82
1193,0.4,4.81
1194,0.41,4.81
1195,0.4,4.8
1196,0.41,4.8
1197,0.41,4.79
1198,0.41,4.79
1199,0.4,4.78
1200,0.41,4.78
1201,0.41,4.78
1202,0.41,4.77
1203,0.4,4.77
1204,0.41,4.77
1205,0.41,4.76
1206,0.41,4.76
1207,0.41,4.76
1208,0.41,4.76
1209,0.41,4.76
1210,0.41,4.76
1211,0.41,4.76
1212,0.41,4.77
1213,0.41,4.77
1214,0.41,4.77
1215,0.41,4.78
1216,0.42,4.78
1217,0.42,4.79
1218,0.42,4.79
1219,0.42,4.8
1220,0.42,4.81
1221,0.42,4.81
1222,0.42,4.82
1223,0.42,4.83
1224,0.42,4.84
1225,0.43,4.84
1226,0.43,4.85
1227,0.43,4.86
1228,0.42,4.87
1229,0.43,4.87
1230,0.43,4.88
1231,0.43,4.88
1232,0.43,4.89
1233,0.43,4.89
1234,0.43,4.9
1235,0.43,4.9
1236,0.43,4.9
1237,0.43,4.9
1238,0.43,4.9
1239,0.43,4.9
1240,0.43,4.9
1241,0.43,4.9
1242,0.43,4.9
1243,0.43,4.9
1244,0.43,4.9
1245,0.43,4.89
1246,0.43,4.89
1247,0.43,4.88
1248,0.43,4.88
1249,0.43,4.88
1250,0.43,4.87
1251,0.43,4.87
1252,0.43,4.86
1253,0.43,4.86
1254,0.44,4.86
1255,0.43,4.85
1256,0.44,4.85
1257,0.43,4.85
1258,0.44,4.85
1259,0.44,4.84
1260,0.44,4.84
1261,0.44,4.84
1262,0.44,4.84
1263,0.44,4.85
1264,0.44,4.85
1265,0.44,4.85
1266,0.45,4.85
1267,0.44,4.86
1268,0.45,4.86
1269,0.45,4.87
1270,0.45,4.87
1271,0.45,4.88
1272,0.45,4.88
1273,0.45,4.89
1274,0.45,4.9
1275,0.45,4.9
1276,0.45,4.91
1277,0.45,4.92
1278,0.45,4.92
1279,0.45,4.93
1280,0.45,4.94
1281,0.45,4.94
1282,0.46,4.95
1283,0.46,4.95
1284,0.46,4.96
1285,0.46,4.96
1286,0.46,4.97
1287,0.46,4.97
1288,0.46,4.97
1289,0.46,4.98
1290,0.46,4.98
1291,0.46,4.98
1292,0.46,4.98
1293,0.47,4.98
1294,0.47,4.98
1295,0.46,4.97
1296,0.47,4.97
1297,0.47,4.97
1298,0.47,4.97
1299,0.47,4.96
1300,0.47,4.96
1301,0.47,4.96
1302,0.47,4.95
1303,0.47,4.95
1304,0.47,4.95
1305,0.47,4.94
1306,0.47,4.94
1307,0.47,4.93
1308,0.47,4.93
1309,0.47,4.93
1310,0.47,4.93
1311,0.47,4.93
1312,0.47,4.92
1313,0.47,4.92
1314,0.47,4.92
1315,0.47,4.92
1316,0.47,4.93
1317,0.47,4.93
1318,0.47,4.93
1319,0.47,4.93
1320,0.47,4.94
1321,0.48,4.94
1322,0.48,4.94
1323,0.48,4.95
1324,0.48,4.95
1325,0.48,4.96
1326,0.48,4.97
1327,0.48,4.97
1328,0.48,4.98
1329,0.49,4.98
1330,0.49,4.99
1331,0.49,5.0
1332,0.48,5.0
1333,0.49,5.01
1334,0.49,5.01
1335,0.49,5.02
1336,0.49,5.02
1337,0.49,5.03
1338,0.49,5.03
1339,0.49,5.04
1340,0.49,5.04
1341,0.49,5.04
1342,0.49,5.05
1343,0.49,5.05
1344,0.49,5.05
1345,0.49,5.05
1346,0.49,5.05
1347,0.49,5.05
1348,0.5,5.05
1349,0.49,5.04
1350,0.49,5.04
1351,0.49,5.04
1352,0.49,5.04
1353,0.49,5.03
1354,0.5,5.03
1355,0.49,5.03
1356,0.49,5.02
1357,0.5,5.02
1358,0.5,5.02
1359,0.49,5.01
1360,0.5,5.01
1361,0.5,5.01
1362,0.5,5.01
1363,0.5,5.0
1364,0.5,5.0
1365,0.5,5.0
1366,0.5,5.0
1367,0.51,5.0
1368,0.5,5.0
1369,0.51,5.0
1370,0.5,5.0
1371,0.51,5.01
1372,0.51,5.01
1373,0.51,5.01
1374,0.51,5.02
1375,0.51,5.02
1376,0.51,5.02
1377,0.51,5.03
1378,0.51,5.03
1379,0.51,5.04
1380,0.51,5.04
1381,0.51,5.05
1382,0.51,5.06
1383,0.51,5.06
1384,0.51,5.07
1385,0.51,5.07
1386,0.52,5.08
1387,0.52,5.08
1388,0.52,5.09
1389,0.52,5.09
1390,0.52,5.1
1391,0.52,5.1
1392,0.52,5.11
1393,0.52,5.11
1394,0.52,5.11
1395,0.52,5.11
1396,0.52,5.12
1397,0.52,5.12
1398,0.52,5.12
1399,0.52,5.12
1400,0.52,5.12
1401,0.52,5.12
1402,0.52,5.11
1403,0.52,5.11
1404,0.52,5.11
1405,0.52,5.11
1406,0.52,5.1
1407,0.52,5.1
1408,0.52,5.1
1409,0.52,5.1
1410,0.52,5.09
1411,0.52,5.09
1412,0.52,5.09
1413,0.52,5.09
1414,0.52,5.08
1415,0.52,5.08
1416,0.52,5.08
1417,0.52,5.08
1418,0.52,5.08
1419,0.52,5.08
1420,0.52,5.08
1421,0.52,5.08
1422,0.52,5.08
1423,0.53,5.08
1424,0.53,5.08
1425,0.53,5.08
1426,0.53,5.09
1427,0.53,5.09
1428,0.53,5.09
1429,0.54,5.1
1430,0.53,5.1
1431,0.54,5.11
1432,0.53,5.11
1433,0.53,5.12
1434,0.54,5.12
1435,0.54,5.13
1436,0.54,5.13
1437,0.54,5.14
1438,0.54,5.14
1439,0.54,5.15
1440,0.54,5.15
1441,0.54,5.16
1442,0.54,5.16
1443,0.54,5.17
1444,0.54,5.17
1445,0.54,5.17
1446,0.54,5.18
1447,0.55,5.18
1448,0.55,5.18
1449,0.55,5.18
1450,0.54,5.18
1451,0.55,5.18
1452,0.54,5.18
1453,0.54,5.18
1454,0.55,5.18
1455,0.55,5.18
1456,0.55,5.18
1457,0.55,5.18
1458,0.55,5.18
1459,0.55,5.17
1460,0.55,5.17
1461,0.55,5.17
1462,0.55,5.17
1463,0.55,5.16
1464,0.55,5.16
1465,0.55,5.16
1466,0.55,5.16
1467,0.55,5.15
1468,0.55,5.15
1469,0.55,5.15
1470,0.56,5.15
1471,0.56,5.15
1472,0.55,5.15
1473,0.56,5.15
1474,0.56,5.15
1475,0.56,5.15
1476,0.56,5.15
1477,0.56,5.15
1478,0.56,5.15
1479,0.56,5.16
1480,0.56,5.16
1481,0.56,5.16
1482,0.56,5.17
1483,0.56,5.17
1484,0.56,5.18
1485,0.56,5.18
1486,0.56,5.19
1487,0.56,5.19
1488,0.56,5.2
1489,0.56,5.2
1490,0.57,5.21
1491,0.56,5.21
1492,0.57,5.22
1493,0.58,5.22
1494,0.57,5.22
1495,0.57,5.23
1496,0.57,5.23
1497,0.57,5.24
1498,0.57,5.24
1499,0.57,5.24
1500,0.57,5.24
1501,0.58,5.25
1502,0.57,5.25
1503,0.57,5.25
1504,0.58,5.25
1505,0.57,5.25
1506,0.57,5.25
1507,0.58,5.25
1508,0.58,5.25
1509,0.58,5.24
1510,0.58,5.24
1511,0.58,5.24
1512,0.58,5.24
1513,0.58,5.24
1514,0.58,5.23
1515,0.58,5.23
1516,0.58,5.23
1517,0.58,5.23
1518,0.58,5.22
1519,0.58,5.22
1520,0.58,5.22
1521,0.58,5.22
1522,0.58,5.22
1523,0.58,5.22
1524,0.58,5.21
1525,0.58,5.21
1526,0.58,5.21
1527,0.58,5.21
1528,0.58,5.22
1529,0.58,5.22
1530,0.58,5.22
1531,0.58,5.22
1532,0.59,5.22
1533,0.58,5.23
1534,0.59,5.23
1535,0.58,5.23
1536,0.59,5.24
1537,0.59,5.24
1538,0.59,5.25
1539,0.59,5.25
1540,0.59,5.25
1541,0.59,5.26
1542,0.59,5.26
1543,0.6,5.27
1544,0.59,5.27
1545,0.59,5.28
1546,0.6,5.28
1547,0.6,5.29
1548,0.6,5.29
1549,0.6,5.29
1550,0.6,5.3
1551,0.6,5.3
1552,0.6,5.3
1553,0.6,5.3
1554,0.6,5.31
1555,0.6,5.31
1556,0.6,5.31
1557,0.6,5.31
1558,0.6,5.31
1559,0.6,5.31
1560,0.6,5.31
1561,0.6,5.31
1562,0.6,5.31
1563,0.6,5.3
1564,0.6,5.3
1565,0.6,5.3
1566,0.6,5.3
1567,0.6,5.3
1568,0.6,5.29
1569,0.6,5.29
1570,0.6,5.29
1571,0.6,5.29
1572,0.61,5.29
1573,0.6,5.29
1574,0.6,5.28
1575,0.61,5.28
1576,0.61,5.28
1577,0.61,5.28
1578,0.61,5.28
1579,0.61,5.28
1580,0.61,5.28
1581,0.61,5.28
1582,0.61,5.28
1583,0.61,5.29
1584,0.61,5.29
1585,0.61,5.29
1586,0.61,5.29
1587,0.61,5.3
1588,0.61,5.3
1589,0.62,5.3
1590,0.62,5.31
1591,0.62,5.31
1592,0.62,5.31
1593,0.62,5.32
1594,0.62,5.32
1595,0.62,5.33
1596,0.62,5.33
1597,0.62,5.34
1598,0.62,5.34
1599,0.62,5.34
1600,0.62,5.35
1601,0.62,5.35
1602,0.62,5.35
1603,0.62,5.36
1604,0.62,5.36
1605,0.62,5.36
1606,0.62,5.36
1607,0.62,5.37
1608,0.62,5.37
1609,0.62,5.37
1610,0.62,5.37
1611,0.62,5.37
1612,0.62,5.37
1613,0.62,5.37
1614,0.62,5.37
1615,0.62,5.37
1616,0.62,5.36
1617,0.63,5.36
1618,0.63,5.36
1619,0.63,5.36
1620,0.62,5.36
1621,0.63,5.36
1622,0.62,5.35
1623,0.63,5.35
1624,0.63,5.35
1625,0.63,5.35
1626,0.63,5.35
1627,0.63,5.35
1628,0.63,5.34
1629,0.63,5.34
1630,0.63,5.34
1631,0.63,5.34
1632,0.63,5.34
1633,0.63,5.34
1634,0.64,5.35
1635,0.63,5.35
1636,0.64,5.35
1637,0.63,5.35
1638,0.64,5.35
1639,0.64,5.35
1640,0.64,5.36
1641,0.64,5.36
1642,0.64,5.36
1643,0.64,5.37
1644,0.64,5.37
1645,0.64,5.38
1646,0.64,5.38
1647,0.64,5.38
1648,0.64,5.39
1649,0.64,5.39
1650,0.64,5.4
1651,0.64,5.4
1652,0.64,5.4
1653,0.64,5.41
1654,0.64,5.41
1655,0.64,5.41
1656,0.64,5.42
1657,0.64,5.42
1658,0.64,5.42
1659,0.64,5.42
1660,0.64,5.42
1661,0.64,5.42
1662,0.64,5.42
1663,0.65,5.43
1664,0.65,5.42
1665,0.65,5.42
1666,0.65,5.42
1667,0.65,5.42
1668,0.65,5.42
1669,0.65,5.42
1670,0.65,5.42
1671,0.65,5.42
1672,0.65,5.42
1673,0.65,5.41
1674,0.65,5.41
1675,0.65,5.41
1676,0.65,5.41
1677,0.65,5.41
1678,0.65,5.41
1679,0.65,5.4
1680,0.65,5.4
1681,0.65,5.4
1682,0.65,5.4
1683,0.65,5.4
1684,0.65,5.4
1685,0.65,5.4
1686,0.65,5.4
1687,0.65,5.4
1688,0.65,5.41
1689,0.65,5.41
1690,0.65,5.41
1691,0.66,5.41
1692,0.65,5.41
1693,0.66,5.42
1694,0.66,5.42
1695,0.66,5.42
1696,0.66,5.43
1697,0.66,5.43
1698,0.66,5.44
1699,0.66,5.44
1700,0.66,5.44
1701,0.66,5.45
1702,0.66,5.45
1703,0.66,5.45
1704,0.67,5.46
1705,0.66,5.46
1706,0.66,5.46
1707,0.67,5.47
1708,0.67,5.47
1709,0.67,5.47
1710,0.67,5.47
1711,0.66,5.47
1712,0.67,5.48
1713,0.67,5.48
1714,0.67,5.48
1715,0.67,5.48
1716,0.67,5.48
1717,0.67,5.48
1718,0.67,5.48
1719,0.67,5.48
1720,0.67,5.47
1721,0.67,5.47
1722,0.67,5.47
1723,0.67,5.47
1724,0.67,5.47
1725,0.67,5.47
1726,0.67,5.47
1727,0.67,5.46
1728,0.67,5.46
1729,0.67,5.46
1730,0.67,5.46
1731,0.67,5.46
1732,0.67,5.46
1733,0.67,5.46
1734,0.67,5.46
1735,0.67,5.46
1736,0.67,5.46
1737,0.67,5.46
1738,0.67,5.46
1739,0.67,5.46
1740,0.67,5.46
1741,0.68,5.46
1742,0.67,5.47
1743,0.67,5.47
1744,0.67,5.47
1745,0.67,5.47
1746,0.67,5.48
1747,0.68,5.48
1748,0.68,5.48
1749,0.68,5.48
1750,0.68,5.49
1751,0.69,5.49
1752,0.68,5.49
1753,0.68,5.5
1754,0.68,5.5
1755,0.69,5.5
1756,0.68,5.51
1757,0.69,5.51
1758,0.69,5.51
1759,0.69,5.52
1760,0.69,5.52
1761,0.69,5.52
1762,0.69,5.52
1763,0.69,5.52
1764,0.69,5.52
1765,0.69,5.53
1766,0.69,5.53
1767,0.69,5.53
1768,0.69,5.53
1769,0.69,5.53
1770,0.69,5.53
1771,0.69,5.53
1772,0.69,5.52
1773,0.69,5.52
1774,0.69,5.52
1775,0.69,5.52
1776,0.69,5.52
1777,0.69,5.52
1778,0.69,5.52
1779,0.69,5.52
1780,0.69,5.52
1781,0.69,5.51
1782,0.69,5.51
1783,0.69,5.51
1784,0.69,5.51
1785,0.69,5.51
1786,0.69,5.51
1787,0.69,5.51
1788,0.69,5.51
1789,0.69,5.51
1790,0.69,5.51
1791,0.69,5.51
1792,0.69,5.51
1793,0.69,5.52
1794,0.69,5.52
1795,0.69,5.52
1796,0.7,5.52
1797,0.69,5.52
1798,0.69,5.53
1799,0.7,5.53
1800,0.7,5.53
1801,0.7,5.53
1802,0.7,5.54
1803,0.7,5.54
1804,0.7,5.54
1805,0.7,5.55
1806,0.7,5.55
1807,0.7,5.55
1808,0.7,5.56
1809,0.71,5.56
1810,0.7,5.56
1811,0.7,5.56
1812,0.71,5.56
1813,0.71,5.57
1814,0.71,5.57
1815,0.71,5.57
1816,0.7,5.57
1817,0.7,5.57
1818,0.7,5.57
1819,0.71,5.57
1820,0.71,5.57
1821,0.71,5.57
1822,0.71,5.57
1823,0.71,5.57
1824,0.7,5.57
1825,0.71,5.57
1826,0.71,5.57
1827,0.71,5.57
1828,0.71,5.57
1829,0.71,5.57
1830,0.71,5.56
1831,0.71,5.56
1832,0.71,5.56
1833,0.71,5.56
1834,0.71,5.56
1835,0.71,5.56
1836,0.71,5.56
1837,0.71,5.56
1838,0.71,5.56
1839,0.71,5.56
1840,0.71,5.56
1841,0.71,5.56
1842,0.71,5.56
1843,0.71,5.56
1844,0.71,5.56
1845,0.71,5.56
1846,0.71,5.56
1847,0.71,5.56
1848,0.71,5.57
1849,0.71,5.57
1850,0.71,5.57
1851,0.72,5.57
1852,0.72,5.58
1853,0.71,5.58
1854,0.72,5.58
1855,0.72,5.58
1856,0.72,5.59
1857,0.72,5.59
1858,0.72,5.59
1859,0.72,5.6
1860,0.72,5.6
1861,0.72,5.6
1862,0.72,5.6
1863,0.72,5.61
1864,0.72,5.61
1865,0.72,5.61
1866,0.72,5.61
1867,0.72,5.61
1868,0.72,5.61
1869,0.73,5.61
1870,0.72,5.62
1871,0.73,5.62
1872,0.72,5.62
1873,0.73,5.62
1874,0.72,5.62
1875,0.72,5.62
1876,0.73,5.61
1877,0.73,5.61
1878,0.72,5.61
1879,0.73,5.61
1880,0.73,5.61
1881,0.73,5.61
1882,0.73,5.61
1883,0.73,5.61
1884,0.73,5.61
1885,0.73,5.6
1886,0.73,5.6
1887,0.73,5.6
1888,0.73,5.6
1889,0.73,5.6
1890,0.73,5.6
1891,0.73,5.6
1892,0.73,5.6
1893,0.73,5.6
1894,0.73,5.6
1895,0.73,5.6
1896,0.73,5.6
1897,0.73,5.6
1898,0.73,5.61
1899,0.73,5.61
1900,0.73,5.61
1901,0.73,5.61
1902,0.73,5.61
1903,0.73,5.62
1904,0.73,5.62
1905,0.73,5.62
1906,0.73,5.62
1907,0.73,5.63
1908,0.73,5.63
1909,0.73,5.63
1910,0.73,5.63
1911,0.74,5.64
1912,0.73,5.64
1913,0.73,5.64
1914,0.74,5.64
1915,0.74,5.65
1916,0.74,5.65
1917,0.74,5.65
1918,0.74,5.65
1919,0.74,5.65
1920,0.74,5.65
1921,0.74,5.65
1922,0.74,5.65
1923,0.74,5.66
1924,0.74,5.66
1925,0.74,5.66
1926,0.74,5.66
1927,0.74,5.65
1928,0.74,5.65
1929,0.75,5.65
1930,0.74,5.65
1931,0.74,5.65
1932,0.74,5.65
1933,0.75,5.65
1934,0.74,5.65
1935,0.74,5.65
1936,0.74,5.65
1937,0.74,5.64
1938,0.75,5.64
1939,0.74,5.64
1940,0.75,5.64
1941,0.75,5.64
1942,0.75,5.64
1943,0.75,5.64
1944,0.75,5.64
1945,0.75,5.64
1946,0.75,5.64
1947,0.75,5.64
1948,0.75,5.64
1949,0.75,5.64
1950,0.75,5.64
1951,0.75,5.65
1952,0.75,5.65
1953,0.75,5.65
1954,0.75,5.65
1955,0.75,5.65
1956,0.75,5.66
1957,0.75,5.66
1958,0.75,5.66
1959,0.75,5.66
1960,0.75,5.67
1961,0.75,5.67
1962,0.75,5.67
1963,0.75,5.67
1964,0.75,5.67
1965,0.75,5.68
1966,0.75,5.68
1967,0.75,5.68
1968,0.75,5.68
1969,0.75,5.68
1970,0.75,5.69
1971,0.75,5.69
1972,0.75,5.69
1973,0.75,5.69
1974,0.75,5.69
1975,0.75,5.69
1976,0.75,5.69
1977,0.75,5.69
1978,0.75,5.69
1979,0.75,5.69
1980,0.75,5.69
1981,0.76,5.69
1982,0.76,5.69
1983,0.75,5.69
1984,0.75,5.69
1985,0.76,5.69
1986,0.76,5.69
1987,0.76,5.68
1988,0.75,5.68
1989,0.76,5.68
1990,0.76,5.68
1991,0.76,5.68
1992,0.76,5.68
1993,0.76,5.68
1994,0.75,5.68
1995,0.76,5.68
1996,0.76,5.68
1997,0.76,5.68
1998,0.76,5.68
1999,0.76,5.68
2000,0.76,5.68
2001,0.76,5.68
2002,0.76,5.68
2003,0.76,5.68
2004,0.76,5.68
2005,0.76,5.69
2006,0.76,5.69
2007,0.76,5.69
2008,0.76,5.69
2009,0.77,5.69
2010,0.76,5.7
2011,0.76,5.7
2012,0.77,5.7
2013,0.77,5.7
2014,0.76,5.71
2015,0.76,5.71
2016,0.76,5.71
2017,0.77,5.71
2018,0.76,5.71
2019,0.77,5.72
2020,0.77,5.72
2021,0.77,5.72
2022,0.77,5.72
2023,0.77,5.72
2024,0.77,5.72
2025,0.77,5.72
2026,0.77,5.72
2027,0.77,5.73
2028,0.77,5.73
2029,0.77,5.73
2030,0.77,5.73
2031,0.77,5.73
2032,0.77,5.72
2033,0.77,5.72
2034,0.77,5.72
2035,0.77,5.72
2036,0.77,5.72
2037,0.77,5.72
2038,0.77,5.72
2039,0.77,5.72
2040,0.77,5.72
2041,0.77,5.72
2042,0.77,5.72
2043,0.77,5.72
2044,0.77,5.72
2045,0.77,5.71
2046,0.77,5.71
2047,0.77,5.71
2048,0.77,5.71
2049,0.77,5.71
2050,0.77,5.71
2051,0.77,5.71
2052,0.77,5.72
2053,0.77,5.72
2054,0.77,5.72
2055,0.77,5.72
2056,0.77,5.72
2057,0.77,5.72
2058,0.77,5.72
2059,0.77,5.72
2060,0.77,5.73
2061,0.77,5.73
2062,0.77,5.73
2063,0.77,5.73
2064,0.78,5.73
2065,0.78,5.74
2066,0.77,5.74
2067,0.77,5.74
2068,0.78,5.74
2069,0.78,5.74
2070,0.78,5.75
2071,0.79,5.75
2072,0.79,5.75
2073,0.78,5.75
2074,0.78,5.75
2075,0.78,5.75
2076,0.79,5.75
2077,0.78,5.75
2078,0.78,5.76
2079,0.78,5.76
2080,0.79,5.76
2081,0.78,5.76
2082,0.78,5.76
2083,0.78,5.76
2084,0.79,5.76
2085,0.78,5.76
2086,0.79,5.76
2087,0.78,5.75
2088,0.78,5.75
2089,0.79,5.75
2090,0.78,5.75
2091,0.78,5.75
2092,0.78,5.75
2093,0.79,5.75
2094,0.78,5.75
2095,0.79,5.75
2096,0.78,5.75
2097,0.79,5.75
2098,0.78,5.75
2099,0.79,5.75
2100,0.79,5.75
2101,0.79,5.75
2102,0.79,5.75
2103,0.79,5.75
2104,0.79,5.75
2105,0.79,5.75
2106,0.79,5.75
2107,0.79,5.75
2108,0.79,5.75
2109,0.79,5.75
2110,0.79,5.75
2111,0.79,5.75
2112,0.79,5.76
2113,0.79,5.76
2114,0.79,5.76
2115,0.79,5.76
2116,0.79,5.76
2117,0.79,5.77
2118,0.79,5.77
2119,0.79,5.77
2120,0.79,5.77
2121,0.79,5.77
2122,0.79,5.77
2123,0.79,5.78
2124,0.79,5.78
2125,0.79,5.78
2126,0.79,5.78
2127,0.79,5.78
2128,0.79,5.78
2129,0.79,5.78
2130,0.79,5.78
2131,0.79,5.78
2132,0.79,5.78
2133,0.79,5.78
2134,0.79,5.78
2135,0.79,5.78
2136,0.79,5.78
2137,0.79,5.78
2138,0.79,5.78
2139,0.79,5.78
2140,0.79,5.78
2141,0.79,5.78
2142,0.79,5.78
2143,0.79,5.78
2144,0.79,5.78
2145,0.79,5.78
2146,0.8,5.78
2147,0.79,5.78
2148,0.79,5.78
2149,0.79,5.77
2150,0.79,5.77
2151,0.79,5.77
2152,0.79,5.77
2153,0.79,5.77
2154,0.79,5.77
2155,0.8,5.77
2156,0.8,5.78
2157,0.8,5.78
2158,0.79,5.78
2159,0.8,5.78
2160,0.8,5.78
2161,0.8,5.78
2162,0.8,5.78
2163,0.8,5.78
2164,0.8,5.78
2165,0.8,5.79
2166,0.8,5.79
2167,0.8,5.79
2168,0.8,5.79
2169,0.8,5.79
2170,0.8,5.8
2171,0.8,5.8
2172,0.8,5.8
2173,0.8,5.8
2174,0.8,5.8
2175,0.8,5.8
2176,0.8,5.81
2177,0.8,5.81
2178,0.8,5.81
2179,0.8,5.81
2180,0.8,5.81
2181,0.8,5.81
2182,0.8,5.81
2183,0.8,5.81
2184,0.8,5.81
2185,0.8,5.81
2186,0.8,5.81
2187,0.8,5.81
2188,0.8,5.81
2189,0.8,5.81
2190,0.8,5.81
2191,0.8,5.81
2192,0.8,5.81
2193,0.8,5.81
2194,0.8,5.81
2195,0.8,5.81
2196,0.8,5.8
2197,0.8,5.8
2198,0.8,5.8
2199,0.8,5.8
2200,0.8,5.8
2201,0.8,5.8
2202,0.8,5.8
2203,0.8,5.8
2204,0.8,5.8
2205,0.8,5.8
2206,0.8,5.8
2207,0.8,5.8
2208,0.8,5.8
2209,0.8,5.8
2210,0.8,5.8
2211,0.8,5.8
2212,0.8,5.8
2213,0.8,5.8
2214,0.8,5.81
2215,0.8,5.81
2216,0.8,5.81
2217,0.8,5.81
2218,0.8,5.81
2219,0.81,5.81
2220,0.8,5.81
2221,0.8,5.82
2222,0.8,5.82
2223,0.8,5.82
2224,0.8,5.82
2225,0.8,5.82
2226,0.8,5.82
2227,0.8,5.83
2228,0.8,5.83
2229,0.8,5.83
2230,0.8,5.83
2231,0.81,5.83
2232,0.81,5.83
2233,0.8,5.83
2234,0.81,5.83
2235,0.8,5.83
2236,0.81,5.83
2237,0.81,5.83
2238,0.8,5.83
2239,0.81,5.83
2240,0.81,5.83
2241,0.81,5.83
2242,0.81,5.83
2243,0.81,5.83
2244,0.81,5.83
2245,0.81,5.83
2246,0.81,5.83
2247,0.81,5.83
2248,0.81,5.82
2249,0.81,5.82
2250,0.81,5.82
2251,0.81,5.82
2252,0.81,5.82
2253,0.81,5.82
2254,0.81,5.82
2255,0.81,5.82
2256,0.81,5.82
2257,0.81,5.82
2258,0.81,5.82
2259,0.81,5.82
2260,0.81,5.82
2261,0.81,5.82
2262,0.81,5.82
2263,0.81,5.82
2264,0.81,5.82
2265,0.81,5.83
2266,0.81,5.83
2267,0.81,5.83
2268,0.81,5.83
2269,0.81,5.83
2270,0.81,5.83
2271,0.81,5.83
2272,0.82,5.84
2273,0.81,5.84
2274,0.82,5.84
2275,0.81,5.84
2276,0.82,5.84
2277,0.82,5.84
2278,0.82,5.84
2279,0.82,5.84
2280,0.81,5.85
2281,0.82,5.85
2282,0.82,5.85
2283,0.82,5.85
2284,0.82,5.85
2285,0.82,5.85
2286,0.82,5.85
2287,0.82,5.85
2288,0.82,5.85
2289,0.82,5.85
2290,0.82,5.85
2291,0.82,5.85
2292,0.82,5.85
2293,0.82,5.85
2294,0.82,5.85
2295,0.82,5.85
2296,0.82,5.85
2297,0.82,5.85
2298,0.82,5.85
2299,0.82,5.84
2300,0.82,5.84
2301,0.82,5.84
2302,0.82,5.84
2303,0.82,5.84
2304,0.82,5.84
2305,0.82,5.84
2306,0.82,5.84
2307,0.82,5.84
2308,0.82,5.84
2309,0.82,5.84
2310,0.82,5.84
2311,0.82,5.84
2312,0.82,5.84
2313,0.82,5.84
2314,0.82,5.84
2315,0.82,5.84
2316,0.82,5.84
2317,0.82,5.84
2318,0.82,5.85
2319,0.82,5.85
2320,0.82,5.85
2321,0.82,5.85
2322,0.82,5.85
2323,0.82,5.85
2324,0.82,5.85
2325,0.82,5.85
2326,0.82,5.85
2327,0.82,5.85
2328,0.82,5.86
2329,0.82,5.86
2330,0.82,5.86
2331,0.82,5.86
2332,0.82,5.86
2333,0.82,5.86
2334,0.82,5.86
2335,0.82,5.86
2336,0.82,5.86
2337,0.82,5.86
2338,0.82,5.86
2339,0.82,5.86
2340,0.82,5.86
2341,0.82,5.86
2342,0.82,5.86
2343,0.82,5.86
2344,0.82,5.86
2345,0.82,5.86
2346,0.82,5.86
2347,0.82,5.86
2348,0.82,5.86
2349,0.82,5.86
2350,0.82,5.86
2351,0.82,5.86
2352,0.82,5.86
2353,0.82,5.86
2354,0.82,5.86
2355,0.82,5.86
2356,0.82,5.86
2357,0.82,5.86
2358,0.82,5.86
2359,0.82,5.86
2360,0.82,5.86
2361,0.82,5.86
2362,0.82,5.86
2363,0.82,5.86
2364,0.82,5.86
2365,0.82,5.86
2366,0.82,5.86
2367,0.82,5.86
2368,0.82,5.86
2369,0.82,5.86
2370,0.82,5.86
2371,0.82,5.86
2372,0.82,5.86
2373,0.82,5.86
2374,0.82,5.87
2375,0.82,5.87
2376,0.82,5.87
2377,0.82,5.87
2378,0.82,5.87
2379,0.82,5.87
2380,0.82,5.87
2381,0.82,5.87
2382,0.82,5.87
2383,0.82,5.87
2384,0.82,5.87
2385,0.82,5.87
2386,0.82,5.87
2387,0.82,5.87
2388,0.82,5.87
2389,0.82,5.87
2390,0.82,5.87
2391,0.83,5.87
2392,0.82,5.87
2393,0.82,5.87
2394,0.82,5.87
2395,0.82,5.87
2396,0.82,5.87
2397,0.82,5.87
2398,0.82,5.87
2399,0.83,5.87
2400,0.82,5.87
2401,0.83,5.87
2402,0.83,5.87
2403,0.83,5.87
2404,0.82,5.87
2405,0.82,5.87
2406,0.82,5.87
2407,0.82,5.87
2408,0.82,5.87
2409,0.83,5.87
2410,0.84,5.87
2411,0.83,5.87
2412,0.82,5.87
2413,0.82,5.87
2414,0.83,5.87
2415,0.82,5.87
2416,0.83,5.87
2417,0.83,5.87
2418,0.82,5.87
2419,0.83,5.87
2420,0.83,5.87
2421,0.83,5.87
2422,0.83,5.87
2423,0.83,5.87
2424,0.83,5.88
2425,0.83,5.88
2426,0.83,5.88
2427,0.83,5.88
2428,0.83,5.88
2429,0.83,5.88
2430,0.82,5.88
2431,0.83,5.88
2432,0.83,5.88
2433,0.83,5.88
2434,0.83,5.88
2435,0.83,5.89
2436,0.83,5.89
2437,0.83,5.89
2438,0.83,5.89
2439,0.83,5.89
2440,0.83,5.89
2441,0.83,5.89
2442,0.83,5.89
2443,0.83,5.89
2444,0.83,5.89
2445,0.83,5.89
2446,0.83,5.89
2447,0.83,5.89
2448,0.83,5.89
2449,0.83,5.89
2450,0.83,5.88
2451,0.84,5.88
2452,0.84,5.88
2453,0.82,5.88
2454,0.83,5.88
2455,0.82,5.88
2456,0.83,5.88
2457,0.83,5.88
2458,0.83,5.88
2459,0.83,5.88
2460,0.83,5.88
2461,0.83,5.88
2462,0.83,5.88
2463,0.82,5.88
2464,0.82,5.88
2465,0.83,5.88
2466,0.83,5.88
2467,0.83,5.88
2468,0.83,5.88
2469,0.83,5.88
2470,0.83,5.88
2471,0.83,5.88
2472,0.83,5.88
2473,0.83,5.88
2474,0.83,5.88
2475,0.83,5.88
2476,0.83,5.88
2477,0.83,5.88
2478,0.83,5.89
2479,0.83,5.89
2480,0.83,5.89
2481,0.83,5.89
2482,0.83,5.89
2483,0.83,5.89
2484,0.83,5.89
2485,0.83,5.89
2486,0.83,5.89
2487,0.83,5.89
2488,0.82,5.89
2489,0.83,5.89
2490,0.83,5.89
2491,0.83,5.89
2492,0.83,5.89
2493,0.83,5.89
2494,0.84,5.89
2495,0.83,5.89
2496,0.83,5.89
2497,0.83,5.89
2498,0.83,5.89
2499,0.83,5.89
2500,0.83,5.89
2501,0.83,5.89
2502,0.83,5.89
2503,0.83,5.89
2504,0.83,5.89
2505,0.83,5.89
2506,0.83,5.89
2507,0.83,5.89
2508,0.83,5.89
2509,0.83,5.89
2510,0.84,5.88
2511,0.84,5.88
2512,0.84,5.88
2513,0.83,5.88
2514,0.83,5.88
2515,0.83,5.88
2516,0.83,5.88
2517,0.84,5.88
2518,0.84,5.88
2519,0.84,5.88
2520,0.84,5.88
2521,0.84,5.88
2522,0.84,5.88
2523,0.83,5.89
2524,0.84,5.89
2525,0.84,5.89
2526,0.84,5.89
2527,0.83,5.89
2528,0.84,5.89
2529,0.84,5.89
2530,0.84,5.89
2531,0.84,5.89
2532,0.84,5.89
2533,0.84,5.89
2534,0.84,5.9
2535,0.84,5.9
2536,0.84,5.9
2537,0.84,5.9
2538,0.84,5.9
2539,0.84,5.9
2540,0.84,5.9
2541,0.84,5.9
2542,0.84,5.9
2543,0.84,5.9
2544,0.84,5.9
2545,0.84,5.9
2546,0.84,5.9
2547,0.84,5.9
2548,0.84,5.9
2549,0.84,5.9
2550,0.84,5.9
2551,0.84,5.9
2552,0.84,5.9
2553,0.84,5.9
2554,0.84,5.9
2555,0.84,5.9
2556,0.84,5.9
2557,0.84,5.9
2558,0.84,5.9
2559,0.84,5.9
2560,0.84,5.9
2561,0.84,5.9
2562,0.84,5.89
2563,0.84,5.89
2564,0.84,5.89
2565,0.83,5.89
2566,0.84,5.89
2567,0.84,5.89
2568,0.84,5.89
2569,0.84,5.89
2570,0.84,5.89
2571,0.84,5.89
2572,0.84,5.89
2573,0.84,5.89
2574,0.84,5.89
2575,0.84,5.89
2576,0.84,5.89
2577,0.84,5.89
2578,0.84,5.9
2579,0.84,5.9
2580,0.84,5.9
2581,0.84,5.9
2582,0.84,5.9
2583,0.84,5.9
2584,0.84,5.9
2585,0.84,5.9
2586,0.84,5.9
2587,0.84,5.9
2588,0.84,5.9
2589,0.84,5.9
2590,0.84,5.9
2591,0.84,5.9
2592,0.84,5.91
2593,0.84,5.91
2594,0.84,5.91
2595,0.84,5.91
2596,0.84,5.91
2597,0.84,5.91
2598,0.84,5.91
2599,0.84,5.91
2600,0.84,5.91
2601,0.84,5.91
2602,0.84,5.91
2603,0.84,5.9
2604,0.84,5.9
2605,0.84,5.9
2606,0.84,5.9
2607,0.84,5.9
2608,0.84,5.9
2609,0.84,5.9
2610,0.84,5.9
2611,0.84,5.9
2612,0.84,5.9
2613,0.84,5.9
2614,0.84,5.9
2615,0.84,5.9
2616,0.84,5.9
2617,0.84,5.9
2618,0.84,5.9
2619,0.84,5.9
2620,0.84,5.9
2621,0.84,5.9
2622,0.84,5.9
2623,0.84,5.9
2624,0.84,5.9
2625,0.84,5.9
2626,0.84,5.9
2627,0.84,5.9
2628,0.84,5.9
2629,0.84,5.9
2630,0.84,5.9
2631,0.84,5.9
2632,0.84,5.9
2633,0.84,5.9
2634,0.84,5.9
2635,0.84,5.9
2636,0.84,5.9
2637,0.84,5.9
2638,0.84,5.9
2639,0.84,5.9
2640,0.84,5.9
2641,0.84,5.91
2642,0.84,5.91
2643,0.84,5.91
2644,0.83,5.91
2645,0.83,5.91
2646,0.84,5.91
2647,0.83,5.91
2648,0.83,5.91
2649,0.84,5.91
2650,0.83,5.91
2651,0.84,5.91
2652,0.83,5.91
2653,0.83,5.91
2654,0.83,5.91
2655,0.83,5.9
2656,0.83,5.9
2657,0.83,5.9
2658,0.83,5.9
2659,0.83,5.9
2660,0.83,5.9
2661,0.83,5.9
2662,0.83,5.9
2663,0.83,5.9
2664,0.83,5.9
2665,0.83,5.9
2666,0.83,5.9
2667,0.83,5.89
2668,0.83,5.89
2669,0.83,5.89
2670,0.83,5.89
2671,0.82,5.89
2672,0.83,5.89
2673,0.82,5.89
2674,0.83,5.89
2675,0.82,5.89
2676,0.83,5.89
2677,0.82,5.89
2678,0.82,5.89
2679,0.83,5.89
2680,0.82,5.89
2681,0.83,5.89
2682,0.83,5.89
2683,0.83,5.89
2684,0.82,5.89
2685,0.83,5.89
2686,0.83,5.89
2687,0.83,5.89
2688,0.82,5.89
2689,0.83,5.89
2690,0.83,5.9
2691,0.83,5.9
2692,0.83,5.9
2693,0.83,5.9
2694,0.83,5.9
2695,0.83,5.9
2696,0.83,5.9
2697,0.83,5.9
2698,0.83,5.9
2699,0.83,5.9
2700,0.83,5.9
2701,0.83,5.9
2702,0.83,5.9
2703,0.83,5.9
2704,0.82,5.9
2705,0.82,5.9
2706,0.83,5.9
2707,0.83,5.9
2708,0.83,5.9
2709,0.83,5.9
2710,0.83,5.9
2711,0.83,5.9
2712,0.82,5.89
2713,0.82,5.89
2714,0.83,5.89
2715,0.83,5.89
2716,0.83,5.89
2717,0.83,5.89
2718,0.83,5.89
2719,0.83,5.89
2720,0.83,5.89
2721,0.83,5.89
2722,0.83,5.89
2723,0.82,5.89
2724,0.83,5.89
2725,0.83,5.89
2726,0.83,5.89
2727,0.83,5.89
2728,0.82,5.89
2729,0.83,5.89
2730,0.83,5.89
2731,0.83,5.89
2732,0.83,5.89
2733,0.83,5.89
2734,0.83,5.89
2735,0.83,5.89
2736,0.83,5.89
2737,0.83,5.89
2738,0.83,5.89
2739,0.83,5.89
2740,0.83,5.89
2741,0.83,5.89
2742,0.83,5.89
2743,0.83,5.89
2744,0.83,5.89
2745,0.83,5.89
2746,0.83,5.89
2747,0.83,5.89
2748,0.83,5.89
2749,0.83,5.89
2750,0.83,5.89
2751,0.83,5.9
2752,0.83,5.9
2753,0.82,5.9
2754,0.83,5.9
2755,0.83,5.89
2756,0.83,5.89
2757,0.83,5.89
2758,0.83,5.89
2759,0.83,5.89
2760,0.83,5.89
2761,0.83,5.89
2762,0.83,5.89
2763,0.83,5.89
2764,0.83,5.89
2765,0.83,5.89
2766,0.83,5.89
2767,0.83,5.89
2768,0.83,5.89
2769,0.83,5.89
2770,0.83,5.89
2771,0.83,5.89
2772,0.83,5.89
2773,0.83,5.89
2774,0.83,5.89
2775,0.83,5.89
2776,0.83,5.89
2777,0.83,5.89
2778,0.83,5.89
2779,0.83,5.89
2780,0.84,5.89
2781,0.83,5.89
2782,0.83,5.89
2783,0.82,5.89
2784,0.82,5.89
2785,0.82,5.89
2786,0.83,5.89
2787,0.83,5.89
2788,0.82,5.89
2789,0.82,5.89
2790,0.82,5.89
2791,0.83,5.89
2792,0.82,5.89
2793,0.82,5.89
2794,0.82,5.89
2795,0.82,5.89
2796,0.82,5.89
2797,0.82,5.89
2798,0.82,5.89
2799,0.82,5.89
2800,0.82,5.89
2801,0.82,5.89
2802,0.82,5.89
2803,0.82,5.89
2804,0.82,5.89
2805,0.82,5.89
2806,0.82,5.89
2807,0.82,5.89
2808,0.82,5.89
2809,0.82,5.89
2810,0.82,5.89
2811,0.82,5.89
2812,0.82,5.89
2813,0.82,5.89
2814,0.82,5.89
2815,0.82,5.89
2816,0.82,5.88
2817,0.82,5.88
2818,0.82,5.88
2819,0.82,5.88
2820,0.82,5.88
2821,0.82,5.88
2822,0.82,5.88
2823,0.82,5.88
2824,0.82,5.88
2825,0.82,5.88
2826,0.82,5.88
2827,0.82,5.88
2828,0.82,5.88
2829,0.82,5.88
2830,0.82,5.88
2831,0.82,5.88
2832,0.82,5.88
2833,0.82,5.88
2834,0.82,5.88
2835,0.82,5.88
2836,0.82,5.88
2837,0.82,5.88
2838,0.82,5.88
2839,0.82,5.88
2840,0.82,5.88
2841,0.82,5.88
2842,0.82,5.88
2843,0.82,5.88
2844,0.82,5.88
2845,0.82,5.88
2846,0.82,5.88
2847,0.82,5.88
2848,0.82,5.88
2849,0.82,5.88
2850,0.82,5.88
2851,0.82,5.88
2852,0.82,5.88
2853,0.82,5.88
2854,0.82,5.88
2855,0.82,5.88
2856,0.82,5.88
2857,0.82,5.88
2858,0.82,5.88
2859,0.82,5.88
2860,0.82,5.88
2861,0.82,5.88
2862,0.82,5.88
2863,0.82,5.88
2864,0.82,5.88
2865,0.82,5.88
2866,0.82,5.88
2867,0.82,5.88
2868,0.82,5.88
2869,0.82,5.88
2870,0.82,5.88
2871,0.82,5.88
2872,0.82,5.87
2873,0.82,5.87
2874,0.82,5.87
2875,0.82,5.87
2876,0.82,5.87
2877,0.82,5.87
2878,0.82,5.87
2879,0.82,5.87
2880,0.82,5.87
2881,0.82,5.87
2882,0.82,5.87
2883,0.82,5.87
2884,0.82,5.87
2885,0.81,5.87
2886,0.81,5.87
2887,0.82,5.87
2888,0.82,5.87
2889,0.82,5.87
2890,0.82,5.87
2891,0.82,5.87
2892,0.82,5.87
2893,0.82,5.87
2894,0.82,5.87
2895,0.82,5.87
2896,0.82,5.87
2897,0.82,5.87
2898,0.81,5.87
2899,0.82,5.87
2900,0.82,5.87
2901,0.82,5.87
2902,0.82,5.87
2903,0.82,5.87
2904,0.82,5.87
2905,0.82,5.87
2906,0.82,5.87
2907,0.82,5.87
2908,0.82,5.87
2909,0.82,5.87
2910,0.82,5.87
2911,0.82,5.87
2912,0.82,5.87
2913,0.82,5.87
2914,0.82,5.87
2915,0.82,5.87
2916,0.82,5.87
2917,0.82,5.87
2918,0.81,5.87
2919,0.82,5.87
2920,0.82,5.87
2921,0.81,5.87
2922,0.82,5.87
2923,0.81,5.86
2924,0.81,5.86
2925,0.81,5.86
2926,0.81,5.86
2927,0.81,5.86
2928,0.81,5.86
2929,0.81,5.86
2930,0.81,5.86
2931,0.81,5.86
2932,0.81,5.86
2933,0.81,5.86
2934,0.81,5.86
2935,0.81,5.86
2936,0.81,5.86
2937,0.81,5.86
2938,0.8,5.86
2939,0.81,5.86
2940,0.81,5.86
2941,0.82,5.86
2942,0.81,5.86
2943,0.81,5.86
2944,0.81,5.86
2945,0.81,5.86
2946,0.81,5.86
2947,0.81,5.86
2948,0.81,5.86
2949,0.81,5.86
2950,0.81,5.86
2951,0.81,5.86
2952,0.81,5.86
2953,0.81,5.86
2954,0.81,5.86
2955,0.81,5.86
2956,0.81,5.86
2957,0.81,5.86
2958,0.81,5.86
2959,0.81,5.86
2960,0.81,5.86
2961,0.81,5.86
2962,0.81,5.86
2963,0.81,5.86
2964,0.81,5.86
2965,0.8,5.86
2966,0.81,5.86
2967,0.81,5.86
2968,0.81,5.86
2969,0.81,5.86
2970,0.81,5.86
2971,0.81,5.86
2972,0.81,5.85
2973,0.81,5.85
2974,0.81,5.85
2975,0.8,5.85
2976,0.8,5.85
2977,0.8,5.85
2978,0.8,5.85
2979,0.8,5.85
2980,0.81,5.85
2981,0.8,5.85
2982,0.8,5.85
2983,0.8,5.85
2984,0.8,5.85
2985,0.8,5.85
2986,0.8,5.85
2987,0.8,5.85
2988,0.8,5.85
2989,0.8,5.85
2990,0.8,5.85
2991,0.8,5.85
2992,0.8,5.85
2993,0.8,5.85
2994,0.8,5.85
2995,0.8,5.85
2996,0.8,5.85
2997,0.8,5.85
2998,0.8,5.85
2999,0.8,5.84
3000,0.8,5.84
3001,0.8,5.84
3002,0.8,5.84
3003,0.8,5.84
3004,0.8,5.84
3005,0.8,5.84
3006,0.8,5.84
3007,0.8,5.84
3008,0.8,5.84
3009,0.8,5.84
3010,0.8,5.84
3011,0.81,5.84
3012,0.8,5.84
3013,0.8,5.84
3014,0.8,5.84
3015,0.8,5.84
3016,0.8,5.84
3017,0.8,5.84
3018,0.8,5.84
3019,0.8,5.84
3020,0.8,5.84
3021,0.8,5.84
3022,0.8,5.84
3023,0.8,5.84
3024,0.8,5.84
3025,0.8,5.84
3026,0.8,5.84
3027,0.8,5.84
3028,0.8,5.84
3029,0.8,5.84
3030,0.8,5.84
3031,0.8,5.84
3032,0.8,5.84
3033,0.8,5.84
3034,0.8,5.84
3035,0.8,5.84
3036,0.8,5.84
3037,0.8,5.84
3038,0.8,5.84
3039,0.8,5.84
3040,0.8,5.84
3041,0.8,5.83
3042,0.8,5.83
3043,0.8,5.83
3044,0.8,5.83
3045,0.8,5.83
3046,0.8,5.83
3047,0.8,5.83
3048,0.8,5.83
3049,0.8,5.83
3050,0.8,5.83
3051,0.8,5.83
3052,0.8,5.83
3053,0.8,5.83
3054,0.8,5.83
3055,0.8,5.83
3056,0.8,5.83
3057,0.8,5.83
3058,0.8,5.83
3059,0.8,5.83
3060,0.8,5.83
3061,0.8,5.83
3062,0.8,5.83
3063,0.8,5.83
3064,0.8,5.83
3065,0.8,5.83
3066,0.8,5.83
3067,0.8,5.83
3068,0.8,5.83
3069,0.8,5.83
3070,0.79,5.83
3071,0.8,5.83
3072,0.79,5.83
3073,0.8,5.83
3074,0.8,5.83
3075,0.79,5.83
3076,0.8,5.83
3077,0.79,5.82
3078,0.79,5.82
3079,0.8,5.82
3080,0.79,5.82
3081,0.79,5.82
3082,0.8,5.82
3083,0.79,5.82
3084,0.79,5.82
3085,0.8,5.82
3086,0.79,5.82
3087,0.79,5.82
3088,0.8,5.82
3089,0.8,5.82
3090,0.8,5.82
3091,0.79,5.82
3092,0.79,5.82
3093,0.79,5.82
3094,0.79,5.82
3095,0.79,5.82
3096,0.79,5.82
3097,0.79,5.82
3098,0.79,5.82
3099,0.8,5.82
3100,0.79,5.82
3101,0.79,5.82
3102,0.8,5.82
3103,0.79,5.82
3104,0.79,5.82
3105,0.79,5.82
3106,0.79,5.82
3107,0.79,5.82
3108,0.79,5.82
3109,0.79,5.81
3110,0.79,5.81
3111,0.79,5.81
3112,0.79,5.81
3113,0.79,5.81
3114,0.79,5.81
3115,0.79,5.81
3116,0.79,5.81
3117,0.79,5.81
3118,0.79,5.81
3119,0.79,5.81
3120,0.79,5.81
3121,0.79,5.81
3122,0.79,5.81
3123,0.79,5.81
3124,0.79,5.81
3125,0.79,5.81
3126,0.79,5.81
3127,0.79,5.81
3128,0.79,5.81
3129,0.79,5.81
3130,0.79,5.81
3131,0.79,5.81
3132,0.79,5.81
3133,0.79,5.81
3134,0.79,5.81
3135,0.79,5.81
3136,0.79,5.81
3137,0.79,5.81
3138,0.79,5.81
3139,0.79,5.81
3140,0.79,5.81
3141,0.79,5.81
3142,0.79,5.81
3143,0.79,5.81
3144,0.79,5.81
3145,0.79,5.81
3146,0.79,5.8
3147,0.79,5.8
3148,0.79,5.8
3149,0.79,5.8
3150,0.79,5.8
3151,0.78,5.8
3152,0.79,5.8
3153,0.79,5.8
3154,0.79,5.8
3155,0.79,5.8
3156,0.79,5.8
3157,0.79,5.8
3158,0.79,5.8
3159,0.78,5.8
3160,0.78,5.8
3161,0.78,5.8
3162,0.78,5.8
3163,0.79,5.8
3164,0.79,5.8
3165,0.78,5.8
3166,0.78,5.8
3167,0.78,5.8
3168,0.79,5.8
3169,0.79,5.8
3170,0.78,5.8
3171,0.78,5.8
3172,0.78,5.8
3173,0.78,5.8
3174,0.79,5.8
3175,0.78,5.79
3176,0.79,5.79
3177,0.78,5.79
3178,0.79,5.79
3179,0.78,5.79
3180,0.78,5.79
3181,0.78,5.79
3182,0.78,5.79
3183,0.78,5.79
3184,0.78,5.79
3185,0.78,5.79
3186,0.79,5.79
3187,0.78,5.79
3188,0.78,5.79
3189,0.78,5.79
3190,0.78,5.79
3191,0.78,5.79
3192,0.78,5.79
3193,0.78,5.79
3194,0.78,5.79
3195,0.78,5.79
3196,0.78,5.79
3197,0.77,5.79
3198,0.77,5.79
3199,0.78,5.79
3200,0.78,5.79
3201,0.78,5.79
3202,0.78,5.79
3203,0.77,5.79
3204,0.77,5.78
3205,0.77,5.78
3206,0.77,5.78
3207,0.77,5.78
3208,0.77,5.78
3209,0.77,5.78
3210,0.77,5.78
3211,0.77,5.78
3212,0.77,5.78
3213,0.78,5.78
3214,0.78,5.78
3215,0.77,5.78
3216,0.78,5.78
3217,0.77,5.78
3218,0.78,5.78
3219,0.77,5.78
3220,0.78,5.78
3221,0.77,5.78
3222,0.77,5.78
3223,0.77,5.78
3224,0.77,5.78
3225,0.77,5.78
3226,0.78,5.78
3227,0.77,5.78
3228,0.77,5.78
3229,0.77,5.78
3230,0.77,5.78
3231,0.77,5.78
3232,0.77,5.78
3233,0.77,5.78
3234,0.77,5.77
3235,0.77,5.77
3236,0.77,5.77
3237,0.77,5.77
3238,0.77,5.77
3239,0.77,5.77
3240,0.77,5.77
3241,0.77,5.77
3242,0.77,5.77
3243,0.77,5.77
3244,0.77,5.77
3245,0.77,5.77
3246,0.77,5.77
3247,0.77,5.77
3248,0.77,5.77
3249,0.77,5.77
3250,0.77,5.77
3251,0.77,5.77
3252,0.77,5.77
3253,0.77,5.77
3254,0.77,5.77
3255,0.77,5.77
3256,0.77,5.77
3257,0.77,5.76
3258,0.77,5.76
3259,0.77,5.76
3260,0.77,5.76
3261,0.77,5.76
3262,0.77,5.76
3263,0.77,5.76
3264,0.77,5.76
3265,0.77,5.76
3266,0.77,5.76
3267,0.77,5.76
3268,0.77,5.76
3269,0.77,5.76
3270,0.77,5.76
3271,0.77,5.76
3272,0.77,5.76
3273,0.76,5.76
3274,0.77,5.76
3275,0.77,5.76
3276,0.77,5.76
3277,0.76,5.76
3278,0.77,5.76
3279,0.76,5.76
3280,0.77,5.76
3281,0.76,5.76
3282,0.76,5.76
3283,0.77,5.76
3284,0.77,5.76
3285,0.76,5.76
3286,0.77,5.76
3287,0.76,5.76
3288,0.76,5.76
3289,0.77,5.75
3290,0.77,5.75
3291,0.77,5.75
3292,0.77,5.75
3293,0.77,5.75
3294,0.77,5.75
3295,0.76,5.75
3296,0.77,5.75
3297,0.76,5.75
3298,0.76,5.75
3299,0.77,5.75
3300,0.76,5.75
3301,0.76,5.75
3302,0.76,5.75
3303,0.76,5.75
3304,0.76,5.75
3305,0.76,5.75
3306,0.76,5.75
3307,0.76,5.75
3308,0.76,5.74
3309,0.76,5.74
3310,0.76,5.74
3311,0.76,5.74
3312,0.76,5.74
3313,0.76,5.74
3314,0.75,5.74
3315,0.75,5.74
3316,0.76,5.74
3317,0.75,5.74
3318,0.76,5.74
3319,0.75,5.74
3320,0.76,5.74
3321,0.76,5.74
3322,0.76,5.74
3323,0.76,5.74
3324,0.76,5.74
3325,0.76,5.74
3326,0.76,5.74
3327,0.75,5.74
3328,0.75,5.74
3329,0.76,5.74
3330,0.75,5.74
3331,0.76,5.74
3332,0.76,5.73
3333,0.75,5.73
3334,0.75,5.73
3335,0.75,5.73
3336,0.75,5.73
3337,0.75,5.73
3338,0.75,5.73
3339,0.75,5.73
3340,0.75,5.73
3341,0.75,5.73
3342,0.75,5.73
3343,0.75,5.73
3344,0.75,5.73
3345,0.75,5.73
3346,0.75,5.73
3347,0.75,5.73
3348,0.75,5.73
3349,0.75,5.73
3350,0.75,5.73
3351,0.75,5.73
3352,0.75,5.73
3353,0.75,5.73
3354,0.75,5.73
3355,0.75,5.73
3356,0.75,5.73
3357,0.75,5.73
3358,0.75,5.73
3359,0.75,5.72
3360,0.75,5.72
3361,0.75,5.72
3362,0.75,5.72
3363,0.75,5.72
3364,0.75,5.72
3365,0.75,5.72
3366,0.75,5.72
3367,0.75,5.72
3368,0.75,5.72
3369,0.75,5.72
3370,0.75,5.72
3371,0.75,5.72
3372,0.75,5.72
3373,0.75,5.72
3374,0.75,5.72
3375,0.75,5.72
3376,0.75,5.72
3377,0.75,5.72
3378,0.75,5.72
3379,0.75,5.72
3380,0.75,5.72
3381,0.75,5.72
3382,0.75,5.72
3383,0.75,5.72
3384,0.75,5.72
3385,0.75,5.71
3386,0.75,5.71
3387,0.75,5.71
3388,0.74,5.71
3389,0.74,5.71
3390,0.75,5.71
3391,0.74,5.71
3392,0.75,5.71
3393,0.74,5.71
3394,0.75,5.71
3395,0.75,5.71
3396,0.75,5.71
3397,0.74,5.71
3398,0.75,5.71
3399,0.75,5.71
3400,0.75,5.71
3401,0.75,5.71
3402,0.74,5.71
3403,0.74,5.71
3404,0.74,5.71
3405,0.74,5.71
3406,0.74,5.71
3407,0.74,5.71
3408,0.74,5.7
3409,0.74,5.7
3410,0.74,5.7
3411,0.74,5.7
3412,0.74,5.7
3413,0.74,5.7
3414,0.73,5.7
3415,0.74,5.7
3416,0.74,5.7
3417,0.74,5.7
3418,0.74,5.7
3419,0.74,5.7
3420,0.74,5.7
3421,0.74,5.7
3422,0.74,5.7
3423,0.74,5.7
3424,0.74,5.7
3425,0.74,5.7
3426,0.74,5.7
3427,0.74,5.7
3428,0.74,5.7
3429,0.74,5.7
3430,0.74,5.7
3431,0.74,5.7
3432,0.73,5.7
3433,0.74,5.7
3434,0.74,5.69
3435,0.74,5.69
3436,0.73,5.69
3437,0.74,5.69
3438,0.73,5.69
3439,0.74,5.69
3440,0.74,5.69
3441,0.73,5.69
3442,0.74,5.69
3443,0.74,5.69
3444,0.73,5.69
3445,0.73,5.69
3446,0.73,5.69
3447,0.73,5.69
3448,0.73,5.69
3449,0.73,5.69
3450,0.73,5.69
3451,0.73,5.69
3452,0.73,5.69
3453,0.73,5.69
3454,0.73,5.69
3455,0.73,5.69
3456,0.73,5.69
3457,0.73,5.69
3458,0.73,5.68
3459,0.73,5.68
3460,0.73,5.68
3461,0.73,5.68
3462,0.73,5.68
3463,0.73,5.68
3464,0.73,5.68
3465,0.73,5.68
3466,0.73,5.68
3467,0.73,5.68
3468,0.73,5.68
3469,0.73,5.68
3470,0.73,5.68
3471,0.73,5.68
3472,0.73,5.68
3473,0.73,5.68
3474,0.73,5.68
3475,0.73,5.68
3476,0.73,5.68
3477,0.73,5.68
3478,0.73,5.68
3479,0.73,5.68
3480,0.73,5.68
3481,0.73,5.68
3482,0.73,5.68
3483,0.73,5.68
3484,0.73,5.67
3485,0.73,5.67
3486,0.73,5.67
3487,0.73,5.67
3488,0.73,5.67
3489,0.73,5.67
3490,0.73,5.67
3491,0.73,5.67
3492,0.73,5.67
3493,0.73,5.67
3494,0.73,5.67
3495,0.73,5.67
3496,0.73,5.67
3497,0.73,5.67
3498,0.73,5.67
3499,0.73,5.67
3500,0.73,5.67
3501,0.73,5.67
3502,0.73,5.67
3503,0.73,5.67
3504,0.73,5.67
3505,0.72,5.67
3506,0.72,5.67
3507,0.73,5.67
3508,0.72,5.66
3509,0.72,5.66
3510,0.72,5.66
3511,0.72,5.66
3512,0.72,5.66
3513,0.72,5.66
3514,0.72,5.66
3515,0.73,5.66
3516,0.72,5.66
3517,0.72,5.66
3518,0.72,5.66
3519,0.72,5.66
3520,0.72,5.66
3521,0.72,5.66
3522,0.72,5.66
3523,0.72,5.66
3524,0.72,5.66
3525,0.72,5.66
3526,0.72,5.66
3527,0.72,5.66
3528,0.72,5.66
3529,0.72,5.66
3530,0.72,5.65
3531,0.72,5.65
3532,0.72,5.65
3533,0.72,5.65
3534,0.72,5.65
3535,0.72,5.65
3536,0.72,5.65
3537,0.71,5.65
3538,0.71,5.65
3539,0.72,5.65
3540,0.71,5.65
3541,0.71,5.65
3542,0.71,5.65
3543,0.71,5.65
3544,0.71,5.65
3545,0.72,5.65
3546,0.72,5.65
3547,0.71,5.65
3548,0.71,5.65
3549,0.71,5.65
3550,0.71,5.65
3551,0.71,5.65
3552,0.71,5.65
3553,0.71,5.65
3554,0.71,5.65
3555,0.71,5.65
3556,0.71,5.65
3557,0.71,5.64
3558,0.71,5.64
3559,0.71,5.64
3560,0.71,5.64
3561,0.71,5.64
3562,0.71,5.64
3563,0.71,5.64
3564,0.71,5.64
3565,0.71,5.64
3566,0.71,5.64
3567,0.71,5.64
3568,0.71,5.64
3569,0.71,5.64
3570,0.71,5.64
3571,0.71,5.64
3572,0.71,5.64
3573,0.71,5.64
3574,0.71,5.64
3575,0.71,5.64
3576,0.71,5.64
3577,0.71,5.63
3578,0.71,5.63
3579,0.71,5.63
3580,0.71,5.63
3581,0.71,5.63
3582,0.71,5.63
3583,0.71,5.63
3584,0.71,5.63
3585,0.71,5.63
3586,0.71,5.63
3587,0.71,5.63
3588,0.71,5.63
3589,0.71,5.63
3590,0.71,5.63
3591,0.71,5.63
3592,0.71,5.63
3593,0.71,5.63
3594,0.71,5.63
3595,0.71,5.63
3596,0.71,5.63
3597,0.71,5.63
3598,0.71,5.63
3599,0.71,5.63
3600,0.7,5.63
3601,0.71,5.63
3602,0.7,5.63
3603,0.71,5.63
3604,0.7,5.63
3605,0.7,5.62
3606,0.71,5.62
3607,0.7,5.62
3608,0.71,5.62
3609,0.7,5.62
3610,0.7,5.62
3611,0.7,5.62
3612,0.7,5.62
3613,0.7,5.62
3614,0.7,5.62
3615,0.71,5.62
3616,0.7,5.62
3617,0.7,5.62
3618,0.7,5.62
3619,0.71,5.62
3620,0.7,5.62
3621,0.7,5.62
3622,0.71,5.62
3623,0.7,5.62
3624,0.7,5.61
3625,0.7,5.61
3626,0.7,5.61
3627,0.7,5.61
3628,0.7,5.61
3629,0.7,5.61
3630,0.7,5.61
3631,0.7,5.61
3632,0.7,5.61
3633,0.69,5.61
3634,0.7,5.61
3635,0.69,5.61
3636,0.69,5.61
3637,0.69,5.61
3638,0.69,5.61
3639,0.69,5.61
3640,0.7,5.61
3641,0.7,5.61
3642,0.69,5.61
3643,0.7,5.61
3644,0.69,5.61
3645,0.69,5.61
3646,0.69,5.61
3647,0.7,5.61
3648,0.69,5.61
3649,0.7,5.61
3650,0.69,5.61
3651,0.7,5.61
3652,0.69,5.61
3653,0.69,5.6
3654,0.69,5.6
3655,0.69,5.6
3656,0.69,5.6
3657,0.69,5.6
3658,0.7,5.6
3659,0.69,5.6
3660,0.69,5.6
3661,0.69,5.6
3662,0.69,5.6
3663,0.69,5.6
3664,0.69,5.6
3665,0.69,5.6
3666,0.69,5.6
3667,0.69,5.6
3668,0.69,5.6
3669,0.69,5.6
3670,0.69,5.6
3671,0.69,5.59
3672,0.69,5.59
3673,0.69,5.59
3674,0.69,5.59
3675,0.69,5.59
3676,0.69,5.59
3677,0.69,5.59
3678,0.69,5.59
3679,0.69,5.59
3680,0.69,5.59
3681,0.69,5.59
3682,0.69,5.59
3683,0.69,5.59
3684,0.69,5.59
3685,0.69,5.59
3686,0.69,5.59
3687,0.69,5.59
3688,0.69,5.59
3689,0.69,5.59
3690,0.69,5.59
3691,0.69,5.59
3692,0.69,5.59
3693,0.69,5.59
3694,0.69,5.59
3695,0.69,5.59
3696,0.69,5.59
3697,0.69,5.59
3698,0.69,5.58
3699,0.69,5.58
3700,0.68,5.58
3701,0.69,5.58
3702,0.69,5.58
3703,0.68,5.58
3704,0.68,5.58
3705,0.69,5.58
3706,0.68,5.58
3707,0.69,5.58
3708,0.69,5.58
3709,0.68,5.58
3710,0.69,5.58
3711,0.68,5.58
3712,0.69,5.58
3713,0.68,5.58
3714,0.69,5.58
3715,0.68,5.58
3716,0.68,5.58
3717,0.69,5.57
3718,0.68,5.57
3719,0.68,5.57
3720,0.68,5.57
3721,0.69,5.57
3722,0.69,5.57
3723,0.68,5.57
3724,0.68,5.57
3725,0.68,5.57
3726,0.68,5.57
3727,0.68,5.57
3728,0.68,5.57
3729,0.68,5.57
3730,0.68,5.57
3731,0.68,5.57
3732,0.68,5.57
3733,0.68,5.57
3734,0.68,5.57
3735,0.68,5.57
3736,0.68,5.57
3737,0.68,5.57
3738,0.68,5.57
3739,0.68,5.57
3740,0.68,5.57
3741,0.68,5.56
3742,0.68,5.56
3743,0.68,5.56
3744,0.68,5.56
3745,0.67,5.56
3746,0.68,5.56
3747,0.67,5.56
3748,0.68,5.56
3749,0.67,5.56
3750,0.67,5.56
3751,0.67,5.56
3752,0.67,5.56
3753,0.68,5.56
3754,0.68,5.56
3755,0.67,5.56
3756,0.68,5.56
3757,0.67,5.56
3758,0.67,5.56
3759,0.67,5.56
3760,0.68,5.56
3761,0.67,5.55
3762,0.67,5.55
3763,0.67,5.55
3764,0.67,5.55
3765,0.67,5.55
3766,0.67,5.55
3767,0.67,5.55
3768,0.67,5.55
3769,0.67,5.55
3770,0.67,5.55
3771,0.67,5.55
3772,0.67,5.55
3773,0.67,5.55
3774,0.67,5.55
3775,0.67,5.55
3776,0.67,5.55
3777,0.67,5.55
3778,0.67,5.55
3779,0.67,5.55
3780,0.67,5.55
3781,0.67,5.55
3782,0.67,5.54
3783,0.67,5.54
3784,0.67,5.54
3785,0.67,5.54
3786,0.67,5.54
3787,0.67,5.54
3788,0.67,5.54
3789,0.67,5.54
3790,0.67,5.54
3791,0.67,5.54
3792,0.67,5.54
3793,0.67,5.54
3794,0.67,5.54
3795,0.67,5.54
3796,0.67,5.54
3797,0.67,5.54
3798,0.67,5.54
3799,0.67,5.54
3800,0.66,5.54
3801,0.67,5.54
3802,0.67,5.54
3803,0.67,5.54
3804,0.67,5.54
3805,0.67,5.54
3806,0.67,5.54
3807,0.67,5.53
3808,0.67,5.53
3809,0.66,5.53
3810,0.67,5.53
3811,0.67,5.53
3812,0.66,5.53
3813,0.67,5.53
3814,0.67,5.53
3815,0.66,5.53
3816,0.66,5.53
3817,0.67,5.53
3818,0.67,5.53
3819,0.66,5.53
3820,0.67,5.53
3821,0.67,5.53
3822,0.67,5.53
3823,0.67,5.53
3824,0.67,5.52
3825,0.66,5.52
3826,0.66,5.52
3827,0.66,5.52
3828,0.66,5.52
3829,0.66,5.52
3830,0.66,5.52
3831,0.66,5.52
3832,0.66,5.52
3833,0.66,5.52
3834,0.66,5.52
3835,0.66,5.52
3836,0.65,5.52
3837,0.66,5.52
3838,0.66,5.52
3839,0.66,5.52
3840,0.66,5.52
3841,0.66,5.52
3842,0.66,5.52
3843,0.66,5.52
3844,0.66,5.52
3845,0.66,5.52
3846,0.66,5.52
3847,0.66,5.52
3848,0.66,5.52
3849,0.66,5.52
3850,0.66,5.52
3851,0.66,5.52
3852,0.65,5.52
3853,0.66,5.51
3854,0.66,5.51
3855,0.66,5.51
3856,0.66,5.51
3857,0.66,5.51
3858,0.65,5.51
3859,0.66,5.51
3860,0.65,5.51
3861,0.65,5.51
3862,0.65,5.51
3863,0.65,5.51
3864,0.65,5.51
3865,0.65,5.51
3866,0.65,5.51
3867,0.65,5.51
3868,0.65,5.5
3869,0.65,5.5
3870,0.65,5.5
3871,0.65,5.5
3872,0.65,5.5
3873,0.65,5.5
3874,0.65,5.5
3875,0.65,5.5
3876,0.65,5.5
3877,0.65,5.5
3878,0.65,5.5
3879,0.65,5.5
3880,0.65,5.5
3881,0.65,5.5
3882,0.65,5.5
3883,0.65,5.5
3884,0.65,5.5
3885,0.65,5.5
3886,0.65,5.5
3887,0.65,5.5
3888,0.65,5.5
3889,0.65,5.5
3890,0.65,5.5
3891,0.65,5.5
3892,0.65,5.5
3893,0.65,5.5
3894,0.65,5.5
3895,0.65,5.5
3896,0.65,5.5
3897,0.65,5.5
3898,0.65,5.5
3899,0.65,5.5
3900,0.65,5.49
3901,0.65,5.49
3902,0.65,5.49
3903,0.65,5.49
3904,0.65,5.49
3905,0.65,5.49
3906,0.65,5.49
3907,0.65,5.49
3908,0.65,5.49
3909,0.65,5.49
3910,0.65,5.49
3911,0.65,5.49
3912,0.65,5.49
3913,0.65,5.49
3914,0.65,5.49
3915,0.65,5.49
3916,0.65,5.49
3917,0.65,5.49
3918,0.65,5.48
3919,0.64,5.48
3920,0.65,5.48
3921,0.65,5.48
3922,0.65,5.48
3923,0.65,5.48
3924,0.65,5.48
3925,0.65,5.48
3926,0.65,5.48
3927,0.65,5.48
3928,0.64,5.48
3929,0.65,5.48
3930,0.65,5.48
3931,0.65,5.48
3932,0.64,5.48
3933,0.64,5.48
3934,0.64,5.48
3935,0.64,5.48
3936,0.64,5.48
3937,0.64,5.48
3938,0.64,5.48
3939,0.64,5.48
3940,0.64,5.48
3941,0.64,5.48
3942,0.64,5.48
3943,0.64,5.48
3944,0.64,5.48
3945,0.64,5.48
3946,0.64,5.48
3947,0.64,5.48
3948,0.64,5.48
3949,0.64,5.48
3950,0.64,5.48
3951,0.64,5.48
3952,0.64,5.47
3953,0.64,5.47
3954,0.64,5.47
3955,0.64,5.47
3956,0.64,5.47
3957,0.64,5.47
3958,0.64,5.47
3959,0.64,5.47
3960,0.64,5.47
3961,0.64,5.47
3962,0.64,5.47
3963,0.64,5.47
3964,0.64,5.47
3965,0.64,5.47
3966,0.64,5.47
3967,0.64,5.46
3968,0.64,5.46
3969,0.64,5.46
3970,0.64,5.46
3971,0.64,5.46
3972,0.64,5.46
3973,0.64,5.46
3974,0.64,5.46
3975,0.64,5.46
3976,0.64,5.46
3977,0.64,5.46
3978,0.64,5.46
3979,0.64,5.46
3980,0.64,5.46
3981,0.64,5.46
3982,0.64,5.46
3983,0.64,5.46
3984,0.64,5.46
3985,0.64,5.46
3986,0.64,5.46
3987,0.64,5.46
3988,0.64,5.46
3989,0.64,5.46
3990,0.64,5.46
3991,0.64,5.46
3992,0.64,5.46
3993,0.64,5.46
3994,0.64,5.46
3995,0.64,5.46
3996,0.64,5.46
3997,0.64,5.46
3998,0.64,5.46
3999,0.63,5.45
4000,0.64,5.45
4001,0.63,5.45
4002,0.63,5.45
4003,0.64,5.45
4004,0.64,5.45
4005,0.63,5.45
4006,0.63,5.45
4007,0.63,5.45
4008,0.63,5.45
4009,0.64,5.45
4010,0.63,5.45
4011,0.63,5.45
4012,0.63,5.45
4013,0.63,5.45
4014,0.63,5.45
4015,0.63,5.45
4016,0.63,5.44
4017,0.63,5.44
4018,0.63,5.44
4019,0.63,5.44
4020,0.63,5.44
4021,0.62,5.44
4022,0.63,5.44
4023,0.63,5.44
4024,0.63,5.44
4025,0.63,5.44
4026,0.63,5.44
4027,0.63,5.44
4028,0.63,5.44
4029,0.63,5.44
4030,0.63,5.44
4031,0.63,5.44
4032,0.63,5.44
4033,0.63,5.44
4034,0.63,5.44
4035,0.63,5.44
4036,0.63,5.44
4037,0.63,5.44
4038,0.62,5.44
4039,0.62,5.44
4040,0.63,5.44
4041,0.62,5.44
4042,0.63,5.44
4043,0.63,5.44
4044,0.62,5.44
4045,0.63,5.44
4046,0.62,5.44
4047,0.62,5.44
4048,0.62,5.44
4049,0.62,5.44
4050,0.62,5.43
4051,0.62,5.43
4052,0.62,5.43
4053,0.63,5.43
4054,0.62,5.43
4055,0.62,5.43
4056,0.62,5.43
4057,0.62,5.43
4058,0.62,5.43
4059,0.62,5.43
4060,0.62,5.43
4061,0.62,5.43
4062,0.62,5.43
4063,0.62,5.43
4064,0.62,5.43
4065,0.62,5.43
4066,0.62,5.42
4067,0.62,5.42
4068,0.62,5.42
4069,0.62,5.42
4070,0.62,5.42
4071,0.62,5.42
4072,0.62,5.42
4073,0.62,5.42
4074,0.62,5.42
4075,0.62,5.42
4076,0.62,5.42
4077,0.62,5.42
4078,0.62,5.42
4079,0.62,5.42
4080,0.62,5.42
4081,0.62,5.42
4082,0.62,5.42
4083,0.62,5.42
4084,0.62,5.42
4085,0.62,5.42
4086,0.62,5.42
4087,0.62,5.42
4088,0.62,5.42
4089,0.62,5.42
4090,0.62,5.42
4091,0.62,5.42
4092,0.62,5.42
4093,0.62,5.42
4094,0.62,5.42
4095,0.62,5.42
4096,0.62,5.42
4097,0.62,5.42
4098,0.62,5.42
4099,0.62,5.42
4100,0.62,5.42
4101,0.62,5.42
4102,0.62,5.41
4103,0.62,5.41
4104,0.62,5.41
4105,0.62,5.41
4106,0.62,5.41
4107,0.62,5.41
4108,0.62,5.41
4109,0.62,5.41
4110,0.62,5.41
4111,0.62,5.41
4112,0.62,5.41
4113,0.62,5.41
4114,0.62,5.41
4115,0.62,5.41
4116,0.61,5.41
4117,0.62,5.41
4118,0.62,5.4
4119,0.61,5.4
4120,0.62,5.4
4121,0.62,5.4
4122,0.62,5.4
4123,0.61,5.4
4124,0.62,5.4
4125,0.61,5.4
4126,0.61,5.4
4127,0.62,5.4
4128,0.62,5.4
4129,0.61,5.4
4130,0.61,5.4
4131,0.61,5.4
4132,0.61,5.4
4133,0.61,5.4
4134,0.61,5.4
4135,0.61,5.4
4136,0.61,5.4
4137,0.61,5.4
4138,0.62,5.4
4139,0.61,5.4
4140,0.61,5.4
4141,0.61,5.4
4142,0.61,5.4
4143,0.62,5.4
4144,0.62,5.4
4145,0.61,5.4
4146,0.61,5.4
4147,0.61,5.4
4148,0.61,5.4
4149,0.61,5.4
4150,0.61,5.4
4151,0.61,5.4
4152,0.61,5.4
4153,0.61,5.4
4154,0.61,5.39
4155,0.61,5.39
4156,0.61,5.39
4157,0.61,5.39
4158,0.61,5.39
4159,0.61,5.39
4160,0.61,5.39
4161,0.61,5.39
4162,0.61,5.39
4163,0.6,5.39
4164,0.61,5.39
4165,0.6,5.39
4166,0.61,5.39
4167,0.6,5.39
4168,0.61,5.39
4169,0.61,5.39
4170,0.61,5.39
4171,0.61,5.39
4172,0.6,5.39
4173,0.6,5.39
4174,0.61,5.39
4175,0.6,5.39
4176,0.61,5.38
4177,0.6,5.38
4178,0.6,5.38
4179,0.6,5.38
4180,0.6,5.38
4181,0.6,5.38
4182,0.61,5.38
4183,0.6,5.38
4184,0.6,5.38
4185,0.61,5.38
4186,0.6,5.38
4187,0.61,5.38
4188,0.6,5.38
4189,0.61,5.38
4190,0.61,5.38
4191,0.61,5.38
4192,0.6,5.38
4193,0.6,5.38
4194,0.6,5.38
4195,0.61,5.38
4196,0.6,5.38
4197,0.6,5.38
4198,0.6,5.38
4199,0.6,5.38
4200,0.6,5.38
4201,0.6,5.38
4202,0.6,5.38
4203,0.6,5.38
4204,0.6,5.38
4205,0.6,5.38
4206,0.6,5.38
4207,0.6,5.37
4208,0.6,5.37
4209,0.6,5.37
4210,0.6,5.37
4211,0.6,5.37
4212,0.6,5.37
4213,0.6,5.37
4214,0.6,5.37
4215,0.6,5.37
4216,0.6,5.37
4217,0.6,5.37
4218,0.6,5.37
4219,0.6,5.37
4220,0.6,5.37
4221,0.6,5.37
4222,0.6,5.37
4223,0.6,5.37
4224,0.6,5.37
4225,0.6,5.37
4226,0.6,5.37
4227,0.6,5.37
4228,0.6,5.37
4229,0.6,5.36
4230,0.6,5.36
4231,0.6,5.36
4232,0.6,5.36
4233,0.6,5.36
4234,0.6,5.36
4235,0.6,5.36
4236,0.6,5.36
4237,0.6,5.36
4238,0.6,5.36
4239,0.6,5.36
4240,0.6,5.36
4241,0.6,5.36
4242,0.6,5.36
4243,0.6,5.36
4244,0.6,5.36
4245,0.6,5.36
4246,0.6,5.36
4247,0.59,5.36
4248,0.59,5.36
4249,0.6,5.36
4250,0.6,5.36
4251,0.6,5.36
4252,0.6,5.36
4253,0.6,5.36
4254,0.6,5.36
4255,0.6,5.36
4256,0.6,5.36
4257,0.6,5.36
4258,0.59,5.36
4259,0.6,5.36
4260,0.6,5.36
4261,0.6,5.36
4262,0.6,5.36
4263,0.6,5.36
4264,0.6,5.36
4265,0.6,5.35
4266,0.6,5.35
4267,0.59,5.35
4268,0.59,5.35
4269,0.59,5.35
4270,0.6,5.35
4271,0.6,5.35
4272,0.6,5.35
4273,0.6,5.35
4274,0.6,5.35
4275,0.6,5.35
4276,0.6,5.35
4277,0.6,5.35
4278,0.6,5.35
4279,0.59,5.35
4280,0.59,5.35
4281,0.6,5.35
4282,0.59,5.35
4283,0.6,5.34
4284,0.59,5.34
4285,0.59,5.34
4286,0.59,5.34
4287,0.6,5.34
4288,0.59,5.34
4289,0.59,5.34
4290,0.59,5.34
4291,0.59,5.34
4292,0.59,5.34
4293,0.59,5.34
4294,0.59,5.34
4295,0.59,5.34
4296,0.59,5.34
4297,0.59,5.34
4298,0.59,5.34
4299,0.58,5.34
4300,0.58,5.34
4301,0.59,5.34
4302,0.59,5.34
4303,0.59,5.34
4304,0.59,5.34
4305,0.59,5.34
4306,0.59,5.34
4307,0.59,5.34
4308,0.58,5.34
4309,0.58,5.34
4310,0.59,5.34
4311,0.59,5.34
4312,0.59,5.34
4313,0.58,5.34
4314,0.59,5.34
4315,0.59,5.34
4316,0.59,5.34
4317,0.58,5.34
4318,0.59,5.33
4319,0.58,5.33
4320,0.59,5.33
4321,0.59,5.33
4322,0.59,5.33
4323,0.59,5.33
4324,0.59,5.33
4325,0.59,5.33
4326,0.59,5.33
4327,0.59,5.33
4328,0.58,5.33
4329,0.59,5.33
4330,0.59,5.33
4331,0.59,5.33
4332,0.59,5.33
4333,0.59,5.33
4334,0.58,5.33
4335,0.58,5.33
4336,0.59,5.33
4337,0.58,5.33
4338,0.58,5.33
4339,0.58,5.33
4340,0.58,5.33
4341,0.58,5.33
4342,0.58,5.33
4343,0.58,5.33
4344,0.58,5.33
4345,0.58,5.33
4346,0.58,5.33
4347,0.58,5.33
4348,0.58,5.33
4349,0.58,5.33
4350,0.58,5.33
4351,0.58,5.33
4352,0.58,5.33
4353,0.58,5.33
4354,0.58,5.33
4355,0.58,5.33
4356,0.58,5.33
4357,0.58,5.33
4358,0.58,5.33
4359,0.58,5.33
4360,0.58,5.33
4361,0.58,5.32
4362,0.58,5.32
4363,0.58,5.32
4364,0.58,5.32
4365,0.58,5.32
4366,0.58,5.32
4367,0.58,5.32
4368,0.58,5.32
4369,0.58,5.32
4370,0.58,5.32
4371,0.58,5.32
4372,0.58,5.32
4373,0.58,5.32
4374,0.58,5.32
4375,0.58,5.32
4376,0.58,5.31
4377,0.58,5.31
4378,0.58,5.31
4379,0.58,5.31
4380,0.58,5.31
4381,0.58,5.31
4382,0.58,5.31
4383,0.58,5.31
4384,0.58,5.31
4385,0.58,5.31
4386,0.58,5.31
4387,0.58,5.31
4388,0.58,5.31
4389,0.58,5.31
4390,0.58,5.31
4391,0.58,5.31
4392,0.58,5.31
4393,0.58,5.31
4394,0.58,5.31
4395,0.58,5.31
4396,0.58,5.32
4397,0.58,5.32
4398,0.58,5.32
4399,0.58,5.32
4400,0.58,5.32
4401,0.58,5.32
4402,0.58,5.32
4403,0.58,5.31
4404,0.58,5.31
4405,0.58,5.31
4406,0.58,5.31
4407,0.58,5.31
4408,0.58,5.31
4409,0.58,5.31
4410,0.58,5.31
4411,0.57,5.31
4412,0.58,5.31
4413,0.58,5.31
4414,0.57,5.31
4415,0.58,5.31
4416,0.58,5.31
4417,0.58,5.31
4418,0.58,5.3
4419,0.58,5.3
4420,0.58,5.3
4421,0.58,5.3
4422,0.57,5.3
4423,0.58,5.3
4424,0.58,5.3
4425,0.58,5.3
4426,0.58,5.3
4427,0.58,5.3
4428,0.58,5.3
4429,0.58,5.3
4430,0.57,5.3
4431,0.58,5.3
4432,0.58,5.3
4433,0.58,5.3
4434,0.57,5.3
4435,0.58,5.3
4436,0.58,5.3
4437,0.58,5.3
4438,0.58,5.3
4439,0.58,5.3
4440,0.57,5.3
4441,0.58,5.3
4442,0.57,5.3
4443,0.57,5.3
4444,0.57,5.3
4445,0.57,5.3
4446,0.57,5.3
4447,0.57,5.3
4448,0.56,5.3
4449,0.57,5.3
4450,0.57,5.3
4451,0.57,5.3
4452,0.57,5.3
4453,0.57,5.3
4454,0.57,5.3
4455,0.57,5.3
4456,0.57,5.3
4457,0.57,5.3
4458,0.57,5.3
4459,0.57,5.3
4460,0.57,5.3
4461,0.57,5.3
4462,0.57,5.3
4463,0.57,5.3
4464,0.57,5.3
4465,0.57,5.3
4466,0.57,5.29
4467,0.57,5.29
4468,0.57,5.29
4469,0.56,5.29
4470,0.57,5.29
4471,0.57,5.29
4472,0.57,5.29
4473,0.57,5.29
4474,0.57,5.29
4475,0.57,5.29
4476,0.57,5.29
4477,0.57,5.28
4478,0.57,5.28
4479,0.57,5.28
4480,0.57,5.28
4481,0.57,5.28
4482,0.56,5.28
4483,0.57,5.28
4484,0.57,5.28
4485,0.57,5.28
4486,0.57,5.28
4487,0.57,5.28
4488,0.57,5.28
4489,0.57,5.29
4490,0.57,5.29
4491,0.57,5.29
4492,0.57,5.29
4493,0.57,5.29
4494,0.57,5.29
4495,0.57,5.29
4496,0.57,5.29
4497,0.57,5.29
4498,0.56,5.29
4499,0.56,5.29
4500,0.56,5.29
4501,0.56,5.29
4502,0.57,5.29
4503,0.57,5.29
4504,0.56,5.29
4505,0.56,5.29
4506,0.56,5.29
4507,0.56,5.29
4508,0.56,5.29
4509,0.56,5.29
4510,0.57,5.29
4511,0.56,5.29
4512,0.56,5.29
4513,0.56,5.29
4514,0.56,5.29
4515,0.56,5.29
4516,0.56,5.28
4517,0.56,5.28
4518,0.56,5.28
4519,0.56,5.28
4520,0.56,5.28
4521,0.56,5.28
4522,0.56,5.28
4523,0.56,5.28
4524,0.56,5.27
4525,0.56,5.27
4526,0.56,5.27
4527,0.56,5.27
4528,0.56,5.27
4529,0.56,5.27
4530,0.56,5.27
4531,0.56,5.27
4532,0.56,5.27
4533,0.56,5.27
4534,0.56,5.27
4535,0.56,5.27
4536,0.56,5.27
4537,0.56,5.27
4538,0.56,5.27
4539,0.56,5.27
4540,0.56,5.27
4541,0.56,5.27
4542,0.56,5.27
4543,0.56,5.27
4544,0.56,5.27
4545,0.56,5.27
4546,0.56,5.27
4547,0.56,5.27
4548,0.56,5.27
4549,0.56,5.28
4550,0.56,5.28
4551,0.56,5.28
4552,0.56,5.28
4553,0.56,5.28
4554,0.56,5.28
4555,0.56,5.28
4556,0.56,5.28
4557,0.56,5.28
4558,0.56,5.28
4559,0.56,5.28
4560,0.56,5.28
4561,0.56,5.28
4562,0.56,5.28
4563,0.56,5.28
4564,0.56,5.27
4565,0.56,5.27
4566,0.56,5.27
4567,0.56,5.27
4568,0.56,5.27
4569,0.56,5.27
4570,0.56,5.27
4571,0.56,5.27
4572,0.56,5.27
4573,0.56,5.27
4574,0.56,5.26
4575,0.56,5.26
4576,0.56,5.26
4577,0.56,5.26
4578,0.56,5.26
4579,0.56,5.26
4580,0.56,5.26
4581,0.56,5.26
4582,0.56,5.26
4583,0.56,5.26
4584,0.56,5.26
4585,0.56,5.26
4586,0.56,5.25
4587,0.56,5.25
4588,0.56,5.25
4589,0.56,5.25
4590,0.56,5.25
4591,0.56,5.25
4592,0.56,5.25
4593,0.56,5.25
4594,0.56,5.26
4595,0.56,5.26
4596,0.56,5.26
4597,0.56,5.26
4598,0.56,5.26
4599,0.56,5.26
4600,0.56,5.26
4601,0.56,5.26
4602,0.56,5.26
4603,0.56,5.26
4604,0.56,5.26
4605,0.56,5.26
4606,0.56,5.26
4607,0.56,5.26
4608,0.56,5.26
4609,0.56,5.26
4610,0.56,5.26
4611,0.56,5.26
4612,0.56,5.26
4613,0.56,5.26
4614,0.56,5.26
4615,0.56,5.26
4616,0.56,5.26
4617,0.56,5.26
4618,0.56,5.26
4619,0.56,5.26
4620,0.56,5.26
4621,0.56,5.26
4622,0.56,5.26
4623,0.56,5.25
4624,0.56,5.25
4625,0.56,5.25
4626,0.56,5.25
4627,0.56,5.25
4628,0.56,5.25
4629,0.56,5.25
4630,0.56,5.25
4631,0.56,5.25
4632,0.56,5.25
4633,0.56,5.25
4634,0.56,5.25
4635,0.56,5.25
4636,0.55,5.25
4637,0.56,5.25
4638,0.55,5.25
4639,0.56,5.25
4640,0.55,5.25
4641,0.55,5.25
4642,0.55,5.25
4643,0.55,5.25
4644,0.55,5.25
4645,0.55,5.25
4646,0.55,5.25
4647,0.55,5.25
4648,0.56,5.25
4649,0.55,5.25
4650,0.55,5.25
4651,0.55,5.25
4652,0.55,5.25
4653,0.55,5.25
4654,0.55,5.25
4655,0.55,5.25
4656,0.55,5.25
4657,0.55,5.25
4658,0.55,5.25
4659,0.55,5.25
4660,0.55,5.25
4661,0.55,5.25
4662,0.55,5.25
4663,0.55,5.25
4664,0.55,5.25
4665,0.55,5.25
4666,0.55,5.25
4667,0.55,5.25
4668,0.55,5.25
4669,0.55,5.25
4670,0.56,5.25
4671,0.55,5.24
4672,0.55,5.24
4673,0.56,5.24
4674,0.55,5.24
4675,0.55,5.24
4676,0.55,5.24
4677,0.55,5.24
4678,0.55,5.24
4679,0.55,5.24
4680,0.55,5.24
4681,0.55,5.24
4682,0.55,5.24
4683,0.55,5.24
4684,0.56,5.24
4685,0.55,5.23
4686,0.55,5.23
4687,0.55,5.23
4688,0.55,5.23
4689,0.55,5.23
4690,0.55,5.23
4691,0.55,5.23
4692,0.55,5.23
4693,0.55,5.24
4694,0.55,5.24
4695,0.55,5.24
4696,0.55,5.24
4697,0.55,5.24
4698,0.55,5.24
4699,0.55,5.24
4700,0.55,5.24
4701,0.55,5.24
4702,0.55,5.24
4703,0.55,5.24
4704,0.55,5.24
4705,0.55,5.24
4706,0.55,5.24
4707,0.55,5.24
4708,0.55,5.24
4709,0.55,5.24
4710,0.55,5.24
4711,0.55,5.24
4712,0.55,5.24
4713,0.55,5.24
4714,0.55,5.24
4715,0.55,5.24
4716,0.55,5.24
4717,0.55,5.24
4718,0.54,5.24
4719,0.54,5.24
4720,0.54,5.24
4721,0.54,5.24
4722,0.54,5.24
4723,0.54,5.24
4724,0.54,5.24
4725,0.54,5.24
4726,0.54,5.24
4727,0.55,5.23
4728,0.54,5.23
4729,0.54,5.23
4730,0.54,5.23
4731,0.54,5.23
4732,0.54,5.23
4733,0.54,5.23
4734,0.54,5.23
4735,0.54,5.23
4736,0.54,5.23
4737,0.54,5.23
4738,0.54,5.23
4739,0.54,5.23
4740,0.54,5.23
4741,0.54,5.22
4742,0.54,5.22
4743,0.55,5.22
4744,0.54,5.22
4745,0.54,5.22
4746,0.54,5.22
4747,0.54,5.22
4748,0.54,5.23
4749,0.54,5.23
4750,0.54,5.23
4751,0.54,5.23
4752,0.54,5.23
4753,0.55,5.23
4754,0.54,5.23
4755,0.54,5.23
4756,0.54,5.23
4757,0.54,5.23
4758,0.54,5.23
4759,0.54,5.23
4760,0.54,5.23
4761,0.54,5.23
4762,0.54,5.23
4763,0.55,5.23
4764,0.54,5.23
4765,0.54,5.23
4766,0.54,5.23
4767,0.54,5.23
4768,0.54,5.23
4769,0.54,5.23
4770,0.55,5.23
4771,0.54,5.23
4772,0.54,5.23
4773,0.54,5.23
4774,0.54,5.23
4775,0.54,5.23
4776,0.54,5.23
4777,0.54,5.23
4778,0.54,5.23
4779,0.54,5.22
4780,0.54,5.22
4781,0.54,5.22
4782,0.54,5.22
4783,0.54,5.22
4784,0.54,5.22
4785,0.54,5.22
4786,0.54,5.22
4787,0.54,5.22
4788,0.55,5.22
4789,0.54,5.22
4790,0.54,5.22
4791,0.54,5.22
4792,0.54,5.22
4793,0.54,5.22
4794,0.54,5.22
4795,0.54,5.22
4796,0.54,5.22
4797,0.54,5.22
4798,0.54,5.22
4799,0.54,5.22
4800,0.54,5.22
4801,0.54,5.22
4802,0.54,5.22
4803,0.55,5.22
4804,0.55,5.22
4805,0.54,5.22
4806,0.54,5.22
4807,0.54,5.22
4808,0.54,5.22
4809,0.54,5.22
4810,0.54,5.23
4811,0.54,5.23
4812,0.54,5.23
4813,0.55,5.23
4814,0.54,5.23
4815,0.54,5.23
4816,0.54,5.23
4817,0.54,5.23
4818,0.54,5.23
4819,0.54,5.23
4820,0.54,5.23
4821,0.54,5.23
4822,0.54,5.23
4823,0.54,5.23
4824,0.54,5.23
4825,0.54,5.23
4826,0.54,5.23
4827,0.54,5.22
4828,0.54,5.22
4829,0.54,5.22
4830,0.54,5.22
4831,0.54,5.22
4832,0.54,5.22
4833,0.54,5.22
4834,0.54,5.22
4835,0.54,5.22
4836,0.54,5.22
4837,0.54,5.22
4838,0.54,5.22
4839,0.54,5.22
4840,0.54,5.22
4841,0.54,5.21
4842,0.54,5.21
4843,0.54,5.21
4844,0.54,5.21
4845,0.54,5.21
4846,0.54,5.21
4847,0.54,5.21
4848,0.54,5.21
4849,0.54,5.21
4850,0.54,5.21
4851,0.54,5.21
4852,0.54,5.21
4853,0.54,5.21
4854,0.54,5.21
4855,0.54,5.21
4856,0.54,5.21
4857,0.54,5.21
4858,0.54,5.21
4859,0.54,5.21
4860,0.54,5.21
4861,0.54,5.21
4862,0.54,5.21
4863,0.54,5.21
4864,0.54,5.21
4865,0.54,5.21
4866,0.54,5.21
4867,0.54,5.21
4868,0.54,5.21
4869,0.54,5.21
4870,0.54,5.22
4871,0.54,5.22
4872,0.54,5.22
4873,0.54,5.22
4874,0.54,5.22
4875,0.54,5.21
4876,0.54,5.21
4877,0.54,5.21
4878,0.54,5.21
4879,0.54,5.21
4880,0.54,5.21
4881,0.54,5.21
4882,0.54,5.21
4883,0.54,5.21
4884,0.54,5.21
4885,0.54,5.21
4886,0.54,5.21
4887,0.54,5.21
4888,0.54,5.21
4889,0.54,5.21
4890,0.54,5.21
4891,0.54,5.21
4892,0.54,5.21
4893,0.54,5.21
4894,0.54,5.21
4895,0.54,5.21
4896,0.54,5.21
4897,0.54,5.21
4898,0.54,5.21
4899,0.54,5.21
4900,0.54,5.21
4901,0.54,5.21
4902,0.54,5.21
4903,0.54,5.21
4904,0.54,5.21
4905,0.54,5.21
4906,0.54,5.21
4907,0.54,5.21
4908,0.54,5.21
4909,0.54,5.21
4910,0.54,5.21
4911,0.54,5.21
4912,0.54,5.21
4913,0.54,5.21
4914,0.54,5.21
4915,0.54,5.21
4916,0.54,5.21
4917,0.54,5.21
4918,0.54,5.21
4919,0.54,5.21
4920,0.54,5.21
4921,0.54,5.21
4922,0.54,5.21
4923,0.54,5.21
4924,0.54,5.21
4925,0.54,5.21
4926,0.54,5.21
4927,0.54,5.21
4928,0.54,5.21
4929,0.54,5.21
4930,0.54,5.21
4931,0.53,5.21
4932,0.54,5.21
4933,0.54,5.21
4934,0.54,5.21
4935,0.54,5.21
4936,0.54,5.21
4937,0.54,5.21
4938,0.54,5.21
4939,0.54,5.21
4940,0.54,5.21
4941,0.54,5.21
4942,0.54,5.21
4943,0.54,5.21
4944,0.54,5.21
4945,0.54,5.21
4946,0.54,5.2
4947,0.54,5.2
4948,0.54,5.2
4949,0.54,5.2
4950,0.54,5.2
4951,0.54,5.2
4952,0.54,5.2
4953,0.54,5.2
4954,0.54,5.2
4955,0.54,5.2
4956,0.54,5.2
4957,0.54,5.2
4958,0.54,5.21
4959,0.54,5.21
4960,0.54,5.21
4961,0.54,5.21
4962,0.54,5.21
4963,0.54,5.21
4964,0.54,5.21
4965,0.54,5.21
4966,0.54,5.21
4967,0.54,5.21
4968,0.54,5.21
4969,0.54,5.21
4970,0.54,5.21
4971,0.54,5.21
4972,0.54,5.21
4973,0.54,5.21
4974,0.54,5.21
4975,0.54,5.21
4976,0.54,5.21
4977,0.54,5.21
4978,0.54,5.21
4979,0.54,5.21
4980,0.54,5.21
4981,0.54,5.21
4982,0.53,5.21
4983,0.54,5.21
4984,0.54,5.21
4985,0.54,5.21
4986,0.54,5.21
4987,0.53,5.21
4988,0.54,5.21
4989,0.53,5.21
4990,0.54,5.2
4991,0.53,5.2
4992,0.54,5.2
4993,0.54,5.2
4994,0.54,5.2
4995,0.53,5.2
4996,0.54,5.2
4997,0.53,5.2
4998,0.53,5.2
4999,0.53,5.2
5000,0.53,5.2
5001,0.53,5.2
5002,0.53,5.2
5003,0.53,5.2
5004,0.54,5.2
5005,0.53,5.2
5006,0.53,5.2
5007,0.53,5.2
5008,0.53,5.2
5009,0.53,5.2
5010,0.53,5.2
5011,0.53,5.2
5012,0.53,5.2
5013,0.53,5.2
5014,0.53,5.2
5015,0.53,5.2
5016,0.53,5.2
5017,0.53,5.2
5018,0.53,5.2
5019,0.53,5.2
5020,0.53,5.2
5021,0.53,5.2
5022,0.53,5.2
5023,0.53,5.2
5024,0.54,5.2
5025,0.53,5.2
5026,0.53,5.2
5027,0.53,5.2
5028,0.53,5.2
5029,0.53,5.2
5030,0.53,5.2
5031,0.53,5.2
5032,0.53,5.2
5033,0.53,5.2
5034,0.53,5.2
5035,0.53,5.2
5036,0.53,5.2
5037,0.53,5.2
5038,0.53,5.2
5039,0.53,5.2
5040,0.53,5.2
5041,0.53,5.2
5042,0.53,5.2
5043,0.53,5.2
5044,0.53,5.19
5045,0.53,5.19
5046,0.53,5.19
5047,0.53,5.19
5048,0.53,5.19
5049,0.53,5.19
5050,0.53,5.19
5051,0.53,5.19
5052,0.54,5.19
5053,0.53,5.19
5054,0.54,5.19
5055,0.53,5.19
5056,0.53,5.19
5057,0.53,5.19
5058,0.53,5.19
5059,0.53,5.19
5060,0.53,5.19
5061,0.53,5.19
5062,0.53,5.19
5063,0.54,5.19
5064,0.53,5.19
5065,0.53,5.19
5066,0.53,5.19
5067,0.53,5.19
5068,0.53,5.19
5069,0.53,5.19
5070,0.53,5.19
5071,0.53,5.19
5072,0.53,5.19
5073,0.54,5.19
5074,0.53,5.19
5075,0.53,5.19
5076,0.53,5.19
5077,0.53,5.19
5078,0.53,5.19
5079,0.54,5.19
5080,0.54,5.19
5081,0.53,5.19
5082,0.54,5.19
5083,0.54,5.19
5084,0.53,5.19
5085,0.53,5.19
5086,0.53,5.19
5087,0.53,5.19
5088,0.53,5.19
5089,0.53,5.19
5090,0.53,5.19
5091,0.53,5.19
5092,0.53,5.19
5093,0.53,5.19
5094,0.53,5.19
5095,0.53,5.19
5096,0.53,5.19
5097,0.53,5.19
5098,0.53,5.19
5099,0.54,5.19
5100,0.54,5.19
5101,0.53,5.19
5102,0.54,5.19
5103,0.54,5.19
5104,0.53,5.19
5105,0.54,5.19
5106,0.53,5.19
5107,0.54,5.19
5108,0.53,5.19
5109,0.54,5.19
5110,0.53,5.19
5111,0.53,5.19
5112,0.54,5.19
5113,0.54,5.19
5114,0.54,5.19
5115,0.53,5.19
5116,0.53,5.19
5117,0.53,5.19
5118,0.54,5.19
5119,0.53,5.19
5120,0.53,5.19
5121,0.53,5.19
5122,0.53,5.19
5123,0.53,5.19
5124,0.53,5.19
5125,0.53,5.19
5126,0.53,5.19
5127,0.53,5.19
5128,0.53,5.19
5129,0.53,5.19
5130,0.53,5.19
5131,0.53,5.19
5132,0.53,5.19
5133,0.53,5.19
5134,0.54,5.19
5135,0.53,5.19
5136,0.53,5.19
5137,0.53,5.19
5138,0.53,5.19
5139,0.53,5.19
5140,0.53,5.19
5141,0.53,5.19
5142,0.53,5.19
5143,0.53,5.19
5144,0.53,5.19
5145,0.53,5.19
5146,0.53,5.19
5147,0.53,5.19
5148,0.53,5.19
5149,0.54,5.19
5150,0.53,5.19
5151,0.53,5.19
5152,0.53,5.19
5153,0.53,5.19
5154,0.53,5.19
5155,0.53,5.19
5156,0.53,5.19
5157,0.53,5.19
5158,0.53,5.19
5159,0.53,5.19
5160,0.53,5.19
5161,0.53,5.19
5162,0.53,5.19
5163,0.53,5.19
5164,0.53,5.19
5165,0.54,5.19
5166,0.53,5.19
5167,0.54,5.19
5168,0.54,5.19
5169,0.54,5.19
5170,0.53,5.19
5171,0.53,5.19
5172,0.53,5.19
5173,0.53,5.19
5174,0.53,5.19
5175,0.53,5.19
5176,0.53,5.19
5177,0.54,5.19
5178,0.53,5.19
5179,0.53,5.19
5180,0.53,5.19
5181,0.53,5.19
5182,0.53,5.19
5183,0.53,5.19
5184,0.53,5.19
5185,0.53,5.19
5186,0.53,5.19
5187,0.54,5.19
5188,0.53,5.19
5189,0.53,5.19
5190,0.54,5.19
5191,0.53,5.19
5192,0.53,5.19
5193,0.53,5.19
5194,0.53,5.19
5195,0.53,5.19
5196,0.53,5.19
5197,0.53,5.19
5198,0.53,5.19
5199,0.53,5.19
5200,0.53,5.19
5201,0.53,5.19
5202,0.53,5.19
5203,0.53,5.19
5204,0.53,5.19
5205,0.54,5.19
5206,0.53,5.19
5207,0.53,5.19
5208,0.53,5.19
5209,0.53,5.19
5210,0.53,5.19
5211,0.53,5.19
5212,0.53,5.19
5213,0.53,5.19
5214,0.53,5.19
5215,0.53,5.19
5216,0.54,5.19
5217,0.53,5.19
5218,0.53,5.19
5219,0.53,5.19
5220,0.53,5.19
5221,0.53,5.19
5222,0.53,5.19
5223,0.53,5.19
5224,0.53,5.19
5225,0.53,5.19
5226,0.53,5.19
5227,0.53,5.19
5228,0.53,5.19
5229,0.54,5.19
5230,0.53,5.19
5231,0.54,5.19
5232,0.53,5.19
5233,0.54,5.19
5234,0.53,5.19
5235,0.53,5.19
5236,0.54,5.19
5237,0.53,5.19
5238,0.53,5.19
5239,0.53,5.19
5240,0.54,5.19
5241,0.53,5.19
5242,0.53,5.19
5243,0.54,5.19
5244,0.53,5.19
5245,0.53,5.19
5246,0.53,5.19
5247,0.54,5.19
5248,0.53,5.19
5249,0.53,5.19
5250,0.53,5.19
5251,0.54,5.19
5252,0.53,5.19
5253,0.53,5.19
5254,0.53,5.19
5255,0.54,5.19
5256,0.54,5.19
5257,0.54,5.19
5258,0.53,5.19
5259,0.53,5.19
5260,0.53,5.19
5261,0.53,5.19
5262,0.53,5.19
5263,0.53,5.19
5264,0.53,5.19
5265,0.53,5.19
5266,0.53,5.19
5267,0.53,5.19
5268,0.53,5.19
5269,0.53,5.19
5270,0.54,5.19
5271,0.53,5.19
5272,0.54,5.19
5273,0.54,5.19
5274,0.53,5.19
5275,0.53,5.19
5276,0.53,5.19
5277,0.53,5.19
5278,0.53,5.19
5279,0.53,5.19
5280,0.53,5.19
5281,0.53,5.19
5282,0.53,5.19
5283,0.54,5.19
5284,0.54,5.19
5285,0.53,5.19
5286,0.53,5.19
5287,0.53,5.19
5288,0.53,5.19
5289,0.54,5.19
5290,0.53,5.19
5291,0.53,5.19
5292,0.53,5.19
5293,0.53,5.19
5294,0.53,5.19
5295,0.53,5.19
5296,0.54,5.19
5297,0.53,5.19
5298,0.53,5.19
5299,0.53,5.19
5300,0.53,5.19
5301,0.53,5.19
5302,0.54,5.19
5303,0.53,5.19
5304,0.53,5.19
5305,0.53,5.19
5306,0.53,5.19
5307,0.53,5.19
5308,0.54,5.19
5309,0.54,5.19
5310,0.54,5.19
5311,0.53,5.19
5312,0.54,5.19
5313,0.53,5.19
5314,0.54,5.19
5315,0.54,5.19
5316,0.54,5.19
5317,0.53,5.19
5318,0.53,5.19
5319,0.54,5.19
5320,0.54,5.19
5321,0.53,5.19
5322,0.53,5.19
5323,0.53,5.19
5324,0.54,5.19
5325,0.53,5.19
5326,0.53,5.19
5327,0.53,5.19
5328,0.53,5.19
5329,0.52,5.19
5330,0.54,5.19
5331,0.53,5.19
5332,0.54,5.19
5333,0.53,5.19
5334,0.53,5.19
5335,0.53,5.19
5336,0.53,5.19
5337,0.54,5.19
5338,0.54,5.19
5339,0.53,5.19
5340,0.53,5.19
5341,0.54,5.19
5342,0.53,5.19
5343,0.54,5.19
5344,0.53,5.19
5345,0.53,5.19
5346,0.54,5.19
5347,0.54,5.19
5348,0.54,5.19
5349,0.54,5.19
5350,0.54,5.19
5351,0.53,5.19
5352,0.53,5.19
5353,0.54,5.19
5354,0.54,5.19
5355,0.53,5.19
5356,0.53,5.19
5357,0.54,5.19
5358,0.53,5.19
5359,0.53,5.19
5360,0.53,5.19
5361,0.53,5.19
5362,0.53,5.19
5363,0.54,5.19
5364,0.54,5.19
5365,0.54,5.19
5366,0.54,5.19
5367,0.54,5.19
5368,0.53,5.19
5369,0.54,5.19
5370,0.54,5.19
5371,0.54,5.19
5372,0.54,5.19
5373,0.54,5.19
5374,0.54,5.19
5375,0.54,5.19
5376,0.54,5.19
5377,0.54,5.19
5378,0.54,5.19
5379,0.54,5.19
5380,0.54,5.19
5381,0.54,5.19
5382,0.54,5.19
5383,0.54,5.19
5384,0.54,5.19
5385,0.54,5.19
5386,0.54,5.19
5387,0.54,5.19
5388,0.54,5.2
5389,0.54,5.2
5390,0.54,5.2
5391,0.54,5.2
5392,0.54,5.2
5393,0.54,5.2
5394,0.54,5.2
5395,0.54,5.2
5396,0.54,5.2
5397,0.54,5.2
5398,0.54,5.2
5399,0.54,5.2
5400,0.54,5.2
5401,0.54,5.2
5402,0.54,5.2
5403,0.54,5.2
5404,0.54,5.2
5405,0.54,5.2
5406,0.54,5.2
5407,0.54,5.2
5408,0.54,5.2
5409,0.54,5.2
5410,0.54,5.2
5411,0.54,5.2
5412,0.54,5.2
5413,0.54,5.2
5414,0.54,5.2
5415,0.54,5.2
5416,0.54,5.2
5417,0.54,5.2
5418,0.54,5.2
5419,0.54,5.2
5420,0.54,5.2
5421,0.54,5.2
5422,0.54,5.2
5423,0.54,5.2
5424,0.54,5.2
5425,0.54,5.2
5426,0.54,5.2
5427,0.54,5.2
5428,0.54,5.2
5429,0.54,5.2
5430,0.54,5.2
5431,0.54,5.2
5432,0.54,5.2
5433,0.54,5.2
5434,0.54,5.2
5435,0.54,5.2
5436,0.54,5.2
5437,0.54,5.2
5438,0.54,5.2
5439,0.54,5.2
5440,0.54,5.2
5441,0.54,5.2
5442,0.54,5.2
5443,0.54,5.2
5444,0.54,5.2
5445,0.54,5.2
5446,0.54,5.2
5447,0.54,5.2
5448,0.54,5.2
5449,0.54,5.2
5450,0.54,5.2
5451,0.54,5.2
5452,0.54,5.2
5453,0.54,5.2
5454,0.54,5.2
5455,0.54,5.2
5456,0.54,5.2
5457,0.54,5.2
5458,0.54,5.2
5459,0.54,5.2
5460,0.54,5.2
5461,0.54,5.2
5462,0.54,5.2
5463,0.54,5.2
5464,0.54,5.2
5465,0.54,5.2
5466,0.54,5.2
5467,0.54,5.2
5468,0.54,5.2
5469,0.54,5.2
5470,0.54,5.2
5471,0.54,5.2
5472,0.54,5.2
5473,0.54,5.2
5474,0.54,5.2
5475,0.54,5.2
5476,0.54,5.2
5477,0.54,5.2
5478,0.54,5.2
5479,0.54,5.2
5480,0.54,5.2
5481,0.54,5.2
5482,0.54,5.2
5483,0.54,5.2
5484,0.54,5.2
5485,0.54,5.2
5486,0.54,5.2
5487,0.54,5.2
5488,0.54,5.2
5489,0.54,5.2
5490,0.54,5.2
5491,0.54,5.2
5492,0.54,5.2
5493,0.54,5.2
5494,0.54,5.2
5495,0.54,5.2
5496,0.54,5.2
5497,0.54,5.2
5498,0.54,5.2
5499,0.54,5.2
5500,0.54,5.2
5501,0.54,5.2
5502,0.54,5.2
5503,0.54,5.2
5504,0.54,5.2
5505,0.54,5.2
5506,0.54,5.2
5507,0.54,5.2
5508,0.54,5.2
5509,0.54,5.2
5510,0.54,5.2
5511,0.54,5.2
5512,0.54,5.2
5513,0.54,5.2
5514,0.54,5.2
5515,0.54,5.2
5516,0.54,5.2
5517,0.54,5.2
5518,0.54,5.2
5519,0.54,5.2
5520,0.54,5.2
5521,0.54,5.2
5522,0.54,5.2
5523,0.54,5.2
5524,0.54,5.2
5525,0.54,5.2
5526,0.54,5.2
5527,0.54,5.2
5528,0.54,5.2
5529,0.54,5.2
5530,0.54,5.2
5531,0.54,5.2
5532,0.54,5.2
5533,0.54,5.2
5534,0.54,5.2
5535,0.54,5.2
5536,0.54,5.2
5537,0.54,5.2
5538,0.54,5.2
5539,0.54,5.2
5540,0.54,5.2
5541,0.54,5.2
5542,0.54,5.2
5543,0.54,5.2
5544,0.54,5.2
5545,0.54,5.2
5546,0.54,5.2
5547,0.54,5.2
5548,0.54,5.2
5549,0.54,5.2
5550,0.54,5.21
5551,0.54,5.21
5552,0.54,5.21
5553,0.54,5.21
5554,0.54,5.21
5555,0.54,5.21
5556,0.54,5.21
5557,0.54,5.21
5558,0.54,5.21
5559,0.54,5.21
5560,0.54,5.21
5561,0.54,5.21
5562,0.54,5.21
5563,0.54,5.21
5564,0.54,5.21
5565,0.54,5.21
5566,0.54,5.21
5567,0.54,5.21
5568,0.54,5.21
5569,0.54,5.21
5570,0.54,5.2
5571,0.54,5.2
5572,0.54,5.2
5573,0.54,5.2
5574,0.54,5.2
5575,0.54,5.2
5576,0.54,5.2
5577,0.54,5.2
5578,0.54,5.2
5579,0.54,5.2
5580,0.54,5.2
5581,0.54,5.2
5582,0.54,5.2
5583,0.54,5.2
5584,0.54,5.2
5585,0.54,5.2
5586,0.54,5.2
5587,0.54,5.2
5588,0.54,5.2
5589,0.54,5.2
5590,0.54,5.2
5591,0.55,5.2
5592,0.54,5.2
5593,0.54,5.2
5594,0.54,5.2
5595,0.54,5.2
5596,0.54,5.2
5597,0.54,5.21
5598,0.54,5.21
5599,0.54,5.21
5600,0.54,5.21
5601,0.54,5.21
5602,0.54,5.21
5603,0.54,5.21
5604,0.55,5.21
5605,0.54,5.21
5606,0.55,5.21
5607,0.54,5.21
5608,0.54,5.21
5609,0.54,5.21
5610,0.54,5.21
5611,0.54,5.21
5612,0.54,5.21
5613,0.54,5.21
5614,0.54,5.21
5615,0.55,5.21
5616,0.54,5.21
5617,0.54,5.21
5618,0.55,5.21
5619,0.54,5.21
5620,0.54,5.21
5621,0.54,5.21
5622,0.54,5.21
5623,0.54,5.21
5624,0.54,5.21
5625,0.54,5.21
5626,0.54,5.21
5627,0.55,5.21
5628,0.54,5.21
5629,0.55,5.21
5630,0.55,5.21
5631,0.54,5.21
5632,0.55,5.21
5633,0.54,5.21
5634,0.54,5.21
5635,0.54,5.21
5636,0.54,5.21
5637,0.54,5.21
5638,0.54,5.21
5639,0.54,5.21
5640,0.55,5.21
5641,0.54,5.21
5642,0.54,5.21
5643,0.54,5.21
5644,0.54,5.21
5645,0.54,5.21
5646,0.54,5.21
5647,0.54,5.21
5648,0.54,5.21
5649,0.54,5.21
5650,0.54,5.21
5651,0.54,5.21
5652,0.54,5.21
5653,0.54,5.21
5654,0.54,5.21
5655,0.54,5.22
5656,0.54,5.22
5657,0.54,5.22
5658,0.54,5.22
5659,0.54,5.22
5660,0.55,5.22
5661,0.54,5.22
5662,0.54,5.22
5663,0.54,5.22
5664,0.54,5.22
5665,0.54,5.22
5666,0.54,5.22
5667,0.54,5.22
5668,0.54,5.22
5669,0.54,5.22
5670,0.55,5.22
5671,0.54,5.22
5672,0.54,5.22
5673,0.54,5.22
5674,0.54,5.22
5675,0.54,5.22
5676,0.55,5.22
5677,0.55,5.22
5678,0.55,5.22
5679,0.54,5.22
5680,0.54,5.22
5681,0.54,5.22
5682,0.54,5.22
5683,0.54,5.22
5684,0.55,5.22
5685,0.54,5.22
5686,0.54,5.22
5687,0.54,5.22
5688,0.54,5.22
5689,0.54,5.22
5690,0.54,5.22
5691,0.54,5.22
5692,0.54,5.22
5693,0.54,5.22
5694,0.54,5.22
5695,0.54,5.22
5696,0.54,5.22
5697,0.54,5.22
5698,0.54,5.22
5699,0.54,5.22
5700,0.54,5.22
5701,0.54,5.22
5702,0.54,5.22
5703,0.54,5.22
5704,0.54,5.22
5705,0.54,5.22
5706,0.54,5.22
5707,0.54,5.22
5708,0.54,5.22
5709,0.54,5.22
5710,0.54,5.22
5711,0.54,5.22
5712,0.54,5.22
5713,0.54,5.22
5714,0.54,5.22
5715,0.54,5.22
5716,0.54,5.22
5717,0.54,5.22
5718,0.54,5.22
5719,0.54,5.22
5720,0.54,5.22
5721,0.54,5.22
5722,0.54,5.22
5723,0.55,5.22
5724,0.55,5.22
5725,0.54,5.22
5726,0.54,5.22
5727,0.54,5.22
5728,0.54,5.22
5729,0.54,5.22
5730,0.55,5.22
5731,0.55,5.22
5732,0.54,5.22
5733,0.54,5.22
5734,0.54,5.22
5735,0.54,5.22
5736,0.55,5.22
5737,0.55,5.22
5738,0.55,5.22
5739,0.54,5.22
5740,0.55,5.22
5741,0.55,5.22
5742,0.55,5.22
5743,0.55,5.22
5744,0.55,5.22
5745,0.55,5.22
5746,0.55,5.22
5747,0.55,5.22
5748,0.55,5.22
5749,0.55,5.22
5750,0.55,5.22
5751,0.55,5.22
5752,0.55,5.22
5753,0.55,5.22
5754,0.55,5.22
5755,0.55,5.22
5756,0.55,5.22
5757,0.55,5.22
5758,0.55,5.22
5759,0.55,5.22
5760,0.55,5.22
5761,0.55,5.22
5762,0.55,5.22
5763,0.55,5.22
5764,0.55,5.23
5765,0.55,5.23
5766,0.55,5.23
5767,0.55,5.23
5768,0.55,5.23
5769,0.55,5.23
5770,0.55,5.23
5771,0.55,5.23
5772,0.55,5.23
5773,0.56,5.23
5774,0.55,5.23
5775,0.55,5.23
5776,0.55,5.23
5777,0.55,5.23
5778,0.55,5.23
5779,0.55,5.23
5780,0.55,5.23
5781,0.55,5.23
5782,0.55,5.23
5783,0.55,5.23
5784,0.55,5.23
5785,0.55,5.23
5786,0.55,5.23
5787,0.55,5.23
5788,0.55,5.23
5789,0.55,5.23
5790,0.55,5.23
5791,0.56,5.23
5792,0.55,5.23
5793,0.55,5.23
5794,0.55,5.23
5795,0.55,5.22
5796,0.55,5.22
5797,0.55,5.22
5798,0.55,5.22
5799,0.55,5.22
5800,0.55,5.22
5801,0.55,5.22
5802,0.55,5.23
5803,0.55,5.23
5804,0.55,5.23
5805,0.55,5.23
5806,0.55,5.23
5807,0.55,5.23
5808,0.55,5.23
5809,0.55,5.23
5810,0.55,5.23
5811,0.55,5.23
5812,0.55,5.23
5813,0.55,5.23
5814,0.55,5.23
5815,0.55,5.23
5816,0.55,5.23
5817,0.55,5.23
5818,0.55,5.23
5819,0.55,5.23
5820,0.55,5.23
5821,0.55,5.23
5822,0.55,5.23
5823,0.55,5.23
5824,0.55,5.23
5825,0.55,5.23
5826,0.55,5.23
5827,0.55,5.23
5828,0.55,5.23
5829,0.55,5.23
5830,0.55,5.23
5831,0.55,5.23
5832,0.55,5.23
5833,0.55,5.23
5834,0.55,5.23
5835,0.55,5.23
5836,0.55,5.23
5837,0.55,5.23
5838,0.55,5.23
5839,0.55,5.23
5840,0.55,5.23
5841,0.55,5.23
5842,0.55,5.23
5843,0.55,5.23
5844,0.55,5.23
5845,0.55,5.23
5846,0.55,5.23
5847,0.55,5.23
5848,0.55,5.23
5849,0.55,5.23
5850,0.56,5.23
5851,0.55,5.23
5852,0.56,5.23
5853,0.55,5.23
5854,0.56,5.23
5855,0.56,5.23
5856,0.56,5.23
5857,0.56,5.23
5858,0.56,5.23
5859,0.56,5.23
5860,0.56,5.23
5861,0.56,5.23
5862,0.56,5.23
5863,0.56,5.23
5864,0.56,5.23
5865,0.56,5.23
5866,0.56,5.23
5867,0.56,5.23
5868,0.56,5.23
5869,0.56,5.24
5870,0.56,5.24
5871,0.56,5.24
5872,0.56,5.24
5873,0.56,5.24
5874,0.56,5.24
5875,0.56,5.24
5876,0.56,5.24
5877,0.56,5.24
5878,0.56,5.24
5879,0.56,5.24
5880,0.56,5.24
5881,0.56,5.24
5882,0.56,5.24
5883,0.56,5.24
5884,0.56,5.24
5885,0.56,5.24
5886,0.56,5.24
5887,0.56,5.24
5888,0.56,5.24
5889,0.56,5.24
5890,0.56,5.24
5891,0.56,5.24
5892,0.56,5.24
5893,0.56,5.24
5894,0.56,5.24
5895,0.56,5.24
5896,0.56,5.24
5897,0.56,5.24
5898,0.56,5.24
5899,0.56,5.24
5900,0.56,5.24
5901,0.56,5.24
5902,0.56,5.24
5903,0.56,5.24
5904,0.56,5.24
5905,0.56,5.24
5906,0.56,5.24
5907,0.56,5.24
5908,0.56,5.24
5909,0.56,5.24
5910,0.56,5.24
5911,0.56,5.24
5912,0.56,5.24
5913,0.56,5.24
5914,0.56,5.24
5915,0.56,5.24
5916,0.56,5.24
5917,0.56,5.24
5918,0.56,5.24
5919,0.56,5.24
5920,0.56,5.24
5921,0.56,5.25
5922,0.56,5.25
5923,0.56,5.25
5924,0.56,5.25
5925,0.56,5.25
5926,0.56,5.25
5927,0.56,5.25
5928,0.56,5.25
5929,0.56,5.25
5930,0.56,5.25
5931,0.56,5.25
5932,0.56,5.25
5933,0.56,5.25
5934,0.56,5.25
5935,0.56,5.25
5936,0.56,5.25
5937,0.56,5.25
5938,0.56,5.25
5939,0.56,5.25
5940,0.56,5.25
5941,0.56,5.25
5942,0.56,5.25
5943,0.56,5.25
5944,0.56,5.25
5945,0.56,5.25
5946,0.56,5.25
5947,0.56,5.25
5948,0.56,5.25
5949,0.56,5.25
5950,0.56,5.25
5951,0.56,5.25
5952,0.56,5.24
5953,0.56,5.24
5954,0.56,5.24
5955,0.56,5.24
5956,0.56,5.24
5957,0.56,5.24
5958,0.56,5.24
5959,0.56,5.24
5960,0.56,5.24
5961,0.56,5.24
5962,0.56,5.24
5963,0.56,5.24
5964,0.56,5.24
5965,0.56,5.24
5966,0.56,5.24
5967,0.56,5.24
5968,0.56,5.24
5969,0.56,5.24
5970,0.56,5.25
5971,0.56,5.25
5972,0.56,5.25
5973,0.56,5.25
5974,0.56,5.25
5975,0.56,5.25
5976,0.56,5.25
5977,0.56,5.25
5978,0.56,5.25
5979,0.56,5.25
5980,0.56,5.25
5981,0.56,5.25
5982,0.56,5.25
5983,0.56,5.25
5984,0.56,5.25
5985,0.56,5.25
5986,0.56,5.25
5987,0.56,5.25
5988,0.56,5.25
5989,0.56,5.25
5990,0.56,5.25
5991,0.56,5.25
5992,0.56,5.25
5993,0.56,5.25
5994,0.56,5.25
5995,0.56,5.25
5996,0.56,5.25
5997,0.56,5.25
5998,0.56,5.25
5999,0.56,5.25
6000,0.56,5.25
6001,0.56,5.25
6002,0.56,5.25
6003,0.56,5.25
6004,0.56,5.25
6005,0.56,5.25
6006,0.56,5.25
6007,0.56,5.25
6008,0.56,5.25
6009,0.56,5.25
6010,0.56,5.25
6011,0.56,5.25
6012,0.56,5.25
6013,0.56,5.25
6014,0.56,5.25
6015,0.56,5.25
6016,0.56,5.25
6017,0.56,5.25
6018,0.56,5.25
6019,0.56,5.25
6020,0.56,5.25
6021,0.56,5.25
6022,0.56,5.25
6023,0.56,5.25
6024,0.56,5.25
6025,0.56,5.26
6026,0.56,5.26
6027,0.56,5.26
6028,0.56,5.26
6029,0.56,5.26
6030,0.56,5.26
6031,0.56,5.26
6032,0.56,5.26
6033,0.56,5.26
6034,0.56,5.26
6035,0.56,5.26
6036,0.56,5.26
6037,0.56,5.26
6038,0.56,5.26
6039,0.56,5.26
6040,0.56,5.26
6041,0.56,5.26
6042,0.56,5.26
6043,0.56,5.26
6044,0.56,5.26
6045,0.56,5.26
6046,0.56,5.26
6047,0.56,5.26
6048,0.56,5.26
6049,0.56,5.26
6050,0.56,5.26
6051,0.56,5.26
6052,0.56,5.26
6053,0.56,5.26
6054,0.56,5.26
6055,0.56,5.26
6056,0.56,5.26
6057,0.56,5.26
6058,0.56,5.26
6059,0.56,5.26
6060,0.56,5.26
6061,0.56,5.26
6062,0.57,5.26
6063,0.56,5.26
6064,0.56,5.26
6065,0.56,5.26
6066,0.56,5.26
6067,0.56,5.26
6068,0.56,5.26
6069,0.56,5.26
6070,0.56,5.26
6071,0.56,5.26
6072,0.56,5.26
6073,0.56,5.26
6074,0.56,5.26
6075,0.56,5.26
6076,0.56,5.26
6077,0.57,5.26
6078,0.57,5.26
6079,0.56,5.26
6080,0.57,5.26
6081,0.56,5.26
6082,0.56,5.26
6083,0.57,5.26
6084,0.57,5.26
6085,0.56,5.26
6086,0.57,5.26
6087,0.57,5.26
6088,0.57,5.26
6089,0.57,5.26
6090,0.57,5.26
6091,0.57,5.26
6092,0.57,5.26
6093,0.57,5.27
6094,0.57,5.27
6095,0.56,5.27
6096,0.57,5.27
6097,0.57,5.27
6098,0.57,5.27
6099,0.57,5.27
6100,0.57,5.27
6101,0.57,5.27
6102,0.57,5.27
6103,0.57,5.27
6104,0.57,5.27
6105,0.57,5.27
6106,0.57,5.27
6107,0.57,5.27
6108,0.57,5.27
6109,0.57,5.27
6110,0.57,5.27
6111,0.56,5.27
6112,0.57,5.27
6113,0.56,5.27
6114,0.57,5.27
6115,0.57,5.27
6116,0.57,5.27
6117,0.57,5.27
6118,0.57,5.27
6119,0.56,5.27
6120,0.57,5.27
6121,0.57,5.27
6122,0.57,5.27
6123,0.57,5.27
6124,0.57,5.27
6125,0.57,5.27
6126,0.57,5.27
6127,0.57,5.27
6128,0.57,5.27
6129,0.57,5.27
6130,0.57,5.27
6131,0.57,5.27
6132,0.57,5.27
6133,0.57,5.27
6134,0.57,5.27
6135,0.57,5.27
6136,0.57,5.27
6137,0.57,5.27
6138,0.57,5.27
6139,0.57,5.27
6140,0.57,5.27
6141,0.57,5.27
6142,0.57,5.27
6143,0.57,5.27
6144,0.57,5.27
6145,0.57,5.27
6146,0.57,5.27
6147,0.57,5.27
6148,0.57,5.27
6149,0.57,5.27
6150,0.56,5.27
6151,0.57,5.27
6152,0.57,5.27
6153,0.57,5.27
6154,0.57,5.27
6155,0.57,5.27
6156,0.57,5.28
6157,0.57,5.28
6158,0.57,5.28
6159,0.57,5.28
6160,0.57,5.28
6161,0.57,5.28
6162,0.57,5.28
6163,0.57,5.28
6164,0.57,5.28
6165,0.57,5.28
6166,0.57,5.28
6167,0.56,5.28
6168,0.57,5.28
6169,0.56,5.28
6170,0.57,5.28
6171,0.57,5.28
6172,0.57,5.28
6173,0.57,5.27
6174,0.57,5.27
6175,0.57,5.27
6176,0.57,5.27
6177,0.57,5.27
6178,0.57,5.27
6179,0.57,5.27
6180,0.57,5.27
6181,0.57,5.27
6182,0.57,5.27
6183,0.57,5.27
6184,0.57,5.27
6185,0.57,5.27
6186,0.57,5.27
6187,0.57,5.27
6188,0.58,5.27
6189,0.57,5.27
6190,0.58,5.28
6191,0.58,5.28
6192,0.58,5.28
6193,0.57,5.28
6194,0.58,5.28
6195,0.57,5.28
6196,0.57,5.28
6197,0.58,5.28
6198,0.58,5.28
6199,0.58,5.28
6200,0.58,5.28
6201,0.58,5.28
6202,0.58,5.28
6203,0.58,5.28
6204,0.58,5.28
6205,0.58,5.28
6206,0.58,5.28
6207,0.58,5.28
6208,0.58,5.28
6209,0.58,5.28
6210,0.58,5.28
6211,0.58,5.28
6212,0.58,5.28
6213,0.58,5.28
6214,0.57,5.28
6215,0.57,5.28
6216,0.57,5.28
6217,0.58,5.28
6218,0.58,5.28
6219,0.58,5.28
6220,0.58,5.28
6221,0.58,5.28
6222,0.57,5.29
6223,0.58,5.29
6224,0.58,5.29
6225,0.58,5.29
6226,0.58,5.29
6227,0.58,5.29
6228,0.58,5.29
6229,0.58,5.29
6230,0.58,5.29
6231,0.58,5.29
6232,0.58,5.29
6233,0.58,5.29
6234,0.58,5.29
6235,0.58,5.29
6236,0.58,5.29
6237,0.58,5.29
6238,0.58,5.28
6239,0.58,5.28
6240,0.58,5.29
6241,0.58,5.28
6242,0.58,5.28
6243,0.58,5.28
6244,0.58,5.28
6245,0.58,5.28
6246,0.57,5.29
6247,0.58,5.29
6248,0.58,5.29
6249,0.58,5.29
6250,0.58,5.29
6251,0.58,5.29
6252,0.58,5.29
6253,0.58,5.29
6254,0.57,5.29
6255,0.58,5.29
6256,0.58,5.29
6257,0.58,5.29
6258,0.58,5.29
6259,0.58,5.29
6260,0.58,5.29
6261,0.58,5.29
6262,0.58,5.29
6263,0.58,5.29
6264,0.58,5.29
6265,0.58,5.29
6266,0.57,5.29
6267,0.57,5.29
6268,0.58,5.29
6269,0.58,5.29
6270,0.58,5.29
6271,0.58,5.29
6272,0.57,5.29
6273,0.58,5.29
6274,0.58,5.29
6275,0.58,5.29
6276,0.58,5.29
6277,0.58,5.29
6278,0.58,5.29
6279,0.58,5.29
6280,0.57,5.29
6281,0.57,5.29
6282,0.58,5.29
6283,0.57,5.29
6284,0.58,5.29
6285,0.58,5.29
6286,0.58,5.29
6287,0.58,5.29
6288,0.58,5.29
6289,0.58,5.29
6290,0.58,5.29
6291,0.58,5.29
6292,0.58,5.29
6293,0.58,5.29
6294,0.58,5.29
6295,0.58,5.29
6296,0.58,5.29
6297,0.58,5.29
6298,0.58,5.29
6299,0.58,5.29
6300,0.58,5.29
6301,0.58,5.29
6302,0.58,5.29
6303,0.58,5.29
6304,0.58,5.29
6305,0.58,5.29
6306,0.58,5.29
6307,0.58,5.29
6308,0.58,5.29
6309,0.58,5.29
6310,0.58,5.29
6311,0.58,5.29
6312,0.58,5.29
6313,0.58,5.29
6314,0.58,5.29
6315,0.58,5.29
6316,0.58,5.3
6317,0.58,5.3
6318,0.58,5.3
6319,0.58,5.3
6320,0.58,5.3
6321,0.58,5.3
6322,0.58,5.3
6323,0.58,5.3
6324,0.58,5.3
6325,0.58,5.3
6326,0.58,5.3
6327,0.58,5.3
6328,0.58,5.3
6329,0.58,5.3
6330,0.58,5.3
6331,0.58,5.3
6332,0.58,5.3
6333,0.58,5.3
6334,0.58,5.3
6335,0.58,5.3
6336,0.58,5.3
6337,0.58,5.3
6338,0.58,5.3
6339,0.58,5.3
6340,0.58,5.3
6341,0.58,5.3
6342,0.58,5.3
6343,0.58,5.3
6344,0.58,5.3
6345,0.58,5.3
6346,0.58,5.3
6347,0.58,5.3
6348,0.58,5.3
6349,0.58,5.3
6350,0.58,5.3
6351,0.58,5.3
6352,0.58,5.3
6353,0.58,5.3
6354,0.58,5.3
6355,0.58,5.3
6356,0.58,5.3
6357,0.58,5.3
6358,0.58,5.3
6359,0.58,5.3
6360,0.58,5.3
6361,0.58,5.3
6362,0.58,5.3
6363,0.58,5.3
6364,0.58,5.3
6365,0.58,5.3
6366,0.58,5.3
6367,0.58,5.3
6368,0.58,5.3
6369,0.58,5.3
6370,0.58,5.3
6371,0.58,5.3
6372,0.58,5.3
6373,0.58,5.3
6374,0.58,5.3
6375,0.58,5.3
6376,0.58,5.3
6377,0.58,5.3
6378,0.58,5.3
6379,0.58,5.3
6380,0.58,5.3
6381,0.58,5.3
6382,0.58,5.3
6383,0.58,5.3
6384,0.58,5.3
6385,0.58,5.3
6386,0.58,5.3
6387,0.58,5.3
6388,0.58,5.3
6389,0.58,5.3
6390,0.58,5.3
6391,0.58,5.3
6392,0.58,5.3
6393,0.58,5.3
6394,0.58,5.3
6395,0.58,5.3
6396,0.58,5.3
6397,0.58,5.3
6398,0.59,5.3
6399,0.58,5.3
6400,0.59,5.3
6401,0.59,5.3
6402,0.59,5.3
6403,0.58,5.3
6404,0.58,5.3
6405,0.58,5.3
6406,0.58,5.3
6407,0.59,5.3
6408,0.58,5.3
6409,0.58,5.3
6410,0.59,5.3
6411,0.59,5.3
6412,0.58,5.3
6413,0.58,5.3
6414,0.58,5.3
6415,0.58,5.3
6416,0.58,5.3
6417,0.59,5.3
6418,0.59,5.3
6419,0.59,5.3
6420,0.58,5.3
6421,0.58,5.31
6422,0.59,5.31
6423,0.58,5.31
6424,0.59,5.31
6425,0.59,5.31
6426,0.59,5.31
6427,0.59,5.31
6428,0.59,5.31
6429,0.59,5.31
6430,0.59,5.31
6431,0.59,5.31
6432,0.59,5.31
6433,0.58,5.31
6434,0.59,5.31
6435,0.59,5.31
6436,0.59,5.31
6437,0.59,5.31
6438,0.59,5.31
6439,0.58,5.31
6440,0.59,5.31
6441,0.59,5.31
6442,0.59,5.31
6443,0.59,5.31
6444,0.59,5.31
6445,0.59,5.31
6446,0.58,5.31
6447,0.59,5.31
6448,0.59,5.31
6449,0.59,5.31
6450,0.59,5.31
6451,0.59,5.31
6452,0.59,5.31
6453,0.59,5.31
6454,0.58,5.31
6455,0.58,5.31
6456,0.59,5.31
6457,0.58,5.31
6458,0.59,5.31
6459,0.59,5.31
6460,0.58,5.31
6461,0.59,5.31
6462,0.58,5.31
6463,0.59,5.31
6464,0.59,5.31
6465,0.58,5.31
6466,0.58,5.31
6467,0.59,5.31
6468,0.59,5.31
6469,0.59,5.31
6470,0.59,5.31
6471,0.58,5.31
6472,0.58,5.31
6473,0.59,5.31
6474,0.59,5.31
6475,0.59,5.31
6476,0.59,5.31
6477,0.58,5.31
6478,0.58,5.32
6479,0.59,5.32
6480,0.59,5.32
6481,0.59,5.32
6482,0.59,5.32
6483,0.59,5.32
6484,0.59,5.32
6485,0.59,5.32
6486,0.59,5.32
6487,0.59,5.32
6488,0.59,5.32
6489,0.59,5.32
6490,0.59,5.32
6491,0.58,5.32
6492,0.59,5.32
6493,0.58,5.32
6494,0.59,5.32
6495,0.59,5.32
6496,0.58,5.32
6497,0.58,5.32
6498,0.58,5.32
6499,0.59,5.32
6500,0.59,5.32
6501,0.59,5.32
6502,0.59,5.32
6503,0.59,5.31
6504,0.59,5.31
6505,0.59,5.31
6506,0.59,5.31
6507,0.59,5.31
6508,0.59,5.31
6509,0.59,5.31
6510,0.59,5.31
6511,0.59,5.31
6512,0.59,5.31
6513,0.6,5.31
6514,0.59,5.31
6515,0.59,5.31
6516,0.59,5.31
6517,0.6,5.31
6518,0.59,5.31
6519,0.59,5.31
6520,0.59,5.31
6521,0.59,5.31
6522,0.6,5.31
6523,0.6,5.32
6524,0.59,5.32
6525,0.59,5.32
6526,0.59,5.32
6527,0.6,5.32
6528,0.6,5.32
6529,0.6,5.32
6530,0.59,5.32
6531,0.6,5.32
6532,0.6,5.32
6533,0.6,5.32
6534,0.6,5.32
6535,0.59,5.32
6536,0.59,5.32
6537,0.59,5.32
6538,0.59,5.33
6539,0.59,5.33
6540,0.59,5.33
6541,0.6,5.33
6542,0.6,5.33
6543,0.59,5.33
6544,0.6,5.33
6545,0.6,5.33
6546,0.6,5.33
6547,0.59,5.33
6548,0.6,5.33
6549,0.59,5.33
6550,0.6,5.33
6551,0.6,5.33
6552,0.6,5.33
6553,0.6,5.33
6554,0.6,5.33
6555,0.59,5.33
6556,0.6,5.33
6557,0.59,5.32
6558,0.6,5.32
6559,0.59,5.32
6560,0.59,5.32
6561,0.59,5.32
6562,0.59,5.32
6563,0.59,5.32
6564,0.6,5.32
6565,0.59,5.32
6566,0.6,5.32
6567,0.6,5.32
6568,0.6,5.32
6569,0.6,5.32
6570,0.59,5.32
6571,0.6,5.32
6572,0.6,5.32
6573,0.6,5.32
6574,0.6,5.32
6575,0.59,5.32
6576,0.6,5.32
6577,0.59,5.32
6578,0.59,5.32
6579,0.6,5.33
6580,0.6,5.33
6581,0.59,5.33
6582,0.59,5.33
6583,0.6,5.33
6584,0.59,5.33
6585,0.59,5.33
6586,0.59,5.33
6587,0.59,5.33
6588,0.6,5.33
6589,0.59,5.33
6590,0.6,5.33
6591,0.6,5.33
6592,0.6,5.33
6593,0.6,5.33
6594,0.6,5.33
6595,0.6,5.33
6596,0.6,5.33
6597,0.6,5.33
6598,0.59,5.33
6599,0.59,5.33
6600,0.59,5.33
6601,0.6,5.33
6602,0.59,5.33
6603,0.59,5.33
6604,0.59,5.33
6605,0.6,5.33
6606,0.6,5.33
6607,0.59,5.33
6608,0.6,5.33
6609,0.6,5.33
6610,0.6,5.33
6611,0.6,5.33
6612,0.59,5.33
6613,0.6,5.33
6614,0.6,5.33
6615,0.59,5.33
6616,0.6,5.33
6617,0.6,5.33
6618,0.6,5.33
6619,0.6,5.33
6620,0.6,5.33
6621,0.6,5.33
6622,0.6,5.33
6623,0.6,5.33
6624,0.6,5.33
6625,0.6,5.33
6626,0.6,5.33
6627,0.6,5.33
6628,0.6,5.33
6629,0.6,5.33
6630,0.6,5.33
6631,0.6,5.33
6632,0.6,5.33
6633,0.6,5.33
6634,0.6,5.33
6635,0.6,5.33
6636,0.6,5.33
6637,0.6,5.33
6638,0.6,5.33
6639,0.6,5.34
6640,0.6,5.34
6641,0.6,5.34
6642,0.6,5.34
6643,0.6,5.34
6644,0.6,5.34
6645,0.6,5.34
6646,0.6,5.34
6647,0.6,5.34
6648,0.6,5.34
6649,0.6,5.34
6650,0.6,5.34
6651,0.6,5.34
6652,0.6,5.34
6653,0.6,5.34
6654,0.6,5.34
6655,0.6,5.34
6656,0.6,5.34
6657,0.6,5.34
6658,0.6,5.34
6659,0.6,5.34
6660,0.6,5.34
6661,0.6,5.34
6662,0.6,5.34
6663,0.6,5.34
6664,0.6,5.34
6665,0.6,5.34
6666,0.6,5.34
6667,0.6,5.34
6668,0.6,5.34
6669,0.6,5.34
6670,0.6,5.34
6671,0.6,5.34
6672,0.6,5.34
6673,0.6,5.34
6674,0.6,5.34
6675,0.6,5.34
6676,0.6,5.34
6677,0.6,5.34
6678,0.6,5.34
6679,0.6,5.34
6680,0.6,5.34
6681,0.6,5.34
6682,0.6,5.34
6683,0.6,5.34
6684,0.6,5.34
6685,0.6,5.34
6686,0.6,5.34
6687,0.6,5.34
6688,0.6,5.34
6689,0.6,5.34
6690,0.6,5.34
6691,0.6,5.34
6692,0.6,5.34
6693,0.6,5.34
6694,0.6,5.34
6695,0.6,5.35
6696,0.6,5.35
6697,0.6,5.35
6698,0.6,5.35
6699,0.6,5.35
6700,0.6,5.35
6701,0.6,5.35
6702,0.6,5.35
6703,0.6,5.35
6704,0.6,5.35
6705,0.6,5.35
6706,0.6,5.35
6707,0.6,5.35
6708,0.6,5.35
6709,0.6,5.35
6710,0.6,5.35
6711,0.6,5.35
6712,0.6,5.35
6713,0.6,5.35
6714,0.6,5.35
6715,0.6,5.35
6716,0.6,5.35
6717,0.6,5.35
6718,0.6,5.35
6719,0.6,5.35
6720,0.6,5.34
6721,0.6,5.34
6722,0.6,5.34
6723,0.6,5.34
6724,0.6,5.34
6725,0.6,5.34
6726,0.6,5.34
6727,0.6,5.34
6728,0.6,5.34
6729,0.6,5.34
6730,0.6,5.34
6731,0.6,5.34
6732,0.6,5.34
6733,0.6,5.34
6734,0.6,5.34
6735,0.6,5.34
6736,0.6,5.34
6737,0.6,5.34
6738,0.6,5.34
6739,0.6,5.34
6740,0.6,5.34
6741,0.6,5.34
6742,0.6,5.34
6743,0.6,5.35
6744,0.6,5.35
6745,0.6,5.35
6746,0.6,5.35
6747,0.6,5.35
6748,0.6,5.35
6749,0.6,5.35
6750,0.6,5.35
6751,0.6,5.35
6752,0.6,5.35
6753,0.6,5.35
6754,0.6,5.35
6755,0.6,5.35
6756,0.6,5.35
6757,0.61,5.35
6758,0.61,5.35
6759,0.6,5.35
6760,0.6,5.35
6761,0.6,5.35
6762,0.6,5.35
6763,0.6,5.35
6764,0.6,5.35
6765,0.6,5.35
6766,0.61,5.35
6767,0.6,5.35
6768,0.6,5.35
6769,0.6,5.35
6770,0.61,5.35
6771,0.6,5.35
6772,0.6,5.35
6773,0.6,5.35
6774,0.6,5.35
6775,0.6,5.35
6776,0.6,5.35
6777,0.61,5.35
6778,0.6,5.35
6779,0.6,5.35
6780,0.6,5.35
6781,0.61,5.35
6782,0.61,5.35
6783,0.61,5.35
6784,0.61,5.35
6785,0.61,5.35
6786,0.61,5.35
6787,0.6,5.35
6788,0.6,5.35
6789,0.6,5.35
6790,0.6,5.35
6791,0.6,5.35
6792,0.61,5.35
6793,0.61,5.35
6794,0.61,5.35
6795,0.61,5.35
6796,0.6,5.36
6797,0.6,5.36
6798,0.61,5.36
6799,0.6,5.36
6800,0.6,5.36
6801,0.61,5.36
6802,0.6,5.36
6803,0.6,5.36
6804,0.6,5.36
6805,0.6,5.36
6806,0.6,5.36
6807,0.6,5.36
6808,0.6,5.36
6809,0.6,5.36
6810,0.6,5.36
6811,0.61,5.36
6812,0.6,5.36
6813,0.61,5.36
6814,0.6,5.36
6815,0.6,5.36
6816,0.6,5.36
6817,0.61,5.36
6818,0.61,5.36
6819,0.61,5.36
6820,0.6,5.36
6821,0.61,5.36
6822,0.6,5.36
6823,0.6,5.36
6824,0.61,5.36
6825,0.6,5.36
6826,0.61,5.36
6827,0.61,5.36
6828,0.61,5.36
6829,0.6,5.36
6830,0.61,5.36
6831,0.6,5.36
6832,0.6,5.36
6833,0.61,5.36
6834,0.61,5.36
6835,0.6,5.36
6836,0.6,5.36
6837,0.6,5.36
6838,0.6,5.36
6839,0.61,5.36
6840,0.61,5.36
6841,0.6,5.36
6842,0.6,5.36
6843,0.61,5.36
6844,0.6,5.36
6845,0.6,5.36
6846,0.6,5.36
6847,0.6,5.36
6848,0.6,5.36
6849,0.61,5.36
6850,0.6,5.36
6851,0.6,5.36
6852,0.61,5.36
6853,0.6,5.36
6854,0.6,5.36
6855,0.61,5.36
6856,0.6,5.36
6857,0.6,5.36
6858,0.6,5.36
6859,0.61,5.36
6860,0.6,5.36
6861,0.6,5.36
6862,0.6,5.36
6863,0.6,5.36
6864,0.61,5.36
6865,0.6,5.36
6866,0.6,5.36
6867,0.61,5.36
6868,0.6,5.36
6869,0.6,5.36
6870,0.6,5.36
6871,0.61,5.36
6872,0.6,5.36
6873,0.61,5.36
6874,0.6,5.36
6875,0.6,5.36
6876,0.6,5.36
6877,0.6,5.36
6878,0.6,5.36
6879,0.61,5.36
6880,0.6,5.36
6881,0.6,5.36
6882,0.6,5.36
6883,0.6,5.36
6884,0.61,5.36
6885,0.6,5.36
6886,0.6,5.36
6887,0.61,5.36
6888,0.61,5.36
6889,0.61,5.36
6890,0.61,5.36
6891,0.61,5.36
6892,0.61,5.36
6893,0.61,5.36
6894,0.61,5.36
6895,0.61,5.36
6896,0.61,5.36
6897,0.61,5.36
6898,0.61,5.36
6899,0.61,5.36
6900,0.61,5.36
6901,0.61,5.36
6902,0.61,5.36
6903,0.61,5.36
6904,0.61,5.36
6905,0.61,5.36
6906,0.62,5.36
6907,0.62,5.36
6908,0.62,5.37
6909,0.62,5.37
6910,0.62,5.37
6911,0.61,5.37
6912,0.61,5.37
6913,0.61,5.37
6914,0.61,5.37
6915,0.62,5.37
6916,0.61,5.37
6917,0.62,5.37
6918,0.61,5.37
6919,0.62,5.37
6920,0.62,5.37
6921,0.61,5.37
6922,0.61,5.37
6923,0.62,5.37
6924,0.61,5.37
6925,0.61,5.37
6926,0.61,5.37
6927,0.61,5.37
6928,0.61,5.37
6929,0.61,5.37
6930,0.62,5.37
6931,0.61,5.37
6932,0.61,5.37
6933,0.61,5.37
6934,0.61,5.37
6935,0.61,5.37
6936,0.62,5.37
6937,0.62,5.37
6938,0.61,5.37
6939,0.62,5.37
6940,0.61,5.37
6941,0.61,5.37
6942,0.61,5.37
6943,0.62,5.37
6944,0.61,5.37
6945,0.61,5.37
6946,0.61,5.37
6947,0.61,5.37
6948,0.62,5.37
6949,0.62,5.37
6950,0.61,5.37
6951,0.61,5.37
6952,0.61,5.37
6953,0.62,5.37
6954,0.61,5.37
6955,0.61,5.37
6956,0.61,5.37
6957,0.62,5.37
6958,0.62,5.37
6959,0.61,5.37
6960,0.61,5.37
6961,0.61,5.37
6962,0.61,5.37
6963,0.61,5.37
6964,0.61,5.37
6965,0.61,5.37
6966,0.61,5.37
6967,0.61,5.37
6968,0.61,5.37
6969,0.61,5.37
6970,0.61,5.37
6971,0.61,5.37
6972,0.61,5.37
6973,0.62,5.37
6974,0.61,5.37
6975,0.61,5.37
6976,0.61,5.37
6977,0.61,5.37
6978,0.62,5.37
6979,0.61,5.37
6980,0.61,5.37
6981,0.61,5.37
6982,0.61,5.37
6983,0.61,5.37
6984,0.61,5.37
6985,0.61,5.37
6986,0.62,5.37
6987,0.61,5.37
6988,0.61,5.37
6989,0.61,5.37
6990,0.61,5.37
6991,0.61,5.37
6992,0.61,5.37
6993,0.62,5.37
6994,0.61,5.37
6995,0.61,5.37
6996,0.61,5.37
6997,0.62,5.37
6998,0.61,5.37
6999,0.61,5.37
7000,0.61,5.37
7001,0.61,5.37
7002,0.61,5.37
7003,0.61,5.37
7004,0.61,5.37
7005,0.62,5.37
7006,0.61,5.37
7007,0.61,5.37
7008,0.62,5.37
7009,0.61,5.37
7010,0.61,5.37
7011,0.61,5.37
7012,0.61,5.37
7013,0.61,5.37
7014,0.61,5.37
7015,0.62,5.37
7016,0.61,5.37
7017,0.62,5.37
7018,0.61,5.37
7019,0.61,5.37
7020,0.61,5.37
7021,0.61,5.38
7022,0.61,5.38
7023,0.62,5.38
7024,0.62,5.38
7025,0.62,5.38
7026,0.61,5.38
7027,0.61,5.37
7028,0.61,5.37
7029,0.61,5.37
7030,0.61,5.37
7031,0.61,5.37
7032,0.61,5.37
7033,0.61,5.37
7034,0.61,5.37
7035,0.61,5.37
7036,0.61,5.37
7037,0.61,5.37
7038,0.62,5.37
7039,0.61,5.37
7040,0.62,5.37
7041,0.61,5.37
7042,0.62,5.37
7043,0.62,5.37
7044,0.62,5.37
7045,0.62,5.37
7046,0.62,5.37
7047,0.62,5.37
7048,0.62,5.37
7049,0.62,5.37
7050,0.62,5.37
7051,0.62,5.37
7052,0.62,5.37
7053,0.62,5.37
7054,0.62,5.37
7055,0.62,5.37
7056,0.62,5.37
7057,0.62,5.37
7058,0.62,5.37
7059,0.62,5.37
7060,0.62,5.37
7061,0.62,5.38
7062,0.62,5.38
7063,0.62,5.38
7064,0.62,5.38
7065,0.62,5.38
7066,0.62,5.38
7067,0.62,5.38
7068,0.62,5.38
7069,0.62,5.38
7070,0.62,5.38
7071,0.62,5.38
7072,0.62,5.38
7073,0.62,5.38
7074,0.62,5.38
7075,0.62,5.38
7076,0.62,5.38
7077,0.62,5.38
7078,0.62,5.38
7079,0.62,5.38
7080,0.62,5.38
7081,0.62,5.38
7082,0.62,5.38
7083,0.62,5.38
7084,0.62,5.38
7085,0.62,5.38
7086,0.62,5.38
7087,0.62,5.38
7088,0.62,5.38
7089,0.62,5.38
7090,0.62,5.38
7091,0.62,5.38
7092,0.62,5.38
7093,0.62,5.38
7094,0.62,5.38
7095,0.62,5.38
7096,0.62,5.38
7097,0.62,5.38
7098,0.62,5.38
7099,0.62,5.38
7100,0.62,5.38
7101,0.62,5.38
7102,0.62,5.38
7103,0.62,5.38
7104,0.62,5.38
7105,0.62,5.38
7106,0.62,5.38
7107,0.62,5.38
7108,0.62,5.38
7109,0.62,5.38
7110,0.62,5.38
7111,0.62,5.38
7112,0.62,5.38
7113,0.62,5.38
7114,0.62,5.38
7115,0.62,5.38
7116,0.62,5.38
7117,0.62,5.38
7118,0.62,5.39
7119,0.62,5.39
7120,0.62,5.39
7121,0.62,5.39
7122,0.62,5.39
7123,0.62,5.39
7124,0.62,5.39
7125,0.62,5.39
7126,0.62,5.39
7127,0.62,5.39
7128,0.62,5.39
7129,0.62,5.39
7130,0.62,5.39
7131,0.62,5.39
7132,0.62,5.39
7133,0.62,5.39
7134,0.62,5.39
7135,0.62,5.39
7136,0.62,5.39
7137,0.62,5.39
7138,0.62,5.39
7139,0.62,5.39
7140,0.62,5.39
7141,0.62,5.39
7142,0.62,5.39
7143,0.62,5.39
7144,0.62,5.39
7145,0.62,5.39
7146,0.62,5.39
7147,0.62,5.39
7148,0.62,5.39
7149,0.62,5.39
7150,0.62,5.39
7151,0.62,5.38
7152,0.62,5.39
7153,0.62,5.38
7154,0.62,5.38
7155,0.62,5.38
7156,0.62,5.38
7157,0.62,5.38
7158,0.62,5.38
7159,0.62,5.38
7160,0.62,5.38
7161,0.62,5.38
7162,0.62,5.39
7163,0.62,5.39
7164,0.62,5.39
7165,0.62,5.39
7166,0.62,5.39
7167,0.62,5.39
7168,0.62,5.39
7169,0.62,5.39
7170,0.62,5.39
7171,0.62,5.39
7172,0.62,5.39
7173,0.62,5.39
7174,0.62,5.39
7175,0.62,5.39
7176,0.62,5.39
7177,0.62,5.39
7178,0.62,5.39
7179,0.62,5.39
7180,0.62,5.39
7181,0.62,5.39
7182,0.62,5.39
7183,0.62,5.39
7184,0.62,5.39
7185,0.62,5.39
7186,0.62,5.39
7187,0.62,5.39
7188,0.62,5.39
7189,0.62,5.39
7190,0.62,5.39
7191,0.62,5.39
7192,0.62,5.39
7193,0.62,5.39
7194,0.62,5.39
7195,0.62,5.39
7196,0.62,5.39
7197,0.62,5.39
7198,0.62,5.39
7199,0.62,5.38
7200,0.62,5.38
7201,0.62,5.38
7202,0.62,5.38
7203,0.62,5.38
7204,0.62,5.38
7205,0.62,5.38
7206,0.62,5.38
7207,0.62,5.38
7208,0.62,5.38
7209,0.62,5.38
7210,0.62,5.38
7211,0.62,5.38
7212,0.62,5.38
7213,0.62,5.38
7214,0.62,5.38
7215,0.62,5.38
7216,0.62,5.38
7217,0.62,5.39
7218,0.62,5.39
7219,0.62,5.39
7220,0.62,5.39
7221,0.62,5.39
7222,0.62,5.39
7223,0.62,5.39
7224,0.62,5.39
7225,0.62,5.39
7226,0.62,5.39
7227,0.62,5.39
7228,0.62,5.39
7229,0.62,5.39
7230,0.62,5.39
7231,0.62,5.39
7232,0.62,5.39
7233,0.62,5.39
7234,0.62,5.39
7235,0.62,5.39
7236,0.62,5.39
7237,0.62,5.39
7238,0.62,5.39
7239,0.62,5.39
7240,0.62,5.39
7241,0.62,5.39
7242,0.62,5.39
7243,0.62,5.39
7244,0.62,5.39
7245,0.62,5.39
7246,0.62,5.39
7247,0.62,5.39
7248,0.62,5.39
7249,0.62,5.39
7250,0.62,5.39
7251,0.62,5.39
7252,0.62,5.39
7253,0.62,5.39
7254,0.62,5.39
7255,0.62,5.38
7256,0.62,5.39
7257,0.62,5.39
7258,0.62,5.39
7259,0.62,5.39
7260,0.62,5.39
7261,0.62,5.39
7262,0.62,5.39
7263,0.62,5.39
7264,0.62,5.39
7265,0.62,5.39
7266,0.62,5.39
7267,0.62,5.39
7268,0.62,5.39
7269,0.62,5.39
7270,0.62,5.39
7271,0.62,5.39
7272,0.62,5.39
7273,0.62,5.39
7274,0.62,5.39
7275,0.62,5.39
7276,0.63,5.39
7277,0.62,5.4
7278,0.62,5.4
7279,0.62,5.4
7280,0.62,5.4
7281,0.62,5.4
7282,0.62,5.4
7283,0.62,5.4
7284,0.62,5.4
7285,0.62,5.4
7286,0.62,5.4
7287,0.62,5.4
7288,0.62,5.4
7289,0.62,5.4
7290,0.62,5.4
7291,0.62,5.4
7292,0.62,5.4
7293,0.62,5.4
7294,0.62,5.4
7295,0.62,5.4
7296,0.62,5.4
7297,0.63,5.4
7298,0.63,5.4
7299,0.62,5.4
7300,0.62,5.4
7301,0.62,5.4
7302,0.62,5.4
7303,0.62,5.4
7304,0.62,5.39
7305,0.62,5.39
7306,0.62,5.39
7307,0.62,5.39
7308,0.63,5.39
7309,0.62,5.39
7310,0.62,5.39
7311,0.62,5.39
7312,0.62,5.39
7313,0.62,5.39
7314,0.62,5.39
7315,0.62,5.39
7316,0.62,5.4
7317,0.62,5.4
7318,0.62,5.4
7319,0.62,5.4
7320,0.62,5.4
7321,0.62,5.4
7322,0.62,5.4
7323,0.62,5.4
7324,0.62,5.4
7325,0.62,5.4
7326,0.62,5.4
7327,0.62,5.4
7328,0.63,5.4
7329,0.62,5.4
7330,0.62,5.4
7331,0.62,5.4
7332,0.62,5.4
7333,0.62,5.4
7334,0.62,5.4
7335,0.62,5.4
7336,0.62,5.4
7337,0.62,5.4
7338,0.62,5.4
7339,0.62,5.4
7340,0.62,5.4
7341,0.62,5.4
7342,0.62,5.4
7343,0.62,5.4
7344,0.62,5.4
7345,0.62,5.4
7346,0.62,5.4
7347,0.62,5.4
7348,0.62,5.4
7349,0.63,5.4
7350,0.62,5.4
7351,0.63,5.4
7352,0.62,5.4
7353,0.62,5.4
7354,0.62,5.4
7355,0.62,5.4
7356,0.62,5.4
7357,0.62,5.4
7358,0.62,5.4
7359,0.62,5.4
7360,0.62,5.4
7361,0.62,5.4
7362,0.62,5.4
7363,0.62,5.4
7364,0.62,5.4
7365,0.62,5.4
7366,0.62,5.4
7367,0.62,5.4
7368,0.63,5.4
7369,0.62,5.4
7370,0.62,5.4
7371,0.62,5.4
7372,0.62,5.4
7373,0.62,5.4
7374,0.62,5.4
7375,0.62,5.4
7376,0.62,5.4
7377,0.63,5.4
7378,0.62,5.4
7379,0.62,5.4
7380,0.62,5.4
7381,0.62,5.4
7382,0.62,5.4
7383,0.62,5.4
7384,0.62,5.4
7385,0.63,5.4
7386,0.62,5.4
7387,0.62,5.4
7388,0.62,5.4
7389,0.62,5.4
7390,0.62,5.4
7391,0.62,5.4
7392,0.63,5.4
7393,0.62,5.4
7394,0.62,5.4
7395,0.62,5.4
7396,0.62,5.4
7397,0.62,5.4
7398,0.62,5.4
7399,0.62,5.4
7400,0.62,5.4
7401,0.62,5.4
7402,0.62,5.4
7403,0.62,5.4
7404,0.62,5.4
7405,0.62,5.4
7406,0.62,5.4
7407,0.62,5.4
7408,0.62,5.4
7409,0.62,5.4
7410,0.62,5.4
7411,0.62,5.4
7412,0.62,5.4
7413,0.63,5.4
7414,0.62,5.4
7415,0.62,5.4
7416,0.62,5.4
7417,0.62,5.4
7418,0.62,5.4
7419,0.63,5.4
7420,0.62,5.4
7421,0.62,5.4
7422,0.62,5.4
7423,0.62,5.4
7424,0.62,5.4
7425,0.62,5.4
7426,0.62,5.4
7427,0.62,5.4
7428,0.62,5.4
7429,0.62,5.4
7430,0.62,5.4
7431,0.62,5.4
7432,0.62,5.4
7433,0.63,5.4
7434,0.62,5.4
7435,0.62,5.4
7436,0.62,5.41
7437,0.62,5.41
7438,0.62,5.41
7439,0.62,5.41
7440,0.62,5.41
7441,0.62,5.41
7442,0.62,5.41
7443,0.62,5.41
7444,0.62,5.41
7445,0.62,5.41
7446,0.62,5.41
7447,0.62,5.41
7448,0.62,5.4
7449,0.62,5.4
7450,0.62,5.4
7451,0.62,5.4
7452,0.62,5.4
7453,0.62,5.4
7454,0.62,5.4
7455,0.62,5.4
7456,0.62,5.4
7457,0.62,5.4
7458,0.63,5.4
7459,0.62,5.4
7460,0.62,5.4
7461,0.62,5.4
7462,0.62,5.4
7463,0.63,5.4
7464,0.62,5.4
7465,0.62,5.4
7466,0.62,5.4
7467,0.62,5.4
7468,0.62,5.4
7469,0.62,5.4
7470,0.62,5.4
7471,0.62,5.4
7472,0.63,5.4
7473,0.62,5.4
7474,0.62,5.4
7475,0.62,5.4
7476,0.62,5.4
7477,0.62,5.4
7478,0.62,5.4
7479,0.62,5.4
7480,0.62,5.4
7481,0.62,5.4
7482,0.62,5.4
7483,0.62,5.4
7484,0.62,5.4
7485,0.62,5.4
7486,0.62,5.4
7487,0.62,5.4
7488,0.63,5.4
7489,0.62,5.4
7490,0.62,5.41
7491,0.62,5.41
7492,0.62,5.41
7493,0.62,5.41
7494,0.62,5.41
7495,0.62,5.41
7496,0.62,5.41
7497,0.62,5.41
7498,0.62,5.4
7499,0.62,5.4
7500,0.62,5.4
7501,0.62,5.4
7502,0.62,5.4
7503,0.62,5.4
7504,0.62,5.4
7505,0.63,5.4
7506,0.62,5.4
7507,0.62,5.4
7508,0.62,5.4
7509,0.62,5.4
7510,0.62,5.4
7511,0.62,5.4
7512,0.62,5.4
7513,0.62,5.4
7514,0.62,5.4
7515,0.63,5.4
7516,0.62,5.4
7517,0.62,5.4
7518,0.62,5.4
7519,0.62,5.4
7520,0.62,5.4
7521,0.62,5.4
7522,0.62,5.4
7523,0.62,5.4
7524,0.62,5.4
7525,0.62,5.4
7526,0.62,5.4
7527,0.62,5.4
7528,0.62,5.4
7529,0.62,5.4
7530,0.62,5.4
7531,0.62,5.4
7532,0.62,5.4
7533,0.62,5.4
7534,0.62,5.4
7535,0.62,5.4
7536,0.62,5.4
7537,0.62,5.41
7538,0.62,5.41
7539,0.62,5.41
7540,0.62,5.41
7541,0.62,5.41
7542,0.62,5.41
7543,0.62,5.41
7544,0.62,5.41
7545,0.62,5.41
7546,0.62,5.41
7547,0.62,5.41
7548,0.62,5.41
7549,0.62,5.41
7550,0.62,5.41
7551,0.62,5.41
7552,0.62,5.41
7553,0.62,5.4
7554,0.62,5.4
7555,0.62,5.4
7556,0.62,5.4
7557,0.62,5.4
7558,0.63,5.4
7559,0.63,5.4
7560,0.62,5.4
7561,0.62,5.4
7562,0.63,5.4
7563,0.63,5.4
7564,0.62,5.4
7565,0.62,5.4
7566,0.62,5.4
7567,0.62,5.4
7568,0.62,5.4
7569,0.62,5.4
7570,0.62,5.4
7571,0.62,5.4
7572,0.62,5.4
7573,0.62,5.4
7574,0.62,5.4
7575,0.62,5.4
7576,0.62,5.4
7577,0.62,5.4
7578,0.63,5.4
7579,0.62,5.4
7580,0.62,5.4
7581,0.62,5.4
7582,0.62,5.4
7583,0.62,5.4
7584,0.62,5.4
7585,0.62,5.4
7586,0.62,5.4
7587,0.62,5.4
7588,0.62,5.4
7589,0.62,5.4
7590,0.62,5.4
7591,0.62,5.4
7592,0.62,5.4
7593,0.62,5.4
7594,0.62,5.4
7595,0.62,5.4
7596,0.62,5.4
7597,0.62,5.4
7598,0.62,5.4
7599,0.63,5.4
7600,0.62,5.4
7601,0.62,5.4
7602,0.62,5.4
7603,0.63,5.4
7604,0.62,5.4
7605,0.62,5.4
7606,0.62,5.4
7607,0.62,5.4
7608,0.63,5.4
7609,0.63,5.4
7610,0.62,5.4
7611,0.63,5.4
7612,0.62,5.4
7613,0.63,5.4
7614,0.62,5.4
7615,0.63,5.4
7616,0.63,5.4
7617,0.63,5.4
7618,0.63,5.4
7619,0.62,5.4
7620,0.62,5.4
7621,0.63,5.4
7622,0.62,5.4
7623,0.62,5.4
7624,0.63,5.4
7625,0.63,5.4
7626,0.63,5.4
7627,0.63,5.4
7628,0.63,5.4
7629,0.63,5.4
7630,0.63,5.41
7631,0.63,5.41
7632,0.63,5.41
7633,0.63,5.41
7634,0.63,5.41
7635,0.63,5.41
7636,0.63,5.41
7637,0.63,5.41
7638,0.63,5.41
7639,0.63,5.41
7640,0.63,5.41
7641,0.63,5.41
7642,0.63,5.41
7643,0.63,5.41
7644,0.63,5.41
7645,0.63,5.41
7646,0.63,5.41
7647,0.63,5.41
7648,0.62,5.41
7649,0.62,5.41
7650,0.62,5.41
7651,0.62,5.41
7652,0.63,5.41
7653,0.62,5.41
7654,0.62,5.41
7655,0.62,5.41
7656,0.62,5.41
7657,0.62,5.41
7658,0.63,5.41
7659,0.62,5.41
7660,0.62,5.41
7661,0.63,5.41
7662,0.62,5.41
7663,0.63,5.41
7664,0.62,5.41
7665,0.63,5.41
7666,0.63,5.41
7667,0.63,5.41
7668,0.63,5.41
7669,0.63,5.41
7670,0.63,5.4
7671,0.63,5.4
7672,0.63,5.4
7673,0.63,5.4
7674,0.63,5.4
7675,0.63,5.4
7676,0.63,5.4
7677,0.63,5.4
7678,0.63,5.4
7679,0.63,5.4
7680,0.63,5.4
7681,0.63,5.41
7682,0.63,5.41
7683,0.63,5.41
7684,0.63,5.41
7685,0.63,5.41
7686,0.63,5.41
7687,0.63,5.41
7688,0.63,5.41
7689,0.63,5.41
7690,0.63,5.41
7691,0.63,5.41
7692,0.63,5.41
7693,0.63,5.41
7694,0.63,5.41
7695,0.63,5.41
7696,0.63,5.42
7697,0.63,5.42
7698,0.63,5.42
7699,0.63,5.42
7700,0.63,5.42
7701,0.63,5.42
7702,0.62,5.42
7703,0.63,5.42
7704,0.63,5.42
7705,0.63,5.42
7706,0.62,5.42
7707,0.63,5.42
7708,0.63,5.42
7709,0.62,5.42
7710,0.63,5.42
7711,0.63,5.41
7712,0.63,5.41
7713,0.63,5.41
7714,0.62,5.41
7715,0.63,5.41
7716,0.63,5.41
7717,0.63,5.41
7718,0.63,5.41
7719,0.63,5.41
7720,0.63,5.41
7721,0.63,5.41
7722,0.63,5.41
7723,0.63,5.41
7724,0.63,5.41
7725,0.63,5.41
7726,0.63,5.41
7727,0.63,5.41
7728,0.62,5.41
7729,0.63,5.41
7730,0.63,5.41
7731,0.63,5.41
7732,0.63,5.41
7733,0.63,5.41
7734,0.62,5.41
7735,0.63,5.41
7736,0.63,5.41
7737,0.63,5.41
7738,0.63,5.41
7739,0.63,5.41
7740,0.63,5.41
7741,0.63,5.41
7742,0.63,5.41
7743,0.63,5.41
7744,0.63,5.42
7745,0.63,5.42
7746,0.63,5.42
7747,0.63,5.42
7748,0.63,5.42
7749,0.63,5.42
7750,0.63,5.42
7751,0.63,5.42
7752,0.63,5.42
7753,0.63,5.42
7754,0.63,5.42
7755,0.63,5.42
7756,0.63,5.42
7757,0.63,5.42
7758,0.63,5.42
7759,0.63,5.42
7760,0.63,5.42
7761,0.62,5.42
7762,0.62,5.42
7763,0.62,5.42
7764,0.62,5.42
7765,0.63,5.42
7766,0.62,5.42
7767,0.63,5.42
7768,0.63,5.41
7769,0.62,5.41
7770,0.62,5.41
7771,0.62,5.41
7772,0.63,5.41
7773,0.63,5.41
7774,0.63,5.41
7775,0.63,5.41
7776,0.63,5.41
7777,0.63,5.41
7778,0.63,5.41
7779,0.63,5.41
7780,0.63,5.41
7781,0.63,5.41
7782,0.63,5.41
7783,0.63,5.41
7784,0.63,5.41
7785,0.63,5.41
7786,0.63,5.41
7787,0.63,5.41
7788,0.63,5.41
7789,0.63,5.41
7790,0.63,5.41
7791,0.63,5.41
7792,0.63,5.41
7793,0.63,5.41
7794,0.63,5.41
7795,0.63,5.41
7796,0.63,5.41
7797,0.64,5.41
7798,0.63,5.42
7799,0.63,5.42
7800,0.63,5.42
7801,0.63,5.42
7802,0.63,5.42
7803,0.63,5.42
7804,0.63,5.42
7805,0.63,5.42
7806,0.63,5.42
7807,0.63,5.42
7808,0.63,5.42
7809,0.63,5.42
7810,0.63,5.42
7811,0.63,5.42
7812,0.63,5.42
7813,0.63,5.42
7814,0.62,5.42
7815,0.62,5.42
7816,0.62,5.42
7817,0.63,5.42
7818,0.62,5.42
7819,0.63,5.42
7820,0.62,5.42
7821,0.63,5.42
7822,0.63,5.41
7823,0.63,5.41
7824,0.63,5.41
7825,0.63,5.41
7826,0.63,5.41
7827,0.63,5.41
7828,0.63,5.41
7829,0.63,5.41
7830,0.63,5.41
7831,0.63,5.41
7832,0.63,5.41
7833,0.63,5.41
7834,0.62,5.41
7835,0.63,5.41
7836,0.63,5.41
7837,0.63,5.41
7838,0.63,5.41
7839,0.63,5.41
7840,0.63,5.41
7841,0.63,5.41
7842,0.63,5.41
7843,0.63,5.41
7844,0.63,5.41
7845,0.63,5.41
7846,0.63,5.41
7847,0.63,5.41
7848,0.64,5.41
7849,0.63,5.41
7850,0.63,5.41
7851,0.63,5.42
7852,0.63,5.42
7853,0.63,5.42
7854,0.63,5.42
7855,0.64,5.42
7856,0.63,5.42
7857,0.63,5.42
7858,0.62,5.42
7859,0.63,5.42
7860,0.63,5.42
7861,0.63,5.42
7862,0.62,5.42
7863,0.63,5.42
7864,0.62,5.42
7865,0.63,5.42
7866,0.63,5.42
7867,0.63,5.42
7868,0.63,5.42
7869,0.62,5.42
7870,0.62,5.42
7871,0.62,5.42
7872,0.62,5.42
7873,0.62,5.42
7874,0.62,5.42
7875,0.62,5.41
7876,0.62,5.41
7877,0.63,5.41
7878,0.63,5.41
7879,0.63,5.41
7880,0.63,5.41
7881,0.63,5.41
7882,0.62,5.41
7883,0.63,5.41
7884,0.63,5.41
7885,0.62,5.41
7886,0.63,5.41
7887,0.63,5.41
7888,0.63,5.41
7889,0.62,5.41
7890,0.63,5.41
7891,0.63,5.41
7892,0.63,5.41
7893,0.63,5.41
7894,0.63,5.41
7895,0.63,5.41
7896,0.63,5.41
7897,0.63,5.41
7898,0.63,5.41
7899,0.63,5.41
7900,0.63,5.41
7901,0.63,5.41
7902,0.62,5.41
7903,0.63,5.41
7904,0.63,5.41
7905,0.63,5.42
7906,0.63,5.42
7907,0.63,5.42
7908,0.63,5.42
7909,0.63,5.42
7910,0.63,5.42
7911,0.63,5.42
7912,0.62,5.42
7913,0.62,5.42
7914,0.63,5.42
7915,0.63,5.42
7916,0.62,5.42
7917,0.63,5.42
7918,0.63,5.42
7919,0.63,5.42
7920,0.63,5.42
7921,0.62,5.42
7922,0.62,5.42
7923,0.63,5.42
7924,0.62,5.42
7925,0.62,5.42
7926,0.62,5.42
7927,0.62,5.41
7928,0.62,5.41
7929,0.62,5.41
7930,0.62,5.41
7931,0.63,5.41
7932,0.62,5.41
7933,0.63,5.41
7934,0.63,5.41
7935,0.63,5.41
7936,0.63,5.41
7937,0.63,5.4
7938,0.62,5.4
7939,0.63,5.4
7940,0.62,5.4
7941,0.63,5.4
7942,0.63,5.4
7943,0.63,5.4
7944,0.63,5.4
7945,0.62,5.4
7946,0.63,5.4
7947,0.63,5.4
7948,0.63,5.4
7949,0.63,5.4
7950,0.63,5.41
7951,0.63,5.41
7952,0.63,5.41
7953,0.63,5.41
7954,0.62,5.41
7955,0.63,5.41
7956,0.63,5.41
7957,0.63,5.41
7958,0.63,5.41
7959,0.63,5.41
7960,0.63,5.42
7961,0.63,5.42
7962,0.63,5.42
7963,0.63,5.42
7964,0.63,5.42
7965,0.63,5.42
7966,0.63,5.42
7967,0.63,5.42
7968,0.63,5.42
7969,0.62,5.42
7970,0.62,5.42
7971,0.62,5.42
7972,0.62,5.42
7973,0.63,5.42
7974,0.62,5.42
7975,0.63,5.42
7976,0.63,5.42
7977,0.62,5.42
7978,0.62,5.42
7979,0.62,5.42
7980,0.62,5.42
7981,0.62,5.41
7982,0.62,5.41
7983,0.62,5.41
7984,0.62,5.41
7985,0.62,5.41
7986,0.62,5.41
7987,0.62,5.41
7988,0.62,5.41
7989,0.62,5.4
7990,0.62,5.4
7991,0.62,5.4
7992,0.63,5.4
7993,0.62,5.4
7994,0.63,5.4
7995,0.63,5.4
7996,0.62,5.4
7997,0.63,5.4
7998,0.63,5.4
7999,0.63,5.4
8000,0.63,5.4
8001,0.63,5.4
8002,0.62,5.4
8003,0.63,5.4
8004,0.63,5.4
8005,0.63,5.4
8006,0.63,5.4
8007,0.63,5.41
8008,0.63,5.41
8009,0.63,5.41
8010,0.63,5.41
8011,0.63,5.41
8012,0.63,5.41
8013,0.63,5.41
8014,0.63,5.41
8015,0.63,5.41
8016,0.62,5.42
8017,0.63,5.42
8018,0.63,5.42
8019,0.63,5.42
8020,0.62,5.42
8021,0.62,5.42
8022,0.62,5.42
8023,0.63,5.42
8024,0.62,5.42
8025,0.63,5.42
8026,0.62,5.42
8027,0.63,5.42
8028,0.62,5.42
8029,0.62,5.42
8030,0.62,5.42
8031,0.62,5.42
8032,0.62,5.42
8033,0.63,5.41
8034,0.62,5.41
8035,0.62,5.41
8036,0.62,5.41
8037,0.62,5.41
8038,0.62,5.41
8039,0.62,5.41
8040,0.62,5.41
8041,0.62,5.4
8042,0.62,5.4
8043,0.62,5.4
8044,0.62,5.4
8045,0.63,5.4
8046,0.62,5.4
8047,0.62,5.4
8048,0.62,5.4
8049,0.62,5.4
8050,0.62,5.4
8051,0.62,5.4
8052,0.63,5.4
8053,0.63,5.4
8054,0.63,5.4
8055,0.63,5.4
8056,0.63,5.4
8057,0.63,5.4
8058,0.63,5.4
8059,0.63,5.4
8060,0.63,5.4
8061,0.63,5.4
8062,0.63,5.41
8063,0.63,5.41
8064,0.62,5.41
8065,0.63,5.41
8066,0.62,5.41
8067,0.63,5.41
8068,0.63,5.41
8069,0.62,5.42
8070,0.62,5.42
8071,0.62,5.42
8072,0.62,5.42
8073,0.62,5.42
8074,0.62,5.42
8075,0.62,5.42
8076,0.62,5.42
8077,0.62,5.42
8078,0.62,5.42
8079,0.62,5.42
8080,0.62,5.42
8081,0.62,5.42
8082,0.62,5.42
8083,0.62,5.42
8084,0.62,5.42
8085,0.62,5.42
8086,0.62,5.41
8087,0.63,5.41
8088,0.62,5.41
8089,0.62,5.41
8090,0.62,5.41
8091,0.62,5.41
8092,0.62,5.41
8093,0.62,5.4
8094,0.62,5.4
8095,0.62,5.4
8096,0.62,5.4
8097,0.62,5.4
8098,0.62,5.4
8099,0.62,5.4
8100,0.62,5.4
8101,0.62,5.4
8102,0.62,5.39
8103,0.62,5.39
8104,0.62,5.39
8105,0.62,5.39
8106,0.62,5.39
8107,0.63,5.4
8108,0.62,5.4
8109,0.62,5.4
8110,0.62,5.4
8111,0.63,5.4
8112,0.63,5.4
8113,0.63,5.4
8114,0.63,5.4
8115,0.62,5.4
8116,0.63,5.4
8117,0.62,5.41
8118,0.62,5.41
8119,0.62,5.41
8120,0.62,5.41
8121,0.62,5.41
8122,0.62,5.41
8123,0.63,5.41
8124,0.62,5.42
8125,0.62,5.42
8126,0.62,5.42
8127,0.63,5.42
8128,0.63,5.42
8129,0.62,5.42
8130,0.62,5.42
8131,0.62,5.42
8132,0.62,5.42
8133,0.62,5.42
8134,0.62,5.42
8135,0.62,5.42
8136,0.62,5.42
8137,0.62,5.41
8138,0.63,5.41
8139,0.62,5.41
8140,0.62,5.41
8141,0.62,5.41
8142,0.62,5.41
8143,0.62,5.41
8144,0.62,5.41
8145,0.62,5.4
8146,0.62,5.4
8147,0.62,5.4
8148,0.62,5.4
8149,0.62,5.4
8150,0.62,5.4
8151,0.62,5.4
8152,0.62,5.4
8153,0.62,5.4
8154,0.62,5.4
8155,0.62,5.39
8156,0.62,5.39
8157,0.62,5.39
8158,0.62,5.39
8159,0.62,5.39
8160,0.62,5.4
8161,0.62,5.4
8162,0.62,5.4
8163,0.62,5.4
8164,0.62,5.4
8165,0.62,5.4
8166,0.62,5.4
8167,0.62,5.4
8168,0.62,5.4
8169,0.62,5.4
8170,0.62,5.41
8171,0.62,5.41
8172,0.62,5.41
8173,0.62,5.41
8174,0.63,5.41
8175,0.62,5.41
8176,0.62,5.41
8177,0.62,5.41
8178,0.62,5.41
8179,0.62,5.41
8180,0.62,5.41
8181,0.63,5.41
8182,0.62,5.41
8183,0.62,5.41
8184,0.62,5.41
8185,0.62,5.41
8186,0.62,5.41
8187,0.62,5.41
8188,0.62,5.41
8189,0.62,5.41
8190,0.62,5.41
8191,0.62,5.41
8192,0.63,5.41
8193,0.62,5.41
8194,0.62,5.4
8195,0.62,5.4
8196,0.62,5.4
8197,0.63,5.4
8198,0.62,5.4
8199,0.62,5.4
8200,0.62,5.4
8201,0.62,5.4
8202,0.62,5.4
8203,0.62,5.4
8204,0.62,5.4
8205,0.62,5.39
8206,0.62,5.39
8207,0.62,5.39
8208,0.62,5.39
8209,0.62,5.39
8210,0.62,5.39
8211,0.62,5.39
8212,0.62,5.39
8213,0.62,5.4
8214,0.62,5.4
8215,0.62,5.4
8216,0.62,5.4
8217,0.62,5.4
8218,0.62,5.4
8219,0.62,5.4
8220,0.62,5.4
8221,0.62,5.4
8222,0.62,5.4
8223,0.63,5.41
8224,0.62,5.41
8225,0.62,5.41
8226,0.62,5.41
8227,0.62,5.41
8228,0.62,5.41
8229,0.62,5.41
8230,0.62,5.41
8231,0.63,5.41
8232,0.62,5.41
8233,0.62,5.41
8234,0.62,5.41
8235,0.62,5.41
8236,0.62,5.41
8237,0.62,5.41
8238,0.62,5.41
8239,0.62,5.41
8240,0.62,5.41
8241,0.62,5.41
8242,0.62,5.41
8243,0.62,5.41
8244,0.62,5.4
8245,0.62,5.4
8246,0.62,5.4
8247,0.62,5.4
8248,0.62,5.4
8249,0.62,5.4
8250,0.62,5.4
8251,0.62,5.4
8252,0.62,5.4
8253,0.62,5.39
8254,0.62,5.39
8255,0.62,5.39
8256,0.62,5.39
8257,0.62,5.39
8258,0.62,5.39
8259,0.62,5.39
8260,0.62,5.39
8261,0.62,5.39
8262,0.62,5.39
8263,0.62,5.39
8264,0.62,5.39
8265,0.62,5.39
8266,0.62,5.39
8267,0.62,5.4
8268,0.62,5.4
8269,0.62,5.4
8270,0.62,5.4
8271,0.62,5.4
8272,0.62,5.4
8273,0.62,5.4
8274,0.62,5.4
8275,0.62,5.4
8276,0.62,5.4
8277,0.62,5.4
8278,0.62,5.41
8279,0.62,5.41
8280,0.62,5.41
8281,0.62,5.41
8282,0.62,5.41
8283,0.62,5.41
8284,0.63,5.41
8285,0.62,5.41
8286,0.62,5.41
8287,0.62,5.41
8288,0.62,5.41
8289,0.62,5.41
8290,0.62,5.41
8291,0.62,5.41
8292,0.62,5.41
8293,0.62,5.41
8294,0.62,5.4
8295,0.62,5.4
8296,0.62,5.4
8297,0.62,5.4
8298,0.62,5.4
8299,0.62,5.4
8300,0.62,5.4
8301,0.62,5.4
8302,0.62,5.4
8303,0.62,5.4
8304,0.62,5.39
8305,0.62,5.39
8306,0.62,5.39
8307,0.62,5.39
8308,0.62,5.39
8309,0.62,5.39
8310,0.62,5.39
8311,0.62,5.39
8312,0.62,5.39
8313,0.62,5.39
8314,0.63,5.39
8315,0.62,5.39
8316,0.62,5.39
8317,0.62,5.39
8318,0.62,5.4
8319,0.62,5.4
8320,0.62,5.4
8321,0.62,5.4
8322,0.62,5.4
8323,0.62,5.4
8324,0.62,5.4
8325,0.62,5.4
8326,0.62,5.4
8327,0.62,5.4
8328,0.62,5.4
8329,0.62,5.41
8330,0.62,5.41
8331,0.62,5.41
8332,0.62,5.41
8333,0.62,5.41
8334,0.62,5.41
8335,0.62,5.41
8336,0.62,5.41
8337,0.62,5.41
8338,0.62,5.41
8339,0.62,5.41
8340,0.62,5.41
8341,0.62,5.41
8342,0.62,5.41
8343,0.62,5.41
8344,0.62,5.41
8345,0.62,5.41
8346,0.62,5.41
8347,0.62,5.4
8348,0.62,5.4
8349,0.62,5.4
8350,0.62,5.4
8351,0.62,5.4
8352,0.62,5.4
8353,0.62,5.4
8354,0.62,5.4
8355,0.62,5.4
8356,0.62,5.4
8357,0.62,5.4
8358,0.62,5.4
8359,0.62,5.4
8360,0.62,5.4
8361,0.62,5.39
8362,0.62,5.39
8363,0.62,5.39
8364,0.62,5.39
8365,0.62,5.39
8366,0.62,5.4
8367,0.62,5.4
8368,0.62,5.4
8369,0.62,5.4
8370,0.62,5.4
8371,0.62,5.4
8372,0.62,5.4
8373,0.62,5.4
8374,0.62,5.4
8375,0.62,5.4
8376,0.62,5.4
8377,0.62,5.4
8378,0.62,5.4
8379,0.62,5.41
8380,0.62,5.41
8381,0.62,5.41
8382,0.62,5.41
8383,0.62,5.41
8384,0.62,5.41
8385,0.62,5.41
8386,0.62,5.41
8387,0.62,5.41
8388,0.62,5.41
8389,0.62,5.41
8390,0.62,5.41
8391,0.62,5.41
8392,0.62,5.41
8393,0.62,5.41
8394,0.62,5.41
8395,0.62,5.41
8396,0.62,5.41
8397,0.62,5.41
8398,0.62,5.4
8399,0.62,5.4
8400,0.62,5.4
8401,0.62,5.4
8402,0.62,5.4
8403,0.62,5.4
8404,0.62,5.4
8405,0.62,5.4
8406,0.62,5.4
8407,0.62,5.4
8408,0.62,5.4
8409,0.62,5.4
8410,0.62,5.4
8411,0.62,5.39
8412,0.62,5.39
8413,0.62,5.39
8414,0.62,5.39
8415,0.62,5.39
8416,0.62,5.39
8417,0.62,5.39
8418,0.62,5.39
8419,0.62,5.4
8420,0.62,5.4
8421,0.62,5.4
8422,0.62,5.4
8423,0.62,5.4
8424,0.62,5.4
8425,0.62,5.4
8426,0.62,5.4
8427,0.62,5.4
8428,0.63,5.4
8429,0.62,5.4
8430,0.62,5.4
8431,0.62,5.4
8432,0.62,5.4
8433,0.62,5.41
8434,0.62,5.41
8435,0.62,5.41
8436,0.62,5.41
8437,0.62,5.41
8438,0.62,5.41
8439,0.62,5.41
8440,0.62,5.41
8441,0.62,5.41
8442,0.62,5.41
8443,0.63,5.41
8444,0.62,5.41
8445,0.62,5.41
8446,0.62,5.41
8447,0.62,5.4
8448,0.62,5.4
8449,0.62,5.4
8450,0.62,5.4
8451,0.62,5.4
8452,0.62,5.4
8453,0.62,5.4
8454,0.62,5.4
8455,0.62,5.4
8456,0.62,5.4
8457,0.62,5.4
8458,0.62,5.4
8459,0.62,5.4
8460,0.62,5.4
8461,0.62,5.4
8462,0.62,5.4
8463,0.62,5.4
8464,0.62,5.4
8465,0.62,5.39
8466,0.62,5.4
8467,0.62,5.4
8468,0.62,5.4
8469,0.62,5.4
8470,0.62,5.4
8471,0.62,5.4
8472,0.62,5.4
8473,0.62,5.4
8474,0.62,5.4
8475,0.62,5.4
8476,0.62,5.4
8477,0.62,5.4
8478,0.62,5.4
8479,0.62,5.4
8480,0.62,5.4
8481,0.62,5.4
8482,0.62,5.4
8483,0.63,5.4
8484,0.62,5.4
8485,0.62,5.41
8486,0.62,5.41
8487,0.62,5.41
8488,0.62,5.41
8489,0.62,5.41
8490,0.62,5.41
8491,0.63,5.41
8492,0.62,5.41
8493,0.62,5.41
8494,0.62,5.41
8495,0.62,5.41
8496,0.63,5.41
8497,0.62,5.41
8498,0.62,5.4
8499,0.62,5.4
8500,0.62,5.4
8501,0.62,5.4
8502,0.62,5.4
8503,0.62,5.4
8504,0.62,5.4
8505,0.62,5.4
8506,0.62,5.4
8507,0.62,5.4
8508,0.62,5.4
8509,0.62,5.4
8510,0.62,5.4
8511,0.62,5.4
8512,0.62,5.4
8513,0.62,5.39
8514,0.62,5.39
8515,0.62,5.39
8516,0.62,5.39
8517,0.62,5.39
8518,0.62,5.39
8519,0.62,5.39
8520,0.62,5.39
8521,0.62,5.39
8522,0.62,5.39
8523,0.62,5.39
8524,0.62,5.39
8525,0.62,5.4
8526,0.62,5.4
8527,0.62,5.4
8528,0.62,5.4
8529,0.62,5.4
8530,0.62,5.4
8531,0.62,5.4
8532,0.62,5.4
8533,0.62,5.4
8534,0.62,5.4
8535,0.62,5.4
8536,0.62,5.4
8537,0.62,5.4
8538,0.62,5.4
8539,0.62,5.4
8540,0.62,5.4
8541,0.62,5.4
8542,0.62,5.4
8543,0.62,5.4
8544,0.62,5.4
8545,0.62,5.4
8546,0.62,5.4
8547,0.62,5.4
8548,0.62,5.4
8549,0.62,5.4
8550,0.62,5.4
8551,0.62,5.4
8552,0.62,5.4
8553,0.62,5.4
8554,0.62,5.4
8555,0.62,5.4
8556,0.62,5.4
8557,0.62,5.4
8558,0.62,5.4
8559,0.62,5.39
8560,0.62,5.39
8561,0.62,5.39
8562,0.62,5.39
8563,0.62,5.39
8564,0.62,5.39
8565,0.62,5.39
8566,0.62,5.39
8567,0.62,5.39
8568,0.62,5.39
8569,0.62,5.39
8570,0.62,5.39
8571,0.62,5.39
8572,0.62,5.39
8573,0.62,5.39
8574,0.62,5.39
8575,0.62,5.39
8576,0.62,5.39
8577,0.62,5.39
8578,0.62,5.39
8579,0.62,5.39
8580,0.62,5.39
8581,0.62,5.39
8582,0.62,5.39
8583,0.62,5.39
8584,0.62,5.39
8585,0.62,5.39
8586,0.62,5.39
8587,0.62,5.39
8588,0.62,5.39
8589,0.62,5.4
8590,0.62,5.4
8591,0.62,5.4
8592,0.62,5.4
8593,0.62,5.4
8594,0.62,5.4
8595,0.62,5.4
8596,0.62,5.4
8597,0.62,5.4
8598,0.62,5.4
8599,0.62,5.4
8600,0.62,5.4
8601,0.62,5.4
8602,0.62,5.4
8603,0.62,5.4
8604,0.62,5.39
8605,0.62,5.39
8606,0.62,5.39
8607,0.62,5.39
8608,0.62,5.39
8609,0.62,5.39
8610,0.62,5.39
8611,0.62,5.39
8612,0.62,5.39
8613,0.62,5.39
8614,0.62,5.39
8615,0.62,5.39
8616,0.62,5.38
8617,0.62,5.38
8618,0.62,5.38
8619,0.62,5.38
8620,0.62,5.38
8621,0.62,5.38
8622,0.62,5.38
8623,0.62,5.38
8624,0.62,5.38
8625,0.62,5.38
8626,0.62,5.38
8627,0.62,5.38
8628,0.62,5.38
8629,0.62,5.38
8630,0.62,5.38
8631,0.62,5.38
8632,0.62,5.38
8633,0.62,5.38
8634,0.62,5.39
8635,0.62,5.39
8636,0.62,5.39
8637,0.62,5.39
8638,0.62,5.39
8639,0.62,5.39
8640,0.62,5.39
8641,0.62,5.39
8642,0.62,5.39
8643,0.62,5.39
8644,0.62,5.39
8645,0.62,5.39
8646,0.62,5.39
8647,0.62,5.39
8648,0.62,5.39
8649,0.62,5.39
8650,0.62,5.39
8651,0.62,5.39
8652,0.62,5.39
8653,0.62,5.39
8654,0.62,5.39
8655,0.62,5.39
8656,0.62,5.39
8657,0.62,5.39
8658,0.62,5.39
8659,0.62,5.39
8660,0.62,5.39
8661,0.62,5.39
8662,0.62,5.39
8663,0.62,5.39
8664,0.62,5.38
8665,0.62,5.38
8666,0.62,5.38
8667,0.62,5.38
8668,0.62,5.38
8669,0.62,5.38
8670,0.62,5.38
8671,0.62,5.38
8672,0.62,5.38
8673,0.62,5.38
8674,0.62,5.38
8675,0.62,5.38
8676,0.62,5.38
8677,0.62,5.38
8678,0.62,5.38
8679,0.62,5.38
8680,0.62,5.38
8681,0.62,5.38
8682,0.62,5.38
8683,0.62,5.38
8684,0.62,5.38
8685,0.62,5.38
8686,0.62,5.38
8687,0.62,5.38
8688,0.62,5.39
8689,0.62,5.39
8690,0.62,5.39
8691,0.62,5.39
8692,0.62,5.39
8693,0.62,5.39
8694,0.62,5.39
8695,0.62,5.39
8696,0.62,5.39
8697,0.62,5.39
8698,0.62,5.39
8699,0.62,5.39
8700,0.62,5.39
8701,0.62,5.39
8702,0.62,5.39
8703,0.62,5.39
8704,0.62,5.39
8705,0.62,5.39
8706,0.62,5.39
8707,0.62,5.39
8708,0.62,5.39
8709,0.62,5.39
8710,0.62,5.39
8711,0.62,5.39
8712,0.62,5.39
8713,0.62,5.39
8714,0.62,5.39
8715,0.62,5.39
8716,0.62,5.38
8717,0.62,5.38
8718,0.62,5.38
8719,0.62,5.38
8720,0.62,5.38
8721,0.62,5.38
8722,0.62,5.38
8723,0.62,5.38
8724,0.62,5.38
8725,0.62,5.38
8726,0.62,5.38
8727,0.62,5.38
8728,0.62,5.38
8729,0.62,5.38
8730,0.62,5.38
8731,0.62,5.38
8732,0.62,5.38
8733,0.62,5.38
8734,0.62,5.38
8735,0.62,5.38
8736,0.62,5.38
8737,0.62,5.38
8738,0.62,5.38
8739,0.62,5.38
8740,0.62,5.39
8741,0.62,5.39
8742,0.62,5.39
8743,0.62,5.39
8744,0.62,5.39
8745,0.62,5.39
8746,0.62,5.39
8747,0.62,5.39
8748,0.62,5.39
8749,0.62,5.39
8750,0.62,5.39
8751,0.62,5.39
8752,0.62,5.39
8753,0.62,5.39
8754,0.62,5.39
8755,0.62,5.39
8756,0.62,5.39
8757,0.62,5.39
8758,0.62,5.39
8759,0.62,5.39
8760,0.62,5.39
8761,0.62,5.39
8762,0.62,5.39
8763,0.62,5.39
8764,0.62,5.39
8765,0.62,5.39
8766,0.62,5.38
8767,0.62,5.38
8768,0.62,5.38
8769,0.62,5.38
8770,0.62,5.38
8771,0.62,5.38
8772,0.62,5.38
8773,0.62,5.38
8774,0.62,5.38
8775,0.62,5.38
8776,0.62,5.38
8777,0.62,5.38
8778,0.62,5.38
8779,0.62,5.38
8780,0.62,5.38
8781,0.62,5.38
8782,0.62,5.38
8783,0.62,5.38
8784,0.62,5.38
8785,0.62,5.38
8786,0.62,5.38
8787,0.62,5.38
8788,0.62,5.38
8789,0.62,5.38
8790,0.62,5.38
8791,0.62,5.38
8792,0.62,5.39
8793,0.62,5.39
8794,0.62,5.39
8795,0.62,5.39
8796,0.62,5.39
8797,0.62,5.39
8798,0.62,5.39
8799,0.62,5.39
8800,0.62,5.39
8801,0.62,5.39
8802,0.62,5.39
8803,0.62,5.39
8804,0.62,5.39
8805,0.62,5.39
8806,0.62,5.39
8807,0.62,5.39
8808,0.62,5.39
8809,0.62,5.39
8810,0.62,5.39
8811,0.62,5.39
8812,0.62,5.39
8813,0.62,5.39
8814,0.62,5.39
8815,0.62,5.39
8816,0.62,5.39
8817,0.62,5.38
8818,0.62,5.38
8819,0.62,5.38
8820,0.62,5.38
8821,0.62,5.38
8822,0.62,5.38
8823,0.62,5.38
8824,0.62,5.38
8825,0.62,5.38
8826,0.62,5.38
8827,0.62,5.38
8828,0.62,5.38
8829,0.62,5.38
8830,0.62,5.38
8831,0.62,5.38
8832,0.62,5.38
8833,0.62,5.38
8834,0.62,5.38
8835,0.62,5.38
8836,0.62,5.38
8837,0.62,5.38
8838,0.62,5.38
8839,0.62,5.38
8840,0.62,5.38
8841,0.62,5.38
8842,0.62,5.39
8843,0.62,5.39
8844,0.62,5.39
8845,0.62,5.39
8846,0.62,5.39
8847,0.62,5.39
8848,0.62,5.39
8849,0.62,5.39
8850,0.62,5.39
8851,0.62,5.39
8852,0.62,5.39
8853,0.62,5.39
8854,0.62,5.39
8855,0.62,5.39
8856,0.62,5.39
8857,0.62,5.39
8858,0.62,5.39
8859,0.62,5.39
8860,0.62,5.39
8861,0.62,5.39
8862,0.62,5.39
8863,0.62,5.39
8864,0.62,5.39
8865,0.62,5.39
8866,0.62,5.39
8867,0.62,5.38
8868,0.62,5.38
8869,0.62,5.38
8870,0.62,5.38
8871,0.62,5.38
8872,0.62,5.38
8873,0.62,5.38
8874,0.62,5.38
8875,0.62,5.38
8876,0.62,5.38
8877,0.62,5.38
8878,0.62,5.38
8879,0.62,5.38
8880,0.62,5.38
8881,0.62,5.38
8882,0.62,5.38
8883,0.62,5.38
8884,0.62,5.38
8885,0.62,5.38
8886,0.62,5.38
8887,0.62,5.38
8888,0.62,5.38
8889,0.62,5.38
8890,0.62,5.38
8891,0.62,5.38
8892,0.62,5.38
8893,0.62,5.38
8894,0.62,5.38
8895,0.62,5.39
8896,0.62,5.39
8897,0.62,5.39
8898,0.62,5.39
8899,0.62,5.39
8900,0.62,5.39
8901,0.62,5.39
8902,0.62,5.39
8903,0.62,5.39
8904,0.62,5.39
8905,0.62,5.39
8906,0.62,5.39
8907,0.62,5.39
8908,0.62,5.39
8909,0.62,5.39
8910,0.62,5.39
8911,0.62,5.39
8912,0.62,5.39
8913,0.62,5.39
8914,0.62,5.39
8915,0.62,5.39
8916,0.61,5.39
8917,0.62,5.38
8918,0.62,5.38
8919,0.61,5.38
8920,0.61,5.38
8921,0.61,5.38
8922,0.62,5.38
8923,0.62,5.38
8924,0.61,5.38
8925,0.61,5.38
8926,0.61,5.38
8927,0.62,5.38
8928,0.62,5.38
8929,0.61,5.38
8930,0.62,5.38
8931,0.62,5.38
8932,0.62,5.38
8933,0.62,5.38
8934,0.62,5.38
8935,0.62,5.38
8936,0.62,5.38
8937,0.62,5.38
8938,0.62,5.38
8939,0.62,5.38
8940,0.62,5.38
8941,0.62,5.38
8942,0.62,5.38
8943,0.62,5.38
8944,0.62,5.38
8945,0.62,5.38
8946,0.61,5.38
8947,0.61,5.38
8948,0.62,5.38
8949,0.61,5.38
8950,0.61,5.38
8951,0.62,5.38
8952,0.61,5.38
8953,0.62,5.38
8954,0.61,5.38
8955,0.61,5.38
8956,0.61,5.38
8957,0.62,5.38
8958,0.62,5.38
8959,0.62,5.38
8960,0.61,5.38
8961,0.61,5.38
8962,0.61,5.38
8963,0.61,5.38
8964,0.61,5.38
8965,0.62,5.38
8966,0.61,5.38
8967,0.62,5.38
8968,0.61,5.38
8969,0.61,5.38
8970,0.61,5.38
8971,0.61,5.38
8972,0.61,5.38
8973,0.62,5.38
8974,0.61,5.38
8975,0.61,5.38
8976,0.61,5.38
8977,0.61,5.38
8978,0.61,5.37
8979,0.61,5.37
8980,0.61,5.37
8981,0.61,5.37
8982,0.61,5.37
8983,0.62,5.37
8984,0.61,5.37
8985,0.62,5.37
8986,0.61,5.37
8987,0.61,5.37
8988,0.61,5.37
8989,0.61,5.37
8990,0.61,5.37
8991,0.61,5.37
8992,0.61,5.37
8993,0.61,5.37
8994,0.61,5.37
8995,0.61,5.37
8996,0.61,5.37
8997,0.61,5.37
8998,0.61,5.37
8999,0.61,5.37
9000,0.61,5.37
9001,0.61,5.37
9002,0.61,5.37
9003,0.62,5.38
9004,0.61,5.38
9005,0.61,5.38
9006,0.61,5.38
9007,0.61,5.38
9008,0.61,5.38
9009,0.61,5.38
9010,0.61,5.38
9011,0.61,5.38
9012,0.61,5.38
9013,0.61,5.38
9014,0.61,5.38
9015,0.62,5.38
9016,0.61,5.38
9017,0.61,5.38
9018,0.61,5.38
9019,0.62,5.38
9020,0.61,5.38
9021,0.61,5.38
9022,0.61,5.37
9023,0.61,5.37
9024,0.61,5.37
9025,0.61,5.37
9026,0.61,5.37
9027,0.62,5.37
9028,0.62,5.37
9029,0.62,5.37
9030,0.61,5.37
9031,0.62,5.37
9032,0.61,5.37
9033,0.61,5.37
9034,0.61,5.37
9035,0.61,5.37
9036,0.62,5.37
9037,0.61,5.37
9038,0.62,5.37
9039,0.61,5.37
9040,0.61,5.37
9041,0.61,5.37
9042,0.61,5.37
9043,0.61,5.37
9044,0.61,5.37
9045,0.61,5.37
9046,0.62,5.37
9047,0.61,5.37
9048,0.61,5.37
9049,0.61,5.37
9050,0.61,5.37
9051,0.61,5.37
9052,0.61,5.37
9053,0.61,5.37
9054,0.61,5.37
9055,0.62,5.37
9056,0.61,5.37
9057,0.62,5.37
9058,0.62,5.37
9059,0.61,5.38
9060,0.61,5.38
9061,0.61,5.38
9062,0.61,5.38
9063,0.61,5.38
9064,0.61,5.38
9065,0.61,5.38
9066,0.61,5.38
9067,0.62,5.38
9068,0.61,5.38
9069,0.61,5.37
9070,0.61,5.37
9071,0.62,5.37
9072,0.61,5.37
9073,0.62,5.37
9074,0.61,5.37
9075,0.62,5.37
9076,0.61,5.37
9077,0.61,5.37
9078,0.61,5.37
9079,0.61,5.37
9080,0.61,5.37
9081,0.61,5.37
9082,0.61,5.37
9083,0.61,5.37
9084,0.61,5.37
9085,0.61,5.37
9086,0.61,5.37
9087,0.61,5.37
9088,0.61,5.37
9089,0.61,5.37
9090,0.61,5.37
9091,0.61,5.37
9092,0.61,5.37
9093,0.61,5.37
9094,0.61,5.37
9095,0.61,5.37
9096,0.61,5.37
9097,0.62,5.37
9098,0.62,5.37
9099,0.61,5.37
9100,0.61,5.37
9101,0.62,5.37
9102,0.61,5.37
9103,0.62,5.37
9104,0.61,5.37
9105,0.61,5.37
9106,0.61,5.37
9107,0.61,5.37
9108,0.61,5.37
9109,0.62,5.37
9110,0.61,5.37
9111,0.61,5.37
9112,0.61,5.37
9113,0.61,5.37
9114,0.61,5.37
9115,0.61,5.37
9116,0.61,5.37
9117,0.62,5.37
9118,0.61,5.37
9119,0.61,5.37
9120,0.61,5.37
9121,0.61,5.37
9122,0.61,5.37
9123,0.62,5.37
9124,0.61,5.37
9125,0.62,5.37
9126,0.62,5.37
9127,0.62,5.37
9128,0.61,5.37
9129,0.61,5.37
9130,0.61,5.37
9131,0.61,5.37
9132,0.61,5.37
9133,0.62,5.37
9134,0.61,5.37
9135,0.61,5.37
9136,0.61,5.37
9137,0.61,5.37
9138,0.61,5.37
9139,0.61,5.37
9140,0.61,5.37
9141,0.61,5.37
9142,0.62,5.37
9143,0.62,5.37
9144,0.61,5.37
9145,0.61,5.37
9146,0.61,5.37
9147,0.61,5.37
9148,0.62,5.37
9149,0.61,5.37
9150,0.61,5.37
9151,0.62,5.37
9152,0.61,5.37
9153,0.61,5.37
9154,0.61,5.37
9155,0.61,5.37
9156,0.61,5.37
9157,0.62,5.37
9158,0.62,5.37
9159,0.61,5.37
9160,0.61,5.37
9161,0.61,5.37
9162,0.61,5.37
9163,0.61,5.37
9164,0.61,5.37
9165,0.61,5.37
9166,0.61,5.37
9167,0.61,5.37
9168,0.61,5.37
9169,0.62,5.37
9170,0.61,5.37
9171,0.61,5.37
9172,0.61,5.37
9173,0.61,5.37
9174,0.61,5.37
9175,0.61,5.37
9176,0.61,5.37
9177,0.62,5.37
9178,0.62,5.37
9179,0.61,5.37
9180,0.61,5.37
9181,0.61,5.37
9182,0.61,5.37
9183,0.61,5.37
9184,0.61,5.37
9185,0.61,5.37
9186,0.61,5.37
9187,0.62,5.37
9188,0.61,5.37
9189,0.61,5.37
9190,0.61,5.37
9191,0.62,5.37
9192,0.61,5.37
9193,0.61,5.37
9194,0.61,5.37
9195,0.61,5.37
9196,0.62,5.37
9197,0.61,5.37
9198,0.61,5.37
9199,0.61,5.37
9200,0.61,5.37
9201,0.61,5.37
9202,0.61,5.37
9203,0.61,5.37
9204,0.61,5.37
9205,0.62,5.37
9206,0.61,5.37
9207,0.61,5.37
9208,0.61,5.37
9209,0.61,5.37
9210,0.61,5.37
9211,0.61,5.37
9212,0.61,5.37
9213,0.61,5.37
9214,0.61,5.37
9215,0.61,5.37
9216,0.61,5.37
9217,0.61,5.37
9218,0.61,5.37
9219,0.61,5.37
9220,0.61,5.37
9221,0.61,5.37
9222,0.61,5.37
9223,0.61,5.37
9224,0.61,5.37
9225,0.61,5.37
9226,0.61,5.37
9227,0.62,5.37
9228,0.61,5.37
9229,0.61,5.37
9230,0.62,5.37
9231,0.61,5.37
9232,0.61,5.37
9233,0.61,5.37
9234,0.61,5.37
9235,0.61,5.37
9236,0.61,5.37
9237,0.61,5.37
9238,0.61,5.37
9239,0.61,5.37
9240,0.61,5.37
9241,0.61,5.37
9242,0.61,5.37
9243,0.62,5.37
9244,0.61,5.37
9245,0.61,5.37
9246,0.61,5.37
9247,0.61,5.37
9248,0.61,5.37
9249,0.61,5.37
9250,0.61,5.37
9251,0.61,5.37
9252,0.61,5.37
9253,0.61,5.37
9254,0.61,5.37
9255,0.61,5.37
9256,0.61,5.37
9257,0.62,5.37
9258,0.61,5.37
9259,0.61,5.37
9260,0.61,5.37
9261,0.61,5.37
9262,0.61,5.37
9263,0.61,5.37
9264,0.61,5.37
9265,0.61,5.37
9266,0.61,5.37
9267,0.61,5.37
9268,0.62,5.37
9269,0.61,5.37
9270,0.61,5.37
9271,0.61,5.37
9272,0.62,5.37
9273,0.61,5.37
9274,0.61,5.37
9275,0.61,5.37
9276,0.61,5.37
9277,0.61,5.37
9278,0.62,5.37
9279,0.61,5.37
9280,0.61,5.37
9281,0.61,5.37
9282,0.62,5.37
9283,0.61,5.37
9284,0.61,5.37
9285,0.61,5.37
9286,0.61,5.37
9287,0.61,5.37
9288,0.61,5.37
9289,0.61,5.37
9290,0.61,5.37
9291,0.61,5.37
9292,0.61,5.37
9293,0.62,5.37
9294,0.61,5.37
9295,0.61,5.37
9296,0.61,5.37
9297,0.61,5.37
9298,0.62,5.37
9299,0.61,5.37
9300,0.61,5.37
9301,0.61,5.37
9302,0.61,5.37
9303,0.61,5.37
9304,0.61,5.37
9305,0.61,5.37
9306,0.61,5.37
9307,0.61,5.37
9308,0.61,5.37
9309,0.61,5.37
9310,0.61,5.37
9311,0.61,5.37
9312,0.61,5.37
9313,0.61,5.37
9314,0.61,5.37
9315,0.61,5.37
9316,0.61,5.37
9317,0.61,5.37
9318,0.61,5.37
9319,0.62,5.37
9320,0.61,5.37
9321,0.61,5.37
9322,0.61,5.37
9323,0.61,5.37
9324,0.61,5.37
9325,0.61,5.37
9326,0.6,5.37
9327,0.61,5.37
9328,0.6,5.37
9329,0.61,5.37
9330,0.6,5.37
9331,0.61,5.37
9332,0.6,5.37
9333,0.61,5.37
9334,0.6,5.37
9335,0.61,5.37
9336,0.6,5.37
9337,0.61,5.37
9338,0.6,5.37
9339,0.6,5.37
9340,0.6,5.37
9341,0.6,5.37
9342,0.6,5.37
9343,0.6,5.37
9344,0.6,5.37
9345,0.61,5.36
9346,0.6,5.36
9347,0.6,5.36
9348,0.61,5.36
9349,0.61,5.36
9350,0.61,5.36
9351,0.61,5.36
9352,0.61,5.36
9353,0.61,5.36
9354,0.6,5.36
9355,0.6,5.36
9356,0.61,5.36
9357,0.61,5.36
9358,0.6,5.36
9359,0.61,5.36
9360,0.61,5.36
9361,0.6,5.36
9362,0.6,5.36
9363,0.61,5.36
9364,0.6,5.36
9365,0.61,5.37
9366,0.6,5.37
9367,0.61,5.37
9368,0.61,5.37
9369,0.6,5.37
9370,0.6,5.37
9371,0.6,5.37
9372,0.6,5.37
9373,0.61,5.37
9374,0.6,5.37
9375,0.61,5.37
9376,0.6,5.37
9377,0.6,5.37
9378,0.61,5.37
9379,0.61,5.37
9380,0.6,5.37
9381,0.61,5.37
9382,0.6,5.37
9383,0.6,5.37
9384,0.6,5.37
9385,0.61,5.37
9386,0.61,5.37
9387,0.6,5.37
9388,0.61,5.37
9389,0.6,5.36
9390,0.6,5.36
9391,0.61,5.36
9392,0.6,5.36
9393,0.6,5.36
9394,0.6,5.36
9395,0.6,5.36
9396,0.6,5.36
9397,0.6,5.36
9398,0.6,5.36
9399,0.6,5.36
9400,0.6,5.36
9401,0.6,5.36
9402,0.6,5.36
9403,0.6,5.36
9404,0.6,5.36
9405,0.61,5.36
9406,0.6,5.36
9407,0.6,5.36
9408,0.6,5.36
9409,0.61,5.36
9410,0.6,5.36
9411,0.61,5.36
9412,0.6,5.36
9413,0.6,5.36
9414,0.6,5.36
9415,0.61,5.36
9416,0.6,5.36
9417,0.61,5.36
9418,0.6,5.36
9419,0.61,5.36
9420,0.61,5.36
9421,0.61,5.36
9422,0.6,5.36
9423,0.6,5.36
9424,0.6,5.36
9425,0.6,5.36
9426,0.6,5.36
9427,0.6,5.36
9428,0.61,5.36
9429,0.6,5.36
9430,0.61,5.36
9431,0.6,5.36
9432,0.6,5.36
9433,0.6,5.36
9434,0.61,5.36
9435,0.6,5.36
9436,0.6,5.36
9437,0.6,5.36
9438,0.6,5.36
9439,0.6,5.36
9440,0.6,5.36
9441,0.61,5.36
9442,0.6,5.36
9443,0.61,5.36
9444,0.61,5.36
9445,0.6,5.36
9446,0.6,5.36
9447,0.6,5.36
9448,0.61,5.36
9449,0.61,5.36
9450,0.6,5.36
9451,0.61,5.36
9452,0.6,5.36
9453,0.6,5.36
9454,0.6,5.36
9455,0.6,5.36
9456,0.6,5.36
9457,0.61,5.35
9458,0.6,5.35
9459,0.6,5.35
9460,0.6,5.35
9461,0.6,5.35
9462,0.6,5.35
9463,0.6,5.35
9464,0.6,5.35
9465,0.6,5.35
9466,0.6,5.36
9467,0.6,5.36
9468,0.61,5.36
9469,0.6,5.36
9470,0.6,5.36
9471,0.6,5.36
9472,0.6,5.36
9473,0.6,5.36
9474,0.61,5.36
9475,0.6,5.36
9476,0.6,5.36
9477,0.6,5.36
9478,0.6,5.36
9479,0.6,5.36
9480,0.6,5.36
9481,0.61,5.36
9482,0.61,5.36
9483,0.6,5.36
9484,0.6,5.36
9485,0.6,5.36
9486,0.61,5.36
9487,0.61,5.36
9488,0.61,5.36
9489,0.6,5.36
9490,0.6,5.36
9491,0.61,5.36
9492,0.6,5.36
9493,0.61,5.36
9494,0.61,5.36
9495,0.61,5.36
9496,0.6,5.36
9497,0.6,5.36
9498,0.6,5.36
9499,0.6,5.35
9500,0.6,5.35
9501,0.6,5.35
9502,0.6,5.35
9503,0.6,5.35
9504,0.6,5.35
9505,0.6,5.35
9506,0.61,5.35
9507,0.6,5.35
9508,0.61,5.35
9509,0.6,5.35
9510,0.6,5.35
9511,0.6,5.35
9512,0.6,5.35
9513,0.6,5.35
9514,0.6,5.35
9515,0.6,5.35
9516,0.6,5.35
9517,0.6,5.35
9518,0.6,5.35
9519,0.6,5.35
9520,0.61,5.35
9521,0.6,5.35
9522,0.6,5.35
9523,0.6,5.35
9524,0.6,5.35
9525,0.61,5.35
9526,0.6,5.36
9527,0.61,5.36
9528,0.6,5.36
9529,0.6,5.36
9530,0.61,5.36
9531,0.6,5.36
9532,0.6,5.36
9533,0.6,5.36
9534,0.61,5.36
9535,0.6,5.36
9536,0.6,5.36
9537,0.61,5.36
9538,0.6,5.36
9539,0.6,5.36
9540,0.6,5.36
9541,0.6,5.36
9542,0.6,5.36
9543,0.6,5.36
9544,0.6,5.36
9545,0.6,5.36
9546,0.6,5.36
9547,0.61,5.36
9548,0.6,5.36
9549,0.6,5.36
9550,0.6,5.36
9551,0.6,5.36
9552,0.6,5.36
9553,0.6,5.35
9554,0.6,5.35
9555,0.61,5.35
9556,0.6,5.35
9557,0.61,5.35
9558,0.61,5.35
9559,0.6,5.35
9560,0.6,5.35
9561,0.6,5.35
9562,0.6,5.35
9563,0.6,5.35
9564,0.6,5.35
9565,0.6,5.35
9566,0.6,5.35
9567,0.6,5.35
9568,0.61,5.35
9569,0.6,5.35
9570,0.61,5.35
9571,0.6,5.35
9572,0.61,5.35
9573,0.6,5.35
9574,0.6,5.35
9575,0.6,5.35
9576,0.61,5.35
9577,0.61,5.35
9578,0.61,5.35
9579,0.6,5.36
9580,0.61,5.36
9581,0.61,5.36
9582,0.61,5.36
9583,0.61,5.36
9584,0.61,5.36
9585,0.6,5.36
9586,0.6,5.36
9587,0.61,5.36
9588,0.6,5.36
9589,0.6,5.36
9590,0.6,5.36
9591,0.61,5.36
9592,0.6,5.36
9593,0.6,5.36
9594,0.6,5.36
9595,0.6,5.36
9596,0.6,5.36
9597,0.6,5.36
9598,0.6,5.36
9599,0.6,5.36
9600,0.6,5.36
9601,0.6,5.36
9602,0.6,5.36
9603,0.61,5.36
9604,0.61,5.35
9605,0.6,5.35
9606,0.6,5.35
9607,0.6,5.35
9608,0.6,5.35
9609,0.6,5.35
9610,0.6,5.35
9611,0.61,5.35
9612,0.6,5.35
9613,0.6,5.35
9614,0.6,5.35
9615,0.6,5.35
9616,0.6,5.35
9617,0.6,5.35
9618,0.6,5.35
9619,0.6,5.35
9620,0.6,5.35
9621,0.61,5.35
9622,0.6,5.35
9623,0.61,5.35
9624,0.61,5.35
9625,0.6,5.35
9626,0.6,5.35
9627,0.6,5.35
9628,0.6,5.35
9629,0.6,5.36
9630,0.6,5.36
9631,0.6,5.36
9632,0.6,5.36
9633,0.6,5.36
9634,0.6,5.36
9635,0.6,5.36
9636,0.6,5.36
9637,0.6,5.36
9638,0.6,5.36
9639,0.61,5.36
9640,0.6,5.36
9641,0.6,5.36
9642,0.6,5.36
9643,0.6,5.36
9644,0.6,5.36
9645,0.6,5.36
9646,0.6,5.36
9647,0.6,5.36
9648,0.6,5.36
9649,0.6,5.36
9650,0.6,5.36
9651,0.61,5.36
9652,0.61,5.36
9653,0.61,5.36
9654,0.6,5.36
9655,0.6,5.36
9656,0.61,5.36
9657,0.6,5.36
9658,0.6,5.36
9659,0.6,5.36
9660,0.6,5.36
9661,0.6,5.36
9662,0.6,5.35
9663,0.61,5.35
9664,0.61,5.35
9665,0.6,5.35
9666,0.61,5.35
9667,0.6,5.35
9668,0.6,5.35
9669,0.6,5.35
9670,0.6,5.35
9671,0.61,5.35
9672,0.6,5.35
9673,0.6,5.35
9674,0.6,5.35
9675,0.6,5.35
9676,0.6,5.35
9677,0.6,5.36
9678,0.6,5.36
9679,0.6,5.36
9680,0.6,5.36
9681,0.6,5.36
9682,0.6,5.36
9683,0.6,5.36
9684,0.61,5.36
9685,0.61,5.36
9686,0.6,5.36
9687,0.61,5.36
9688,0.6,5.36
9689,0.61,5.36
9690,0.6,5.36
9691,0.6,5.36
9692,0.6,5.36
9693,0.6,5.36
9694,0.61,5.36
9695,0.61,5.36
9696,0.6,5.36
9697,0.61,5.36
9698,0.61,5.36
9699,0.6,5.36
9700,0.6,5.36
9701,0.61,5.36
9702,0.61,5.36
9703,0.6,5.36
9704,0.6,5.36
9705,0.6,5.36
9706,0.6,5.36
9707,0.6,5.36
9708,0.61,5.36
9709,0.6,5.36
9710,0.61,5.36
9711,0.6,5.36
9712,0.6,5.36
9713,0.6,5.36
9714,0.61,5.36
9715,0.6,5.36
9716,0.61,5.36
9717,0.61,5.36
9718,0.61,5.36
9719,0.61,5.36
9720,0.6,5.36
9721,0.61,5.36
9722,0.6,5.36
9723,0.61,5.36
9724,0.6,5.36
9725,0.6,5.36
9726,0.6,5.36
9727,0.6,5.36
9728,0.6,5.36
9729,0.6,5.36
9730,0.6,5.36
9731,0.6,5.36
9732,0.6,5.36
9733,0.61,5.36
9734,0.6,5.36
9735,0.6,5.36
9736,0.6,5.36
9737,0.6,5.36
9738,0.6,5.36
9739,0.6,5.36
9740,0.6,5.36
9741,0.6,5.36
9742,0.6,5.36
9743,0.6,5.36
9744,0.6,5.36
9745,0.6,5.36
9746,0.6,5.36
9747,0.6,5.36
9748,0.6,5.36
9749,0.6,5.36
9750,0.6,5.36
9751,0.6,5.36
9752,0.61,5.36
9753,0.6,5.36
9754,0.6,5.36
9755,0.6,5.36
9756,0.61,5.36
9757,0.6,5.36
9758,0.61,5.36
9759,0.61,5.36
9760,0.6,5.36
9761,0.6,5.36
9762,0.61,5.36
9763,0.6,5.36
9764,0.6,5.36
9765,0.61,5.36
9766,0.61,5.36
9767,0.6,5.36
9768,0.6,5.36
9769,0.6,5.36
9770,0.6,5.36
9771,0.6,5.36
9772,0.6,5.36
9773,0.6,5.36
9774,0.6,5.36
9775,0.61,5.36
9776,0.6,5.36
9777,0.61,5.36
9778,0.6,5.36
9779,0.61,5.36
9780,0.6,5.36
9781,0.6,5.36
9782,0.6,5.36
9783,0.6,5.36
9784,0.6,5.36
9785,0.6,5.36
9786,0.6,5.36
9787,0.6,5.36
9788,0.61,5.36
9789,0.6,5.36
9790,0.6,5.36
9791,0.6,5.36
9792,0.6,5.36
9793,0.6,5.36
9794,0.6,5.36
9795,0.6,5.36
9796,0.6,5.36
9797,0.61,5.36
9798,0.6,5.36
9799,0.6,5.36
9800,0.6,5.36
9801,0.6,5.36
9802,0.6,5.36
9803,0.61,5.36
9804,0.61,5.36
9805,0.6,5.36
9806,0.61,5.36
9807,0.6,5.36
9808,0.61,5.36
9809,0.61,5.36
9810,0.6,5.36
9811,0.6,5.36
9812,0.6,5.36
9813,0.6,5.36
9814,0.6,5.36
9815,0.6,5.36
9816,0.6,5.36
9817,0.6,5.36
9818,0.6,5.36
9819,0.6,5.36
9820,0.6,5.36
9821,0.61,5.36
9822,0.6,5.36
9823,0.6,5.36
9824,0.61,5.36
9825,0.6,5.36
9826,0.6,5.36
9827,0.6,5.36
9828,0.6,5.36
9829,0.6,5.36
9830,0.6,5.36
9831,0.6,5.36
9832,0.6,5.36
9833,0.6,5.36
9834,0.61,5.36
9835,0.61,5.36
9836,0.6,5.36
9837,0.6,5.36
9838,0.6,5.36
9839,0.6,5.36
9840,0.6,5.36
9841,0.6,5.36
9842,0.6,5.36
9843,0.6,5.36
9844,0.61,5.36
9845,0.6,5.36
9846,0.6,5.36
9847,0.6,5.36
9848,0.6,5.36
9849,0.6,5.36
9850,0.6,5.36
9851,0.6,5.36
9852,0.61,5.36
9853,0.6,5.36
9854,0.6,5.36
9855,0.6,5.36
9856,0.6,5.36
9857,0.6,5.36
9858,0.61,5.36
9859,0.6,5.36
9860,0.61,5.36
9861,0.6,5.36
9862,0.6,5.36
9863,0.6,5.36
9864,0.6,5.36
9865,0.6,5.36
9866,0.61,5.36
9867,0.6,5.36
9868,0.61,5.36
9869,0.6,5.36
9870,0.61,5.36
9871,0.61,5.36
9872,0.6,5.36
9873,0.6,5.36
9874,0.6,5.36
9875,0.6,5.36
9876,0.6,5.36
9877,0.6,5.36
9878,0.61,5.36
9879,0.6,5.36
9880,0.61,5.36
9881,0.6,5.36
9882,0.6,5.36
9883,0.6,5.36
9884,0.6,5.36
9885,0.6,5.36
9886,0.6,5.36
9887,0.6,5.36
9888,0.6,5.36
9889,0.6,5.36
9890,0.6,5.36
9891,0.6,5.36
9892,0.6,5.36
9893,0.6,5.36
9894,0.6,5.36
9895,0.6,5.36
9896,0.61,5.36
9897,0.6,5.36
9898,0.6,5.36
9899,0.6,5.36
9900,0.6,5.36
9901,0.6,5.36
9902,0.6,5.36
9903,0.6,5.36
9904,0.6,5.36
9905,0.6,5.36
9906,0.6,5.36
9907,0.6,5.36
9908,0.6,5.36
9909,0.61,5.36
9910,0.6,5.36
9911,0.6,5.36
9912,0.6,5.36
9913,0.6,5.36
9914,0.6,5.36
9915,0.6,5.36
9916,0.6,5.36
9917,0.6,5.36
9918,0.6,5.36
9919,0.6,5.36
9920,0.6,5.36
9921,0.6,5.36
9922,0.6,5.36
9923,0.6,5.36
9924,0.6,5.36
9925,0.6,5.36
9926,0.6,5.36
9927,0.6,5.36
9928,0.6,5.35
9929,0.6,5.35
9930,0.6,5.35
9931,0.6,5.35
9932,0.6,5.35
9933,0.6,5.35
9934,0.6,5.35
9935,0.6,5.35
9936,0.6,5.35
9937,0.6,5.35
9938,0.6,5.35
9939,0.6,5.35
9940,0.6,5.35
9941,0.6,5.35
9942,0.6,5.35
9943,0.6,5.35
9944,0.6,5.35
9945,0.6,5.35
9946,0.6,5.35
9947,0.6,5.35
9948,0.6,5.35
9949,0.6,5.35
9950,0.6,5.35
9951,0.6,5.35
9952,0.6,5.35
9953,0.61,5.35
9954,0.6,5.35
9955,0.6,5.35
9956,0.6,5.35
9957,0.6,5.35
9958,0.6,5.35
9959,0.6,5.35
9960,0.6,5.35
9961,0.6,5.35
9962,0.6,5.35
9963,0.6,5.35
9964,0.6,5.35
9965,0.6,5.35
9966,0.6,5.35
9967,0.6,5.35
9968,0.6,5.35
9969,0.6,5.35
9970,0.6,5.35
9971,0.6,5.35
9972,0.6,5.35
9973,0.6,5.35
9974,0.6,5.35
9975,0.6,5.35
9976,0.6,5.35
9977,0.6,5.35
9978,0.6,5.35
9979,0.6,5.35
9980,0.6,5.35
9981,0.6,5.35
9982,0.6,5.35
9983,0.6,5.35
9984,0.6,5.35
9985,0.6,5.35
9986,0.6,5.35
9987,0.6,5.35
9988,0.6,5.35
9989,0.6,5.35
9990,0.6,5.35
9991,0.6,5.35
9992,0.6,5.35
9993,0.6,5.35
9994,0.6,5.35
9995,0.6,5.35
9996,0.6,5.35
9997,0.6,5.35
9998,0.6,5.34
9999,0.6,5.34
