Sample,Courant,Pose
0,0.54,5.34
1,0.54,5.34
2,0.54,5.34
3,0.54,5.34
4,0.54,5.34
5,0.54,5.34
6,0.54,5.34
7,0.55,5.34
8,0.55,5.34
9,0.55,5.34
10,0.55,5.34
11,0.55,5.34
12,0.55,5.34
13,0.54,5.34
14,0.54,5.34
15,0.55,5.34
16,0.55,5.35
17,0.54,5.35
18,0.55,5.35
19,0.55,5.35
20,0.54,5.35
21,0.54,5.35
22,0.54,5.35
23,0.54,5.35
24,0.54,5.35
25,0.54,5.35
26,0.54,5.35
27,0.55,5.35
28,0.55,5.35
29,0.55,5.35
30,0.55,5.35
31,0.54,5.35
32,0.55,5.35
33,0.55,5.35
34,0.54,5.35
35,0.55,5.35
36,0.54,5.35
37,0.55,5.35
38,0.54,5.35
39,0.54,5.35
40,0.54,5.35
41,0.55,5.35
42,0.55,5.34
43,0.54,5.34
44,0.55,5.34
45,0.54,5.34
46,0.54,5.34
47,0.55,5.34
48,0.55,5.34
49,0.55,5.34
50,0.55,5.34
51,0.55,5.34
52,0.54,5.34
53,0.55,5.34
54,0.54,5.34
55,0.54,5.34
56,0.54,5.34
57,0.54,5.34
58,0.54,5.34
59,0.55,5.34
60,0.54,5.34
61,0.55,5.34
62,0.55,5.34
63,0.54,5.35
64,0.54,5.35
65,0.55,5.35
66,0.54,5.35
67,0.54,5.35
68,0.55,5.35
69,0.54,5.35
70,0.55,5.35
71,0.55,5.35
72,0.54,5.35
73,0.54,5.35
74,0.54,5.35
75,0.54,5.35
76,0.55,5.35
77,0.55,5.35
78,0.54,5.35
79,0.55,5.35
80,0.55,5.35
81,0.54,5.35
82,0.55,5.35
83,0.54,5.35
84,0.54,5.35
85,0.55,5.35
86,0.55,5.35
87,0.55,5.35
88,0.54,5.35
89,0.55,5.35
90,0.55,5.35
91,0.54,5.35
92,0.55,5.35
93,0.55,5.35
94,0.54,5.35
95,0.54,5.35
96,0.54,5.35
97,0.54,5.35
98,0.55,5.35
99,0.54,5.35
100,0.54,5.35
101,0.54,5.35
102,0.54,5.35
103,0.54,5.34
104,0.54,5.34
105,0.55,5.34
106,0.54,5.34
107,0.55,5.34
108,0.55,5.34
109,0.55,5.34
110,0.55,5.34
111,0.55,5.34
112,0.55,5.34
113,0.55,5.34
114,0.54,5.34
115,0.54,5.35
116,0.55,5.35
117,0.54,5.35
118,0.54,5.35
119,0.54,5.35
120,0.54,5.35
121,0.55,5.35
122,0.55,5.35
123,0.54,5.35
124,0.55,5.35
125,0.54,5.35
126,0.54,5.35
127,0.54,5.35
128,0.55,5.35
129,0.54,5.35
130,0.55,5.35
131,0.55,5.35
132,0.55,5.35
133,0.55,5.35
134,0.55,5.35
135,0.54,5.35
136,0.54,5.35
137,0.54,5.35
138,0.55,5.35
139,0.55,5.35
140,0.55,5.35
141,0.54,5.35
142,0.54,5.35
143,0.54,5.35
144,0.55,5.35
145,0.55,5.35
146,0.55,5.35
147,0.54,5.35
148,0.55,5.35
149,0.55,5.35
150,0.55,5.35
151,0.55,5.34
152,0.54,5.34
153,0.55,5.34
154,0.54,5.34
155,0.55,5.34
156,0.54,5.34
157,0.54,5.34
158,0.54,5.34
159,0.54,5.34
160,0.54,5.34
161,0.54,5.34
162,0.55,5.34
163,0.55,5.34
164,0.55,5.34
165,0.55,5.34
166,0.55,5.34
167,0.55,5.34
168,0.54,5.34
169,0.55,5.35
170,0.54,5.35
171,0.54,5.35
172,0.55,5.35
173,0.55,5.35
174,0.55,5.35
175,0.54,5.35
176,0.55,5.35
177,0.54,5.35
178,0.54,5.35
179,0.54,5.35
180,0.54,5.35
181,0.55,5.35
182,0.55,5.35
183,0.55,5.35
184,0.54,5.35
185,0.55,5.35
186,0.55,5.35
187,0.55,5.35
188,0.55,5.35
189,0.55,5.35
190,0.55,5.35
191,0.55,5.35
192,0.54,5.35
193,0.54,5.35
194,0.55,5.35
195,0.54,5.35
196,0.54,5.35
197,0.54,5.35
198,0.55,5.35
199,0.54,5.35
200,0.54,5.35
201,0.54,5.35
202,0.54,5.35
203,0.54,5.35
204,0.54,5.35
205,0.54,5.35
206,0.54,5.35
207,0.54,5.35
208,0.55,5.35
209,0.55,5.35
210,0.55,5.35
211,0.55,5.35
212,0.55,5.35
213,0.55,5.35
214,0.54,5.35
215,0.54,5.35
216,0.54,5.35
217,0.54,5.35
218,0.54,5.35
219,0.54,5.35
220,0.54,5.35
221,0.55,5.35
222,0.55,5.35
223,0.55,5.35
224,0.54,5.35
225,0.55,5.35
226,0.54,5.35
227,0.55,5.35
228,0.54,5.35
229,0.54,5.35
230,0.55,5.35
231,0.55,5.35
232,0.55,5.35
233,0.54,5.35
234,0.54,5.35
235,0.55,5.35
236,0.54,5.35
237,0.54,5.35
238,0.54,5.35
239,0.54,5.35
240,0.55,5.35
241,0.55,5.35
242,0.54,5.35
243,0.55,5.35
244,0.55,5.35
245,0.54,5.35
246,0.55,5.35
247,0.54,5.35
248,0.55,5.35
249,0.55,5.34
250,0.54,5.34
251,0.55,5.34
252,0.55,5.34
253,0.55,5.34
254,0.55,5.34
255,0.54,5.34
256,0.55,5.34
257,0.54,5.34
258,0.55,5.34
259,0.54,5.34
260,0.54,5.34
261,0.54,5.34
262,0.54,5.34
263,-0.04,5.37
264,-0.04,5.36
265,-0.04,5.36
266,-0.04,5.36
267,-0.04,5.36
268,-0.04,5.36
269,-0.04,5.36
270,-0.04,5.36
271,-0.04,5.36
272,-0.04,5.36
273,-0.04,5.35
274,-0.04,5.35
275,-0.04,5.35
276,-0.04,5.35
277,-0.04,5.35
278,-0.04,5.35
279,-0.04,5.35
280,-0.04,5.35
281,-0.04,5.35
282,-0.04,5.35
283,-0.04,5.35
284,-0.04,5.35
285,-0.04,5.35
286,-0.04,5.36
287,-0.04,5.36
288,-0.04,5.36
289,-0.04,5.36
290,-0.04,5.36
291,-0.04,5.36
292,-0.04,5.36
293,-0.04,5.36
294,-0.04,5.36
295,-0.04,5.37
296,-0.04,5.37
297,-0.04,5.37
298,-0.04,5.37
299,-0.04,5.37
300,-0.04,5.37
301,-0.04,5.37
302,-0.04,5.37
303,-0.04,5.37
304,-0.04,5.37
305,-0.04,5.37
306,-0.04,5.37
307,-0.04,5.37
308,-0.04,5.36
309,-0.04,5.36
310,-0.04,5.36
311,-0.04,5.36
312,-0.04,5.36
313,-0.04,5.36
314,-0.04,5.36
315,-0.04,5.36
316,-0.04,5.36
317,-0.04,5.35
318,-0.04,5.35
319,-0.04,5.35
320,-0.04,5.35
321,-0.04,5.35
322,-0.04,5.35
323,-0.04,5.35
324,-0.04,5.35
325,-0.04,5.35
326,-0.04,5.35
327,-0.04,5.35
328,-0.04,5.35
329,-0.04,5.36
330,-0.04,5.36
331,-0.04,5.36
332,-0.04,5.36
333,-0.04,5.36
334,-0.04,5.36
335,-0.04,5.36
336,-0.04,5.36
337,-0.04,5.36
338,-0.04,5.37
339,-0.04,5.37
340,-0.04,5.37
341,-0.04,5.37
342,-0.04,5.37
343,-0.04,5.37
344,-0.04,5.37
345,-0.04,5.37
346,-0.04,5.37
347,-0.04,5.37
348,-0.04,5.37
349,-0.04,5.37
350,-0.04,5.37
351,-0.04,5.37
352,-0.04,5.36
353,-0.04,5.36
354,-0.04,5.36
355,-0.04,5.36
356,-0.04,5.36
357,-0.04,5.36
358,-0.04,5.36
359,-0.04,5.36
360,-0.04,5.36
361,-0.04,5.35
362,-0.04,5.35
363,-0.04,5.35
364,-0.04,5.35
365,-0.04,5.35
366,-0.04,5.35
367,-0.04,5.35
368,-0.04,5.35
369,-0.04,5.35
370,-0.04,5.35
371,-0.04,5.35
372,-0.04,5.35
373,-0.04,5.35
374,-0.04,5.35
375,-0.04,5.36
376,-0.04,5.36
377,-0.04,5.36
378,-0.04,5.36
379,-0.04,5.36
380,-0.04,5.36
381,-0.04,5.36
382,-0.04,5.36
383,-0.04,5.36
384,-0.04,5.37
385,-0.04,5.37
386,-0.04,5.37
387,-0.04,5.37
388,-0.04,5.37
389,-0.04,5.37
390,-0.04,5.37
391,-0.04,5.37
392,-0.04,5.37
393,-0.04,5.37
394,-0.04,5.37
395,-0.04,5.37
396,-0.05,5.36
397,-0.04,5.36
398,-0.04,5.36
399,-0.04,5.36
400,-0.04,5.36
401,-0.04,5.36
402,-0.04,5.36
403,-0.04,5.36
404,-0.04,5.35
405,-0.04,5.35
406,-0.04,5.35
407,-0.04,5.35
408,-0.04,5.35
409,-0.04,5.35
410,-0.04,5.35
411,-0.04,5.35
412,-0.04,5.35
413,-0.04,5.35
414,-0.04,5.35
415,-0.04,5.35
416,-0.04,5.35
417,-0.04,5.35
418,-0.04,5.35
419,-0.04,5.36
420,-0.04,5.36
421,-0.04,5.36
422,-0.04,5.36
423,-0.04,5.36
424,-0.04,5.36
425,-0.04,5.36
426,-0.04,5.36
427,-0.04,5.36
428,-0.04,5.37
429,-0.04,5.37
430,-0.04,5.37
431,-0.04,5.37
432,-0.04,5.37
433,-0.04,5.37
434,-0.04,5.37
435,-0.04,5.37
436,-0.04,5.37
437,-0.04,5.37
438,-0.04,5.37
439,-0.04,5.36
440,-0.04,5.36
441,-0.04,5.36
442,-0.04,5.36
443,-0.04,5.36
444,-0.04,5.36
445,-0.04,5.36
446,-0.04,5.36
447,-0.04,5.36
448,-0.04,5.35
449,-0.04,5.35
450,-0.04,5.35
451,-0.04,5.35
452,-0.04,5.35
453,-0.04,5.35
454,-0.04,5.35
455,-0.04,5.35
456,-0.04,5.35
457,-0.04,5.35
458,-0.04,5.35
459,-0.04,5.35
460,-0.04,5.35
461,-0.04,5.35
462,-0.04,5.35
463,-0.04,5.35
464,-0.04,5.36
465,-0.04,5.36
466,-0.04,5.36
467,-0.04,5.36
468,-0.04,5.36
469,-0.04,5.36
470,-0.04,5.36
471,-0.04,5.36
472,-0.04,5.36
473,-0.04,5.36
474,-0.04,5.37
475,-0.04,5.37
476,-0.04,5.37
477,-0.04,5.37
478,-0.04,5.37
479,-0.04,5.37
480,-0.04,5.37
481,-0.04,5.37
482,-0.04,5.37
483,-0.04,5.36
484,-0.04,5.36
485,-0.04,5.36
486,-0.04,5.36
487,-0.04,5.36
488,-0.04,5.36
489,-0.04,5.36
490,-0.04,5.36
491,-0.04,5.36
492,-0.04,5.36
493,-0.04,5.35
494,-0.04,5.35
495,-0.04,5.35
496,-0.04,5.35
497,-0.04,5.35
498,-0.04,5.35
499,-0.04,5.35
500,-0.04,5.35
501,-0.04,5.35
502,-0.04,5.35
503,-0.04,5.35
504,-0.04,5.35
505,-0.04,5.35
506,-0.04,5.36
507,-0.04,5.36
508,-0.04,5.36
509,-0.04,5.36
510,-0.04,5.36
511,-0.04,5.36
512,-0.04,5.36
513,-0.04,5.36
514,-0.04,5.36
515,-0.04,5.36
516,-0.04,5.37
517,-0.04,5.37
518,-0.04,5.37
519,-0.04,5.37
520,-0.04,5.37
521,-0.04,5.37
522,-0.04,5.37
523,-0.04,5.37
524,-0.04,5.37
525,-0.04,5.37
526,-0.04,5.37
527,-0.04,5.37
528,-0.04,5.36
529,-0.04,5.36
530,-0.04,5.36
531,-0.04,5.36
532,-0.04,5.36
533,-0.04,5.36
534,-0.04,5.36
535,-0.04,5.36
536,-0.04,5.36
537,-0.04,5.35
538,-0.04,5.35
539,-0.04,5.35
540,-0.04,5.35
541,-0.04,5.35
542,-0.04,5.35
543,-0.04,5.35
544,-0.04,5.35
545,-0.04,5.35
546,-0.04,5.35
547,-0.04,5.35
548,-0.04,5.35
549,-0.04,5.35
550,-0.04,5.35
551,-0.04,5.36
552,-0.04,5.36
553,-0.04,5.36
554,-0.04,5.36
555,-0.04,5.36
556,-0.04,5.36
557,-0.04,5.36
558,-0.04,5.36
559,-0.04,5.36
560,-0.04,5.37
561,-0.04,5.37
562,-0.04,5.37
563,-0.04,5.37
564,-0.04,5.37
565,-0.04,5.37
566,-0.04,5.37
567,-0.04,5.37
568,-0.04,5.37
569,-0.04,5.37
570,-0.04,5.37
571,-0.04,5.36
572,-0.04,5.36
573,-0.04,5.36
574,-0.04,5.36
575,-0.04,5.36
576,-0.04,5.36
577,-0.04,5.36
578,-0.04,5.36
579,-0.04,5.36
580,-0.04,5.36
581,-0.04,5.35
582,-0.04,5.35
583,-0.04,5.35
584,-0.04,5.35
585,-0.04,5.35
586,-0.04,5.35
587,-0.04,5.35
588,-0.04,5.35
589,-0.04,5.35
590,-0.04,5.35
591,-0.04,5.35
592,-0.04,5.35
593,-0.04,5.35
594,-0.04,5.35
595,-0.04,5.36
596,-0.04,5.36
597,-0.04,5.36
598,-0.04,5.36
599,-0.04,5.36
600,-0.04,5.36
601,-0.04,5.36
602,-0.04,5.36
603,-0.04,5.36
604,-0.04,5.36
605,-0.04,5.37
606,-0.04,5.37
607,-0.04,5.37
608,-0.04,5.37
609,-0.04,5.37
610,-0.04,5.37
611,-0.04,5.37
612,-0.04,5.37
613,-0.04,5.37
614,-0.04,5.36
615,-0.04,5.36
616,-0.04,5.36
617,-0.04,5.36
618,-0.04,5.36
619,-0.04,5.36
620,-0.04,5.36
621,-0.04,5.36
622,-0.04,5.36
623,-0.04,5.36
624,-0.04,5.35
625,-0.04,5.35
626,-0.04,5.35
627,-0.04,5.35
628,-0.04,5.35
629,-0.04,5.35
630,-0.04,5.35
631,-0.04,5.35
632,-0.04,5.35
633,-0.04,5.35
634,-0.04,5.35
635,-0.04,5.35
636,-0.04,5.35
637,-0.04,5.35
638,-0.04,5.35
639,-0.04,5.36
640,-0.04,5.36
641,-0.04,5.36
642,-0.04,5.36
643,-0.04,5.36
644,-0.04,5.36
645,-0.04,5.36
646,-0.04,5.36
647,-0.04,5.36
648,-0.04,5.36
649,-0.04,5.36
650,-0.04,5.37
651,-0.04,5.37
652,-0.04,5.37
653,-0.04,5.37
654,-0.04,5.37
655,-0.04,5.37
656,-0.04,5.37
657,-0.04,5.37
658,-0.04,5.36
659,-0.04,5.36
660,-0.04,5.36
661,-0.04,5.36
662,-0.04,5.36
663,-0.04,5.36
664,-0.04,5.36
665,-0.04,5.36
666,-0.04,5.36
667,-0.04,5.36
668,-0.04,5.35
669,-0.04,5.35
670,-0.04,5.35
671,-0.04,5.35
672,-0.04,5.35
673,-0.04,5.35
674,-0.04,5.35
675,-0.04,5.35
676,-0.04,5.35
677,-0.04,5.35
678,-0.04,5.35
679,-0.04,5.35
680,-0.04,5.35
681,-0.04,5.35
682,-0.04,5.35
683,-0.04,5.36
684,-0.04,5.36
685,-0.04,5.36
686,-0.04,5.36
687,-0.04,5.36
688,-0.04,5.36
689,-0.04,5.36
690,-0.04,5.36
691,-0.04,5.36
692,-0.04,5.36
693,-0.04,5.36
694,-0.04,5.36
695,-0.04,5.36
696,-0.04,5.36
697,-0.04,5.37
698,-0.04,5.37
699,-0.04,5.36
700,-0.04,5.36
701,-0.04,5.36
702,-0.04,5.36
703,-0.04,5.36
704,-0.04,5.36
705,-0.04,5.36
706,-0.04,5.36
707,-0.04,5.36
708,-0.04,5.36
709,-0.04,5.36
710,-0.04,5.36
711,-0.04,5.36
712,-0.04,5.36
713,-0.04,5.35
714,-0.04,5.35
715,-0.04,5.35
716,-0.04,5.35
717,-0.04,5.35
718,-0.04,5.35
719,-0.04,5.35
720,-0.04,5.35
721,-0.04,5.35
722,-0.04,5.35
723,-0.04,5.35
724,-0.04,5.36
725,-0.04,5.36
726,-0.04,5.36
727,-0.04,5.36
728,-0.04,5.36
729,-0.04,5.36
730,-0.04,5.36
731,-0.04,5.36
732,-0.04,5.36
733,-0.04,5.36
734,-0.04,5.36
735,-0.04,5.36
736,-0.04,5.36
737,-0.04,5.36
738,-0.04,5.37
739,-0.04,5.37
740,-0.04,5.37
741,-0.04,5.37
742,-0.04,5.37
743,-0.04,5.36
744,-0.04,5.36
745,-0.04,5.36
746,-0.04,5.36
747,-0.04,5.36
748,-0.04,5.36
749,-0.04,5.36
750,-0.04,5.36
751,-0.04,5.36
752,-0.04,5.36
753,-0.04,5.36
754,-0.04,5.36
755,-0.04,5.36
756,-0.04,5.36
757,-0.04,5.36
758,-0.04,5.36
759,-0.04,5.36
760,-0.04,5.36
761,-0.04,5.36
762,-0.04,5.36
763,-0.04,5.36
764,-0.04,5.36
765,-0.04,5.36
766,-0.04,5.36
767,-0.04,5.36
768,-0.04,5.36
769,-0.04,5.36
770,-0.04,5.36
771,-0.04,5.36
772,-0.04,5.36
773,-0.04,5.36
774,-0.04,5.36
775,-0.04,5.36
776,-0.04,5.36
777,-0.04,5.37
778,-0.04,5.37
779,-0.04,5.37
780,-0.04,5.37
781,-0.04,5.37
782,-0.04,5.37
783,-0.04,5.37
784,-0.04,5.37
785,-0.04,5.37
786,-0.04,5.37
787,-0.04,5.37
788,-0.04,5.37
789,-0.04,5.36
790,-0.04,5.36
791,-0.04,5.36
792,-0.04,5.36
793,-0.04,5.36
794,-0.04,5.36
795,-0.04,5.36
796,-0.04,5.36
797,-0.04,5.36
798,-0.04,5.36
799,-0.04,5.36
800,-0.04,5.36
801,-0.04,5.36
802,-0.04,5.36
803,-0.04,5.36
804,-0.04,5.36
805,-0.04,5.36
806,-0.04,5.36
807,-0.04,5.36
808,-0.04,5.36
809,-0.04,5.36
810,-0.04,5.36
811,-0.04,5.36
812,-0.04,5.36
813,-0.04,5.36
814,-0.04,5.36
815,-0.04,5.36
816,-0.04,5.36
817,-0.04,5.36
818,-0.04,5.36
819,-0.04,5.36
820,-0.04,5.36
821,-0.04,5.36
822,-0.04,5.36
823,-0.04,5.37
824,-0.04,5.37
825,-0.04,5.37
826,-0.04,5.37
827,-0.04,5.37
828,-0.04,5.37
829,-0.04,5.37
830,-0.04,5.37
831,-0.04,5.37
832,-0.04,5.36
833,-0.04,5.36
834,-0.04,5.36
835,-0.04,5.36
836,-0.04,5.36
837,-0.04,5.36
838,-0.04,5.36
839,-0.04,5.36
840,-0.04,5.36
841,-0.04,5.36
842,-0.04,5.36
843,-0.04,5.36
844,-0.04,5.36
845,-0.04,5.36
846,-0.04,5.36
847,-0.04,5.36
848,-0.04,5.36
849,-0.04,5.36
850,-0.04,5.36
851,-0.04,5.36
852,-0.04,5.36
853,-0.04,5.36
854,-0.04,5.36
855,-0.04,5.36
856,-0.04,5.36
857,-0.04,5.36
858,-0.04,5.36
859,-0.04,5.36
860,-0.04,5.36
861,-0.04,5.36
862,-0.04,5.36
863,-0.04,5.36
864,-0.04,5.36
865,-0.04,5.36
866,-0.04,5.36
867,-0.04,5.37
868,-0.04,5.37
869,-0.04,5.37
870,-0.04,5.37
871,-0.04,5.37
872,-0.04,5.37
873,-0.04,5.37
874,-0.04,5.36
875,-0.04,5.36
876,-0.04,5.36
877,-0.04,5.36
878,-0.04,5.36
879,-0.04,5.36
880,-0.04,5.36
881,-0.04,5.36
882,-0.04,5.36
883,-0.04,5.36
884,-0.04,5.36
885,-0.04,5.36
886,-0.04,5.36
887,-0.04,5.36
888,-0.04,5.36
889,-0.04,5.36
890,-0.04,5.36
891,-0.04,5.36
892,-0.04,5.36
893,-0.04,5.36
894,-0.04,5.36
895,-0.04,5.36
896,-0.04,5.36
897,-0.04,5.36
898,-0.04,5.36
899,-0.04,5.36
900,-0.04,5.36
901,-0.04,5.36
902,-0.04,5.36
903,-0.04,5.36
904,-0.04,5.36
905,-0.04,5.36
906,-0.04,5.36
907,-0.04,5.36
908,-0.04,5.36
909,-0.04,5.36
910,-0.04,5.36
911,-0.04,5.36
912,-0.04,5.36
913,-0.04,5.36
914,-0.04,5.36
915,-0.04,5.36
916,-0.04,5.36
917,-0.04,5.36
918,-0.04,5.36
919,-0.04,5.36
920,-0.04,5.36
921,-0.04,5.36
922,-0.04,5.36
923,-0.04,5.36
924,-0.04,5.36
925,-0.04,5.36
926,-0.04,5.36
927,-0.04,5.36
928,-0.04,5.36
929,-0.04,5.36
930,-0.04,5.36
931,-0.04,5.36
932,-0.04,5.36
933,-0.04,5.36
934,-0.04,5.36
935,-0.04,5.36
936,-0.04,5.36
937,-0.04,5.36
938,-0.04,5.36
939,-0.04,5.36
940,-0.04,5.36
941,-0.04,5.36
942,-0.04,5.36
943,-0.04,5.36
944,-0.04,5.36
945,-0.04,5.36
946,-0.04,5.36
947,-0.04,5.36
948,-0.04,5.36
949,-0.04,5.36
950,-0.04,5.36
951,-0.04,5.36
952,-0.04,5.36
953,-0.04,5.36
954,-0.04,5.36
955,-0.04,5.36
956,-0.04,5.36
957,-0.04,5.36
958,-0.04,5.36
959,-0.04,5.36
960,-0.04,5.36
961,-0.04,5.36
962,-0.04,5.36
963,-0.04,5.36
964,-0.04,5.36
965,-0.04,5.36
966,-0.04,5.36
967,-0.04,5.36
968,-0.04,5.36
969,-0.04,5.36
970,-0.04,5.36
971,-0.04,5.36
972,-0.04,5.36
973,-0.04,5.36
974,-0.04,5.36
975,-0.04,5.36
976,-0.04,5.36
977,-0.04,5.36
978,-0.04,5.36
979,-0.04,5.36
980,-0.04,5.36
981,-0.04,5.36
982,-0.04,5.36
983,-0.04,5.36
984,-0.04,5.36
985,-0.04,5.36
986,-0.04,5.36
987,-0.04,5.36
988,-0.04,5.36
989,-0.04,5.36
990,-0.04,5.36
991,-0.04,5.36
992,-0.04,5.36
993,-0.04,5.36
994,-0.04,5.36
995,-0.04,5.36
996,-0.04,5.37
997,-0.04,5.37
998,-0.04,5.37
999,-0.04,5.37
1000,-0.04,5.37
1001,-0.04,5.37
1002,-0.04,5.37
1003,-0.04,5.37
1004,-0.04,5.37
1005,-0.04,5.36
1006,-0.04,5.36
1007,-0.04,5.36
1008,-0.04,5.36
1009,-0.04,5.36
1010,-0.04,5.36
1011,-0.04,5.36
1012,-0.04,5.36
1013,-0.04,5.36
1014,-0.04,5.36
1015,-0.04,5.36
1016,-0.04,5.36
1017,-0.04,5.36
1018,-0.04,5.36
1019,-0.04,5.36
1020,-0.04,5.36
1021,-0.04,5.36
1022,-0.04,5.36
1023,-0.04,5.36
1024,-0.04,5.36
1025,-0.04,5.36
1026,-0.04,5.36
1027,-0.04,5.36
1028,-0.04,5.36
1029,-0.04,5.36
1030,-0.04,5.36
1031,-0.04,5.36
1032,-0.04,5.36
1033,-0.04,5.36
1034,-0.04,5.36
1035,-0.04,5.36
1036,-0.04,5.36
1037,-0.04,5.36
1038,-0.04,5.36
1039,-0.04,5.36
1040,-0.04,5.37
1041,-0.04,5.37
1042,-0.04,5.37
1043,-0.04,5.37
1044,-0.04,5.37
1045,-0.04,5.37
1046,-0.04,5.37
1047,-0.04,5.37
1048,-0.04,5.37
1049,-0.04,5.36
1050,-0.04,5.36
1051,-0.04,5.36
1052,-0.04,5.36
1053,-0.04,5.36
1054,-0.04,5.36
1055,-0.04,5.36
1056,-0.04,5.36
1057,-0.04,5.36
1058,-0.04,5.36
1059,-0.04,5.36
1060,-0.04,5.36
1061,-0.04,5.36
1062,-0.04,5.36
1063,-0.04,5.36
1064,-0.04,5.36
1065,-0.04,5.36
1066,-0.04,5.36
1067,-0.04,5.36
1068,-0.04,5.36
1069,-0.04,5.36
1070,-0.04,5.36
1071,-0.04,5.36
1072,-0.04,5.36
1073,-0.04,5.36
1074,-0.04,5.36
1075,-0.04,5.36
1076,-0.04,5.36
1077,-0.04,5.36
1078,-0.04,5.36
1079,-0.04,5.36
1080,-0.04,5.36
1081,-0.04,5.36
1082,-0.04,5.36
1083,-0.04,5.36
1084,-0.04,5.36
1085,-0.04,5.36
1086,-0.04,5.36
1087,-0.04,5.37
1088,-0.04,5.37
1089,-0.04,5.37
1090,-0.04,5.36
1091,-0.04,5.36
1092,-0.04,5.36
1093,-0.04,5.36
1094,-0.04,5.36
1095,-0.04,5.36
1096,-0.04,5.36
1097,-0.04,5.36
1098,-0.04,5.36
1099,-0.04,5.36
1100,-0.04,5.36
1101,-0.04,5.36
1102,-0.04,5.36
1103,-0.04,5.36
1104,-0.04,5.36
1105,-0.04,5.36
1106,-0.04,5.36
1107,-0.04,5.36
1108,-0.04,5.36
1109,-0.04,5.36
1110,-0.04,5.36
1111,-0.04,5.36
1112,-0.04,5.36
1113,-0.04,5.36
1114,-0.04,5.36
1115,-0.04,5.36
1116,-0.04,5.36
1117,-0.04,5.36
1118,-0.04,5.36
1119,-0.04,5.36
1120,-0.04,5.36
1121,-0.04,5.36
1122,-0.04,5.36
1123,-0.04,5.36
1124,-0.04,5.36
1125,-0.04,5.36
1126,-0.04,5.36
1127,-0.04,5.36
1128,-0.04,5.37
1129,-0.04,5.37
1130,-0.04,5.37
1131,-0.04,5.37
1132,-0.04,5.37
1133,-0.04,5.37
1134,-0.04,5.37
1135,-0.04,5.37
1136,-0.04,5.37
1137,-0.04,5.37
1138,-0.04,5.36
1139,-0.04,5.36
1140,-0.04,5.36
1141,-0.04,5.36
1142,-0.04,5.36
1143,-0.04,5.36
1144,-0.04,5.36
1145,-0.04,5.36
1146,-0.04,5.36
1147,-0.04,5.36
1148,-0.04,5.36
1149,-0.04,5.36
1150,-0.04,5.36
1151,-0.04,5.36
1152,-0.04,5.36
1153,-0.04,5.36
1154,-0.04,5.36
1155,-0.04,5.36
1156,-0.04,5.36
1157,-0.04,5.36
1158,-0.04,5.36
1159,-0.04,5.36
1160,-0.04,5.36
1161,-0.04,5.36
1162,-0.04,5.36
1163,-0.04,5.36
1164,-0.04,5.36
1165,-0.04,5.36
1166,-0.04,5.36
1167,-0.04,5.36
1168,-0.04,5.36
1169,-0.04,5.36
1170,-0.04,5.36
1171,-0.04,5.36
1172,-0.04,5.37
1173,-0.04,5.37
1174,-0.04,5.37
1175,-0.04,5.37
1176,-0.04,5.37
1177,-0.04,5.37
1178,-0.04,5.37
1179,-0.04,5.37
1180,-0.04,5.37
1181,-0.04,5.37
1182,-0.04,5.37
1183,-0.04,5.37
1184,-0.04,5.36
1185,-0.04,5.36
1186,-0.04,5.36
1187,-0.04,5.36
1188,-0.04,5.36
1189,-0.04,5.36
1190,-0.04,5.36
1191,-0.04,5.36
1192,-0.04,5.36
1193,-0.04,5.36
1194,-0.04,5.36
1195,-0.04,5.36
1196,-0.04,5.35
1197,-0.04,5.35
1198,-0.04,5.35
1199,-0.04,5.35
1200,-0.04,5.35
1201,-0.04,5.35
1202,-0.04,5.35
1203,-0.04,5.35
1204,-0.04,5.35
1205,-0.04,5.36
1206,-0.04,5.36
1207,-0.04,5.36
1208,-0.04,5.36
1209,-0.04,5.36
1210,-0.04,5.36
1211,-0.04,5.36
1212,-0.04,5.36
1213,-0.04,5.36
1214,-0.04,5.36
1215,-0.04,5.36
1216,-0.04,5.36
1217,-0.04,5.36
1218,-0.04,5.37
1219,-0.04,5.37
1220,-0.04,5.37
1221,-0.04,5.37
1222,-0.04,5.37
1223,-0.04,5.37
1224,-0.04,5.37
1225,-0.04,5.37
1226,-0.04,5.37
1227,-0.04,5.37
1228,-0.04,5.37
1229,-0.04,5.36
1230,-0.04,5.36
1231,-0.04,5.36
1232,-0.04,5.36
1233,-0.04,5.36
1234,-0.04,5.36
1235,-0.04,5.36
1236,-0.04,5.36
1237,-0.04,5.36
1238,-0.04,5.36
1239,-0.04,5.36
1240,-0.04,5.36
1241,-0.04,5.35
1242,-0.04,5.35
1243,-0.04,5.35
1244,-0.04,5.35
1245,-0.04,5.35
1246,-0.04,5.35
1247,-0.04,5.35
1248,-0.04,5.35
1249,-0.04,5.35
1250,-0.04,5.36
1251,-0.04,5.36
1252,-0.04,5.36
1253,-0.04,5.36
1254,-0.04,5.36
1255,-0.04,5.36
1256,-0.04,5.36
1257,-0.04,5.36
1258,-0.04,5.36
1259,-0.04,5.36
1260,-0.04,5.36
1261,-0.04,5.36
1262,-0.04,5.37
1263,-0.04,5.37
1264,-0.04,5.37
1265,-0.04,5.37
1266,-0.04,5.37
1267,-0.04,5.37
1268,-0.04,5.37
1269,-0.04,5.37
1270,-0.04,5.37
1271,-0.04,5.37
1272,-0.04,5.37
1273,-0.04,5.37
1274,-0.04,5.36
1275,-0.04,5.36
1276,-0.04,5.36
1277,-0.04,5.36
1278,-0.04,5.36
1279,-0.04,5.36
1280,-0.04,5.36
1281,-0.04,5.36
1282,-0.04,5.36
1283,-0.04,5.36
1284,-0.04,5.35
1285,-0.04,5.35
1286,-0.04,5.35
1287,-0.04,5.35
1288,-0.04,5.35
1289,-0.04,5.35
1290,-0.04,5.35
1291,-0.04,5.35
1292,-0.04,5.35
1293,-0.04,5.35
1294,-0.04,5.35
1295,-0.04,5.35
1296,-0.04,5.35
1297,-0.04,5.36
1298,-0.04,5.36
1299,-0.04,5.36
1300,-0.04,5.36
1301,-0.04,5.36
1302,-0.04,5.36
1303,-0.04,5.36
1304,-0.04,5.36
1305,-0.04,5.36
1306,-0.04,5.36
1307,-0.04,5.37
1308,-0.04,5.37
1309,-0.04,5.37
1310,-0.04,5.37
1311,-0.04,5.37
1312,-0.04,5.37
1313,-0.04,5.37
1314,-0.04,5.37
1315,-0.04,5.37
1316,-0.04,5.37
1317,-0.04,5.37
1318,-0.04,5.36
1319,-0.04,5.36
1320,-0.04,5.36
1321,-0.04,5.36
1322,-0.04,5.36
1323,-0.04,5.36
1324,-0.04,5.36
1325,-0.04,5.36
1326,-0.04,5.36
1327,-0.04,5.35
1328,-0.04,5.35
1329,-0.04,5.35
1330,-0.04,5.35
1331,-0.04,5.35
1332,-0.04,5.35
1333,-0.04,5.35
1334,-0.04,5.35
1335,-0.04,5.35
1336,-0.04,5.35
1337,-0.04,5.35
1338,-0.04,5.35
1339,-0.04,5.35
1340,-0.04,5.35
1341,-0.04,5.35
1342,-0.04,5.36
1343,-0.04,5.36
1344,-0.04,5.36
1345,-0.04,5.36
1346,-0.04,5.36
1347,-0.04,5.36
1348,-0.04,5.36
1349,-0.04,5.36
1350,-0.04,5.36
1351,-0.04,5.36
1352,-0.04,5.37
1353,-0.04,5.37
1354,-0.04,5.37
1355,-0.04,5.37
1356,-0.04,5.37
1357,-0.04,5.37
1358,-0.04,5.37
1359,-0.04,5.37
1360,-0.04,5.37
1361,-0.04,5.36
1362,-0.04,5.36
1363,-0.04,5.36
1364,-0.04,5.36
1365,-0.04,5.36
1366,-0.04,5.36
1367,-0.04,5.36
1368,-0.04,5.36
1369,-0.04,5.36
1370,-0.04,5.36
1371,-0.04,5.35
1372,-0.04,5.35
1373,-0.04,5.35
1374,-0.04,5.35
1375,-0.04,5.35
1376,-0.04,5.35
1377,-0.04,5.35
1378,-0.04,5.35
1379,-0.04,5.35
1380,-0.04,5.35
1381,-0.04,5.35
1382,-0.04,5.35
1383,-0.04,5.35
1384,-0.04,5.35
1385,-0.04,5.35
1386,-0.04,5.34
1387,-0.04,5.34
1388,-0.04,5.34
1389,-0.04,5.33
1390,-0.03,5.33
1391,-0.03,5.32
1392,-0.04,5.31
1393,-0.04,5.3
1394,-0.04,5.3
1395,-0.03,5.29
1396,-0.04,5.28
1397,-0.04,5.27
1398,-0.04,5.26
1399,-0.04,5.24
1400,-0.04,5.23
1401,-0.04,5.22
1402,-0.04,5.21
1403,-0.04,5.2
1404,-0.04,5.19
1405,-0.04,5.18
1406,-0.04,5.17
1407,-0.04,5.16
1408,-0.04,5.15
1409,-0.04,5.14
1410,-0.04,5.13
1411,-0.04,5.12
1412,-0.03,5.11
1413,-0.03,5.1
1414,-0.03,5.09
1415,-0.03,5.09
1416,-0.03,5.08
1417,-0.03,5.07
1418,-0.03,5.06
1419,-0.03,5.06
1420,-0.03,5.05
1421,-0.02,5.04
1422,-0.02,5.04
1423,-0.02,5.03
1424,-0.02,5.02
1425,-0.02,5.01
1426,-0.02,5.0
1427,-0.02,5.0
1428,-0.02,4.99
1429,-0.02,4.98
1430,-0.02,4.97
1431,-0.02,4.96
1432,-0.02,4.95
1433,-0.02,4.94
1434,-0.02,4.93
1435,-0.02,4.92
1436,-0.01,4.9
1437,-0.01,4.89
1438,-0.01,4.88
1439,-0.01,4.87
1440,-0.01,4.86
1441,-0.02,4.85
1442,-0.01,4.84
1443,-0.01,4.82
1444,-0.01,4.81
1445,-0.01,4.8
1446,-0.01,4.79
1447,-0.01,4.78
1448,-0.0,4.77
1449,-0.0,4.76
1450,-0.0,4.75
1451,-0.01,4.74
1452,-0.0,4.73
1453,0.0,4.72
1454,0.0,4.71
1455,0.0,4.7
1456,0.0,4.69
1457,0.0,4.69
1458,0.0,4.68
1459,0.0,4.67
1460,0.0,4.66
1461,0.01,4.65
1462,0.01,4.65
1463,0.01,4.64
1464,0.01,4.63
1465,0.01,4.62
1466,0.01,4.61
1467,0.01,4.61
1468,0.02,4.6
1469,0.02,4.59
1470,0.02,4.58
1471,0.02,4.57
1472,0.02,4.56
1473,0.02,4.55
1474,0.02,4.55
1475,0.02,4.54
1476,0.02,4.53
1477,0.02,4.51
1478,0.02,4.5
1479,0.03,4.49
1480,0.02,4.48
1481,0.02,4.47
1482,0.02,4.46
1483,0.02,4.44
1484,0.02,4.43
1485,0.03,4.42
1486,0.03,4.41
1487,0.03,4.39
1488,0.03,4.38
1489,0.03,4.37
1490,0.04,4.35
1491,0.04,4.34
1492,0.04,4.33
1493,0.04,4.32
1494,0.04,4.31
1495,0.04,4.3
1496,0.04,4.29
1497,0.04,4.28
1498,0.04,4.27
1499,0.04,4.26
1500,0.04,4.26
1501,0.04,4.25
1502,0.04,4.25
1503,0.04,4.24
1504,0.04,4.24
1505,0.05,4.23
1506,0.05,4.23
1507,0.05,4.23
1508,0.05,4.23
1509,0.05,4.23
1510,0.06,4.23
1511,0.06,4.23
1512,0.06,4.23
1513,0.06,4.23
1514,0.06,4.23
1515,0.06,4.23
1516,0.06,4.23
1517,0.06,4.23
1518,0.06,4.23
1519,0.06,4.23
1520,0.06,4.23
1521,0.06,4.23
1522,0.06,4.23
1523,0.07,4.23
1524,0.07,4.23
1525,0.06,4.23
1526,0.07,4.23
1527,0.07,4.23
1528,0.07,4.23
1529,0.07,4.23
1530,0.07,4.22
1531,0.07,4.22
1532,0.07,4.22
1533,0.07,4.21
1534,0.07,4.21
1535,0.07,4.2
1536,0.07,4.2
1537,0.07,4.19
1538,0.07,4.19
1539,0.07,4.18
1540,0.07,4.18
1541,0.07,4.17
1542,0.07,4.16
1543,0.07,4.16
1544,0.07,4.15
1545,0.07,4.15
1546,0.07,4.14
1547,0.08,4.14
1548,0.08,4.13
1549,0.07,4.13
1550,0.08,4.13
1551,0.08,4.12
1552,0.08,4.12
1553,0.07,4.12
1554,0.08,4.12
1555,0.08,4.12
1556,0.08,4.12
1557,0.09,4.12
1558,0.08,4.12
1559,0.08,4.12
1560,0.08,4.12
1561,0.09,4.13
1562,0.08,4.13
1563,0.09,4.13
1564,0.09,4.14
1565,0.09,4.14
1566,0.09,4.14
1567,0.09,4.15
1568,0.09,4.15
1569,0.09,4.16
1570,0.09,4.16
1571,0.09,4.16
1572,0.1,4.17
1573,0.09,4.17
1574,0.09,4.17
1575,0.1,4.18
1576,0.1,4.18
1577,0.09,4.18
1578,0.1,4.18
1579,0.1,4.18
1580,0.1,4.19
1581,0.1,4.19
1582,0.1,4.19
1583,0.1,4.19
1584,0.1,4.18
1585,0.11,4.18
1586,0.11,4.18
1587,0.1,4.18
1588,0.11,4.18
1589,0.1,4.17
1590,0.11,4.17
1591,0.11,4.17
1592,0.11,4.16
1593,0.1,4.16
1594,0.11,4.16
1595,0.11,4.15
1596,0.1,4.15
1597,0.11,4.15
1598,0.11,4.15
1599,0.11,4.14
1600,0.11,4.14
1601,0.11,4.14
1602,0.11,4.14
1603,0.11,4.14
1604,0.11,4.13
1605,0.11,4.13
1606,0.11,4.13
1607,0.11,4.14
1608,0.11,4.14
1609,0.11,4.14
1610,0.11,4.14
1611,0.11,4.14
1612,0.11,4.15
1613,0.12,4.15
1614,0.12,4.15
1615,0.12,4.16
1616,0.12,4.16
1617,0.12,4.17
1618,0.12,4.17
1619,0.12,4.18
1620,0.12,4.18
1621,0.12,4.18
1622,0.12,4.19
1623,0.13,4.19
1624,0.12,4.2
1625,0.12,4.2
1626,0.13,4.21
1627,0.13,4.21
1628,0.13,4.21
1629,0.13,4.22
1630,0.13,4.22
1631,0.13,4.22
1632,0.13,4.22
1633,0.13,4.23
1634,0.13,4.23
1635,0.13,4.23
1636,0.13,4.23
1637,0.13,4.23
1638,0.13,4.23
1639,0.13,4.23
1640,0.13,4.22
1641,0.13,4.22
1642,0.13,4.22
1643,0.13,4.22
1644,0.13,4.22
1645,0.13,4.21
1646,0.13,4.21
1647,0.13,4.21
1648,0.13,4.21
1649,0.13,4.2
1650,0.13,4.2
1651,0.13,4.2
1652,0.13,4.2
1653,0.14,4.2
1654,0.14,4.2
1655,0.14,4.19
1656,0.14,4.19
1657,0.14,4.19
1658,0.14,4.19
1659,0.15,4.2
1660,0.14,4.2
1661,0.15,4.2
1662,0.15,4.2
1663,0.14,4.2
1664,0.14,4.21
1665,0.15,4.21
1666,0.15,4.21
1667,0.15,4.22
1668,0.15,4.22
1669,0.15,4.23
1670,0.15,4.23
1671,0.15,4.24
1672,0.15,4.24
1673,0.15,4.24
1674,0.15,4.25
1675,0.15,4.25
1676,0.15,4.26
1677,0.15,4.26
1678,0.16,4.27
1679,0.16,4.27
1680,0.15,4.28
1681,0.16,4.28
1682,0.16,4.28
1683,0.16,4.28
1684,0.16,4.29
1685,0.16,4.29
1686,0.16,4.29
1687,0.16,4.29
1688,0.16,4.29
1689,0.16,4.29
1690,0.16,4.29
1691,0.17,4.29
1692,0.16,4.29
1693,0.16,4.29
1694,0.16,4.29
1695,0.17,4.29
1696,0.17,4.28
1697,0.17,4.28
1698,0.17,4.28
1699,0.17,4.28
1700,0.17,4.28
1701,0.17,4.27
1702,0.17,4.27
1703,0.17,4.27
1704,0.17,4.27
1705,0.17,4.27
1706,0.17,4.27
1707,0.17,4.27
1708,0.17,4.27
1709,0.17,4.27
1710,0.17,4.27
1711,0.17,4.27
1712,0.17,4.27
1713,0.17,4.27
1714,0.17,4.27
1715,0.17,4.28
1716,0.18,4.28
1717,0.18,4.28
1718,0.18,4.29
1719,0.17,4.29
1720,0.17,4.29
1721,0.18,4.3
1722,0.18,4.3
1723,0.18,4.31
1724,0.18,4.31
1725,0.18,4.32
1726,0.19,4.32
1727,0.18,4.32
1728,0.18,4.33
1729,0.19,4.33
1730,0.19,4.34
1731,0.19,4.34
1732,0.19,4.34
1733,0.19,4.35
1734,0.19,4.35
1735,0.19,4.35
1736,0.19,4.36
1737,0.19,4.36
1738,0.19,4.36
1739,0.19,4.36
1740,0.19,4.36
1741,0.19,4.36
1742,0.19,4.36
1743,0.19,4.36
1744,0.19,4.36
1745,0.19,4.36
1746,0.19,4.36
1747,0.19,4.36
1748,0.19,4.36
1749,0.19,4.36
1750,0.19,4.36
1751,0.19,4.35
1752,0.19,4.35
1753,0.19,4.35
1754,0.19,4.35
1755,0.19,4.35
1756,0.19,4.35
1757,0.2,4.35
1758,0.2,4.34
1759,0.2,4.34
1760,0.2,4.34
1761,0.2,4.34
1762,0.2,4.34
1763,0.2,4.35
1764,0.2,4.35
1765,0.2,4.35
1766,0.2,4.35
1767,0.21,4.35
1768,0.2,4.35
1769,0.21,4.36
1770,0.21,4.36
1771,0.21,4.36
1772,0.21,4.37
1773,0.21,4.37
1774,0.21,4.38
1775,0.21,4.38
1776,0.21,4.38
1777,0.21,4.39
1778,0.21,4.39
1779,0.21,4.4
1780,0.21,4.4
1781,0.21,4.41
1782,0.22,4.41
1783,0.22,4.41
1784,0.22,4.42
1785,0.22,4.42
1786,0.22,4.42
1787,0.22,4.43
1788,0.22,4.43
1789,0.22,4.43
1790,0.22,4.43
1791,0.22,4.43
1792,0.22,4.44
1793,0.22,4.44
1794,0.22,4.44
1795,0.22,4.44
1796,0.22,4.44
1797,0.22,4.44
1798,0.22,4.44
1799,0.22,4.43
1800,0.22,4.43
1801,0.22,4.43
1802,0.22,4.43
1803,0.22,4.43
1804,0.22,4.43
1805,0.22,4.43
1806,0.22,4.43
1807,0.22,4.43
1808,0.22,4.42
1809,0.23,4.42
1810,0.22,4.42
1811,0.23,4.42
1812,0.23,4.42
1813,0.23,4.42
1814,0.23,4.42
1815,0.23,4.42
1816,0.23,4.43
1817,0.23,4.43
1818,0.24,4.43
1819,0.23,4.43
1820,0.23,4.43
1821,0.23,4.44
1822,0.24,4.44
1823,0.24,4.44
1824,0.24,4.45
1825,0.24,4.45
1826,0.24,4.45
1827,0.24,4.46
1828,0.24,4.46
1829,0.24,4.46
1830,0.24,4.47
1831,0.24,4.47
1832,0.24,4.48
1833,0.24,4.48
1834,0.24,4.48
1835,0.24,4.49
1836,0.25,4.49
1837,0.24,4.49
1838,0.25,4.5
1839,0.25,4.5
1840,0.25,4.5
1841,0.25,4.5
1842,0.25,4.51
1843,0.25,4.51
1844,0.25,4.51
1845,0.25,4.51
1846,0.25,4.51
1847,0.25,4.51
1848,0.25,4.51
1849,0.26,4.51
1850,0.25,4.51
1851,0.25,4.51
1852,0.25,4.51
1853,0.25,4.51
1854,0.26,4.51
1855,0.25,4.51
1856,0.25,4.51
1857,0.25,4.51
1858,0.26,4.5
1859,0.25,4.5
1860,0.26,4.5
1861,0.25,4.5
1862,0.26,4.5
1863,0.26,4.5
1864,0.26,4.5
1865,0.26,4.5
1866,0.26,4.5
1867,0.26,4.5
1868,0.26,4.5
1869,0.26,4.5
1870,0.26,4.51
1871,0.26,4.51
1872,0.26,4.51
1873,0.26,4.51
1874,0.26,4.52
1875,0.26,4.52
1876,0.26,4.52
1877,0.26,4.52
1878,0.26,4.53
1879,0.27,4.53
1880,0.27,4.54
1881,0.27,4.54
1882,0.27,4.54
1883,0.27,4.55
1884,0.27,4.55
1885,0.27,4.56
1886,0.27,4.56
1887,0.27,4.56
1888,0.28,4.57
1889,0.28,4.57
1890,0.28,4.57
1891,0.28,4.58
1892,0.28,4.58
1893,0.28,4.58
1894,0.28,4.58
1895,0.28,4.58
1896,0.28,4.59
1897,0.28,4.59
1898,0.28,4.59
1899,0.28,4.59
1900,0.28,4.59
1901,0.28,4.59
1902,0.28,4.59
1903,0.28,4.59
1904,0.28,4.59
1905,0.28,4.59
1906,0.28,4.59
1907,0.28,4.59
1908,0.28,4.59
1909,0.28,4.58
1910,0.28,4.58
1911,0.28,4.58
1912,0.28,4.58
1913,0.28,4.58
1914,0.29,4.58
1915,0.29,4.58
1916,0.29,4.58
1917,0.29,4.58
1918,0.29,4.58
1919,0.29,4.58
1920,0.3,4.58
1921,0.29,4.58
1922,0.29,4.59
1923,0.3,4.59
1924,0.3,4.59
1925,0.3,4.59
1926,0.3,4.59
1927,0.3,4.6
1928,0.3,4.6
1929,0.3,4.6
1930,0.3,4.61
1931,0.3,4.61
1932,0.3,4.61
1933,0.3,4.62
1934,0.3,4.62
1935,0.3,4.62
1936,0.3,4.63
1937,0.3,4.63
1938,0.31,4.64
1939,0.3,4.64
1940,0.3,4.64
1941,0.3,4.65
1942,0.3,4.65
1943,0.31,4.65
1944,0.3,4.65
1945,0.3,4.66
1946,0.31,4.66
1947,0.31,4.66
1948,0.31,4.66
1949,0.31,4.66
1950,0.31,4.66
1951,0.31,4.66
1952,0.31,4.67
1953,0.31,4.67
1954,0.31,4.67
1955,0.31,4.67
1956,0.32,4.67
1957,0.31,4.67
1958,0.31,4.66
1959,0.32,4.66
1960,0.32,4.66
1961,0.32,4.66
1962,0.32,4.66
1963,0.32,4.66
1964,0.32,4.66
1965,0.32,4.66
1966,0.32,4.66
1967,0.32,4.66
1968,0.32,4.66
1969,0.32,4.66
1970,0.32,4.66
1971,0.32,4.66
1972,0.32,4.66
1973,0.32,4.66
1974,0.32,4.66
1975,0.32,4.67
1976,0.32,4.67
1977,0.32,4.67
1978,0.32,4.67
1979,0.32,4.67
1980,0.33,4.68
1981,0.33,4.68
1982,0.33,4.68
1983,0.33,4.69
1984,0.33,4.69
1985,0.33,4.69
1986,0.33,4.7
1987,0.33,4.7
1988,0.33,4.7
1989,0.33,4.71
1990,0.34,4.71
1991,0.34,4.71
1992,0.33,4.72
1993,0.34,4.72
1994,0.33,4.72
1995,0.34,4.73
1996,0.34,4.73
1997,0.34,4.73
1998,0.34,4.73
1999,0.34,4.73
2000,0.34,4.74
2001,0.34,4.74
2002,0.34,4.74
2003,0.34,4.74
2004,0.34,4.74
2005,0.34,4.74
2006,0.34,4.74
2007,0.34,4.74
2008,0.35,4.74
2009,0.34,4.74
2010,0.34,4.74
2011,0.34,4.74
2012,0.34,4.74
2013,0.35,4.74
2014,0.34,4.74
2015,0.34,4.74
2016,0.34,4.74
2017,0.34,4.74
2018,0.34,4.74
2019,0.35,4.74
2020,0.35,4.74
2021,0.35,4.74
2022,0.35,4.74
2023,0.35,4.74
2024,0.35,4.74
2025,0.35,4.74
2026,0.35,4.74
2027,0.35,4.74
2028,0.35,4.74
2029,0.35,4.75
2030,0.36,4.75
2031,0.36,4.75
2032,0.36,4.75
2033,0.36,4.76
2034,0.36,4.76
2035,0.36,4.76
2036,0.36,4.76
2037,0.36,4.77
2038,0.36,4.77
2039,0.36,4.77
2040,0.36,4.78
2041,0.36,4.78
2042,0.36,4.78
2043,0.37,4.79
2044,0.36,4.79
2045,0.36,4.79
2046,0.36,4.8
2047,0.37,4.8
2048,0.36,4.8
2049,0.36,4.8
2050,0.37,4.81
2051,0.37,4.81
2052,0.37,4.81
2053,0.37,4.81
2054,0.37,4.81
2055,0.37,4.81
2056,0.37,4.81
2057,0.37,4.81
2058,0.37,4.81
2059,0.37,4.82
2060,0.37,4.82
2061,0.37,4.82
2062,0.37,4.82
2063,0.37,4.81
2064,0.37,4.81
2065,0.37,4.81
2066,0.37,4.81
2067,0.37,4.81
2068,0.37,4.81
2069,0.37,4.81
2070,0.37,4.81
2071,0.37,4.81
2072,0.37,4.81
2073,0.38,4.81
2074,0.38,4.81
2075,0.37,4.81
2076,0.38,4.82
2077,0.37,4.82
2078,0.38,4.82
2079,0.38,4.82
2080,0.38,4.82
2081,0.38,4.82
2082,0.38,4.82
2083,0.38,4.83
2084,0.39,4.83
2085,0.39,4.83
2086,0.38,4.83
2087,0.39,4.84
2088,0.39,4.84
2089,0.39,4.84
2090,0.39,4.85
2091,0.39,4.85
2092,0.39,4.85
2093,0.39,4.85
2094,0.39,4.86
2095,0.39,4.86
2096,0.39,4.86
2097,0.39,4.87
2098,0.39,4.87
2099,0.39,4.87
2100,0.39,4.87
2101,0.39,4.88
2102,0.39,4.88
2103,0.39,4.88
2104,0.39,4.88
2105,0.4,4.88
2106,0.39,4.88
2107,0.39,4.88
2108,0.4,4.88
2109,0.4,4.89
2110,0.4,4.89
2111,0.4,4.89
2112,0.4,4.89
2113,0.4,4.89
2114,0.4,4.89
2115,0.4,4.89
2116,0.4,4.89
2117,0.4,4.89
2118,0.4,4.89
2119,0.4,4.89
2120,0.41,4.89
2121,0.41,4.89
2122,0.4,4.89
2123,0.4,4.89
2124,0.41,4.89
2125,0.4,4.89
2126,0.41,4.89
2127,0.41,4.89
2128,0.41,4.89
2129,0.41,4.89
2130,0.41,4.89
2131,0.41,4.89
2132,0.41,4.89
2133,0.41,4.89
2134,0.41,4.9
2135,0.41,4.9
2136,0.41,4.9
2137,0.41,4.9
2138,0.42,4.9
2139,0.41,4.91
2140,0.41,4.91
2141,0.42,4.91
2142,0.42,4.92
2143,0.42,4.92
2144,0.42,4.92
2145,0.42,4.92
2146,0.42,4.93
2147,0.42,4.93
2148,0.42,4.93
2149,0.42,4.93
2150,0.42,4.94
2151,0.42,4.94
2152,0.42,4.94
2153,0.42,4.94
2154,0.42,4.95
2155,0.43,4.95
2156,0.43,4.95
2157,0.42,4.95
2158,0.42,4.95
2159,0.43,4.95
2160,0.43,4.95
2161,0.43,4.95
2162,0.43,4.95
2163,0.43,4.96
2164,0.43,4.96
2165,0.43,4.96
2166,0.43,4.96
2167,0.43,4.96
2168,0.43,4.96
2169,0.43,4.96
2170,0.43,4.96
2171,0.43,4.96
2172,0.43,4.96
2173,0.43,4.96
2174,0.43,4.96
2175,0.43,4.96
2176,0.43,4.96
2177,0.43,4.96
2178,0.43,4.96
2179,0.43,4.96
2180,0.43,4.96
2181,0.43,4.96
2182,0.43,4.96
2183,0.44,4.96
2184,0.44,4.96
2185,0.43,4.96
2186,0.44,4.97
2187,0.44,4.97
2188,0.44,4.97
2189,0.44,4.97
2190,0.44,4.97
2191,0.44,4.98
2192,0.45,4.98
2193,0.45,4.98
2194,0.45,4.98
2195,0.45,4.99
2196,0.45,4.99
2197,0.45,4.99
2198,0.45,4.99
2199,0.45,5.0
2200,0.45,5.0
2201,0.45,5.0
2202,0.45,5.0
2203,0.45,5.01
2204,0.45,5.01
2205,0.45,5.01
2206,0.45,5.01
2207,0.45,5.01
2208,0.45,5.02
2209,0.45,5.02
2210,0.45,5.02
2211,0.45,5.02
2212,0.45,5.02
2213,0.45,5.02
2214,0.45,5.02
2215,0.45,5.02
2216,0.45,5.02
2217,0.45,5.02
2218,0.46,5.02
2219,0.45,5.02
2220,0.45,5.02
2221,0.46,5.02
2222,0.46,5.02
2223,0.46,5.02
2224,0.45,5.02
2225,0.46,5.02
2226,0.46,5.02
2227,0.46,5.02
2228,0.46,5.02
2229,0.46,5.02
2230,0.46,5.02
2231,0.46,5.03
2232,0.46,5.03
2233,0.46,5.03
2234,0.47,5.03
2235,0.46,5.03
2236,0.47,5.03
2237,0.47,5.03
2238,0.47,5.03
2239,0.47,5.03
2240,0.47,5.04
2241,0.47,5.04
2242,0.47,5.04
2243,0.47,5.04
2244,0.47,5.04
2245,0.47,5.05
2246,0.47,5.05
2247,0.47,5.05
2248,0.47,5.05
2249,0.47,5.06
2250,0.47,5.06
2251,0.47,5.06
2252,0.48,5.06
2253,0.47,5.07
2254,0.48,5.07
2255,0.47,5.07
2256,0.47,5.07
2257,0.47,5.08
2258,0.47,5.08
2259,0.47,5.08
2260,0.48,5.08
2261,0.47,5.08
2262,0.48,5.08
2263,0.48,5.09
2264,0.48,5.09
2265,0.48,5.09
2266,0.48,5.09
2267,0.48,5.09
2268,0.49,5.09
2269,0.48,5.09
2270,0.48,5.09
2271,0.48,5.09
2272,0.48,5.09
2273,0.49,5.09
2274,0.49,5.09
2275,0.49,5.09
2276,0.49,5.09
2277,0.49,5.09
2278,0.49,5.09
2279,0.49,5.09
2280,0.49,5.09
2281,0.49,5.09
2282,0.49,5.09
2283,0.49,5.09
2284,0.49,5.09
2285,0.49,5.1
2286,0.49,5.1
2287,0.49,5.1
2288,0.49,5.1
2289,0.49,5.1
2290,0.49,5.1
2291,0.49,5.1
2292,0.49,5.1
2293,0.49,5.11
2294,0.49,5.11
2295,0.49,5.11
2296,0.49,5.11
2297,0.49,5.11
2298,0.49,5.12
2299,0.49,5.12
2300,0.5,5.12
2301,0.5,5.12
2302,0.5,5.12
2303,0.5,5.13
2304,0.5,5.13
2305,0.5,5.13
2306,0.5,5.13
2307,0.5,5.14
2308,0.5,5.14
2309,0.5,5.14
2310,0.5,5.14
2311,0.5,5.14
2312,0.5,5.15
2313,0.51,5.15
2314,0.51,5.15
2315,0.51,5.15
2316,0.51,5.15
2317,0.51,5.15
2318,0.51,5.15
2319,0.51,5.15
2320,0.51,5.15
2321,0.51,5.15
2322,0.51,5.16
2323,0.51,5.16
2324,0.51,5.16
2325,0.51,5.16
2326,0.51,5.16
2327,0.51,5.16
2328,0.51,5.16
2329,0.51,5.16
2330,0.51,5.16
2331,0.51,5.16
2332,0.51,5.16
2333,0.51,5.16
2334,0.51,5.16
2335,0.51,5.16
2336,0.51,5.16
2337,0.51,5.16
2338,0.51,5.16
2339,0.52,5.16
2340,0.52,5.16
2341,0.52,5.16
2342,0.51,5.16
2343,0.52,5.17
2344,0.52,5.17
2345,0.52,5.17
2346,0.52,5.17
2347,0.52,5.17
2348,0.52,5.17
2349,0.52,5.18
2350,0.52,5.18
2351,0.52,5.18
2352,0.52,5.18
2353,0.52,5.19
2354,0.52,5.19
2355,0.52,5.19
2356,0.52,5.19
2357,0.52,5.19
2358,0.52,5.2
2359,0.52,5.2
2360,0.52,5.2
2361,0.52,5.2
2362,0.52,5.2
2363,0.53,5.21
2364,0.52,5.21
2365,0.53,5.21
2366,0.52,5.21
2367,0.52,5.21
2368,0.53,5.21
2369,0.53,5.21
2370,0.53,5.21
2371,0.53,5.22
2372,0.53,5.22
2373,0.53,5.22
2374,0.53,5.22
2375,0.53,5.22
2376,0.53,5.22
2377,0.53,5.22
2378,0.53,5.22
2379,0.54,5.22
2380,0.53,5.22
2381,0.53,5.22
2382,0.54,5.22
2383,0.54,5.22
2384,0.54,5.22
2385,0.53,5.22
2386,0.54,5.22
2387,0.54,5.22
2388,0.54,5.22
2389,0.54,5.22
2390,0.54,5.22
2391,0.54,5.22
2392,0.54,5.22
2393,0.54,5.22
2394,0.54,5.23
2395,0.54,5.23
2396,0.54,5.23
2397,0.54,5.23
2398,0.54,5.23
2399,0.54,5.23
2400,0.54,5.23
2401,0.54,5.24
2402,0.54,5.24
2403,0.54,5.24
2404,0.54,5.24
2405,0.54,5.24
2406,0.54,5.25
2407,0.54,5.25
2408,0.55,5.25
2409,0.54,5.25
2410,0.55,5.25
2411,0.55,5.26
2412,0.55,5.26
2413,0.55,5.26
2414,0.55,5.26
2415,0.55,5.26
2416,0.55,5.27
2417,0.55,5.27
2418,0.55,5.27
2419,0.55,5.27
2420,0.55,5.27
2421,0.55,5.27
2422,0.55,5.27
2423,0.56,5.27
2424,0.56,5.27
2425,0.56,5.28
2426,0.56,5.28
2427,0.55,5.28
2428,0.56,5.28
2429,0.56,5.28
2430,0.56,5.28
2431,0.56,5.28
2432,0.56,5.28
2433,0.56,5.28
2434,0.56,5.28
2435,0.56,5.28
2436,0.56,5.28
2437,0.56,5.28
2438,0.56,5.28
2439,0.56,5.28
2440,0.56,5.28
2441,0.56,5.28
2442,0.56,5.28
2443,0.56,5.28
2444,0.56,5.28
2445,0.56,5.28
2446,0.56,5.28
2447,0.56,5.29
2448,0.56,5.29
2449,0.56,5.29
2450,0.56,5.29
2451,0.56,5.29
2452,0.56,5.29
2453,0.56,5.29
2454,0.56,5.3
2455,0.56,5.3
2456,0.56,5.3
2457,0.57,5.3
2458,0.57,5.3
2459,0.57,5.31
2460,0.56,5.31
2461,0.57,5.31
2462,0.57,5.31
2463,0.57,5.31
2464,0.57,5.32
2465,0.57,5.32
2466,0.58,5.32
2467,0.57,5.32
2468,0.58,5.32
2469,0.58,5.32
2470,0.58,5.33
2471,0.58,5.33
2472,0.57,5.33
2473,0.58,5.33
2474,0.58,5.33
2475,0.58,5.33
2476,0.58,5.33
2477,0.58,5.33
2478,0.58,5.33
2479,0.58,5.33
2480,0.58,5.33
2481,0.58,5.33
2482,0.58,5.33
2483,0.58,5.34
2484,0.58,5.34
2485,0.58,5.34
2486,0.58,5.34
2487,0.58,5.34
2488,0.58,5.34
2489,0.58,5.34
2490,0.58,5.34
2491,0.58,5.34
2492,0.58,5.34
2493,0.58,5.34
2494,0.58,5.34
2495,0.58,5.34
2496,0.58,5.34
2497,0.58,5.34
2498,0.58,5.34
2499,0.59,5.34
2500,0.58,5.34
2501,0.59,5.34
2502,0.59,5.35
2503,0.58,5.35
2504,0.59,5.35
2505,0.59,5.35
2506,0.59,5.35
2507,0.59,5.35
2508,0.59,5.35
2509,0.59,5.36
2510,0.6,5.36
2511,0.6,5.36
2512,0.59,5.36
2513,0.59,5.36
2514,0.59,5.37
2515,0.59,5.37
2516,0.59,5.37
2517,0.6,5.37
2518,0.6,5.37
2519,0.59,5.37
2520,0.6,5.38
2521,0.6,5.38
2522,0.6,5.38
2523,0.6,5.38
2524,0.6,5.38
2525,0.6,5.38
2526,0.6,5.38
2527,0.6,5.38
2528,0.6,5.38
2529,0.6,5.39
2530,0.6,5.39
2531,0.6,5.39
2532,0.6,5.39
2533,0.6,5.39
2534,0.6,5.39
2535,0.6,5.39
2536,0.6,5.39
2537,0.6,5.39
2538,0.6,5.39
2539,0.6,5.39
2540,0.6,5.39
2541,0.6,5.39
2542,0.6,5.39
2543,0.6,5.39
2544,0.6,5.39
2545,0.61,5.39
2546,0.6,5.39
2547,0.61,5.39
2548,0.6,5.39
2549,0.61,5.39
2550,0.61,5.39
2551,0.61,5.4
2552,0.61,5.4
2553,0.61,5.4
2554,0.61,5.4
2555,0.61,5.4
2556,0.61,5.4
2557,0.61,5.4
2558,0.61,5.4
2559,0.61,5.41
2560,0.61,5.41
2561,0.61,5.41
2562,0.61,5.41
2563,0.61,5.41
2564,0.62,5.41
2565,0.62,5.42
2566,0.62,5.42
2567,0.62,5.42
2568,0.62,5.42
2569,0.62,5.42
2570,0.62,5.42
2571,0.62,5.43
2572,0.62,5.43
2573,0.62,5.43
2574,0.62,5.43
2575,0.62,5.43
2576,0.62,5.43
2577,0.62,5.43
2578,0.62,5.43
2579,0.62,5.44
2580,0.62,5.44
2581,0.62,5.44
2582,0.62,5.44
2583,0.62,5.44
2584,0.62,5.44
2585,0.62,5.44
2586,0.62,5.44
2587,0.62,5.44
2588,0.62,5.44
2589,0.62,5.44
2590,0.62,5.44
2591,0.62,5.44
2592,0.62,5.44
2593,0.62,5.44
2594,0.62,5.44
2595,0.62,5.44
2596,0.62,5.44
2597,0.63,5.44
2598,0.63,5.44
2599,0.62,5.44
2600,0.62,5.45
2601,0.62,5.45
2602,0.62,5.45
2603,0.63,5.45
2604,0.63,5.45
2605,0.63,5.45
2606,0.63,5.45
2607,0.63,5.45
2608,0.63,5.45
2609,0.63,5.45
2610,0.63,5.46
2611,0.63,5.46
2612,0.63,5.46
2613,0.63,5.46
2614,0.64,5.46
2615,0.63,5.46
2616,0.63,5.47
2617,0.64,5.47
2618,0.63,5.47
2619,0.64,5.47
2620,0.63,5.47
2621,0.63,5.47
2622,0.64,5.48
2623,0.64,5.48
2624,0.64,5.48
2625,0.64,5.48
2626,0.63,5.48
2627,0.64,5.48
2628,0.64,5.48
2629,0.64,5.48
2630,0.64,5.48
2631,0.64,5.49
2632,0.64,5.49
2633,0.64,5.49
2634,0.64,5.49
2635,0.64,5.49
2636,0.64,5.49
2637,0.64,5.49
2638,0.64,5.49
2639,0.64,5.49
2640,0.64,5.49
2641,0.64,5.49
2642,0.64,5.49
2643,0.64,5.49
2644,0.64,5.49
2645,0.64,5.49
2646,0.64,5.49
2647,0.64,5.49
2648,0.64,5.49
2649,0.65,5.49
2650,0.64,5.49
2651,0.64,5.49
2652,0.64,5.49
2653,0.64,5.5
2654,0.64,5.5
2655,0.65,5.5
2656,0.64,5.5
2657,0.65,5.5
2658,0.64,5.5
2659,0.65,5.5
2660,0.65,5.5
2661,0.65,5.5
2662,0.65,5.51
2663,0.64,5.51
2664,0.65,5.51
2665,0.65,5.51
2666,0.65,5.51
2667,0.65,5.51
2668,0.65,5.51
2669,0.65,5.52
2670,0.65,5.52
2671,0.65,5.52
2672,0.65,5.52
2673,0.65,5.52
2674,0.65,5.52
2675,0.65,5.52
2676,0.65,5.52
2677,0.65,5.53
2678,0.65,5.53
2679,0.65,5.53
2680,0.65,5.53
2681,0.65,5.53
2682,0.65,5.53
2683,0.65,5.53
2684,0.65,5.53
2685,0.65,5.53
2686,0.65,5.53
2687,0.65,5.53
2688,0.65,5.53
2689,0.65,5.53
2690,0.65,5.53
2691,0.65,5.53
2692,0.65,5.53
2693,0.65,5.54
2694,0.65,5.54
2695,0.66,5.54
2696,0.66,5.54
2697,0.66,5.54
2698,0.66,5.54
2699,0.66,5.54
2700,0.66,5.54
2701,0.66,5.54
2702,0.66,5.54
2703,0.66,5.54
2704,0.66,5.54
2705,0.66,5.54
2706,0.66,5.54
2707,0.66,5.54
2708,0.66,5.54
2709,0.67,5.54
2710,0.67,5.55
2711,0.67,5.55
2712,0.67,5.55
2713,0.67,5.55
2714,0.66,5.55
2715,0.67,5.55
2716,0.67,5.55
2717,0.67,5.55
2718,0.67,5.56
2719,0.67,5.56
2720,0.67,5.56
2721,0.67,5.56
2722,0.67,5.56
2723,0.67,5.56
2724,0.67,5.56
2725,0.67,5.57
2726,0.67,5.57
2727,0.67,5.57
2728,0.67,5.57
2729,0.67,5.57
2730,0.67,5.57
2731,0.67,5.57
2732,0.67,5.57
2733,0.67,5.57
2734,0.67,5.57
2735,0.67,5.57
2736,0.67,5.58
2737,0.67,5.58
2738,0.67,5.58
2739,0.67,5.58
2740,0.67,5.58
2741,0.67,5.58
2742,0.67,5.58
2743,0.67,5.58
2744,0.67,5.58
2745,0.67,5.58
2746,0.67,5.58
2747,0.67,5.58
2748,0.67,5.58
2749,0.68,5.58
2750,0.67,5.58
2751,0.68,5.58
2752,0.68,5.58
2753,0.67,5.58
2754,0.68,5.58
2755,0.68,5.58
2756,0.67,5.58
2757,0.67,5.58
2758,0.68,5.58
2759,0.68,5.58
2760,0.68,5.58
2761,0.68,5.59
2762,0.68,5.59
2763,0.68,5.59
2764,0.68,5.59
2765,0.68,5.59
2766,0.68,5.59
2767,0.67,5.59
2768,0.68,5.59
2769,0.69,5.59
2770,0.68,5.6
2771,0.69,5.6
2772,0.68,5.6
2773,0.68,5.6
2774,0.68,5.6
2775,0.69,5.6
2776,0.68,5.6
2777,0.69,5.6
2778,0.69,5.61
2779,0.69,5.61
2780,0.69,5.61
2781,0.69,5.61
2782,0.69,5.61
2783,0.69,5.61
2784,0.69,5.61
2785,0.69,5.61
2786,0.69,5.61
2787,0.69,5.61
2788,0.69,5.61
2789,0.69,5.61
2790,0.69,5.61
2791,0.69,5.61
2792,0.69,5.61
2793,0.69,5.61
2794,0.69,5.61
2795,0.69,5.61
2796,0.69,5.62
2797,0.69,5.62
2798,0.69,5.62
2799,0.69,5.62
2800,0.69,5.62
2801,0.69,5.62
2802,0.69,5.62
2803,0.69,5.62
2804,0.69,5.62
2805,0.69,5.62
2806,0.69,5.62
2807,0.69,5.62
2808,0.69,5.62
2809,0.69,5.62
2810,0.69,5.62
2811,0.69,5.62
2812,0.69,5.62
2813,0.69,5.62
2814,0.69,5.63
2815,0.69,5.63
2816,0.69,5.63
2817,0.7,5.63
2818,0.69,5.63
2819,0.69,5.63
2820,0.69,5.63
2821,0.69,5.63
2822,0.7,5.63
2823,0.7,5.64
2824,0.69,5.64
2825,0.7,5.64
2826,0.7,5.64
2827,0.7,5.64
2828,0.7,5.64
2829,0.7,5.64
2830,0.7,5.64
2831,0.7,5.64
2832,0.7,5.65
2833,0.7,5.65
2834,0.7,5.65
2835,0.7,5.65
2836,0.69,5.65
2837,0.7,5.65
2838,0.7,5.65
2839,0.7,5.65
2840,0.71,5.65
2841,0.7,5.65
2842,0.71,5.65
2843,0.7,5.65
2844,0.7,5.65
2845,0.7,5.65
2846,0.7,5.65
2847,0.71,5.65
2848,0.71,5.65
2849,0.71,5.65
2850,0.71,5.65
2851,0.71,5.65
2852,0.71,5.65
2853,0.71,5.65
2854,0.71,5.65
2855,0.71,5.65
2856,0.71,5.65
2857,0.71,5.65
2858,0.71,5.65
2859,0.71,5.66
2860,0.71,5.66
2861,0.71,5.66
2862,0.71,5.66
2863,0.71,5.66
2864,0.71,5.66
2865,0.71,5.66
2866,0.71,5.66
2867,0.71,5.66
2868,0.71,5.66
2869,0.71,5.66
2870,0.71,5.67
2871,0.71,5.67
2872,0.71,5.67
2873,0.71,5.67
2874,0.71,5.67
2875,0.71,5.67
2876,0.71,5.67
2877,0.71,5.67
2878,0.71,5.68
2879,0.71,5.68
2880,0.71,5.68
2881,0.71,5.68
2882,0.71,5.68
2883,0.71,5.68
2884,0.71,5.68
2885,0.71,5.68
2886,0.71,5.68
2887,0.71,5.68
2888,0.71,5.68
2889,0.71,5.68
2890,0.71,5.68
2891,0.72,5.68
2892,0.71,5.68
2893,0.72,5.68
2894,0.72,5.68
2895,0.71,5.69
2896,0.72,5.69
2897,0.72,5.69
2898,0.72,5.69
2899,0.72,5.69
2900,0.72,5.69
2901,0.72,5.69
2902,0.72,5.69
2903,0.71,5.69
2904,0.72,5.69
2905,0.72,5.69
2906,0.71,5.69
2907,0.72,5.69
2908,0.72,5.69
2909,0.72,5.69
2910,0.72,5.69
2911,0.72,5.69
2912,0.72,5.69
2913,0.72,5.69
2914,0.72,5.69
2915,0.72,5.69
2916,0.72,5.69
2917,0.72,5.69
2918,0.73,5.7
2919,0.72,5.7
2920,0.73,5.7
2921,0.72,5.7
2922,0.72,5.7
2923,0.73,5.7
2924,0.73,5.7
2925,0.73,5.7
2926,0.72,5.7
2927,0.73,5.7
2928,0.73,5.71
2929,0.73,5.71
2930,0.72,5.71
2931,0.73,5.71
2932,0.73,5.71
2933,0.73,5.71
2934,0.73,5.71
2935,0.73,5.71
2936,0.73,5.71
2937,0.73,5.71
2938,0.73,5.71
2939,0.73,5.71
2940,0.73,5.71
2941,0.73,5.71
2942,0.73,5.71
2943,0.73,5.71
2944,0.73,5.71
2945,0.73,5.72
2946,0.73,5.72
2947,0.73,5.72
2948,0.73,5.72
2949,0.73,5.72
2950,0.73,5.72
2951,0.73,5.72
2952,0.73,5.72
2953,0.73,5.72
2954,0.73,5.72
2955,0.73,5.72
2956,0.73,5.72
2957,0.73,5.72
2958,0.73,5.72
2959,0.73,5.72
2960,0.73,5.72
2961,0.73,5.72
2962,0.73,5.72
2963,0.73,5.72
2964,0.73,5.72
2965,0.73,5.72
2966,0.73,5.72
2967,0.73,5.72
2968,0.73,5.72
2969,0.73,5.72
2970,0.73,5.72
2971,0.73,5.73
2972,0.73,5.73
2973,0.73,5.73
2974,0.73,5.73
2975,0.74,5.73
2976,0.74,5.73
2977,0.74,5.73
2978,0.74,5.73
2979,0.73,5.73
2980,0.73,5.73
2981,0.74,5.73
2982,0.74,5.73
2983,0.73,5.74
2984,0.73,5.74
2985,0.74,5.74
2986,0.73,5.74
2987,0.74,5.74
2988,0.73,5.74
2989,0.74,5.74
2990,0.74,5.74
2991,0.74,5.74
2992,0.74,5.74
2993,0.74,5.74
2994,0.74,5.74
2995,0.74,5.74
2996,0.74,5.74
2997,0.74,5.74
2998,0.74,5.74
2999,0.74,5.74
3000,0.74,5.74
3001,0.74,5.74
3002,0.74,5.74
3003,0.74,5.74
3004,0.74,5.74
3005,0.74,5.74
3006,0.74,5.74
3007,0.75,5.74
3008,0.74,5.74
3009,0.74,5.74
3010,0.74,5.74
3011,0.74,5.74
3012,0.74,5.75
3013,0.74,5.75
3014,0.74,5.75
3015,0.75,5.75
3016,0.74,5.75
3017,0.74,5.75
3018,0.75,5.75
3019,0.74,5.75
3020,0.74,5.75
3021,0.74,5.75
3022,0.74,5.75
3023,0.75,5.75
3024,0.75,5.75
3025,0.75,5.75
3026,0.74,5.76
3027,0.75,5.76
3028,0.75,5.76
3029,0.75,5.76
3030,0.75,5.76
3031,0.75,5.76
3032,0.75,5.76
3033,0.75,5.76
3034,0.75,5.76
3035,0.75,5.76
3036,0.75,5.76
3037,0.75,5.76
3038,0.75,5.76
3039,0.75,5.77
3040,0.75,5.77
3041,0.75,5.77
3042,0.75,5.77
3043,0.75,5.77
3044,0.75,5.77
3045,0.75,5.77
3046,0.75,5.77
3047,0.75,5.77
3048,0.75,5.77
3049,0.75,5.77
3050,0.75,5.77
3051,0.75,5.77
3052,0.75,5.77
3053,0.75,5.77
3054,0.75,5.77
3055,0.75,5.77
3056,0.75,5.77
3057,0.75,5.77
3058,0.75,5.77
3059,0.75,5.77
3060,0.75,5.77
3061,0.75,5.77
3062,0.75,5.77
3063,0.75,5.77
3064,0.75,5.77
3065,0.75,5.77
3066,0.75,5.77
3067,0.75,5.77
3068,0.75,5.77
3069,0.75,5.77
3070,0.75,5.77
3071,0.75,5.77
3072,0.75,5.77
3073,0.75,5.78
3074,0.75,5.78
3075,0.75,5.78
3076,0.75,5.78
3077,0.75,5.78
3078,0.75,5.78
3079,0.75,5.78
3080,0.75,5.78
3081,0.75,5.78
3082,0.75,5.78
3083,0.75,5.78
3084,0.76,5.78
3085,0.75,5.79
3086,0.75,5.79
3087,0.75,5.79
3088,0.75,5.79
3089,0.75,5.79
3090,0.76,5.79
3091,0.75,5.79
3092,0.76,5.79
3093,0.75,5.79
3094,0.76,5.79
3095,0.75,5.79
3096,0.76,5.79
3097,0.76,5.79
3098,0.76,5.79
3099,0.76,5.79
3100,0.76,5.79
3101,0.76,5.79
3102,0.76,5.79
3103,0.76,5.79
3104,0.76,5.79
3105,0.76,5.79
3106,0.76,5.79
3107,0.76,5.79
3108,0.76,5.79
3109,0.76,5.79
3110,0.76,5.79
3111,0.76,5.79
3112,0.76,5.79
3113,0.76,5.79
3114,0.76,5.79
3115,0.76,5.79
3116,0.76,5.79
3117,0.76,5.79
3118,0.76,5.79
3119,0.76,5.79
3120,0.76,5.79
3121,0.76,5.79
3122,0.76,5.8
3123,0.76,5.8
3124,0.76,5.8
3125,0.76,5.8
3126,0.76,5.8
3127,0.76,5.8
3128,0.76,5.8
3129,0.77,5.8
3130,0.76,5.8
3131,0.76,5.8
3132,0.77,5.8
3133,0.76,5.8
3134,0.77,5.8
3135,0.77,5.8
3136,0.77,5.8
3137,0.77,5.81
3138,0.77,5.81
3139,0.77,5.81
3140,0.77,5.81
3141,0.77,5.81
3142,0.77,5.81
3143,0.77,5.81
3144,0.77,5.81
3145,0.77,5.81
3146,0.77,5.81
3147,0.77,5.81
3148,0.77,5.81
3149,0.77,5.81
3150,0.77,5.81
3151,0.77,5.81
3152,0.77,5.81
3153,0.77,5.81
3154,0.76,5.81
3155,0.77,5.81
3156,0.77,5.81
3157,0.77,5.81
3158,0.77,5.81
3159,0.77,5.81
3160,0.77,5.81
3161,0.76,5.81
3162,0.77,5.81
3163,0.77,5.81
3164,0.77,5.81
3165,0.77,5.81
3166,0.77,5.81
3167,0.77,5.81
3168,0.77,5.81
3169,0.77,5.81
3170,0.77,5.81
3171,0.77,5.81
3172,0.77,5.82
3173,0.77,5.82
3174,0.77,5.82
3175,0.77,5.82
3176,0.77,5.82
3177,0.77,5.82
3178,0.77,5.82
3179,0.77,5.82
3180,0.77,5.82
3181,0.77,5.82
3182,0.77,5.82
3183,0.77,5.82
3184,0.77,5.82
3185,0.77,5.82
3186,0.77,5.82
3187,0.77,5.82
3188,0.77,5.82
3189,0.77,5.82
3190,0.77,5.82
3191,0.77,5.82
3192,0.77,5.82
3193,0.77,5.82
3194,0.77,5.82
3195,0.77,5.83
3196,0.77,5.83
3197,0.77,5.83
3198,0.77,5.83
3199,0.77,5.83
3200,0.77,5.83
3201,0.77,5.83
3202,0.77,5.83
3203,0.77,5.83
3204,0.77,5.83
3205,0.77,5.83
3206,0.77,5.83
3207,0.77,5.83
3208,0.77,5.83
3209,0.77,5.83
3210,0.77,5.83
3211,0.77,5.83
3212,0.77,5.83
3213,0.77,5.83
3214,0.77,5.83
3215,0.77,5.83
3216,0.77,5.83
3217,0.77,5.83
3218,0.77,5.83
3219,0.77,5.83
3220,0.77,5.83
3221,0.77,5.83
3222,0.77,5.83
3223,0.77,5.83
3224,0.77,5.83
3225,0.78,5.83
3226,0.77,5.83
3227,0.77,5.83
3228,0.77,5.83
3229,0.78,5.83
3230,0.77,5.83
3231,0.77,5.83
3232,0.77,5.83
3233,0.77,5.83
3234,0.78,5.83
3235,0.77,5.83
3236,0.78,5.83
3237,0.78,5.84
3238,0.78,5.84
3239,0.78,5.84
3240,0.77,5.84
3241,0.77,5.84
3242,0.78,5.84
3243,0.78,5.84
3244,0.78,5.84
3245,0.78,5.84
3246,0.77,5.84
3247,0.78,5.84
3248,0.78,5.84
3249,0.78,5.84
3250,0.78,5.84
3251,0.78,5.84
3252,0.77,5.84
3253,0.78,5.84
3254,0.77,5.84
3255,0.78,5.84
3256,0.78,5.84
3257,0.78,5.84
3258,0.77,5.84
3259,0.78,5.84
3260,0.78,5.84
3261,0.78,5.84
3262,0.78,5.84
3263,0.78,5.85
3264,0.78,5.85
3265,0.78,5.85
3266,0.78,5.85
3267,0.78,5.85
3268,0.78,5.85
3269,0.78,5.85
3270,0.78,5.85
3271,0.78,5.85
3272,0.77,5.85
3273,0.78,5.85
3274,0.78,5.85
3275,0.78,5.85
3276,0.77,5.85
3277,0.78,5.85
3278,0.78,5.85
3279,0.78,5.85
3280,0.78,5.85
3281,0.77,5.85
3282,0.77,5.85
3283,0.78,5.85
3284,0.78,5.85
3285,0.78,5.85
3286,0.78,5.85
3287,0.78,5.85
3288,0.78,5.85
3289,0.78,5.85
3290,0.78,5.85
3291,0.78,5.85
3292,0.78,5.85
3293,0.78,5.85
3294,0.78,5.85
3295,0.78,5.85
3296,0.78,5.85
3297,0.78,5.85
3298,0.79,5.85
3299,0.79,5.85
3300,0.78,5.85
3301,0.78,5.85
3302,0.78,5.85
3303,0.78,5.85
3304,0.79,5.85
3305,0.78,5.85
3306,0.78,5.85
3307,0.79,5.85
3308,0.79,5.85
3309,0.79,5.85
3310,0.78,5.85
3311,0.79,5.85
3312,0.79,5.86
3313,0.78,5.86
3314,0.78,5.86
3315,0.79,5.86
3316,0.78,5.86
3317,0.79,5.86
3318,0.78,5.86
3319,0.78,5.86
3320,0.78,5.86
3321,0.79,5.86
3322,0.78,5.86
3323,0.78,5.86
3324,0.79,5.86
3325,0.78,5.86
3326,0.79,5.86
3327,0.79,5.86
3328,0.79,5.86
3329,0.79,5.86
3330,0.79,5.86
3331,0.78,5.86
3332,0.78,5.86
3333,0.78,5.86
3334,0.79,5.86
3335,0.79,5.86
3336,0.78,5.86
3337,0.79,5.86
3338,0.79,5.86
3339,0.79,5.86
3340,0.79,5.86
3341,0.79,5.86
3342,0.79,5.86
3343,0.79,5.86
3344,0.78,5.86
3345,0.79,5.86
3346,0.78,5.86
3347,0.79,5.86
3348,0.79,5.86
3349,0.79,5.86
3350,0.79,5.86
3351,0.78,5.86
3352,0.78,5.86
3353,0.78,5.86
3354,0.78,5.86
3355,0.78,5.86
3356,0.78,5.86
3357,0.79,5.86
3358,0.79,5.86
3359,0.79,5.86
3360,0.78,5.86
3361,0.78,5.86
3362,0.79,5.86
3363,0.78,5.86
3364,0.78,5.86
3365,0.79,5.87
3366,0.78,5.87
3367,0.78,5.87
3368,0.79,5.87
3369,0.79,5.87
3370,0.78,5.87
3371,0.78,5.87
3372,0.79,5.87
3373,0.78,5.87
3374,0.79,5.87
3375,0.78,5.87
3376,0.78,5.87
3377,0.79,5.87
3378,0.78,5.87
3379,0.78,5.87
3380,0.79,5.87
3381,0.78,5.87
3382,0.78,5.87
3383,0.78,5.87
3384,0.79,5.87
3385,0.79,5.87
3386,0.78,5.87
3387,0.79,5.87
3388,0.78,5.87
3389,0.78,5.87
3390,0.79,5.87
3391,0.78,5.87
3392,0.78,5.87
3393,0.78,5.87
3394,0.79,5.87
3395,0.79,5.87
3396,0.78,5.87
3397,0.78,5.87
3398,0.78,5.87
3399,0.78,5.87
3400,0.78,5.87
3401,0.78,5.87
3402,0.78,5.87
3403,0.79,5.87
3404,0.78,5.87
3405,0.79,5.87
3406,0.78,5.87
3407,0.79,5.87
3408,0.79,5.87
3409,0.79,5.87
3410,0.79,5.87
3411,0.79,5.87
3412,0.79,5.87
3413,0.79,5.87
3414,0.79,5.87
3415,0.79,5.87
3416,0.79,5.87
3417,0.79,5.87
3418,0.79,5.87
3419,0.79,5.87
3420,0.79,5.87
3421,0.79,5.87
3422,0.79,5.87
3423,0.79,5.87
3424,0.79,5.87
3425,0.79,5.87
3426,0.79,5.87
3427,0.79,5.87
3428,0.79,5.87
3429,0.79,5.87
3430,0.79,5.87
3431,0.79,5.87
3432,0.79,5.87
3433,0.79,5.87
3434,0.79,5.87
3435,0.79,5.87
3436,0.79,5.87
3437,0.79,5.87
3438,0.79,5.87
3439,0.79,5.87
3440,0.79,5.87
3441,0.79,5.87
3442,0.79,5.87
3443,0.79,5.87
3444,0.79,5.88
3445,0.79,5.88
3446,0.79,5.88
3447,0.79,5.88
3448,0.79,5.88
3449,0.79,5.88
3450,0.79,5.88
3451,0.79,5.88
3452,0.79,5.88
3453,0.79,5.88
3454,0.79,5.88
3455,0.79,5.88
3456,0.79,5.88
3457,0.79,5.88
3458,0.79,5.88
3459,0.79,5.88
3460,0.79,5.88
3461,0.79,5.88
3462,0.79,5.88
3463,0.79,5.88
3464,0.79,5.88
3465,0.79,5.88
3466,0.79,5.88
3467,0.79,5.88
3468,0.79,5.88
3469,0.79,5.88
3470,0.79,5.88
3471,0.79,5.88
3472,0.79,5.88
3473,0.79,5.88
3474,0.79,5.88
3475,0.79,5.88
3476,0.79,5.88
3477,0.79,5.88
3478,0.79,5.88
3479,0.79,5.88
3480,0.79,5.88
3481,0.79,5.88
3482,0.79,5.88
3483,0.79,5.88
3484,0.79,5.88
3485,0.79,5.88
3486,0.79,5.88
3487,0.79,5.88
3488,0.79,5.88
3489,0.79,5.88
3490,0.79,5.88
3491,0.79,5.88
3492,0.79,5.88
3493,0.79,5.88
3494,0.79,5.88
3495,0.79,5.88
3496,0.79,5.88
3497,0.79,5.88
3498,0.79,5.88
3499,0.79,5.88
3500,0.79,5.88
3501,0.79,5.88
3502,0.79,5.88
3503,0.79,5.88
3504,0.79,5.88
3505,0.79,5.88
3506,0.79,5.88
3507,0.79,5.88
3508,0.79,5.88
3509,0.79,5.88
3510,0.79,5.88
3511,0.79,5.88
3512,0.79,5.88
3513,0.79,5.88
3514,0.79,5.88
3515,0.79,5.88
3516,0.79,5.88
3517,0.79,5.88
3518,0.79,5.88
3519,0.79,5.88
3520,0.79,5.88
3521,0.79,5.88
3522,0.79,5.88
3523,0.79,5.88
3524,0.79,5.88
3525,0.79,5.88
3526,0.79,5.88
3527,0.79,5.88
3528,0.79,5.88
3529,0.79,5.88
3530,0.79,5.88
3531,0.79,5.88
3532,0.79,5.88
3533,0.79,5.88
3534,0.79,5.88
3535,0.79,5.88
3536,0.79,5.88
3537,0.79,5.88
3538,0.79,5.88
3539,0.79,5.88
3540,0.79,5.88
3541,0.79,5.88
3542,0.79,5.88
3543,0.79,5.88
3544,0.79,5.88
3545,0.79,5.88
3546,0.79,5.88
3547,0.79,5.88
3548,0.79,5.88
3549,0.79,5.88
3550,0.79,5.88
3551,0.79,5.88
3552,0.78,5.88
3553,0.78,5.88
3554,0.78,5.88
3555,0.79,5.88
3556,0.78,5.88
3557,0.78,5.88
3558,0.79,5.88
3559,0.78,5.88
3560,0.79,5.88
3561,0.78,5.88
3562,0.79,5.88
3563,0.79,5.88
3564,0.79,5.88
3565,0.78,5.88
3566,0.78,5.88
3567,0.79,5.88
3568,0.78,5.88
3569,0.79,5.88
3570,0.78,5.88
3571,0.78,5.88
3572,0.78,5.88
3573,0.78,5.88
3574,0.78,5.88
3575,0.78,5.88
3576,0.78,5.88
3577,0.79,5.88
3578,0.78,5.88
3579,0.79,5.87
3580,0.78,5.87
3581,0.78,5.87
3582,0.78,5.87
3583,0.78,5.87
3584,0.79,5.87
3585,0.78,5.87
3586,0.78,5.87
3587,0.78,5.87
3588,0.79,5.87
3589,0.78,5.87
3590,0.78,5.88
3591,0.79,5.88
3592,0.78,5.88
3593,0.78,5.88
3594,0.78,5.88
3595,0.78,5.88
3596,0.78,5.88
3597,0.78,5.88
3598,0.79,5.88
3599,0.79,5.88
3600,0.79,5.88
3601,0.78,5.88
3602,0.79,5.88
3603,0.78,5.88
3604,0.78,5.88
3605,0.78,5.88
3606,0.78,5.88
3607,0.79,5.88
3608,0.78,5.88
3609,0.78,5.88
3610,0.79,5.88
3611,0.78,5.88
3612,0.78,5.88
3613,0.78,5.88
3614,0.78,5.88
3615,0.79,5.87
3616,0.79,5.87
3617,0.78,5.87
3618,0.78,5.87
3619,0.78,5.87
3620,0.79,5.87
3621,0.78,5.87
3622,0.78,5.87
3623,0.79,5.87
3624,0.79,5.87
3625,0.79,5.87
3626,0.78,5.87
3627,0.79,5.87
3628,0.78,5.87
3629,0.79,5.87
3630,0.78,5.87
3631,0.78,5.87
3632,0.78,5.87
3633,0.79,5.87
3634,0.78,5.87
3635,0.79,5.87
3636,0.78,5.87
3637,0.78,5.87
3638,0.79,5.87
3639,0.79,5.87
3640,0.79,5.87
3641,0.78,5.87
3642,0.79,5.87
3643,0.79,5.87
3644,0.79,5.87
3645,0.79,5.87
3646,0.78,5.87
3647,0.79,5.87
3648,0.78,5.87
3649,0.79,5.87
3650,0.78,5.87
3651,0.79,5.87
3652,0.78,5.87
3653,0.78,5.87
3654,0.78,5.87
3655,0.78,5.87
3656,0.78,5.87
3657,0.78,5.87
3658,0.78,5.87
3659,0.78,5.87
3660,0.79,5.87
3661,0.78,5.87
3662,0.79,5.87
3663,0.78,5.87
3664,0.78,5.87
3665,0.78,5.87
3666,0.78,5.87
3667,0.78,5.87
3668,0.79,5.87
3669,0.79,5.87
3670,0.79,5.87
3671,0.79,5.87
3672,0.78,5.87
3673,0.78,5.87
3674,0.78,5.87
3675,0.79,5.87
3676,0.78,5.87
3677,0.79,5.87
3678,0.78,5.87
3679,0.78,5.87
3680,0.79,5.87
3681,0.78,5.87
3682,0.78,5.87
3683,0.78,5.87
3684,0.78,5.87
3685,0.78,5.87
3686,0.78,5.87
3687,0.79,5.87
3688,0.78,5.87
3689,0.78,5.87
3690,0.78,5.87
3691,0.78,5.87
3692,0.78,5.87
3693,0.78,5.87
3694,0.78,5.87
3695,0.78,5.87
3696,0.77,5.87
3697,0.78,5.87
3698,0.77,5.87
3699,0.78,5.87
3700,0.78,5.87
3701,0.78,5.87
3702,0.77,5.87
3703,0.78,5.87
3704,0.78,5.87
3705,0.78,5.87
3706,0.77,5.87
3707,0.78,5.87
3708,0.78,5.87
3709,0.78,5.87
3710,0.78,5.87
3711,0.78,5.87
3712,0.78,5.87
3713,0.78,5.87
3714,0.78,5.87
3715,0.78,5.87
3716,0.77,5.87
3717,0.77,5.87
3718,0.78,5.87
3719,0.78,5.87
3720,0.78,5.87
3721,0.78,5.87
3722,0.77,5.87
3723,0.77,5.86
3724,0.78,5.86
3725,0.77,5.86
3726,0.77,5.86
3727,0.77,5.86
3728,0.77,5.86
3729,0.78,5.86
3730,0.77,5.86
3731,0.78,5.86
3732,0.78,5.86
3733,0.77,5.86
3734,0.78,5.86
3735,0.78,5.86
3736,0.78,5.86
3737,0.78,5.86
3738,0.78,5.86
3739,0.78,5.86
3740,0.78,5.86
3741,0.78,5.86
3742,0.77,5.86
3743,0.77,5.86
3744,0.77,5.86
3745,0.78,5.86
3746,0.77,5.86
3747,0.77,5.87
3748,0.78,5.87
3749,0.78,5.87
3750,0.77,5.87
3751,0.77,5.87
3752,0.78,5.87
3753,0.77,5.87
3754,0.78,5.86
3755,0.78,5.86
3756,0.77,5.86
3757,0.78,5.86
3758,0.77,5.86
3759,0.77,5.86
3760,0.78,5.86
3761,0.77,5.86
3762,0.77,5.86
3763,0.77,5.86
3764,0.77,5.86
3765,0.77,5.86
3766,0.77,5.86
3767,0.77,5.86
3768,0.77,5.86
3769,0.77,5.86
3770,0.77,5.86
3771,0.77,5.86
3772,0.77,5.86
3773,0.77,5.86
3774,0.77,5.86
3775,0.77,5.86
3776,0.77,5.86
3777,0.77,5.86
3778,0.77,5.86
3779,0.77,5.86
3780,0.77,5.86
3781,0.77,5.86
3782,0.77,5.86
3783,0.77,5.86
3784,0.77,5.86
3785,0.77,5.86
3786,0.77,5.86
3787,0.77,5.86
3788,0.77,5.85
3789,0.77,5.85
3790,0.77,5.85
3791,0.77,5.85
3792,0.77,5.85
3793,0.77,5.85
3794,0.77,5.85
3795,0.77,5.85
3796,0.77,5.85
3797,0.77,5.85
3798,0.77,5.85
3799,0.77,5.85
3800,0.77,5.85
3801,0.77,5.85
3802,0.77,5.85
3803,0.77,5.85
3804,0.77,5.85
3805,0.77,5.85
3806,0.77,5.85
3807,0.77,5.85
3808,0.77,5.85
3809,0.77,5.85
3810,0.77,5.85
3811,0.77,5.85
3812,0.77,5.85
3813,0.77,5.85
3814,0.77,5.85
3815,0.77,5.85
3816,0.77,5.85
3817,0.77,5.85
3818,0.77,5.85
3819,0.77,5.85
3820,0.77,5.85
3821,0.77,5.85
3822,0.77,5.85
3823,0.77,5.85
3824,0.77,5.85
3825,0.77,5.85
3826,0.77,5.85
3827,0.77,5.85
3828,0.77,5.85
3829,0.77,5.85
3830,0.77,5.85
3831,0.77,5.85
3832,0.77,5.85
3833,0.77,5.85
3834,0.77,5.85
3835,0.77,5.85
3836,0.77,5.85
3837,0.77,5.85
3838,0.77,5.85
3839,0.77,5.85
3840,0.77,5.85
3841,0.77,5.85
3842,0.77,5.85
3843,0.77,5.85
3844,0.77,5.85
3845,0.77,5.85
3846,0.76,5.85
3847,0.77,5.85
3848,0.77,5.85
3849,0.77,5.85
3850,0.77,5.85
3851,0.76,5.85
3852,0.77,5.84
3853,0.77,5.84
3854,0.77,5.84
3855,0.77,5.84
3856,0.77,5.84
3857,0.77,5.84
3858,0.77,5.84
3859,0.77,5.84
3860,0.77,5.84
3861,0.77,5.84
3862,0.77,5.84
3863,0.77,5.84
3864,0.77,5.84
3865,0.77,5.84
3866,0.77,5.84
3867,0.77,5.84
3868,0.77,5.84
3869,0.77,5.84
3870,0.77,5.84
3871,0.76,5.84
3872,0.76,5.84
3873,0.76,5.84
3874,0.76,5.84
3875,0.77,5.84
3876,0.77,5.84
3877,0.77,5.84
3878,0.76,5.84
3879,0.77,5.84
3880,0.76,5.84
3881,0.76,5.84
3882,0.76,5.84
3883,0.76,5.84
3884,0.76,5.84
3885,0.76,5.84
3886,0.76,5.84
3887,0.76,5.84
3888,0.76,5.84
3889,0.76,5.84
3890,0.76,5.84
3891,0.76,5.84
3892,0.76,5.84
3893,0.76,5.84
3894,0.76,5.84
3895,0.76,5.84
3896,0.76,5.84
3897,0.76,5.84
3898,0.76,5.84
3899,0.76,5.84
3900,0.76,5.84
3901,0.75,5.84
3902,0.76,5.83
3903,0.76,5.83
3904,0.76,5.83
3905,0.76,5.83
3906,0.76,5.83
3907,0.76,5.83
3908,0.76,5.83
3909,0.76,5.83
3910,0.76,5.83
3911,0.75,5.83
3912,0.76,5.83
3913,0.76,5.83
3914,0.75,5.83
3915,0.76,5.83
3916,0.76,5.83
3917,0.75,5.83
3918,0.76,5.83
3919,0.76,5.83
3920,0.76,5.83
3921,0.76,5.83
3922,0.76,5.83
3923,0.76,5.83
3924,0.76,5.83
3925,0.76,5.83
3926,0.76,5.83
3927,0.76,5.83
3928,0.76,5.83
3929,0.76,5.83
3930,0.76,5.83
3931,0.75,5.83
3932,0.75,5.83
3933,0.75,5.83
3934,0.75,5.83
3935,0.75,5.83
3936,0.75,5.83
3937,0.75,5.83
3938,0.75,5.83
3939,0.75,5.83
3940,0.75,5.83
3941,0.75,5.83
3942,0.75,5.83
3943,0.75,5.83
3944,0.75,5.83
3945,0.75,5.83
3946,0.75,5.83
3947,0.75,5.82
3948,0.75,5.82
3949,0.75,5.82
3950,0.75,5.82
3951,0.75,5.82
3952,0.75,5.82
3953,0.75,5.82
3954,0.75,5.82
3955,0.75,5.82
3956,0.75,5.82
3957,0.75,5.82
3958,0.75,5.82
3959,0.75,5.82
3960,0.75,5.82
3961,0.75,5.82
3962,0.75,5.81
3963,0.75,5.81
3964,0.75,5.81
3965,0.76,5.81
3966,0.75,5.81
3967,0.75,5.81
3968,0.75,5.81
3969,0.75,5.81
3970,0.75,5.81
3971,0.75,5.81
3972,0.75,5.81
3973,0.75,5.81
3974,0.75,5.81
3975,0.75,5.81
3976,0.75,5.81
3977,0.75,5.81
3978,0.75,5.81
3979,0.75,5.81
3980,0.75,5.81
3981,0.75,5.81
3982,0.75,5.81
3983,0.75,5.81
3984,0.75,5.81
3985,0.75,5.81
3986,0.75,5.81
3987,0.75,5.81
3988,0.75,5.81
3989,0.75,5.81
3990,0.75,5.81
3991,0.75,5.81
3992,0.75,5.81
3993,0.75,5.81
3994,0.75,5.81
3995,0.75,5.81
3996,0.75,5.81
3997,0.75,5.81
3998,0.75,5.81
3999,0.75,5.81
4000,0.75,5.81
4001,0.75,5.81
4002,0.75,5.81
4003,0.75,5.81
4004,0.75,5.81
4005,0.75,5.81
4006,0.75,5.8
4007,0.75,5.8
4008,0.75,5.8
4009,0.75,5.8
4010,0.75,5.8
4011,0.75,5.8
4012,0.75,5.8
4013,0.75,5.8
4014,0.75,5.8
4015,0.75,5.8
4016,0.75,5.8
4017,0.75,5.8
4018,0.74,5.8
4019,0.74,5.8
4020,0.74,5.8
4021,0.74,5.8
4022,0.74,5.8
4023,0.75,5.8
4024,0.75,5.8
4025,0.74,5.8
4026,0.75,5.8
4027,0.74,5.8
4028,0.74,5.8
4029,0.74,5.8
4030,0.75,5.8
4031,0.74,5.8
4032,0.74,5.8
4033,0.74,5.8
4034,0.74,5.8
4035,0.74,5.8
4036,0.74,5.8
4037,0.75,5.8
4038,0.74,5.8
4039,0.74,5.8
4040,0.75,5.8
4041,0.74,5.8
4042,0.74,5.8
4043,0.74,5.8
4044,0.74,5.8
4045,0.75,5.8
4046,0.74,5.8
4047,0.74,5.79
4048,0.74,5.79
4049,0.75,5.79
4050,0.74,5.79
4051,0.75,5.79
4052,0.74,5.79
4053,0.74,5.79
4054,0.75,5.79
4055,0.74,5.79
4056,0.74,5.79
4057,0.74,5.79
4058,0.74,5.79
4059,0.74,5.79
4060,0.74,5.79
4061,0.74,5.79
4062,0.74,5.78
4063,0.74,5.78
4064,0.73,5.78
4065,0.73,5.78
4066,0.73,5.78
4067,0.73,5.78
4068,0.73,5.78
4069,0.73,5.78
4070,0.73,5.78
4071,0.74,5.78
4072,0.73,5.78
4073,0.73,5.78
4074,0.73,5.78
4075,0.73,5.78
4076,0.73,5.78
4077,0.73,5.78
4078,0.74,5.78
4079,0.74,5.78
4080,0.73,5.78
4081,0.73,5.78
4082,0.73,5.78
4083,0.73,5.78
4084,0.74,5.78
4085,0.73,5.78
4086,0.74,5.78
4087,0.73,5.78
4088,0.73,5.78
4089,0.73,5.78
4090,0.73,5.78
4091,0.74,5.78
4092,0.73,5.78
4093,0.74,5.78
4094,0.73,5.78
4095,0.73,5.78
4096,0.73,5.78
4097,0.73,5.78
4098,0.73,5.78
4099,0.73,5.78
4100,0.73,5.78
4101,0.73,5.78
4102,0.73,5.78
4103,0.73,5.77
4104,0.73,5.77
4105,0.73,5.77
4106,0.73,5.77
4107,0.73,5.77
4108,0.73,5.77
4109,0.73,5.77
4110,0.73,5.77
4111,0.73,5.77
4112,0.73,5.77
4113,0.73,5.77
4114,0.73,5.77
4115,0.73,5.77
4116,0.73,5.77
4117,0.73,5.77
4118,0.73,5.77
4119,0.73,5.77
4120,0.73,5.77
4121,0.73,5.77
4122,0.73,5.77
4123,0.73,5.77
4124,0.73,5.77
4125,0.73,5.77
4126,0.73,5.77
4127,0.73,5.76
4128,0.73,5.76
4129,0.73,5.76
4130,0.73,5.76
4131,0.73,5.76
4132,0.73,5.76
4133,0.73,5.76
4134,0.73,5.76
4135,0.73,5.76
4136,0.73,5.76
4137,0.73,5.76
4138,0.73,5.76
4139,0.73,5.76
4140,0.73,5.76
4141,0.73,5.76
4142,0.73,5.76
4143,0.73,5.76
4144,0.73,5.76
4145,0.73,5.76
4146,0.73,5.76
4147,0.73,5.76
4148,0.73,5.76
4149,0.73,5.76
4150,0.73,5.76
4151,0.72,5.76
4152,0.72,5.76
4153,0.73,5.76
4154,0.73,5.76
4155,0.73,5.76
4156,0.73,5.76
4157,0.73,5.76
4158,0.73,5.75
4159,0.72,5.75
4160,0.73,5.75
4161,0.73,5.75
4162,0.72,5.75
4163,0.73,5.75
4164,0.72,5.75
4165,0.73,5.75
4166,0.73,5.75
4167,0.73,5.75
4168,0.72,5.75
4169,0.72,5.75
4170,0.73,5.75
4171,0.72,5.75
4172,0.72,5.75
4173,0.72,5.75
4174,0.72,5.75
4175,0.72,5.75
4176,0.72,5.75
4177,0.72,5.75
4178,0.72,5.75
4179,0.72,5.75
4180,0.72,5.75
4181,0.72,5.75
4182,0.72,5.75
4183,0.72,5.75
4184,0.72,5.75
4185,0.72,5.75
4186,0.72,5.75
4187,0.72,5.75
4188,0.72,5.75
4189,0.72,5.75
4190,0.72,5.75
4191,0.72,5.75
4192,0.72,5.75
4193,0.72,5.74
4194,0.71,5.74
4195,0.72,5.74
4196,0.72,5.74
4197,0.72,5.74
4198,0.71,5.74
4199,0.72,5.74
4200,0.72,5.74
4201,0.72,5.74
4202,0.72,5.74
4203,0.72,5.74
4204,0.71,5.74
4205,0.72,5.74
4206,0.71,5.74
4207,0.71,5.74
4208,0.71,5.74
4209,0.71,5.73
4210,0.72,5.73
4211,0.71,5.73
4212,0.71,5.73
4213,0.71,5.73
4214,0.71,5.73
4215,0.71,5.73
4216,0.71,5.73
4217,0.71,5.73
4218,0.71,5.73
4219,0.71,5.73
4220,0.71,5.73
4221,0.71,5.73
4222,0.71,5.73
4223,0.71,5.73
4224,0.71,5.73
4225,0.71,5.73
4226,0.71,5.73
4227,0.71,5.73
4228,0.71,5.73
4229,0.71,5.73
4230,0.71,5.73
4231,0.71,5.73
4232,0.71,5.73
4233,0.71,5.73
4234,0.71,5.73
4235,0.71,5.73
4236,0.71,5.73
4237,0.71,5.73
4238,0.71,5.73
4239,0.71,5.73
4240,0.71,5.73
4241,0.71,5.73
4242,0.71,5.73
4243,0.71,5.73
4244,0.71,5.73
4245,0.71,5.73
4246,0.71,5.73
4247,0.71,5.72
4248,0.71,5.72
4249,0.71,5.72
4250,0.71,5.72
4251,0.71,5.72
4252,0.71,5.72
4253,0.71,5.72
4254,0.71,5.72
4255,0.71,5.72
4256,0.71,5.72
4257,0.71,5.72
4258,0.71,5.72
4259,0.71,5.72
4260,0.71,5.72
4261,0.71,5.72
4262,0.7,5.72
4263,0.71,5.72
4264,0.71,5.72
4265,0.71,5.71
4266,0.71,5.71
4267,0.71,5.71
4268,0.71,5.71
4269,0.71,5.71
4270,0.71,5.71
4271,0.71,5.71
4272,0.71,5.71
4273,0.71,5.71
4274,0.7,5.71
4275,0.71,5.71
4276,0.71,5.71
4277,0.7,5.71
4278,0.7,5.71
4279,0.71,5.71
4280,0.7,5.71
4281,0.7,5.71
4282,0.71,5.71
4283,0.7,5.71
4284,0.7,5.71
4285,0.7,5.71
4286,0.7,5.71
4287,0.7,5.71
4288,0.7,5.71
4289,0.7,5.71
4290,0.7,5.71
4291,0.7,5.71
4292,0.7,5.71
4293,0.7,5.71
4294,0.7,5.71
4295,0.7,5.71
4296,0.7,5.71
4297,0.7,5.71
4298,0.7,5.71
4299,0.7,5.7
4300,0.7,5.7
4301,0.7,5.7
4302,0.7,5.7
4303,0.7,5.7
4304,0.7,5.7
4305,0.7,5.7
4306,0.7,5.7
4307,0.7,5.7
4308,0.7,5.7
4309,0.7,5.7
4310,0.7,5.7
4311,0.69,5.7
4312,0.7,5.7
4313,0.69,5.7
4314,0.7,5.7
4315,0.69,5.7
4316,0.69,5.7
4317,0.69,5.7
4318,0.69,5.7
4319,0.69,5.7
4320,0.69,5.69
4321,0.69,5.69
4322,0.69,5.69
4323,0.69,5.69
4324,0.69,5.69
4325,0.69,5.69
4326,0.69,5.69
4327,0.69,5.69
4328,0.69,5.69
4329,0.69,5.69
4330,0.69,5.69
4331,0.69,5.69
4332,0.69,5.69
4333,0.69,5.69
4334,0.69,5.69
4335,0.69,5.69
4336,0.69,5.69
4337,0.69,5.69
4338,0.69,5.69
4339,0.69,5.69
4340,0.69,5.69
4341,0.69,5.69
4342,0.69,5.69
4343,0.69,5.69
4344,0.69,5.69
4345,0.69,5.69
4346,0.69,5.69
4347,0.69,5.69
4348,0.69,5.69
4349,0.69,5.69
4350,0.69,5.69
4351,0.69,5.69
4352,0.69,5.68
4353,0.69,5.68
4354,0.69,5.68
4355,0.69,5.68
4356,0.69,5.68
4357,0.69,5.68
4358,0.69,5.68
4359,0.69,5.68
4360,0.69,5.68
4361,0.69,5.68
4362,0.69,5.68
4363,0.69,5.68
4364,0.69,5.68
4365,0.69,5.68
4366,0.69,5.68
4367,0.69,5.68
4368,0.69,5.68
4369,0.69,5.68
4370,0.69,5.68
4371,0.69,5.68
4372,0.69,5.68
4373,0.68,5.68
4374,0.69,5.68
4375,0.69,5.67
4376,0.69,5.67
4377,0.68,5.67
4378,0.69,5.67
4379,0.68,5.67
4380,0.69,5.67
4381,0.69,5.67
4382,0.69,5.67
4383,0.69,5.67
4384,0.69,5.67
4385,0.68,5.67
4386,0.69,5.67
4387,0.68,5.67
4388,0.68,5.67
4389,0.69,5.67
4390,0.68,5.67
4391,0.68,5.67
4392,0.69,5.67
4393,0.68,5.67
4394,0.68,5.67
4395,0.69,5.67
4396,0.68,5.67
4397,0.69,5.67
4398,0.68,5.67
4399,0.68,5.67
4400,0.68,5.67
4401,0.68,5.67
4402,0.68,5.67
4403,0.68,5.66
4404,0.68,5.66
4405,0.68,5.66
4406,0.68,5.66
4407,0.68,5.66
4408,0.68,5.66
4409,0.68,5.66
4410,0.68,5.66
4411,0.68,5.66
4412,0.68,5.66
4413,0.68,5.66
4414,0.67,5.66
4415,0.67,5.66
4416,0.68,5.66
4417,0.68,5.66
4418,0.67,5.66
4419,0.68,5.66
4420,0.67,5.66
4421,0.67,5.66
4422,0.67,5.66
4423,0.68,5.66
4424,0.68,5.66
4425,0.67,5.66
4426,0.67,5.66
4427,0.68,5.65
4428,0.67,5.65
4429,0.67,5.65
4430,0.67,5.65
4431,0.67,5.65
4432,0.68,5.65
4433,0.67,5.65
4434,0.67,5.65
4435,0.68,5.65
4436,0.67,5.65
4437,0.67,5.65
4438,0.67,5.65
4439,0.67,5.65
4440,0.68,5.65
4441,0.67,5.65
4442,0.67,5.65
4443,0.67,5.65
4444,0.67,5.65
4445,0.67,5.65
4446,0.67,5.65
4447,0.67,5.65
4448,0.67,5.65
4449,0.67,5.65
4450,0.67,5.65
4451,0.67,5.65
4452,0.67,5.65
4453,0.67,5.64
4454,0.67,5.64
4455,0.67,5.64
4456,0.67,5.64
4457,0.67,5.64
4458,0.67,5.64
4459,0.67,5.64
4460,0.67,5.64
4461,0.67,5.64
4462,0.67,5.64
4463,0.67,5.64
4464,0.67,5.64
4465,0.67,5.64
4466,0.67,5.64
4467,0.67,5.64
4468,0.67,5.64
4469,0.67,5.64
4470,0.67,5.64
4471,0.67,5.64
4472,0.67,5.64
4473,0.67,5.64
4474,0.67,5.64
4475,0.67,5.63
4476,0.67,5.63
4477,0.67,5.63
4478,0.67,5.63
4479,0.67,5.63
4480,0.67,5.63
4481,0.67,5.63
4482,0.66,5.63
4483,0.66,5.63
4484,0.67,5.63
4485,0.67,5.63
4486,0.67,5.63
4487,0.67,5.63
4488,0.67,5.63
4489,0.67,5.63
4490,0.67,5.63
4491,0.67,5.63
4492,0.67,5.63
4493,0.67,5.63
4494,0.66,5.63
4495,0.66,5.63
4496,0.67,5.63
4497,0.67,5.63
4498,0.66,5.63
4499,0.67,5.62
4500,0.66,5.62
4501,0.66,5.62
4502,0.66,5.62
4503,0.66,5.62
4504,0.67,5.62
4505,0.67,5.62
4506,0.66,5.62
4507,0.66,5.62
4508,0.66,5.62
4509,0.66,5.62
4510,0.66,5.62
4511,0.66,5.62
4512,0.66,5.62
4513,0.66,5.62
4514,0.66,5.62
4515,0.66,5.62
4516,0.66,5.62
4517,0.66,5.61
4518,0.65,5.61
4519,0.66,5.61
4520,0.66,5.61
4521,0.65,5.61
4522,0.66,5.61
4523,0.66,5.61
4524,0.66,5.61
4525,0.66,5.61
4526,0.66,5.61
4527,0.66,5.61
4528,0.65,5.61
4529,0.66,5.61
4530,0.65,5.61
4531,0.66,5.61
4532,0.66,5.61
4533,0.66,5.61
4534,0.66,5.61
4535,0.66,5.61
4536,0.66,5.61
4537,0.66,5.61
4538,0.65,5.61
4539,0.65,5.61
4540,0.65,5.61
4541,0.65,5.61
4542,0.65,5.61
4543,0.65,5.61
4544,0.65,5.61
4545,0.65,5.61
4546,0.65,5.6
4547,0.65,5.6
4548,0.65,5.6
4549,0.65,5.6
4550,0.65,5.6
4551,0.65,5.6
4552,0.65,5.6
4553,0.65,5.6
4554,0.65,5.6
4555,0.65,5.6
4556,0.65,5.6
4557,0.65,5.6
4558,0.65,5.6
4559,0.65,5.6
4560,0.65,5.6
4561,0.65,5.6
4562,0.65,5.6
4563,0.65,5.6
4564,0.65,5.6
4565,0.65,5.59
4566,0.65,5.59
4567,0.65,5.59
4568,0.65,5.59
4569,0.65,5.59
4570,0.65,5.59
4571,0.65,5.59
4572,0.65,5.59
4573,0.65,5.59
4574,0.65,5.59
4575,0.65,5.59
4576,0.65,5.59
4577,0.65,5.59
4578,0.65,5.59
4579,0.65,5.59
4580,0.65,5.59
4581,0.65,5.59
4582,0.65,5.59
4583,0.65,5.59
4584,0.65,5.59
4585,0.65,5.59
4586,0.65,5.59
4587,0.65,5.59
4588,0.65,5.59
4589,0.65,5.59
4590,0.65,5.59
4591,0.65,5.59
4592,0.65,5.58
4593,0.65,5.58
4594,0.64,5.58
4595,0.65,5.58
4596,0.65,5.58
4597,0.65,5.58
4598,0.65,5.58
4599,0.65,5.58
4600,0.65,5.58
4601,0.65,5.58
4602,0.64,5.58
4603,0.65,5.58
4604,0.64,5.58
4605,0.65,5.58
4606,0.64,5.58
4607,0.64,5.58
4608,0.64,5.58
4609,0.64,5.57
4610,0.64,5.57
4611,0.65,5.57
4612,0.64,5.57
4613,0.64,5.57
4614,0.64,5.57
4615,0.64,5.57
4616,0.64,5.57
4617,0.64,5.57
4618,0.64,5.57
4619,0.64,5.57
4620,0.64,5.57
4621,0.64,5.57
4622,0.64,5.57
4623,0.64,5.57
4624,0.64,5.57
4625,0.64,5.57
4626,0.64,5.57
4627,0.64,5.57
4628,0.64,5.57
4629,0.64,5.57
4630,0.64,5.57
4631,0.64,5.57
4632,0.64,5.57
4633,0.64,5.57
4634,0.64,5.57
4635,0.64,5.57
4636,0.64,5.57
4637,0.64,5.56
4638,0.64,5.56
4639,0.64,5.56
4640,0.64,5.56
4641,0.64,5.56
4642,0.64,5.56
4643,0.64,5.56
4644,0.64,5.56
4645,0.64,5.56
4646,0.64,5.56
4647,0.64,5.56
4648,0.64,5.56
4649,0.64,5.56
4650,0.64,5.56
4651,0.64,5.56
4652,0.64,5.56
4653,0.64,5.56
4654,0.64,5.56
4655,0.64,5.56
4656,0.64,5.56
4657,0.64,5.56
4658,0.64,5.55
4659,0.64,5.55
4660,0.64,5.55
4661,0.64,5.55
4662,0.64,5.55
4663,0.64,5.55
4664,0.64,5.55
4665,0.64,5.55
4666,0.64,5.55
4667,0.64,5.55
4668,0.64,5.55
4669,0.63,5.55
4670,0.64,5.55
4671,0.64,5.55
4672,0.64,5.55
4673,0.63,5.55
4674,0.63,5.55
4675,0.64,5.55
4676,0.63,5.55
4677,0.64,5.55
4678,0.63,5.55
4679,0.63,5.55
4680,0.64,5.55
4681,0.63,5.55
4682,0.63,5.55
4683,0.63,5.54
4684,0.63,5.54
4685,0.63,5.54
4686,0.63,5.54
4687,0.63,5.54
4688,0.64,5.54
4689,0.63,5.54
4690,0.63,5.54
4691,0.63,5.54
4692,0.63,5.54
4693,0.63,5.54
4694,0.63,5.54
4695,0.63,5.54
4696,0.63,5.54
4697,0.63,5.54
4698,0.63,5.54
4699,0.63,5.54
4700,0.63,5.54
4701,0.63,5.54
4702,0.63,5.53
4703,0.63,5.53
4704,0.63,5.53
4705,0.63,5.53
4706,0.62,5.53
4707,0.62,5.53
4708,0.62,5.53
4709,0.62,5.53
4710,0.63,5.53
4711,0.62,5.53
4712,0.62,5.53
4713,0.62,5.53
4714,0.62,5.53
4715,0.62,5.53
4716,0.62,5.53
4717,0.62,5.53
4718,0.62,5.53
4719,0.62,5.53
4720,0.62,5.53
4721,0.63,5.53
4722,0.62,5.53
4723,0.62,5.53
4724,0.63,5.53
4725,0.62,5.53
4726,0.62,5.53
4727,0.62,5.53
4728,0.62,5.52
4729,0.63,5.52
4730,0.62,5.52
4731,0.62,5.52
4732,0.62,5.52
4733,0.62,5.52
4734,0.62,5.52
4735,0.62,5.52
4736,0.62,5.52
4737,0.62,5.52
4738,0.62,5.52
4739,0.62,5.52
4740,0.62,5.52
4741,0.62,5.52
4742,0.62,5.52
4743,0.62,5.52
4744,0.62,5.52
4745,0.62,5.52
4746,0.62,5.52
4747,0.62,5.52
4748,0.62,5.52
4749,0.62,5.52
4750,0.62,5.52
4751,0.62,5.52
4752,0.62,5.51
4753,0.62,5.51
4754,0.62,5.51
4755,0.62,5.51
4756,0.62,5.51
4757,0.62,5.51
4758,0.62,5.51
4759,0.62,5.51
4760,0.62,5.51
4761,0.62,5.51
4762,0.62,5.51
4763,0.62,5.51
4764,0.62,5.51
4765,0.62,5.51
4766,0.62,5.51
4767,0.62,5.51
4768,0.62,5.51
4769,0.62,5.51
4770,0.62,5.51
4771,0.62,5.51
4772,0.62,5.51
4773,0.62,5.51
4774,0.62,5.51
4775,0.62,5.51
4776,0.62,5.51
4777,0.61,5.51
4778,0.62,5.5
4779,0.62,5.5
4780,0.61,5.5
4781,0.62,5.5
4782,0.62,5.5
4783,0.62,5.5
4784,0.62,5.5
4785,0.62,5.5
4786,0.61,5.5
4787,0.62,5.5
4788,0.61,5.5
4789,0.62,5.5
4790,0.61,5.5
4791,0.62,5.5
4792,0.62,5.5
4793,0.62,5.5
4794,0.62,5.5
4795,0.61,5.5
4796,0.62,5.5
4797,0.62,5.5
4798,0.62,5.5
4799,0.61,5.5
4800,0.61,5.5
4801,0.61,5.5
4802,0.61,5.49
4803,0.61,5.49
4804,0.61,5.49
4805,0.61,5.49
4806,0.61,5.49
4807,0.61,5.49
4808,0.61,5.49
4809,0.61,5.49
4810,0.61,5.49
4811,0.61,5.49
4812,0.61,5.49
4813,0.61,5.49
4814,0.6,5.49
4815,0.61,5.49
4816,0.6,5.49
4817,0.6,5.49
4818,0.61,5.49
4819,0.6,5.49
4820,0.61,5.49
4821,0.61,5.49
4822,0.6,5.49
4823,0.6,5.49
4824,0.61,5.49
4825,0.61,5.49
4826,0.61,5.49
4827,0.61,5.49
4828,0.6,5.49
4829,0.6,5.48
4830,0.61,5.48
4831,0.6,5.48
4832,0.61,5.48
4833,0.61,5.48
4834,0.6,5.48
4835,0.61,5.48
4836,0.61,5.48
4837,0.61,5.48
4838,0.61,5.48
4839,0.6,5.48
4840,0.61,5.48
4841,0.6,5.48
4842,0.6,5.48
4843,0.6,5.48
4844,0.6,5.48
4845,0.6,5.48
4846,0.6,5.48
4847,0.6,5.48
4848,0.6,5.48
4849,0.6,5.48
4850,0.6,5.48
4851,0.6,5.48
4852,0.6,5.48
4853,0.6,5.47
4854,0.6,5.47
4855,0.6,5.47
4856,0.6,5.47
4857,0.6,5.47
4858,0.6,5.47
4859,0.6,5.47
4860,0.6,5.47
4861,0.6,5.47
4862,0.6,5.47
4863,0.6,5.47
4864,0.6,5.47
4865,0.6,5.47
4866,0.6,5.47
4867,0.6,5.47
4868,0.6,5.47
4869,0.6,5.47
4870,0.6,5.47
4871,0.6,5.47
4872,0.6,5.47
4873,0.6,5.47
4874,0.6,5.47
4875,0.6,5.47
4876,0.6,5.47
4877,0.6,5.47
4878,0.6,5.47
4879,0.6,5.47
4880,0.6,5.47
4881,0.6,5.47
4882,0.6,5.47
4883,0.6,5.47
4884,0.6,5.47
4885,0.6,5.47
4886,0.6,5.47
4887,0.6,5.46
4888,0.6,5.46
4889,0.6,5.46
4890,0.6,5.46
4891,0.6,5.46
4892,0.6,5.46
4893,0.6,5.46
4894,0.6,5.46
4895,0.6,5.46
4896,0.6,5.46
4897,0.6,5.46
4898,0.6,5.46
4899,0.6,5.46
4900,0.6,5.46
4901,0.6,5.46
4902,0.6,5.46
4903,0.6,5.46
4904,0.6,5.46
4905,0.59,5.45
4906,0.6,5.45
4907,0.6,5.45
4908,0.6,5.45
4909,0.59,5.45
4910,0.6,5.45
4911,0.59,5.45
4912,0.59,5.45
4913,0.59,5.45
4914,0.59,5.45
4915,0.59,5.45
4916,0.59,5.45
4917,0.59,5.45
4918,0.59,5.45
4919,0.59,5.45
4920,0.59,5.45
4921,0.59,5.45
4922,0.59,5.45
4923,0.59,5.45
4924,0.59,5.45
4925,0.59,5.45
4926,0.59,5.45
4927,0.59,5.45
4928,0.59,5.45
4929,0.59,5.45
4930,0.59,5.45
4931,0.59,5.45
4932,0.59,5.45
4933,0.59,5.45
4934,0.59,5.45
4935,0.59,5.45
4936,0.59,5.44
4937,0.59,5.44
4938,0.59,5.44
4939,0.59,5.44
4940,0.59,5.44
4941,0.59,5.44
4942,0.59,5.44
4943,0.59,5.44
4944,0.59,5.44
4945,0.59,5.44
4946,0.58,5.44
4947,0.59,5.44
4948,0.58,5.44
4949,0.59,5.44
4950,0.58,5.44
4951,0.58,5.44
4952,0.59,5.44
4953,0.58,5.44
4954,0.58,5.44
4955,0.58,5.43
4956,0.58,5.43
4957,0.58,5.43
4958,0.58,5.43
4959,0.58,5.43
4960,0.59,5.43
4961,0.58,5.43
4962,0.58,5.43
4963,0.58,5.43
4964,0.59,5.43
4965,0.58,5.43
4966,0.58,5.43
4967,0.58,5.43
4968,0.58,5.43
4969,0.58,5.43
4970,0.58,5.43
4971,0.58,5.43
4972,0.58,5.43
4973,0.58,5.43
4974,0.58,5.43
4975,0.59,5.43
4976,0.58,5.43
4977,0.58,5.43
4978,0.58,5.43
4979,0.58,5.43
4980,0.58,5.43
4981,0.58,5.43
4982,0.58,5.43
4983,0.58,5.43
4984,0.58,5.43
4985,0.58,5.43
4986,0.58,5.43
4987,0.58,5.43
4988,0.58,5.42
4989,0.58,5.42
4990,0.58,5.42
4991,0.58,5.42
4992,0.58,5.42
4993,0.58,5.42
4994,0.58,5.42
4995,0.58,5.42
4996,0.58,5.42
4997,0.58,5.42
4998,0.58,5.42
4999,0.58,5.42
5000,0.58,5.42
5001,0.58,5.42
5002,0.58,5.42
5003,0.58,5.42
5004,0.58,5.42
5005,0.58,5.42
5006,0.58,5.42
5007,0.58,5.42
5008,0.58,5.42
5009,0.58,5.41
5010,0.58,5.41
5011,0.58,5.41
5012,0.58,5.41
5013,0.58,5.41
5014,0.58,5.41
5015,0.58,5.41
5016,0.58,5.41
5017,0.58,5.41
5018,0.58,5.41
5019,0.58,5.41
5020,0.58,5.41
5021,0.58,5.41
5022,0.58,5.41
5023,0.58,5.41
5024,0.58,5.41
5025,0.58,5.41
5026,0.57,5.41
5027,0.57,5.41
5028,0.58,5.41
5029,0.58,5.41
5030,0.58,5.41
5031,0.57,5.41
5032,0.58,5.41
5033,0.57,5.41
5034,0.58,5.41
5035,0.57,5.41
5036,0.57,5.41
5037,0.58,5.41
5038,0.57,5.41
5039,0.58,5.41
5040,0.57,5.41
5041,0.58,5.41
5042,0.58,5.41
5043,0.58,5.41
5044,0.57,5.4
5045,0.57,5.4
5046,0.57,5.4
5047,0.57,5.4
5048,0.57,5.4
5049,0.57,5.4
5050,0.58,5.4
5051,0.57,5.4
5052,0.57,5.4
5053,0.58,5.4
5054,0.57,5.4
5055,0.58,5.4
5056,0.57,5.4
5057,0.57,5.4
5058,0.57,5.4
5059,0.57,5.4
5060,0.57,5.4
5061,0.57,5.4
5062,0.57,5.4
5063,0.57,5.4
5064,0.57,5.39
5065,0.57,5.39
5066,0.57,5.39
5067,0.57,5.39
5068,0.57,5.39
5069,0.57,5.39
5070,0.57,5.39
5071,0.56,5.39
5072,0.57,5.39
5073,0.57,5.39
5074,0.56,5.39
5075,0.57,5.39
5076,0.56,5.39
5077,0.57,5.39
5078,0.56,5.39
5079,0.57,5.39
5080,0.57,5.39
5081,0.57,5.39
5082,0.56,5.39
5083,0.57,5.39
5084,0.56,5.39
5085,0.56,5.39
5086,0.57,5.39
5087,0.57,5.39
5088,0.56,5.39
5089,0.56,5.39
5090,0.56,5.39
5091,0.57,5.39
5092,0.57,5.39
5093,0.57,5.39
5094,0.56,5.39
5095,0.56,5.39
5096,0.56,5.39
5097,0.56,5.38
5098,0.56,5.38
5099,0.57,5.38
5100,0.56,5.38
5101,0.56,5.38
5102,0.56,5.38
5103,0.56,5.38
5104,0.56,5.38
5105,0.56,5.38
5106,0.56,5.38
5107,0.56,5.38
5108,0.56,5.38
5109,0.56,5.38
5110,0.56,5.38
5111,0.56,5.38
5112,0.56,5.38
5113,0.56,5.38
5114,0.56,5.38
5115,0.56,5.38
5116,0.56,5.38
5117,0.56,5.38
5118,0.56,5.38
5119,0.56,5.38
5120,0.56,5.38
5121,0.56,5.38
5122,0.56,5.38
5123,0.56,5.38
5124,0.56,5.38
5125,0.56,5.38
5126,0.56,5.38
5127,0.56,5.38
5128,0.56,5.38
5129,0.56,5.37
5130,0.56,5.37
5131,0.56,5.37
5132,0.56,5.37
5133,0.56,5.37
5134,0.56,5.37
5135,0.56,5.37
5136,0.56,5.37
5137,0.56,5.37
5138,0.56,5.37
5139,0.56,5.37
5140,0.56,5.37
5141,0.56,5.37
5142,0.56,5.37
5143,0.56,5.37
5144,0.56,5.37
5145,0.56,5.37
5146,0.56,5.37
5147,0.56,5.37
5148,0.56,5.37
5149,0.56,5.37
5150,0.56,5.36
5151,0.56,5.36
5152,0.56,5.36
5153,0.56,5.36
5154,0.55,5.36
5155,0.56,5.36
5156,0.56,5.36
5157,0.56,5.36
5158,0.56,5.36
5159,0.56,5.36
5160,0.56,5.36
5161,0.56,5.36
5162,0.56,5.36
5163,0.56,5.36
5164,0.55,5.36
5165,0.56,5.36
5166,0.56,5.36
5167,0.56,5.36
5168,0.56,5.36
5169,0.55,5.36
5170,0.56,5.36
5171,0.56,5.36
5172,0.56,5.36
5173,0.56,5.36
5174,0.56,5.36
5175,0.55,5.36
5176,0.56,5.36
5177,0.56,5.36
5178,0.56,5.36
5179,0.56,5.36
5180,0.56,5.36
5181,0.56,5.36
5182,0.56,5.36
5183,0.56,5.36
5184,0.56,5.35
5185,0.55,5.35
5186,0.56,5.35
5187,0.55,5.35
5188,0.55,5.35
5189,0.55,5.35
5190,0.55,5.35
5191,0.55,5.35
5192,0.55,5.35
5193,0.55,5.35
5194,0.55,5.35
5195,0.55,5.35
5196,0.55,5.35
5197,0.55,5.35
5198,0.55,5.35
5199,0.55,5.35
5200,0.55,5.35
5201,0.55,5.35
5202,0.55,5.35
5203,0.55,5.35
5204,0.55,5.35
5205,0.55,5.35
5206,0.55,5.35
5207,0.55,5.35
5208,0.55,5.35
5209,0.55,5.35
5210,0.54,5.35
5211,0.55,5.35
5212,0.55,5.35
5213,0.55,5.35
5214,0.55,5.35
5215,0.55,5.35
5216,0.55,5.35
5217,0.55,5.35
5218,0.55,5.35
5219,0.55,5.35
5220,0.55,5.34
5221,0.55,5.34
5222,0.55,5.34
5223,0.55,5.34
5224,0.55,5.34
5225,0.55,5.34
5226,0.55,5.34
5227,0.55,5.34
5228,0.55,5.34
5229,0.55,5.34
5230,0.54,5.34
5231,0.55,5.34
5232,0.55,5.34
5233,0.54,5.34
5234,0.55,5.34
5235,0.55,5.34
5236,0.54,5.34
5237,0.55,5.34
5238,0.54,5.34
5239,0.54,5.34
5240,0.54,5.34
5241,0.54,5.34
5242,0.55,5.34
5243,0.54,5.34
5244,0.54,5.34
5245,0.54,5.34
5246,0.54,5.34
5247,0.54,5.34
5248,0.54,5.34
5249,0.54,5.34
5250,0.54,5.34
5251,0.54,5.34
5252,0.54,5.34
5253,0.54,5.34
5254,0.54,5.34
5255,0.54,5.34
5256,0.54,5.34
5257,0.54,5.33
5258,0.54,5.33
5259,0.54,5.33
5260,0.54,5.33
5261,0.54,5.33
5262,0.54,5.33
5263,0.54,5.33
5264,0.54,5.33
5265,0.54,5.33
5266,0.54,5.33
5267,0.54,5.33
5268,0.54,5.33
5269,0.54,5.33
5270,0.54,5.33
5271,0.54,5.33
5272,0.54,5.33
5273,0.54,5.33
5274,0.54,5.33
5275,0.54,5.33
5276,0.54,5.33
5277,0.55,5.33
5278,0.54,5.32
5279,0.54,5.32
5280,0.54,5.32
5281,0.54,5.32
5282,0.54,5.32
5283,0.54,5.32
5284,0.54,5.32
5285,0.54,5.32
5286,0.54,5.32
5287,0.54,5.32
5288,0.54,5.32
5289,0.54,5.32
5290,0.54,5.32
5291,0.54,5.32
5292,0.54,5.32
5293,0.54,5.32
5294,0.54,5.32
5295,0.54,5.32
5296,0.54,5.32
5297,0.54,5.32
5298,0.54,5.32
5299,0.54,5.32
5300,0.54,5.32
5301,0.54,5.32
5302,0.54,5.32
5303,0.54,5.32
5304,0.54,5.32
5305,0.54,5.32
5306,0.54,5.32
5307,0.54,5.32
5308,0.54,5.32
5309,0.54,5.32
5310,0.54,5.32
5311,0.54,5.32
5312,0.54,5.32
5313,0.54,5.32
5314,0.54,5.31
5315,0.54,5.31
5316,0.54,5.31
5317,0.54,5.31
5318,0.54,5.31
5319,0.54,5.31
5320,0.54,5.31
5321,0.54,5.31
5322,0.54,5.31
5323,0.54,5.31
5324,0.54,5.31
5325,0.54,5.31
5326,0.54,5.31
5327,0.54,5.31
5328,0.54,5.31
5329,0.54,5.31
5330,0.54,5.31
5331,0.54,5.31
5332,0.54,5.31
5333,0.54,5.31
5334,0.54,5.31
5335,0.54,5.31
5336,0.54,5.31
5337,0.54,5.31
5338,0.53,5.31
5339,0.54,5.31
5340,0.53,5.31
5341,0.53,5.31
5342,0.54,5.31
5343,0.53,5.31
5344,0.54,5.31
5345,0.53,5.31
5346,0.53,5.31
5347,0.53,5.31
5348,0.54,5.31
5349,0.54,5.31
5350,0.53,5.31
5351,0.53,5.31
5352,0.53,5.31
5353,0.53,5.31
5354,0.53,5.31
5355,0.53,5.31
5356,0.53,5.31
5357,0.53,5.31
5358,0.53,5.31
5359,0.53,5.3
5360,0.53,5.3
5361,0.53,5.3
5362,0.53,5.3
5363,0.53,5.3
5364,0.53,5.3
5365,0.53,5.3
5366,0.53,5.3
5367,0.53,5.3
5368,0.53,5.3
5369,0.53,5.3
5370,0.53,5.3
5371,0.53,5.3
5372,0.53,5.3
5373,0.53,5.3
5374,0.53,5.29
5375,0.53,5.29
5376,0.53,5.29
5377,0.53,5.29
5378,0.53,5.29
5379,0.53,5.29
5380,0.53,5.29
5381,0.53,5.29
5382,0.53,5.29
5383,0.53,5.29
5384,0.53,5.29
5385,0.53,5.29
5386,0.53,5.29
5387,0.53,5.29
5388,0.53,5.29
5389,0.53,5.29
5390,0.53,5.29
5391,0.53,5.29
5392,0.53,5.29
5393,0.53,5.29
5394,0.53,5.3
5395,0.53,5.3
5396,0.53,5.3
5397,0.52,5.3
5398,0.53,5.3
5399,0.53,5.3
5400,0.53,5.3
5401,0.52,5.3
5402,0.52,5.3
5403,0.52,5.3
5404,0.52,5.3
5405,0.52,5.3
5406,0.53,5.3
5407,0.52,5.29
5408,0.52,5.29
5409,0.52,5.29
5410,0.53,5.29
5411,0.52,5.29
5412,0.52,5.29
5413,0.52,5.29
5414,0.52,5.29
5415,0.53,5.29
5416,0.52,5.29
5417,0.53,5.29
5418,0.52,5.29
5419,0.52,5.29
5420,0.52,5.28
5421,0.52,5.28
5422,0.52,5.28
5423,0.52,5.28
5424,0.52,5.28
5425,0.52,5.28
5426,0.52,5.28
5427,0.52,5.28
5428,0.52,5.28
5429,0.52,5.28
5430,0.52,5.28
5431,0.52,5.28
5432,0.52,5.28
5433,0.53,5.28
5434,0.52,5.28
5435,0.52,5.28
5436,0.52,5.28
5437,0.53,5.28
5438,0.52,5.28
5439,0.53,5.28
5440,0.52,5.28
5441,0.52,5.28
5442,0.52,5.28
5443,0.53,5.28
5444,0.52,5.28
5445,0.52,5.28
5446,0.52,5.28
5447,0.52,5.28
5448,0.52,5.28
5449,0.52,5.28
5450,0.52,5.28
5451,0.52,5.28
5452,0.52,5.28
5453,0.52,5.28
5454,0.52,5.28
5455,0.52,5.28
5456,0.52,5.28
5457,0.52,5.28
5458,0.52,5.28
5459,0.52,5.28
5460,0.52,5.28
5461,0.52,5.28
5462,0.52,5.28
5463,0.52,5.28
5464,0.52,5.28
5465,0.52,5.28
5466,0.52,5.28
5467,0.52,5.28
5468,0.52,5.28
5469,0.52,5.27
5470,0.52,5.27
5471,0.52,5.27
5472,0.52,5.27
5473,0.52,5.27
5474,0.52,5.27
5475,0.52,5.27
5476,0.52,5.27
5477,0.52,5.27
5478,0.52,5.27
5479,0.52,5.27
5480,0.52,5.27
5481,0.52,5.26
5482,0.52,5.26
5483,0.52,5.26
5484,0.52,5.26
5485,0.52,5.26
5486,0.52,5.26
5487,0.52,5.26
5488,0.52,5.26
5489,0.52,5.26
5490,0.52,5.26
5491,0.52,5.26
5492,0.52,5.26
5493,0.52,5.26
5494,0.52,5.26
5495,0.52,5.26
5496,0.52,5.27
5497,0.52,5.27
5498,0.52,5.27
5499,0.52,5.27
5500,0.52,5.27
5501,0.52,5.27
5502,0.52,5.27
5503,0.52,5.27
5504,0.52,5.27
5505,0.52,5.27
5506,0.52,5.27
5507,0.52,5.27
5508,0.52,5.27
5509,0.52,5.27
5510,0.52,5.27
5511,0.52,5.27
5512,0.52,5.27
5513,0.52,5.27
5514,0.52,5.27
5515,0.52,5.27
5516,0.52,5.27
5517,0.52,5.26
5518,0.51,5.26
5519,0.52,5.26
5520,0.52,5.26
5521,0.52,5.26
5522,0.52,5.26
5523,0.51,5.26
5524,0.51,5.26
5525,0.52,5.26
5526,0.52,5.26
5527,0.52,5.26
5528,0.52,5.26
5529,0.52,5.26
5530,0.52,5.26
5531,0.52,5.26
5532,0.51,5.26
5533,0.51,5.25
5534,0.51,5.25
5535,0.51,5.25
5536,0.51,5.25
5537,0.52,5.25
5538,0.51,5.25
5539,0.52,5.25
5540,0.52,5.25
5541,0.52,5.25
5542,0.51,5.25
5543,0.52,5.25
5544,0.51,5.25
5545,0.52,5.25
5546,0.51,5.25
5547,0.51,5.25
5548,0.51,5.25
5549,0.52,5.25
5550,0.52,5.25
5551,0.52,5.25
5552,0.52,5.25
5553,0.52,5.25
5554,0.52,5.25
5555,0.52,5.25
5556,0.52,5.25
5557,0.51,5.25
5558,0.51,5.25
5559,0.51,5.25
5560,0.52,5.25
5561,0.51,5.25
5562,0.52,5.25
5563,0.52,5.25
5564,0.51,5.25
5565,0.51,5.25
5566,0.52,5.25
5567,0.52,5.25
5568,0.51,5.25
5569,0.51,5.25
5570,0.51,5.25
5571,0.51,5.25
5572,0.52,5.25
5573,0.52,5.25
5574,0.51,5.25
5575,0.51,5.25
5576,0.52,5.25
5577,0.51,5.25
5578,0.51,5.25
5579,0.52,5.25
5580,0.52,5.25
5581,0.52,5.25
5582,0.51,5.25
5583,0.52,5.25
5584,0.51,5.25
5585,0.51,5.25
5586,0.51,5.25
5587,0.52,5.25
5588,0.52,5.25
5589,0.51,5.25
5590,0.52,5.25
5591,0.52,5.25
5592,0.51,5.25
5593,0.51,5.25
5594,0.51,5.25
5595,0.51,5.25
5596,0.51,5.25
5597,0.51,5.25
5598,0.51,5.25
5599,0.51,5.25
5600,0.51,5.25
5601,0.51,5.25
5602,0.51,5.25
5603,0.51,5.25
5604,0.51,5.25
5605,0.51,5.25
5606,0.51,5.25
5607,0.51,5.25
5608,0.51,5.25
5609,0.51,5.25
5610,0.51,5.25
5611,0.51,5.25
5612,0.51,5.25
5613,0.51,5.25
5614,0.51,5.25
5615,0.51,5.25
5616,0.51,5.25
5617,0.51,5.25
5618,0.51,5.25
5619,0.51,5.24
5620,0.51,5.24
5621,0.51,5.24
5622,0.51,5.24
5623,0.51,5.24
5624,0.51,5.24
5625,0.51,5.24
5626,0.51,5.24
5627,0.51,5.24
5628,0.51,5.24
5629,0.51,5.24
5630,0.51,5.24
5631,0.51,5.24
5632,0.51,5.24
5633,0.51,5.24
5634,0.51,5.24
5635,0.51,5.24
5636,0.51,5.24
5637,0.51,5.24
5638,0.51,5.23
5639,0.51,5.23
5640,0.51,5.23
5641,0.51,5.23
5642,0.51,5.23
5643,0.51,5.23
5644,0.51,5.24
5645,0.51,5.24
5646,0.51,5.24
5647,0.51,5.24
5648,0.51,5.24
5649,0.51,5.24
5650,0.51,5.24
5651,0.51,5.24
5652,0.51,5.24
5653,0.51,5.24
5654,0.51,5.24
5655,0.51,5.24
5656,0.51,5.24
5657,0.51,5.24
5658,0.51,5.24
5659,0.51,5.24
5660,0.51,5.24
5661,0.51,5.24
5662,0.51,5.24
5663,0.51,5.24
5664,0.51,5.24
5665,0.51,5.24
5666,0.51,5.24
5667,0.51,5.24
5668,0.51,5.24
5669,0.51,5.24
5670,0.51,5.24
5671,0.51,5.24
5672,0.51,5.24
5673,0.51,5.24
5674,0.51,5.24
5675,0.51,5.24
5676,0.51,5.23
5677,0.51,5.23
5678,0.51,5.23
5679,0.51,5.23
5680,0.51,5.23
5681,0.51,5.23
5682,0.51,5.23
5683,0.51,5.23
5684,0.51,5.23
5685,0.51,5.23
5686,0.51,5.23
5687,0.51,5.23
5688,0.5,5.23
5689,0.51,5.23
5690,0.51,5.23
5691,0.51,5.23
5692,0.51,5.23
5693,0.51,5.23
5694,0.51,5.23
5695,0.51,5.23
5696,0.51,5.23
5697,0.5,5.23
5698,0.51,5.23
5699,0.51,5.23
5700,0.51,5.23
5701,0.51,5.23
5702,0.51,5.23
5703,0.51,5.23
5704,0.5,5.23
5705,0.51,5.23
5706,0.51,5.23
5707,0.51,5.23
5708,0.51,5.23
5709,0.51,5.23
5710,0.51,5.23
5711,0.51,5.23
5712,0.51,5.23
5713,0.51,5.23
5714,0.51,5.23
5715,0.51,5.23
5716,0.5,5.23
5717,0.5,5.23
5718,0.51,5.23
5719,0.51,5.23
5720,0.51,5.23
5721,0.51,5.23
5722,0.51,5.22
5723,0.51,5.22
5724,0.51,5.22
5725,0.51,5.22
5726,0.51,5.22
5727,0.51,5.22
5728,0.51,5.22
5729,0.51,5.22
5730,0.51,5.22
5731,0.51,5.22
5732,0.51,5.22
5733,0.51,5.22
5734,0.51,5.22
5735,0.51,5.22
5736,0.51,5.22
5737,0.51,5.22
5738,0.51,5.22
5739,0.51,5.22
5740,0.51,5.22
5741,0.51,5.22
5742,0.51,5.22
5743,0.51,5.22
5744,0.51,5.22
5745,0.51,5.22
5746,0.51,5.22
5747,0.51,5.22
5748,0.51,5.22
5749,0.51,5.22
5750,0.51,5.22
5751,0.51,5.22
5752,0.51,5.22
5753,0.51,5.22
5754,0.51,5.22
5755,0.51,5.22
5756,0.51,5.22
5757,0.51,5.22
5758,0.51,5.22
5759,0.51,5.22
5760,0.51,5.22
5761,0.51,5.22
5762,0.51,5.22
5763,0.51,5.22
5764,0.51,5.22
5765,0.51,5.22
5766,0.51,5.22
5767,0.51,5.22
5768,0.51,5.22
5769,0.51,5.22
5770,0.51,5.22
5771,0.51,5.22
5772,0.51,5.22
5773,0.51,5.22
5774,0.51,5.22
5775,0.51,5.22
5776,0.51,5.22
5777,0.51,5.22
5778,0.51,5.22
5779,0.51,5.22
5780,0.51,5.22
5781,0.51,5.22
5782,0.51,5.22
5783,0.51,5.22
5784,0.51,5.22
5785,0.5,5.22
5786,0.51,5.22
5787,0.51,5.22
5788,0.51,5.22
5789,0.51,5.22
5790,0.51,5.22
5791,0.5,5.22
5792,0.51,5.22
5793,0.51,5.22
5794,0.5,5.22
5795,0.51,5.22
5796,0.51,5.22
5797,0.51,5.22
5798,0.51,5.22
5799,0.51,5.22
5800,0.5,5.22
5801,0.5,5.22
5802,0.5,5.22
5803,0.5,5.22
5804,0.5,5.22
5805,0.5,5.22
5806,0.5,5.22
5807,0.5,5.22
5808,0.5,5.22
5809,0.5,5.22
5810,0.5,5.22
5811,0.5,5.22
5812,0.5,5.22
5813,0.5,5.22
5814,0.5,5.22
5815,0.5,5.22
5816,0.5,5.22
5817,0.5,5.22
5818,0.5,5.22
5819,0.5,5.22
5820,0.5,5.22
5821,0.5,5.22
5822,0.5,5.21
5823,0.5,5.21
5824,0.5,5.21
5825,0.5,5.21
5826,0.5,5.21
5827,0.5,5.21
5828,0.5,5.21
5829,0.5,5.21
5830,0.5,5.21
5831,0.5,5.21
5832,0.5,5.21
5833,0.5,5.21
5834,0.49,5.21
5835,0.5,5.21
5836,0.5,5.21
5837,0.5,5.21
5838,0.5,5.21
5839,0.5,5.21
5840,0.5,5.21
5841,0.5,5.21
5842,0.49,5.21
5843,0.5,5.21
5844,0.5,5.21
5845,0.5,5.21
5846,0.5,5.21
5847,0.5,5.21
5848,0.5,5.21
5849,0.5,5.21
5850,0.5,5.21
5851,0.5,5.21
5852,0.49,5.21
5853,0.5,5.21
5854,0.49,5.21
5855,0.5,5.21
5856,0.5,5.21
5857,0.5,5.21
5858,0.5,5.21
5859,0.5,5.21
5860,0.5,5.21
5861,0.5,5.21
5862,0.49,5.21
5863,0.5,5.21
5864,0.5,5.21
5865,0.5,5.21
5866,0.5,5.21
5867,0.5,5.21
5868,0.5,5.21
5869,0.5,5.21
5870,0.5,5.21
5871,0.5,5.21
5872,0.49,5.21
5873,0.5,5.21
5874,0.5,5.21
5875,0.5,5.21
5876,0.5,5.2
5877,0.5,5.2
5878,0.5,5.2
5879,0.49,5.2
5880,0.5,5.2
5881,0.5,5.2
5882,0.5,5.2
5883,0.5,5.2
5884,0.5,5.2
5885,0.5,5.2
5886,0.5,5.2
5887,0.5,5.2
5888,0.5,5.2
5889,0.5,5.2
5890,0.5,5.2
5891,0.5,5.2
5892,0.5,5.2
5893,0.5,5.2
5894,0.5,5.2
5895,0.5,5.2
5896,0.5,5.2
5897,0.5,5.2
5898,0.49,5.2
5899,0.5,5.2
5900,0.5,5.2
5901,0.5,5.2
5902,0.5,5.2
5903,0.5,5.2
5904,0.5,5.2
5905,0.5,5.2
5906,0.5,5.2
5907,0.5,5.2
5908,0.5,5.2
5909,0.5,5.2
5910,0.5,5.2
5911,0.5,5.2
5912,0.5,5.2
5913,0.5,5.2
5914,0.5,5.2
5915,0.5,5.2
5916,0.5,5.2
5917,0.5,5.2
5918,0.5,5.2
5919,0.5,5.2
5920,0.5,5.2
5921,0.5,5.2
5922,0.5,5.2
5923,0.5,5.2
5924,0.5,5.2
5925,0.5,5.2
5926,0.5,5.2
5927,0.5,5.2
5928,0.5,5.2
5929,0.5,5.2
5930,0.5,5.2
5931,0.5,5.2
5932,0.5,5.2
5933,0.5,5.2
5934,0.5,5.2
5935,0.5,5.2
5936,0.5,5.2
5937,0.5,5.2
5938,0.5,5.2
5939,0.5,5.2
5940,0.5,5.2
5941,0.5,5.2
5942,0.5,5.2
5943,0.5,5.2
5944,0.5,5.2
5945,0.5,5.2
5946,0.5,5.2
5947,0.5,5.2
5948,0.5,5.2
5949,0.5,5.2
5950,0.5,5.2
5951,0.5,5.2
5952,0.5,5.2
5953,0.5,5.2
5954,0.5,5.2
5955,0.49,5.2
5956,0.5,5.2
5957,0.5,5.2
5958,0.5,5.2
5959,0.5,5.2
5960,0.5,5.2
5961,0.5,5.2
5962,0.5,5.2
5963,0.5,5.2
5964,0.5,5.2
5965,0.5,5.2
5966,0.5,5.2
5967,0.49,5.2
5968,0.5,5.2
5969,0.5,5.2
5970,0.5,5.2
5971,0.5,5.2
5972,0.5,5.2
5973,0.5,5.2
5974,0.5,5.2
5975,0.5,5.2
5976,0.5,5.2
5977,0.5,5.2
5978,0.5,5.2
5979,0.5,5.2
5980,0.5,5.2
5981,0.5,5.2
5982,0.5,5.2
5983,0.5,5.2
5984,0.5,5.2
5985,0.5,5.2
5986,0.5,5.2
5987,0.5,5.2
5988,0.5,5.2
5989,0.5,5.2
5990,0.5,5.2
5991,0.5,5.2
5992,0.49,5.2
5993,0.5,5.2
5994,0.5,5.2
5995,0.5,5.2
5996,0.5,5.2
5997,0.5,5.2
5998,0.5,5.2
5999,0.5,5.2
6000,0.5,5.2
6001,0.5,5.2
6002,0.5,5.2
6003,0.5,5.2
6004,0.5,5.2
6005,0.5,5.2
6006,0.5,5.2
6007,0.5,5.2
6008,0.5,5.2
6009,0.5,5.2
6010,0.5,5.2
6011,0.5,5.2
6012,0.5,5.2
6013,0.5,5.2
6014,0.5,5.2
6015,0.49,5.2
6016,0.49,5.2
6017,0.49,5.2
6018,0.49,5.2
6019,0.5,5.2
6020,0.49,5.2
6021,0.49,5.2
6022,0.49,5.2
6023,0.49,5.2
6024,0.5,5.2
6025,0.49,5.2
6026,0.49,5.2
6027,0.49,5.2
6028,0.49,5.2
6029,0.49,5.2
6030,0.49,5.2
6031,0.49,5.2
6032,0.49,5.2
6033,0.49,5.2
6034,0.49,5.19
6035,0.49,5.19
6036,0.49,5.19
6037,0.49,5.19
6038,0.49,5.19
6039,0.49,5.19
6040,0.49,5.19
6041,0.49,5.19
6042,0.49,5.19
6043,0.5,5.19
6044,0.5,5.19
6045,0.49,5.19
6046,0.49,5.19
6047,0.5,5.19
6048,0.49,5.19
6049,0.5,5.19
6050,0.5,5.19
6051,0.5,5.19
6052,0.49,5.19
6053,0.49,5.19
6054,0.49,5.19
6055,0.5,5.19
6056,0.5,5.19
6057,0.5,5.19
6058,0.49,5.19
6059,0.5,5.19
6060,0.49,5.19
6061,0.49,5.19
6062,0.49,5.19
6063,0.5,5.19
6064,0.49,5.19
6065,0.5,5.2
6066,0.5,5.2
6067,0.49,5.2
6068,0.49,5.2
6069,0.49,5.2
6070,0.49,5.2
6071,0.49,5.2
6072,0.49,5.2
6073,0.49,5.2
6074,0.49,5.2
6075,0.49,5.2
6076,0.49,5.2
6077,0.49,5.2
6078,0.49,5.2
6079,0.49,5.2
6080,0.49,5.2
6081,0.49,5.2
6082,0.49,5.19
6083,0.5,5.19
6084,0.49,5.19
6085,0.49,5.19
6086,0.49,5.19
6087,0.49,5.19
6088,0.49,5.19
6089,0.49,5.19
6090,0.49,5.19
6091,0.49,5.19
6092,0.49,5.19
6093,0.49,5.19
6094,0.49,5.19
6095,0.49,5.19
6096,0.49,5.19
6097,0.49,5.19
6098,0.49,5.19
6099,0.49,5.19
6100,0.49,5.19
6101,0.49,5.19
6102,0.49,5.19
6103,0.49,5.19
6104,0.49,5.19
6105,0.49,5.19
6106,0.5,5.19
6107,0.49,5.19
6108,0.49,5.19
6109,0.49,5.19
6110,0.49,5.19
6111,0.49,5.19
6112,0.49,5.19
6113,0.49,5.19
6114,0.49,5.19
6115,0.49,5.19
6116,0.49,5.19
6117,0.49,5.19
6118,0.49,5.19
6119,0.49,5.19
6120,0.49,5.19
6121,0.49,5.19
6122,0.49,5.19
6123,0.49,5.19
6124,0.49,5.19
6125,0.49,5.19
6126,0.49,5.19
6127,0.49,5.19
6128,0.49,5.19
6129,0.49,5.19
6130,0.49,5.19
6131,0.49,5.19
6132,0.49,5.19
6133,0.49,5.19
6134,0.49,5.19
6135,0.49,5.19
6136,0.49,5.19
6137,0.49,5.19
6138,0.49,5.19
6139,0.49,5.19
6140,0.49,5.19
6141,0.5,5.19
6142,0.49,5.19
6143,0.49,5.19
6144,0.49,5.19
6145,0.49,5.19
6146,0.49,5.18
6147,0.49,5.18
6148,0.49,5.18
6149,0.49,5.18
6150,0.49,5.18
6151,0.49,5.18
6152,0.5,5.18
6153,0.5,5.18
6154,0.49,5.18
6155,0.5,5.18
6156,0.5,5.18
6157,0.49,5.18
6158,0.49,5.18
6159,0.5,5.18
6160,0.5,5.18
6161,0.5,5.19
6162,0.49,5.19
6163,0.5,5.19
6164,0.5,5.19
6165,0.5,5.19
6166,0.5,5.19
6167,0.5,5.19
6168,0.5,5.19
6169,0.5,5.19
6170,0.5,5.19
6171,0.49,5.19
6172,0.5,5.19
6173,0.49,5.19
6174,0.5,5.19
6175,0.5,5.2
6176,0.49,5.2
6177,0.49,5.2
6178,0.49,5.2
6179,0.49,5.2
6180,0.49,5.2
6181,0.49,5.2
6182,0.49,5.2
6183,0.49,5.2
6184,0.49,5.2
6185,0.49,5.2
6186,0.49,5.2
6187,0.49,5.2
6188,0.49,5.19
6189,0.49,5.19
6190,0.49,5.19
6191,0.49,5.19
6192,0.49,5.19
6193,0.49,5.19
6194,0.49,5.19
6195,0.49,5.19
6196,0.49,5.19
6197,0.49,5.19
6198,0.5,5.19
6199,0.49,5.19
6200,0.5,5.18
6201,0.5,5.18
6202,0.5,5.18
6203,0.5,5.18
6204,0.5,5.18
6205,0.5,5.18
6206,0.49,5.18
6207,0.49,5.18
6208,0.5,5.18
6209,0.5,5.18
6210,0.5,5.18
6211,0.5,5.18
6212,0.5,5.18
6213,0.49,5.18
6214,0.5,5.18
6215,0.5,5.18
6216,0.5,5.18
6217,0.5,5.19
6218,0.5,5.19
6219,0.5,5.19
6220,0.5,5.19
6221,0.5,5.19
6222,0.5,5.19
6223,0.5,5.19
6224,0.5,5.19
6225,0.5,5.19
6226,0.5,5.19
6227,0.5,5.2
6228,0.5,5.2
6229,0.5,5.2
6230,0.5,5.2
6231,0.5,5.2
6232,0.5,5.2
6233,0.5,5.2
6234,0.5,5.2
6235,0.5,5.2
6236,0.5,5.2
6237,0.5,5.2
6238,0.5,5.2
6239,0.49,5.2
6240,0.49,5.2
6241,0.49,5.2
6242,0.49,5.2
6243,0.5,5.2
6244,0.5,5.2
6245,0.5,5.2
6246,0.5,5.2
6247,0.5,5.2
6248,0.5,5.2
6249,0.5,5.19
6250,0.5,5.19
6251,0.5,5.19
6252,0.49,5.19
6253,0.5,5.19
6254,0.5,5.19
6255,0.5,5.19
6256,0.5,5.19
6257,0.5,5.19
6258,0.5,5.19
6259,0.5,5.19
6260,0.5,5.19
6261,0.5,5.19
6262,0.49,5.19
6263,0.5,5.19
6264,0.5,5.19
6265,0.5,5.19
6266,0.5,5.19
6267,0.5,5.19
6268,0.5,5.19
6269,0.5,5.19
6270,0.5,5.19
6271,0.5,5.19
6272,0.5,5.19
6273,0.5,5.19
6274,0.5,5.19
6275,0.5,5.19
6276,0.5,5.2
6277,0.5,5.2
6278,0.5,5.2
6279,0.5,5.2
6280,0.5,5.2
6281,0.5,5.2
6282,0.49,5.2
6283,0.5,5.2
6284,0.49,5.2
6285,0.5,5.2
6286,0.5,5.2
6287,0.5,5.2
6288,0.5,5.2
6289,0.5,5.2
6290,0.5,5.2
6291,0.5,5.2
6292,0.5,5.2
6293,0.5,5.2
6294,0.5,5.2
6295,0.5,5.2
6296,0.5,5.2
6297,0.5,5.2
6298,0.5,5.2
6299,0.5,5.2
6300,0.5,5.2
6301,0.5,5.2
6302,0.5,5.2
6303,0.5,5.2
6304,0.5,5.2
6305,0.49,5.2
6306,0.5,5.19
6307,0.5,5.19
6308,0.5,5.19
6309,0.49,5.19
6310,0.5,5.19
6311,0.5,5.19
6312,0.5,5.19
6313,0.5,5.19
6314,0.5,5.19
6315,0.5,5.19
6316,0.49,5.19
6317,0.5,5.19
6318,0.5,5.19
6319,0.5,5.19
6320,0.5,5.19
6321,0.5,5.19
6322,0.5,5.19
6323,0.5,5.19
6324,0.5,5.19
6325,0.5,5.2
6326,0.5,5.2
6327,0.5,5.2
6328,0.5,5.2
6329,0.5,5.2
6330,0.5,5.2
6331,0.5,5.2
6332,0.5,5.2
6333,0.5,5.2
6334,0.5,5.2
6335,0.5,5.2
6336,0.5,5.2
6337,0.5,5.2
6338,0.5,5.21
6339,0.5,5.21
6340,0.5,5.21
6341,0.5,5.21
6342,0.5,5.21
6343,0.5,5.21
6344,0.5,5.21
6345,0.5,5.21
6346,0.5,5.21
6347,0.5,5.2
6348,0.5,5.2
6349,0.5,5.2
6350,0.5,5.2
6351,0.5,5.2
6352,0.5,5.2
6353,0.5,5.2
6354,0.5,5.2
6355,0.5,5.2
6356,0.5,5.2
6357,0.5,5.2
6358,0.5,5.2
6359,0.5,5.2
6360,0.49,5.2
6361,0.49,5.2
6362,0.5,5.2
6363,0.5,5.2
6364,0.5,5.19
6365,0.5,5.19
6366,0.5,5.19
6367,0.5,5.19
6368,0.5,5.19
6369,0.5,5.19
6370,0.5,5.19
6371,0.5,5.2
6372,0.5,5.2
6373,0.5,5.2
6374,0.5,5.2
6375,0.5,5.2
6376,0.5,5.2
6377,0.5,5.2
6378,0.5,5.2
6379,0.5,5.2
6380,0.5,5.2
6381,0.5,5.2
6382,0.5,5.2
6383,0.5,5.2
6384,0.5,5.2
6385,0.51,5.2
6386,0.5,5.21
6387,0.5,5.21
6388,0.5,5.21
6389,0.5,5.21
6390,0.5,5.21
6391,0.5,5.21
6392,0.5,5.21
6393,0.49,5.21
6394,0.5,5.21
6395,0.5,5.21
6396,0.5,5.21
6397,0.5,5.21
6398,0.5,5.21
6399,0.5,5.21
6400,0.5,5.21
6401,0.5,5.21
6402,0.5,5.21
6403,0.49,5.21
6404,0.5,5.2
6405,0.5,5.2
6406,0.5,5.2
6407,0.5,5.2
6408,0.5,5.2
6409,0.5,5.2
6410,0.5,5.2
6411,0.5,5.2
6412,0.5,5.2
6413,0.5,5.2
6414,0.49,5.2
6415,0.5,5.2
6416,0.5,5.2
6417,0.5,5.2
6418,0.5,5.2
6419,0.5,5.2
6420,0.5,5.2
6421,0.5,5.2
6422,0.5,5.2
6423,0.5,5.2
6424,0.5,5.2
6425,0.5,5.2
6426,0.49,5.2
6427,0.5,5.2
6428,0.5,5.2
6429,0.49,5.2
6430,0.5,5.2
6431,0.5,5.2
6432,0.5,5.2
6433,0.5,5.2
6434,0.5,5.2
6435,0.5,5.2
6436,0.5,5.2
6437,0.5,5.2
6438,0.49,5.21
6439,0.5,5.21
6440,0.5,5.21
6441,0.5,5.21
6442,0.5,5.21
6443,0.5,5.21
6444,0.5,5.21
6445,0.5,5.21
6446,0.5,5.21
6447,0.51,5.21
6448,0.5,5.21
6449,0.51,5.21
6450,0.5,5.21
6451,0.5,5.21
6452,0.5,5.21
6453,0.51,5.21
6454,0.5,5.21
6455,0.5,5.21
6456,0.5,5.2
6457,0.5,5.2
6458,0.5,5.2
6459,0.5,5.2
6460,0.5,5.2
6461,0.5,5.2
6462,0.5,5.2
6463,0.5,5.2
6464,0.5,5.2
6465,0.5,5.2
6466,0.49,5.2
6467,0.5,5.2
6468,0.5,5.2
6469,0.5,5.2
6470,0.5,5.2
6471,0.5,5.2
6472,0.5,5.2
6473,0.5,5.2
6474,0.5,5.2
6475,0.5,5.2
6476,0.51,5.2
6477,0.5,5.2
6478,0.5,5.2
6479,0.5,5.2
6480,0.5,5.2
6481,0.5,5.2
6482,0.5,5.2
6483,0.5,5.2
6484,0.5,5.2
6485,0.51,5.2
6486,0.51,5.2
6487,0.51,5.2
6488,0.51,5.2
6489,0.51,5.2
6490,0.5,5.21
6491,0.51,5.21
6492,0.5,5.21
6493,0.51,5.21
6494,0.51,5.21
6495,0.51,5.21
6496,0.51,5.21
6497,0.51,5.21
6498,0.51,5.21
6499,0.51,5.21
6500,0.51,5.21
6501,0.51,5.21
6502,0.51,5.21
6503,0.51,5.21
6504,0.51,5.21
6505,0.51,5.21
6506,0.51,5.21
6507,0.51,5.21
6508,0.51,5.21
6509,0.51,5.21
6510,0.51,5.21
6511,0.51,5.21
6512,0.51,5.21
6513,0.51,5.21
6514,0.51,5.21
6515,0.51,5.21
6516,0.51,5.21
6517,0.51,5.21
6518,0.51,5.21
6519,0.5,5.21
6520,0.51,5.21
6521,0.5,5.21
6522,0.5,5.21
6523,0.51,5.21
6524,0.51,5.21
6525,0.5,5.21
6526,0.51,5.21
6527,0.51,5.21
6528,0.51,5.21
6529,0.51,5.21
6530,0.51,5.21
6531,0.51,5.21
6532,0.5,5.21
6533,0.51,5.21
6534,0.5,5.21
6535,0.5,5.21
6536,0.51,5.21
6537,0.51,5.21
6538,0.51,5.21
6539,0.51,5.21
6540,0.51,5.21
6541,0.51,5.21
6542,0.51,5.21
6543,0.51,5.21
6544,0.51,5.21
6545,0.51,5.21
6546,0.51,5.21
6547,0.51,5.21
6548,0.51,5.21
6549,0.51,5.22
6550,0.51,5.22
6551,0.51,5.22
6552,0.5,5.22
6553,0.51,5.22
6554,0.51,5.22
6555,0.51,5.22
6556,0.5,5.22
6557,0.51,5.22
6558,0.51,5.22
6559,0.51,5.22
6560,0.5,5.22
6561,0.5,5.21
6562,0.51,5.21
6563,0.51,5.21
6564,0.51,5.21
6565,0.51,5.21
6566,0.5,5.21
6567,0.51,5.21
6568,0.51,5.21
6569,0.51,5.21
6570,0.51,5.21
6571,0.51,5.21
6572,0.51,5.21
6573,0.51,5.21
6574,0.51,5.21
6575,0.51,5.21
6576,0.51,5.21
6577,0.51,5.21
6578,0.51,5.21
6579,0.51,5.21
6580,0.51,5.21
6581,0.51,5.21
6582,0.51,5.21
6583,0.51,5.21
6584,0.51,5.21
6585,0.5,5.21
6586,0.51,5.21
6587,0.51,5.21
6588,0.51,5.21
6589,0.51,5.21
6590,0.51,5.21
6591,0.51,5.21
6592,0.51,5.21
6593,0.51,5.21
6594,0.51,5.21
6595,0.51,5.22
6596,0.51,5.22
6597,0.51,5.22
6598,0.51,5.22
6599,0.51,5.22
6600,0.51,5.22
6601,0.51,5.22
6602,0.51,5.22
6603,0.51,5.22
6604,0.5,5.22
6605,0.51,5.22
6606,0.51,5.22
6607,0.5,5.22
6608,0.51,5.22
6609,0.51,5.22
6610,0.5,5.22
6611,0.51,5.22
6612,0.51,5.22
6613,0.51,5.22
6614,0.51,5.22
6615,0.51,5.22
6616,0.51,5.22
6617,0.5,5.22
6618,0.51,5.22
6619,0.51,5.22
6620,0.51,5.21
6621,0.51,5.21
6622,0.51,5.21
6623,0.51,5.21
6624,0.51,5.21
6625,0.51,5.21
6626,0.51,5.21
6627,0.51,5.21
6628,0.51,5.21
6629,0.51,5.21
6630,0.51,5.21
6631,0.51,5.21
6632,0.51,5.21
6633,0.51,5.21
6634,0.51,5.21
6635,0.5,5.21
6636,0.51,5.21
6637,0.51,5.21
6638,0.51,5.21
6639,0.51,5.21
6640,0.51,5.21
6641,0.51,5.21
6642,0.51,5.21
6643,0.51,5.22
6644,0.51,5.22
6645,0.51,5.22
6646,0.51,5.22
6647,0.51,5.22
6648,0.51,5.22
6649,0.51,5.22
6650,0.51,5.22
6651,0.51,5.22
6652,0.51,5.22
6653,0.51,5.22
6654,0.51,5.22
6655,0.51,5.22
6656,0.51,5.22
6657,0.51,5.22
6658,0.51,5.22
6659,0.51,5.22
6660,0.51,5.22
6661,0.51,5.22
6662,0.51,5.22
6663,0.51,5.22
6664,0.51,5.22
6665,0.51,5.22
6666,0.51,5.22
6667,0.51,5.22
6668,0.51,5.22
6669,0.51,5.22
6670,0.51,5.22
6671,0.51,5.22
6672,0.51,5.22
6673,0.51,5.22
6674,0.51,5.22
6675,0.51,5.22
6676,0.51,5.22
6677,0.51,5.22
6678,0.51,5.22
6679,0.51,5.22
6680,0.51,5.22
6681,0.51,5.22
6682,0.51,5.22
6683,0.51,5.22
6684,0.51,5.22
6685,0.51,5.22
6686,0.51,5.22
6687,0.51,5.22
6688,0.51,5.22
6689,0.51,5.22
6690,0.51,5.22
6691,0.51,5.22
6692,0.51,5.22
6693,0.51,5.22
6694,0.51,5.22
6695,0.51,5.22
6696,0.51,5.22
6697,0.51,5.22
6698,0.51,5.23
6699,0.51,5.23
6700,0.51,5.23
6701,0.51,5.23
6702,0.51,5.23
6703,0.51,5.23
6704,0.51,5.23
6705,0.51,5.23
6706,0.51,5.23
6707,0.51,5.23
6708,0.51,5.23
6709,0.51,5.23
6710,0.51,5.23
6711,0.51,5.23
6712,0.51,5.23
6713,0.51,5.23
6714,0.51,5.23
6715,0.51,5.23
6716,0.51,5.23
6717,0.51,5.23
6718,0.51,5.23
6719,0.51,5.23
6720,0.51,5.23
6721,0.51,5.23
6722,0.51,5.23
6723,0.51,5.23
6724,0.51,5.23
6725,0.51,5.23
6726,0.51,5.23
6727,0.51,5.23
6728,0.51,5.23
6729,0.51,5.23
6730,0.51,5.23
6731,0.51,5.23
6732,0.51,5.23
6733,0.51,5.23
6734,0.51,5.23
6735,0.51,5.23
6736,0.51,5.23
6737,0.51,5.23
6738,0.51,5.23
6739,0.51,5.23
6740,0.51,5.23
6741,0.51,5.23
6742,0.51,5.23
6743,0.51,5.23
6744,0.51,5.23
6745,0.51,5.23
6746,0.51,5.23
6747,0.51,5.23
6748,0.51,5.23
6749,0.51,5.23
6750,0.51,5.23
6751,0.51,5.23
6752,0.51,5.23
6753,0.51,5.23
6754,0.51,5.23
6755,0.51,5.23
6756,0.51,5.23
6757,0.51,5.23
6758,0.51,5.23
6759,0.51,5.23
6760,0.51,5.23
6761,0.51,5.23
6762,0.51,5.23
6763,0.51,5.23
6764,0.51,5.23
6765,0.51,5.23
6766,0.51,5.23
6767,0.51,5.23
6768,0.51,5.23
6769,0.51,5.23
6770,0.51,5.23
6771,0.51,5.23
6772,0.51,5.23
6773,0.51,5.23
6774,0.51,5.23
6775,0.52,5.23
6776,0.51,5.23
6777,0.51,5.23
6778,0.51,5.23
6779,0.52,5.23
6780,0.51,5.23
6781,0.52,5.23
6782,0.52,5.23
6783,0.52,5.23
6784,0.51,5.23
6785,0.51,5.23
6786,0.51,5.23
6787,0.52,5.23
6788,0.52,5.23
6789,0.52,5.23
6790,0.52,5.23
6791,0.52,5.23
6792,0.51,5.23
6793,0.52,5.23
6794,0.51,5.23
6795,0.51,5.23
6796,0.51,5.23
6797,0.51,5.23
6798,0.52,5.23
6799,0.51,5.23
6800,0.52,5.23
6801,0.51,5.23
6802,0.51,5.24
6803,0.52,5.24
6804,0.52,5.24
6805,0.52,5.24
6806,0.52,5.24
6807,0.52,5.24
6808,0.52,5.24
6809,0.52,5.24
6810,0.52,5.24
6811,0.52,5.24
6812,0.51,5.24
6813,0.51,5.24
6814,0.52,5.24
6815,0.52,5.24
6816,0.52,5.24
6817,0.52,5.24
6818,0.52,5.24
6819,0.52,5.24
6820,0.52,5.24
6821,0.52,5.24
6822,0.52,5.24
6823,0.52,5.24
6824,0.52,5.24
6825,0.52,5.24
6826,0.52,5.24
6827,0.52,5.24
6828,0.52,5.24
6829,0.52,5.24
6830,0.52,5.24
6831,0.52,5.24
6832,0.52,5.24
6833,0.52,5.24
6834,0.51,5.24
6835,0.52,5.24
6836,0.52,5.24
6837,0.52,5.24
6838,0.52,5.24
6839,0.52,5.24
6840,0.52,5.24
6841,0.52,5.24
6842,0.51,5.24
6843,0.52,5.24
6844,0.52,5.24
6845,0.51,5.24
6846,0.51,5.24
6847,0.51,5.24
6848,0.52,5.24
6849,0.51,5.24
6850,0.52,5.24
6851,0.52,5.24
6852,0.52,5.24
6853,0.52,5.24
6854,0.51,5.24
6855,0.51,5.24
6856,0.52,5.24
6857,0.51,5.24
6858,0.51,5.24
6859,0.52,5.24
6860,0.52,5.24
6861,0.52,5.24
6862,0.52,5.24
6863,0.52,5.24
6864,0.52,5.24
6865,0.52,5.24
6866,0.51,5.24
6867,0.51,5.24
6868,0.51,5.24
6869,0.52,5.24
6870,0.51,5.24
6871,0.51,5.24
6872,0.52,5.24
6873,0.51,5.24
6874,0.51,5.24
6875,0.51,5.24
6876,0.51,5.24
6877,0.51,5.24
6878,0.51,5.24
6879,0.52,5.24
6880,0.52,5.24
6881,0.52,5.24
6882,0.52,5.24
6883,0.52,5.24
6884,0.52,5.24
6885,0.52,5.24
6886,0.52,5.24
6887,0.52,5.24
6888,0.52,5.24
6889,0.52,5.24
6890,0.52,5.24
6891,0.52,5.24
6892,0.52,5.24
6893,0.52,5.24
6894,0.52,5.24
6895,0.52,5.24
6896,0.52,5.24
6897,0.52,5.24
6898,0.52,5.24
6899,0.52,5.24
6900,0.52,5.24
6901,0.52,5.24
6902,0.52,5.24
6903,0.52,5.25
6904,0.52,5.25
6905,0.52,5.25
6906,0.52,5.25
6907,0.52,5.25
6908,0.52,5.25
6909,0.52,5.25
6910,0.52,5.25
6911,0.52,5.25
6912,0.52,5.25
6913,0.52,5.25
6914,0.52,5.25
6915,0.52,5.25
6916,0.52,5.25
6917,0.52,5.25
6918,0.52,5.25
6919,0.52,5.25
6920,0.52,5.25
6921,0.52,5.25
6922,0.52,5.25
6923,0.52,5.25
6924,0.52,5.25
6925,0.52,5.25
6926,0.52,5.25
6927,0.52,5.25
6928,0.52,5.25
6929,0.52,5.25
6930,0.52,5.25
6931,0.52,5.25
6932,0.52,5.25
6933,0.52,5.25
6934,0.52,5.25
6935,0.52,5.25
6936,0.52,5.25
6937,0.52,5.25
6938,0.52,5.25
6939,0.52,5.25
6940,0.52,5.25
6941,0.52,5.25
6942,0.52,5.25
6943,0.52,5.25
6944,0.52,5.25
6945,0.52,5.25
6946,0.52,5.25
6947,0.52,5.25
6948,0.52,5.25
6949,0.52,5.25
6950,0.52,5.25
6951,0.52,5.25
6952,0.52,5.25
6953,0.52,5.25
6954,0.52,5.25
6955,0.52,5.25
6956,0.52,5.25
6957,0.52,5.25
6958,0.52,5.25
6959,0.52,5.25
6960,0.52,5.25
6961,0.52,5.26
6962,0.52,5.26
6963,0.52,5.26
6964,0.52,5.26
6965,0.52,5.26
6966,0.52,5.26
6967,0.52,5.26
6968,0.52,5.26
6969,0.52,5.26
6970,0.52,5.26
6971,0.52,5.26
6972,0.52,5.26
6973,0.52,5.26
6974,0.52,5.26
6975,0.52,5.26
6976,0.52,5.26
6977,0.52,5.26
6978,0.52,5.26
6979,0.52,5.26
6980,0.52,5.26
6981,0.52,5.26
6982,0.52,5.26
6983,0.52,5.26
6984,0.52,5.26
6985,0.52,5.25
6986,0.52,5.25
6987,0.52,5.25
6988,0.52,5.25
6989,0.52,5.25
6990,0.52,5.25
6991,0.52,5.25
6992,0.52,5.25
6993,0.52,5.25
6994,0.52,5.25
6995,0.52,5.25
6996,0.52,5.25
6997,0.53,5.25
6998,0.52,5.25
6999,0.52,5.25
7000,0.52,5.25
7001,0.52,5.25
7002,0.53,5.25
7003,0.52,5.25
7004,0.53,5.25
7005,0.53,5.26
7006,0.52,5.26
7007,0.52,5.26
7008,0.53,5.26
7009,0.52,5.26
7010,0.52,5.26
7011,0.52,5.26
7012,0.52,5.26
7013,0.52,5.26
7014,0.53,5.26
7015,0.52,5.26
7016,0.52,5.26
7017,0.52,5.26
7018,0.52,5.26
7019,0.53,5.26
7020,0.52,5.27
7021,0.52,5.27
7022,0.52,5.27
7023,0.52,5.27
7024,0.53,5.27
7025,0.52,5.27
7026,0.52,5.27
7027,0.53,5.27
7028,0.52,5.27
7029,0.53,5.27
7030,0.52,5.27
7031,0.53,5.27
7032,0.52,5.27
7033,0.52,5.27
7034,0.52,5.27
7035,0.52,5.27
7036,0.52,5.27
7037,0.52,5.27
7038,0.53,5.26
7039,0.52,5.26
7040,0.53,5.26
7041,0.52,5.26
7042,0.52,5.26
7043,0.53,5.26
7044,0.53,5.26
7045,0.53,5.26
7046,0.52,5.26
7047,0.52,5.26
7048,0.53,5.26
7049,0.52,5.26
7050,0.53,5.26
7051,0.52,5.26
7052,0.52,5.26
7053,0.53,5.26
7054,0.52,5.26
7055,0.52,5.26
7056,0.52,5.26
7057,0.52,5.26
7058,0.52,5.27
7059,0.52,5.27
7060,0.52,5.27
7061,0.52,5.27
7062,0.53,5.27
7063,0.52,5.27
7064,0.52,5.27
7065,0.52,5.27
7066,0.53,5.27
7067,0.52,5.27
7068,0.52,5.27
7069,0.52,5.27
7070,0.52,5.27
7071,0.52,5.27
7072,0.52,5.27
7073,0.53,5.27
7074,0.52,5.27
7075,0.52,5.27
7076,0.52,5.27
7077,0.53,5.27
7078,0.53,5.27
7079,0.52,5.27
7080,0.52,5.27
7081,0.52,5.27
7082,0.52,5.27
7083,0.52,5.27
7084,0.52,5.27
7085,0.53,5.27
7086,0.53,5.27
7087,0.52,5.27
7088,0.52,5.27
7089,0.52,5.27
7090,0.52,5.27
7091,0.52,5.27
7092,0.52,5.27
7093,0.52,5.27
7094,0.53,5.27
7095,0.52,5.27
7096,0.53,5.27
7097,0.53,5.27
7098,0.53,5.27
7099,0.53,5.27
7100,0.53,5.27
7101,0.53,5.27
7102,0.53,5.27
7103,0.53,5.27
7104,0.53,5.27
7105,0.53,5.27
7106,0.53,5.27
7107,0.53,5.27
7108,0.53,5.27
7109,0.54,5.27
7110,0.53,5.27
7111,0.53,5.27
7112,0.53,5.27
7113,0.53,5.27
7114,0.53,5.27
7115,0.53,5.27
7116,0.53,5.27
7117,0.53,5.27
7118,0.53,5.28
7119,0.53,5.28
7120,0.53,5.28
7121,0.53,5.28
7122,0.54,5.28
7123,0.53,5.28
7124,0.53,5.28
7125,0.53,5.28
7126,0.53,5.28
7127,0.54,5.28
7128,0.53,5.28
7129,0.53,5.28
7130,0.53,5.28
7131,0.54,5.28
7132,0.54,5.28
7133,0.53,5.28
7134,0.53,5.28
7135,0.53,5.28
7136,0.53,5.28
7137,0.53,5.28
7138,0.53,5.28
7139,0.53,5.28
7140,0.54,5.28
7141,0.54,5.28
7142,0.53,5.28
7143,0.53,5.28
7144,0.53,5.28
7145,0.54,5.28
7146,0.53,5.28
7147,0.54,5.28
7148,0.53,5.28
7149,0.53,5.28
7150,0.53,5.28
7151,0.53,5.28
7152,0.53,5.28
7153,0.53,5.28
7154,0.53,5.28
7155,0.53,5.28
7156,0.54,5.28
7157,0.53,5.28
7158,0.53,5.28
7159,0.53,5.28
7160,0.54,5.28
7161,0.53,5.28
7162,0.53,5.28
7163,0.54,5.28
7164,0.53,5.28
7165,0.53,5.28
7166,0.53,5.28
7167,0.53,5.28
7168,0.53,5.28
7169,0.53,5.28
7170,0.53,5.28
7171,0.53,5.28
7172,0.53,5.28
7173,0.54,5.28
7174,0.53,5.28
7175,0.53,5.28
7176,0.53,5.29
7177,0.53,5.29
7178,0.53,5.29
7179,0.54,5.29
7180,0.53,5.29
7181,0.53,5.29
7182,0.53,5.29
7183,0.53,5.29
7184,0.53,5.29
7185,0.53,5.29
7186,0.54,5.29
7187,0.54,5.29
7188,0.53,5.29
7189,0.53,5.29
7190,0.54,5.29
7191,0.53,5.29
7192,0.54,5.29
7193,0.53,5.28
7194,0.53,5.28
7195,0.53,5.28
7196,0.53,5.28
7197,0.54,5.28
7198,0.54,5.28
7199,0.54,5.28
7200,0.54,5.28
7201,0.54,5.28
7202,0.54,5.28
7203,0.54,5.28
7204,0.54,5.28
7205,0.54,5.28
7206,0.54,5.28
7207,0.54,5.28
7208,0.54,5.28
7209,0.54,5.28
7210,0.54,5.28
7211,0.54,5.28
7212,0.54,5.28
7213,0.54,5.28
7214,0.54,5.28
7215,0.54,5.28
7216,0.54,5.28
7217,0.54,5.28
7218,0.54,5.28
7219,0.54,5.28
7220,0.54,5.28
7221,0.54,5.29
7222,0.54,5.29
7223,0.54,5.29
7224,0.53,5.29
7225,0.54,5.29
7226,0.54,5.29
7227,0.54,5.29
7228,0.54,5.29
7229,0.54,5.29
7230,0.54,5.29
7231,0.54,5.29
7232,0.54,5.29
7233,0.54,5.29
7234,0.54,5.29
7235,0.54,5.29
7236,0.54,5.29
7237,0.54,5.29
7238,0.54,5.29
7239,0.54,5.29
7240,0.54,5.29
7241,0.54,5.29
7242,0.54,5.29
7243,0.54,5.29
7244,0.54,5.29
7245,0.54,5.29
7246,0.54,5.29
7247,0.54,5.29
7248,0.54,5.29
7249,0.54,5.29
7250,0.54,5.29
7251,0.54,5.29
7252,0.54,5.29
7253,0.54,5.29
7254,0.54,5.29
7255,0.54,5.29
7256,0.54,5.29
7257,0.54,5.29
7258,0.54,5.29
7259,0.54,5.29
7260,0.54,5.29
7261,0.54,5.29
7262,0.54,5.29
7263,0.54,5.29
7264,0.54,5.29
7265,0.54,5.29
7266,0.54,5.29
7267,0.54,5.29
7268,0.54,5.29
7269,0.54,5.29
7270,0.54,5.29
7271,0.54,5.29
7272,0.54,5.29
7273,0.54,5.29
7274,0.54,5.29
7275,0.54,5.29
7276,0.54,5.29
7277,0.54,5.29
7278,0.54,5.3
7279,0.54,5.3
7280,0.54,5.3
7281,0.54,5.3
7282,0.54,5.3
7283,0.54,5.3
7284,0.54,5.3
7285,0.54,5.3
7286,0.54,5.3
7287,0.54,5.3
7288,0.54,5.3
7289,0.54,5.3
7290,0.54,5.3
7291,0.54,5.3
7292,0.54,5.3
7293,0.54,5.3
7294,0.54,5.3
7295,0.54,5.3
7296,0.53,5.3
7297,0.54,5.3
7298,0.54,5.3
7299,0.54,5.3
7300,0.54,5.3
7301,0.54,5.3
7302,0.54,5.3
7303,0.54,5.3
7304,0.54,5.3
7305,0.54,5.3
7306,0.54,5.3
7307,0.54,5.3
7308,0.54,5.3
7309,0.54,5.29
7310,0.54,5.29
7311,0.54,5.29
7312,0.54,5.29
7313,0.54,5.29
7314,0.54,5.29
7315,0.55,5.29
7316,0.54,5.29
7317,0.54,5.29
7318,0.54,5.29
7319,0.54,5.29
7320,0.54,5.3
7321,0.55,5.3
7322,0.54,5.3
7323,0.54,5.3
7324,0.54,5.3
7325,0.54,5.3
7326,0.54,5.3
7327,0.54,5.3
7328,0.54,5.3
7329,0.54,5.3
7330,0.54,5.3
7331,0.54,5.3
7332,0.54,5.3
7333,0.54,5.3
7334,0.54,5.31
7335,0.54,5.31
7336,0.54,5.31
7337,0.54,5.31
7338,0.54,5.31
7339,0.54,5.31
7340,0.54,5.31
7341,0.54,5.31
7342,0.54,5.31
7343,0.54,5.31
7344,0.54,5.31
7345,0.54,5.31
7346,0.54,5.31
7347,0.54,5.31
7348,0.54,5.31
7349,0.54,5.31
7350,0.55,5.31
7351,0.54,5.31
7352,0.54,5.31
7353,0.54,5.31
7354,0.54,5.31
7355,0.54,5.31
7356,0.54,5.31
7357,0.54,5.3
7358,0.54,5.3
7359,0.54,5.3
7360,0.54,5.3
7361,0.54,5.3
7362,0.54,5.3
7363,0.54,5.3
7364,0.54,5.3
7365,0.54,5.3
7366,0.54,5.3
7367,0.54,5.3
7368,0.54,5.3
7369,0.54,5.3
7370,0.54,5.3
7371,0.54,5.3
7372,0.54,5.3
7373,0.54,5.3
7374,0.54,5.3
7375,0.54,5.3
7376,0.54,5.3
7377,0.54,5.31
7378,0.54,5.31
7379,0.54,5.31
7380,0.54,5.31
7381,0.54,5.31
7382,0.54,5.31
7383,0.54,5.31
7384,0.54,5.31
7385,0.54,5.31
7386,0.54,5.31
7387,0.54,5.31
7388,0.54,5.31
7389,0.54,5.31
7390,0.54,5.31
7391,0.55,5.31
7392,0.54,5.31
7393,0.54,5.31
7394,0.54,5.31
7395,0.54,5.31
7396,0.54,5.31
7397,0.54,5.31
7398,0.54,5.31
7399,0.54,5.31
7400,0.54,5.31
7401,0.54,5.31
7402,0.54,5.31
7403,0.54,5.31
7404,0.54,5.31
7405,0.55,5.31
7406,0.54,5.31
7407,0.54,5.31
7408,0.55,5.31
7409,0.54,5.31
7410,0.54,5.31
7411,0.54,5.31
7412,0.54,5.31
7413,0.55,5.31
7414,0.54,5.31
7415,0.54,5.31
7416,0.54,5.31
7417,0.54,5.31
7418,0.54,5.31
7419,0.55,5.31
7420,0.55,5.31
7421,0.55,5.31
7422,0.55,5.31
7423,0.55,5.31
7424,0.55,5.31
7425,0.55,5.31
7426,0.55,5.31
7427,0.55,5.31
7428,0.55,5.31
7429,0.55,5.31
7430,0.55,5.31
7431,0.55,5.31
7432,0.55,5.31
7433,0.55,5.31
7434,0.55,5.31
7435,0.55,5.31
7436,0.55,5.32
7437,0.55,5.32
7438,0.55,5.32
7439,0.55,5.32
7440,0.55,5.32
7441,0.55,5.32
7442,0.55,5.32
7443,0.55,5.32
7444,0.55,5.32
7445,0.55,5.32
7446,0.55,5.32
7447,0.55,5.32
7448,0.55,5.32
7449,0.55,5.32
7450,0.55,5.32
7451,0.55,5.32
7452,0.55,5.32
7453,0.55,5.32
7454,0.55,5.32
7455,0.55,5.32
7456,0.56,5.32
7457,0.55,5.32
7458,0.55,5.32
7459,0.55,5.32
7460,0.55,5.32
7461,0.55,5.32
7462,0.55,5.32
7463,0.55,5.32
7464,0.55,5.32
7465,0.55,5.32
7466,0.55,5.32
7467,0.55,5.32
7468,0.55,5.32
7469,0.55,5.32
7470,0.55,5.32
7471,0.55,5.32
7472,0.55,5.32
7473,0.55,5.32
7474,0.55,5.32
7475,0.55,5.32
7476,0.55,5.32
7477,0.55,5.32
7478,0.55,5.32
7479,0.55,5.32
7480,0.55,5.32
7481,0.55,5.32
7482,0.55,5.32
7483,0.55,5.32
7484,0.55,5.32
7485,0.55,5.32
7486,0.55,5.32
7487,0.55,5.32
7488,0.55,5.32
7489,0.55,5.32
7490,0.55,5.32
7491,0.55,5.32
7492,0.55,5.32
7493,0.55,5.32
7494,0.55,5.33
7495,0.55,5.33
7496,0.55,5.33
7497,0.55,5.33
7498,0.55,5.33
7499,0.55,5.33
7500,0.55,5.33
7501,0.55,5.33
7502,0.55,5.33
7503,0.55,5.33
7504,0.55,5.33
7505,0.55,5.33
7506,0.55,5.33
7507,0.55,5.33
7508,0.55,5.33
7509,0.55,5.33
7510,0.55,5.32
7511,0.55,5.32
7512,0.55,5.32
7513,0.55,5.32
7514,0.55,5.32
7515,0.55,5.32
7516,0.55,5.32
7517,0.55,5.32
7518,0.55,5.32
7519,0.56,5.32
7520,0.56,5.32
7521,0.55,5.32
7522,0.56,5.32
7523,0.55,5.32
7524,0.56,5.32
7525,0.56,5.32
7526,0.56,5.32
7527,0.55,5.32
7528,0.56,5.32
7529,0.56,5.32
7530,0.56,5.32
7531,0.56,5.32
7532,0.56,5.32
7533,0.56,5.32
7534,0.55,5.32
7535,0.56,5.32
7536,0.55,5.33
7537,0.56,5.33
7538,0.56,5.33
7539,0.56,5.33
7540,0.56,5.33
7541,0.56,5.33
7542,0.56,5.33
7543,0.56,5.33
7544,0.56,5.33
7545,0.56,5.33
7546,0.56,5.33
7547,0.56,5.33
7548,0.56,5.34
7549,0.56,5.34
7550,0.56,5.34
7551,0.56,5.34
7552,0.56,5.34
7553,0.56,5.34
7554,0.56,5.34
7555,0.56,5.34
7556,0.56,5.34
7557,0.56,5.34
7558,0.56,5.34
7559,0.56,5.34
7560,0.56,5.34
7561,0.56,5.34
7562,0.56,5.34
7563,0.56,5.34
7564,0.56,5.34
7565,0.56,5.34
7566,0.56,5.34
7567,0.56,5.33
7568,0.56,5.33
7569,0.56,5.33
7570,0.56,5.33
7571,0.56,5.33
7572,0.56,5.33
7573,0.56,5.33
7574,0.56,5.33
7575,0.55,5.33
7576,0.56,5.33
7577,0.56,5.33
7578,0.56,5.33
7579,0.56,5.33
7580,0.55,5.33
7581,0.56,5.33
7582,0.56,5.33
7583,0.56,5.33
7584,0.56,5.33
7585,0.56,5.33
7586,0.56,5.33
7587,0.56,5.33
7588,0.56,5.33
7589,0.55,5.33
7590,0.55,5.34
7591,0.56,5.34
7592,0.56,5.34
7593,0.56,5.34
7594,0.56,5.34
7595,0.56,5.34
7596,0.56,5.34
7597,0.56,5.34
7598,0.56,5.34
7599,0.56,5.34
7600,0.56,5.34
7601,0.56,5.34
7602,0.56,5.34
7603,0.56,5.34
7604,0.56,5.34
7605,0.56,5.34
7606,0.56,5.34
7607,0.56,5.34
7608,0.56,5.34
7609,0.56,5.34
7610,0.56,5.34
7611,0.56,5.34
7612,0.56,5.34
7613,0.56,5.34
7614,0.56,5.34
7615,0.55,5.34
7616,0.56,5.34
7617,0.56,5.34
7618,0.55,5.34
7619,0.55,5.34
7620,0.56,5.34
7621,0.56,5.34
7622,0.56,5.34
7623,0.56,5.34
7624,0.56,5.34
7625,0.56,5.34
7626,0.56,5.34
7627,0.56,5.34
7628,0.56,5.34
7629,0.56,5.34
7630,0.56,5.34
7631,0.56,5.34
7632,0.56,5.34
7633,0.56,5.34
7634,0.56,5.34
7635,0.56,5.34
7636,0.56,5.34
7637,0.56,5.34
7638,0.56,5.34
7639,0.56,5.34
7640,0.56,5.34
7641,0.56,5.34
7642,0.56,5.34
7643,0.56,5.34
7644,0.56,5.34
7645,0.56,5.34
7646,0.56,5.34
7647,0.56,5.34
7648,0.56,5.34
7649,0.56,5.34
7650,0.56,5.34
7651,0.56,5.34
7652,0.56,5.34
7653,0.56,5.35
7654,0.56,5.35
7655,0.56,5.35
7656,0.56,5.35
7657,0.56,5.35
7658,0.56,5.35
7659,0.56,5.35
7660,0.56,5.35
7661,0.56,5.35
7662,0.56,5.35
7663,0.56,5.35
7664,0.56,5.35
7665,0.56,5.35
7666,0.56,5.35
7667,0.56,5.35
7668,0.56,5.35
7669,0.56,5.35
7670,0.56,5.35
7671,0.56,5.35
7672,0.56,5.35
7673,0.56,5.35
7674,0.56,5.35
7675,0.56,5.35
7676,0.56,5.35
7677,0.56,5.35
7678,0.56,5.35
7679,0.56,5.35
7680,0.56,5.35
7681,0.56,5.35
7682,0.56,5.35
7683,0.56,5.35
7684,0.56,5.35
7685,0.56,5.35
7686,0.56,5.35
7687,0.56,5.35
7688,0.56,5.35
7689,0.56,5.35
7690,0.56,5.35
7691,0.56,5.35
7692,0.56,5.35
7693,0.56,5.35
7694,0.56,5.35
7695,0.56,5.35
7696,0.56,5.35
7697,0.56,5.35
7698,0.56,5.35
7699,0.56,5.35
7700,0.56,5.35
7701,0.56,5.35
7702,0.56,5.35
7703,0.56,5.35
7704,0.56,5.35
7705,0.56,5.35
7706,0.56,5.35
7707,0.56,5.35
7708,0.56,5.36
7709,0.56,5.36
7710,0.56,5.36
7711,0.56,5.36
7712,0.56,5.36
7713,0.56,5.36
7714,0.56,5.36
7715,0.56,5.36
7716,0.56,5.36
7717,0.56,5.36
7718,0.56,5.36
7719,0.56,5.36
7720,0.56,5.36
7721,0.56,5.36
7722,0.56,5.36
7723,0.56,5.35
7724,0.56,5.35
7725,0.56,5.35
7726,0.56,5.35
7727,0.56,5.35
7728,0.56,5.35
7729,0.56,5.35
7730,0.56,5.35
7731,0.56,5.35
7732,0.56,5.35
7733,0.56,5.35
7734,0.56,5.35
7735,0.56,5.35
7736,0.56,5.35
7737,0.56,5.35
7738,0.56,5.35
7739,0.56,5.35
7740,0.56,5.35
7741,0.56,5.35
7742,0.56,5.35
7743,0.56,5.35
7744,0.56,5.35
7745,0.56,5.35
7746,0.56,5.35
7747,0.56,5.35
7748,0.56,5.35
7749,0.56,5.35
7750,0.56,5.35
7751,0.56,5.35
7752,0.56,5.35
7753,0.56,5.35
7754,0.56,5.35
7755,0.56,5.36
7756,0.56,5.36
7757,0.56,5.36
7758,0.56,5.36
7759,0.56,5.36
7760,0.56,5.36
7761,0.56,5.36
7762,0.56,5.36
7763,0.56,5.36
7764,0.56,5.36
7765,0.56,5.36
7766,0.56,5.36
7767,0.56,5.36
7768,0.56,5.36
7769,0.56,5.36
7770,0.56,5.36
7771,0.56,5.36
7772,0.56,5.36
7773,0.56,5.36
7774,0.56,5.36
7775,0.56,5.36
7776,0.57,5.36
7777,0.56,5.36
7778,0.56,5.36
7779,0.56,5.36
7780,0.56,5.36
7781,0.56,5.35
7782,0.57,5.35
7783,0.56,5.35
7784,0.56,5.35
7785,0.57,5.35
7786,0.56,5.35
7787,0.57,5.35
7788,0.56,5.35
7789,0.56,5.35
7790,0.57,5.35
7791,0.56,5.35
7792,0.57,5.35
7793,0.57,5.35
7794,0.57,5.36
7795,0.57,5.36
7796,0.57,5.36
7797,0.57,5.36
7798,0.57,5.36
7799,0.57,5.36
7800,0.57,5.36
7801,0.57,5.36
7802,0.56,5.36
7803,0.57,5.36
7804,0.56,5.36
7805,0.57,5.36
7806,0.57,5.36
7807,0.57,5.36
7808,0.57,5.36
7809,0.57,5.36
7810,0.57,5.36
7811,0.57,5.37
7812,0.57,5.37
7813,0.57,5.37
7814,0.57,5.37
7815,0.57,5.37
7816,0.57,5.37
7817,0.57,5.37
7818,0.57,5.37
7819,0.56,5.37
7820,0.57,5.37
7821,0.56,5.37
7822,0.57,5.37
7823,0.57,5.37
7824,0.57,5.37
7825,0.57,5.37
7826,0.57,5.37
7827,0.57,5.37
7828,0.57,5.37
7829,0.57,5.36
7830,0.57,5.36
7831,0.56,5.36
7832,0.57,5.36
7833,0.56,5.36
7834,0.56,5.36
7835,0.57,5.36
7836,0.57,5.36
7837,0.56,5.36
7838,0.56,5.36
7839,0.56,5.36
7840,0.57,5.36
7841,0.57,5.36
7842,0.57,5.36
7843,0.57,5.36
7844,0.57,5.36
7845,0.57,5.36
7846,0.57,5.36
7847,0.57,5.36
7848,0.56,5.36
7849,0.57,5.36
7850,0.57,5.36
7851,0.57,5.36
7852,0.56,5.36
7853,0.57,5.36
7854,0.56,5.36
7855,0.57,5.36
7856,0.57,5.37
7857,0.57,5.37
7858,0.56,5.37
7859,0.57,5.37
7860,0.57,5.37
7861,0.57,5.37
7862,0.57,5.37
7863,0.57,5.37
7864,0.57,5.37
7865,0.57,5.37
7866,0.57,5.37
7867,0.56,5.37
7868,0.57,5.37
7869,0.56,5.37
7870,0.57,5.37
7871,0.56,5.37
7872,0.57,5.37
7873,0.57,5.37
7874,0.57,5.37
7875,0.57,5.37
7876,0.57,5.37
7877,0.56,5.37
7878,0.57,5.37
7879,0.57,5.37
7880,0.57,5.37
7881,0.57,5.37
7882,0.57,5.37
7883,0.57,5.37
7884,0.57,5.37
7885,0.57,5.37
7886,0.57,5.36
7887,0.56,5.36
7888,0.57,5.36
7889,0.56,5.36
7890,0.57,5.36
7891,0.56,5.36
7892,0.57,5.36
7893,0.57,5.36
7894,0.56,5.36
7895,0.56,5.36
7896,0.57,5.36
7897,0.56,5.36
7898,0.57,5.36
7899,0.56,5.36
7900,0.57,5.36
7901,0.56,5.36
7902,0.57,5.37
7903,0.57,5.37
7904,0.57,5.37
7905,0.57,5.37
7906,0.57,5.37
7907,0.56,5.37
7908,0.56,5.37
7909,0.57,5.37
7910,0.57,5.37
7911,0.56,5.37
7912,0.57,5.37
7913,0.57,5.37
7914,0.57,5.37
7915,0.57,5.37
7916,0.57,5.37
7917,0.57,5.37
7918,0.58,5.37
7919,0.57,5.37
7920,0.57,5.37
7921,0.57,5.37
7922,0.57,5.37
7923,0.58,5.37
7924,0.57,5.37
7925,0.58,5.37
7926,0.58,5.37
7927,0.58,5.37
7928,0.57,5.37
7929,0.57,5.37
7930,0.57,5.37
7931,0.57,5.37
7932,0.58,5.37
7933,0.58,5.37
7934,0.58,5.37
7935,0.58,5.37
7936,0.58,5.37
7937,0.57,5.37
7938,0.57,5.37
7939,0.57,5.37
7940,0.58,5.37
7941,0.57,5.37
7942,0.58,5.37
7943,0.58,5.37
7944,0.57,5.37
7945,0.58,5.37
7946,0.58,5.37
7947,0.58,5.37
7948,0.57,5.37
7949,0.57,5.37
7950,0.58,5.37
7951,0.57,5.37
7952,0.57,5.37
7953,0.58,5.37
7954,0.58,5.37
7955,0.58,5.37
7956,0.58,5.38
7957,0.58,5.38
7958,0.58,5.38
7959,0.57,5.38
7960,0.58,5.38
7961,0.58,5.38
7962,0.57,5.38
7963,0.58,5.38
7964,0.57,5.38
7965,0.58,5.38
7966,0.58,5.38
7967,0.58,5.38
7968,0.57,5.38
7969,0.58,5.38
7970,0.57,5.38
7971,0.58,5.38
7972,0.58,5.38
7973,0.58,5.38
7974,0.58,5.38
7975,0.58,5.38
7976,0.57,5.38
7977,0.57,5.38
7978,0.57,5.38
7979,0.57,5.38
7980,0.57,5.38
7981,0.58,5.38
7982,0.58,5.38
7983,0.58,5.38
7984,0.58,5.38
7985,0.58,5.38
7986,0.58,5.38
7987,0.58,5.38
7988,0.58,5.38
7989,0.57,5.38
7990,0.58,5.38
7991,0.58,5.38
7992,0.57,5.38
7993,0.58,5.38
7994,0.58,5.38
7995,0.58,5.38
7996,0.58,5.38
7997,0.58,5.38
7998,0.57,5.38
7999,0.57,5.38
8000,0.58,5.38
8001,0.58,5.38
8002,0.58,5.38
8003,0.57,5.38
8004,0.58,5.38
8005,0.57,5.38
8006,0.58,5.38
8007,0.57,5.38
8008,0.58,5.38
8009,0.57,5.38
8010,0.57,5.38
8011,0.58,5.38
8012,0.58,5.38
8013,0.57,5.38
8014,0.57,5.38
8015,0.57,5.38
8016,0.58,5.38
8017,0.57,5.38
8018,0.58,5.38
8019,0.57,5.38
8020,0.58,5.38
8021,0.57,5.38
8022,0.58,5.38
8023,0.57,5.38
8024,0.57,5.38
8025,0.58,5.38
8026,0.57,5.38
8027,0.57,5.38
8028,0.58,5.38
8029,0.57,5.38
8030,0.57,5.38
8031,0.57,5.38
8032,0.57,5.38
8033,0.57,5.38
8034,0.57,5.38
8035,0.57,5.38
8036,0.57,5.38
8037,0.58,5.38
8038,0.57,5.38
8039,0.58,5.38
8040,0.58,5.38
8041,0.57,5.38
8042,0.58,5.38
8043,0.57,5.38
8044,0.57,5.38
8045,0.58,5.38
8046,0.57,5.38
8047,0.57,5.38
8048,0.58,5.38
8049,0.58,5.38
8050,0.57,5.38
8051,0.58,5.38
8052,0.58,5.38
8053,0.58,5.38
8054,0.57,5.38
8055,0.58,5.38
8056,0.57,5.38
8057,0.57,5.38
8058,0.58,5.38
8059,0.57,5.38
8060,0.58,5.38
8061,0.57,5.38
8062,0.58,5.38
8063,0.57,5.38
8064,0.58,5.38
8065,0.58,5.38
8066,0.57,5.38
8067,0.58,5.38
8068,0.57,5.38
8069,0.57,5.38
8070,0.58,5.38
8071,0.57,5.38
8072,0.57,5.38
8073,0.58,5.38
8074,0.58,5.38
8075,0.57,5.38
8076,0.57,5.38
8077,0.57,5.38
8078,0.58,5.38
8079,0.57,5.38
8080,0.58,5.38
8081,0.58,5.38
8082,0.57,5.38
8083,0.58,5.38
8084,0.57,5.38
8085,0.57,5.38
8086,0.57,5.38
8087,0.58,5.38
8088,0.57,5.38
8089,0.58,5.38
8090,0.58,5.38
8091,0.58,5.38
8092,0.58,5.38
8093,0.58,5.38
8094,0.58,5.38
8095,0.58,5.38
8096,0.58,5.38
8097,0.58,5.38
8098,0.58,5.38
8099,0.58,5.38
8100,0.58,5.38
8101,0.58,5.38
8102,0.58,5.38
8103,0.58,5.38
8104,0.58,5.38
8105,0.58,5.38
8106,0.58,5.38
8107,0.58,5.38
8108,0.58,5.38
8109,0.58,5.38
8110,0.58,5.39
8111,0.58,5.39
8112,0.58,5.39
8113,0.58,5.39
8114,0.58,5.39
8115,0.58,5.39
8116,0.58,5.39
8117,0.58,5.39
8118,0.58,5.39
8119,0.58,5.39
8120,0.58,5.39
8121,0.58,5.39
8122,0.58,5.39
8123,0.58,5.39
8124,0.58,5.39
8125,0.58,5.39
8126,0.58,5.39
8127,0.58,5.39
8128,0.58,5.39
8129,0.58,5.39
8130,0.58,5.39
8131,0.58,5.39
8132,0.58,5.39
8133,0.58,5.39
8134,0.58,5.39
8135,0.58,5.39
8136,0.58,5.39
8137,0.58,5.39
8138,0.58,5.39
8139,0.58,5.39
8140,0.58,5.39
8141,0.58,5.39
8142,0.58,5.39
8143,0.58,5.39
8144,0.58,5.39
8145,0.58,5.39
8146,0.58,5.39
8147,0.58,5.39
8148,0.58,5.39
8149,0.58,5.39
8150,0.58,5.39
8151,0.58,5.39
8152,0.58,5.39
8153,0.58,5.39
8154,0.58,5.39
8155,0.58,5.39
8156,0.58,5.39
8157,0.58,5.39
8158,0.58,5.39
8159,0.58,5.39
8160,0.58,5.39
8161,0.58,5.39
8162,0.58,5.39
8163,0.58,5.39
8164,0.58,5.39
8165,0.58,5.39
8166,0.58,5.39
8167,0.58,5.39
8168,0.58,5.4
8169,0.58,5.4
8170,0.58,5.4
8171,0.58,5.4
8172,0.58,5.4
8173,0.58,5.4
8174,0.58,5.4
8175,0.58,5.4
8176,0.58,5.4
8177,0.58,5.4
8178,0.58,5.4
8179,0.58,5.4
8180,0.58,5.4
8181,0.58,5.4
8182,0.58,5.4
8183,0.58,5.4
8184,0.58,5.4
8185,0.58,5.4
8186,0.58,5.4
8187,0.58,5.4
8188,0.58,5.4
8189,0.58,5.4
8190,0.58,5.39
8191,0.58,5.39
8192,0.58,5.39
8193,0.58,5.39
8194,0.58,5.39
8195,0.58,5.39
8196,0.58,5.39
8197,0.58,5.39
8198,0.58,5.39
8199,0.58,5.39
8200,0.58,5.39
8201,0.58,5.39
8202,0.58,5.39
8203,0.58,5.39
8204,0.58,5.39
8205,0.58,5.39
8206,0.58,5.39
8207,0.58,5.39
8208,0.58,5.39
8209,0.58,5.39
8210,0.58,5.39
8211,0.58,5.39
8212,0.58,5.39
8213,0.58,5.4
8214,0.58,5.4
8215,0.58,5.4
8216,0.58,5.4
8217,0.58,5.4
8218,0.58,5.4
8219,0.58,5.4
8220,0.58,5.4
8221,0.58,5.4
8222,0.58,5.4
8223,0.58,5.4
8224,0.58,5.4
8225,0.58,5.4
8226,0.58,5.4
8227,0.58,5.4
8228,0.58,5.4
8229,0.58,5.4
8230,0.58,5.4
8231,0.58,5.4
8232,0.58,5.4
8233,0.58,5.4
8234,0.58,5.4
8235,0.58,5.4
8236,0.58,5.4
8237,0.58,5.4
8238,0.58,5.4
8239,0.58,5.4
8240,0.58,5.4
8241,0.58,5.4
8242,0.58,5.4
8243,0.58,5.4
8244,0.58,5.4
8245,0.58,5.4
8246,0.58,5.4
8247,0.58,5.39
8248,0.58,5.39
8249,0.58,5.39
8250,0.58,5.39
8251,0.58,5.39
8252,0.58,5.39
8253,0.58,5.39
8254,0.58,5.39
8255,0.58,5.39
8256,0.58,5.39
8257,0.58,5.39
8258,0.58,5.39
8259,0.58,5.4
8260,0.58,5.4
8261,0.58,5.4
8262,0.58,5.4
8263,0.58,5.4
8264,0.58,5.4
8265,0.58,5.4
8266,0.58,5.4
8267,0.58,5.4
8268,0.58,5.4
8269,0.58,5.4
8270,0.58,5.4
8271,0.58,5.4
8272,0.58,5.4
8273,0.58,5.4
8274,0.58,5.4
8275,0.58,5.4
8276,0.58,5.4
8277,0.58,5.4
8278,0.58,5.4
8279,0.58,5.4
8280,0.58,5.4
8281,0.58,5.4
8282,0.58,5.4
8283,0.58,5.4
8284,0.58,5.4
8285,0.58,5.4
8286,0.58,5.4
8287,0.58,5.4
8288,0.58,5.4
8289,0.58,5.4
8290,0.58,5.4
8291,0.58,5.39
8292,0.58,5.39
8293,0.58,5.39
8294,0.58,5.39
8295,0.58,5.39
8296,0.58,5.39
8297,0.58,5.39
8298,0.58,5.39
8299,0.58,5.39
8300,0.58,5.39
8301,0.58,5.39
8302,0.58,5.39
8303,0.58,5.39
8304,0.58,5.39
8305,0.58,5.39
8306,0.58,5.39
8307,0.58,5.39
8308,0.58,5.39
8309,0.58,5.39
8310,0.58,5.39
8311,0.58,5.39
8312,0.58,5.4
8313,0.58,5.4
8314,0.58,5.4
8315,0.58,5.4
8316,0.58,5.4
8317,0.58,5.4
8318,0.58,5.4
8319,0.58,5.4
8320,0.58,5.4
8321,0.58,5.4
8322,0.58,5.4
8323,0.58,5.4
8324,0.58,5.4
8325,0.58,5.4
8326,0.58,5.4
8327,0.58,5.4
8328,0.58,5.4
8329,0.58,5.4
8330,0.58,5.4
8331,0.58,5.4
8332,0.58,5.4
8333,0.58,5.4
8334,0.58,5.4
8335,0.58,5.4
8336,0.58,5.4
8337,0.58,5.4
8338,0.58,5.4
8339,0.58,5.4
8340,0.58,5.4
8341,0.58,5.4
8342,0.58,5.4
8343,0.58,5.4
8344,0.58,5.4
8345,0.58,5.4
8346,0.58,5.39
8347,0.58,5.39
8348,0.58,5.39
8349,0.58,5.39
8350,0.58,5.39
8351,0.58,5.39
8352,0.58,5.39
8353,0.58,5.39
8354,0.58,5.4
8355,0.58,5.4
8356,0.58,5.4
8357,0.58,5.4
8358,0.58,5.4
8359,0.58,5.4
8360,0.58,5.4
8361,0.58,5.4
8362,0.58,5.4
8363,0.58,5.4
8364,0.58,5.4
8365,0.58,5.4
8366,0.59,5.4
8367,0.58,5.4
8368,0.59,5.4
8369,0.58,5.4
8370,0.58,5.4
8371,0.58,5.41
8372,0.58,5.41
8373,0.58,5.41
8374,0.58,5.41
8375,0.58,5.41
8376,0.59,5.41
8377,0.58,5.41
8378,0.58,5.41
8379,0.58,5.41
8380,0.58,5.41
8381,0.58,5.41
8382,0.59,5.41
8383,0.58,5.41
8384,0.58,5.41
8385,0.58,5.41
8386,0.58,5.41
8387,0.58,5.41
8388,0.58,5.41
8389,0.58,5.41
8390,0.58,5.41
8391,0.58,5.41
8392,0.58,5.41
8393,0.58,5.41
8394,0.58,5.41
8395,0.58,5.41
8396,0.58,5.41
8397,0.58,5.41
8398,0.58,5.4
8399,0.58,5.4
8400,0.58,5.4
8401,0.58,5.4
8402,0.59,5.4
8403,0.58,5.4
8404,0.58,5.4
8405,0.58,5.4
8406,0.58,5.4
8407,0.58,5.4
8408,0.58,5.4
8409,0.58,5.4
8410,0.58,5.4
8411,0.58,5.4
8412,0.58,5.41
8413,0.58,5.41
8414,0.58,5.41
8415,0.58,5.41
8416,0.58,5.41
8417,0.58,5.41
8418,0.58,5.41
8419,0.58,5.41
8420,0.59,5.41
8421,0.58,5.41
8422,0.58,5.41
8423,0.58,5.41
8424,0.58,5.41
8425,0.58,5.41
8426,0.58,5.41
8427,0.58,5.41
8428,0.58,5.41
8429,0.58,5.42
8430,0.58,5.42
8431,0.59,5.42
8432,0.58,5.42
8433,0.59,5.42
8434,0.59,5.42
8435,0.58,5.42
8436,0.59,5.42
8437,0.58,5.42
8438,0.58,5.41
8439,0.58,5.41
8440,0.58,5.41
8441,0.58,5.41
8442,0.58,5.41
8443,0.58,5.41
8444,0.59,5.41
8445,0.58,5.41
8446,0.59,5.41
8447,0.58,5.41
8448,0.58,5.41
8449,0.58,5.41
8450,0.58,5.41
8451,0.58,5.41
8452,0.58,5.41
8453,0.58,5.41
8454,0.59,5.41
8455,0.58,5.41
8456,0.58,5.41
8457,0.58,5.41
8458,0.58,5.41
8459,0.58,5.41
8460,0.58,5.41
8461,0.58,5.41
8462,0.58,5.41
8463,0.58,5.41
8464,0.58,5.41
8465,0.58,5.41
8466,0.59,5.41
8467,0.58,5.41
8468,0.58,5.41
8469,0.58,5.41
8470,0.59,5.41
8471,0.58,5.41
8472,0.59,5.41
8473,0.58,5.41
8474,0.58,5.41
8475,0.59,5.41
8476,0.58,5.42
8477,0.58,5.42
8478,0.58,5.42
8479,0.58,5.42
8480,0.58,5.42
8481,0.58,5.42
8482,0.58,5.42
8483,0.58,5.42
8484,0.58,5.42
8485,0.58,5.42
8486,0.58,5.42
8487,0.58,5.42
8488,0.58,5.42
8489,0.58,5.42
8490,0.58,5.41
8491,0.58,5.41
8492,0.58,5.41
8493,0.58,5.41
8494,0.58,5.41
8495,0.58,5.41
8496,0.59,5.41
8497,0.59,5.41
8498,0.58,5.41
8499,0.58,5.41
8500,0.58,5.41
8501,0.58,5.41
8502,0.58,5.41
8503,0.59,5.41
8504,0.58,5.41
8505,0.59,5.41
8506,0.58,5.41
8507,0.58,5.41
8508,0.58,5.41
8509,0.58,5.41
8510,0.58,5.41
8511,0.58,5.41
8512,0.59,5.41
8513,0.58,5.41
8514,0.58,5.41
8515,0.58,5.41
8516,0.58,5.41
8517,0.58,5.41
8518,0.58,5.41
8519,0.58,5.41
8520,0.58,5.41
8521,0.59,5.41
8522,0.59,5.41
8523,0.58,5.41
8524,0.58,5.41
8525,0.59,5.41
8526,0.59,5.41
8527,0.58,5.41
8528,0.58,5.41
8529,0.58,5.41
8530,0.59,5.42
8531,0.58,5.42
8532,0.58,5.42
8533,0.58,5.42
8534,0.58,5.42
8535,0.58,5.42
8536,0.59,5.42
8537,0.59,5.42
8538,0.58,5.42
8539,0.58,5.41
8540,0.58,5.41
8541,0.58,5.41
8542,0.58,5.41
8543,0.59,5.41
8544,0.59,5.41
8545,0.58,5.41
8546,0.58,5.41
8547,0.58,5.41
8548,0.58,5.41
8549,0.58,5.41
8550,0.58,5.41
8551,0.58,5.41
8552,0.58,5.41
8553,0.58,5.41
8554,0.58,5.41
8555,0.58,5.41
8556,0.58,5.41
8557,0.58,5.41
8558,0.58,5.41
8559,0.58,5.41
8560,0.58,5.41
8561,0.58,5.41
8562,0.58,5.41
8563,0.58,5.41
8564,0.58,5.41
8565,0.59,5.41
8566,0.58,5.41
8567,0.58,5.41
8568,0.58,5.41
8569,0.58,5.41
8570,0.59,5.41
8571,0.58,5.41
8572,0.58,5.41
8573,0.58,5.41
8574,0.59,5.41
8575,0.58,5.41
8576,0.58,5.41
8577,0.59,5.41
8578,0.58,5.41
8579,0.59,5.41
8580,0.59,5.41
8581,0.58,5.41
8582,0.59,5.41
8583,0.59,5.41
8584,0.58,5.41
8585,0.58,5.41
8586,0.58,5.41
8587,0.58,5.41
8588,0.58,5.41
8589,0.58,5.41
8590,0.59,5.41
8591,0.59,5.41
8592,0.58,5.41
8593,0.59,5.41
8594,0.58,5.41
8595,0.58,5.41
8596,0.59,5.41
8597,0.58,5.41
8598,0.58,5.41
8599,0.58,5.41
8600,0.58,5.41
8601,0.58,5.41
8602,0.58,5.41
8603,0.58,5.41
8604,0.59,5.41
8605,0.58,5.41
8606,0.59,5.41
8607,0.58,5.41
8608,0.58,5.41
8609,0.58,5.41
8610,0.59,5.41
8611,0.59,5.41
8612,0.58,5.41
8613,0.58,5.41
8614,0.58,5.41
8615,0.58,5.41
8616,0.59,5.41
8617,0.59,5.41
8618,0.58,5.41
8619,0.58,5.41
8620,0.58,5.41
8621,0.58,5.41
8622,0.58,5.41
8623,0.58,5.41
8624,0.58,5.41
8625,0.58,5.41
8626,0.58,5.41
8627,0.58,5.41
8628,0.59,5.41
8629,0.58,5.41
8630,0.58,5.41
8631,0.58,5.41
8632,0.58,5.41
8633,0.59,5.41
8634,0.59,5.41
8635,0.58,5.41
8636,0.58,5.41
8637,0.58,5.41
8638,0.59,5.41
8639,0.58,5.41
8640,0.58,5.41
8641,0.59,5.41
8642,0.59,5.41
8643,0.58,5.41
8644,0.58,5.41
8645,0.59,5.41
8646,0.58,5.41
8647,0.58,5.41
8648,0.58,5.41
8649,0.58,5.41
8650,0.58,5.41
8651,0.58,5.41
8652,0.58,5.41
8653,0.58,5.41
8654,0.58,5.41
8655,0.58,5.41
8656,0.58,5.41
8657,0.58,5.4
8658,0.59,5.4
8659,0.58,5.4
8660,0.58,5.4
8661,0.58,5.4
8662,0.58,5.4
8663,0.58,5.4
8664,0.58,5.4
8665,0.58,5.4
8666,0.59,5.4
8667,0.58,5.41
8668,0.58,5.41
8669,0.58,5.41
8670,0.59,5.41
8671,0.59,5.41
8672,0.58,5.41
8673,0.58,5.41
8674,0.58,5.41
8675,0.58,5.41
8676,0.58,5.41
8677,0.58,5.41
8678,0.59,5.41
8679,0.59,5.41
8680,0.58,5.41
8681,0.59,5.41
8682,0.58,5.41
8683,0.58,5.41
8684,0.59,5.41
8685,0.59,5.41
8686,0.59,5.41
8687,0.58,5.41
8688,0.58,5.41
8689,0.58,5.41
8690,0.59,5.41
8691,0.59,5.41
8692,0.58,5.41
8693,0.58,5.41
8694,0.58,5.41
8695,0.58,5.41
8696,0.58,5.41
8697,0.58,5.41
8698,0.58,5.41
8699,0.58,5.41
8700,0.58,5.41
8701,0.58,5.41
8702,0.58,5.41
8703,0.58,5.4
8704,0.58,5.4
8705,0.58,5.4
8706,0.59,5.4
8707,0.58,5.4
8708,0.58,5.4
8709,0.58,5.4
8710,0.58,5.4
8711,0.59,5.4
8712,0.58,5.4
8713,0.59,5.4
8714,0.58,5.4
8715,0.59,5.4
8716,0.58,5.4
8717,0.59,5.4
8718,0.58,5.4
8719,0.58,5.4
8720,0.58,5.4
8721,0.58,5.41
8722,0.58,5.41
8723,0.59,5.41
8724,0.58,5.41
8725,0.59,5.41
8726,0.59,5.41
8727,0.58,5.41
8728,0.58,5.41
8729,0.58,5.41
8730,0.59,5.41
8731,0.59,5.41
8732,0.59,5.41
8733,0.58,5.41
8734,0.59,5.41
8735,0.58,5.41
8736,0.59,5.41
8737,0.58,5.41
8738,0.59,5.41
8739,0.58,5.41
8740,0.59,5.41
8741,0.59,5.41
8742,0.58,5.41
8743,0.58,5.41
8744,0.58,5.41
8745,0.58,5.41
8746,0.59,5.41
8747,0.58,5.41
8748,0.58,5.41
8749,0.58,5.41
8750,0.58,5.41
8751,0.58,5.41
8752,0.59,5.41
8753,0.59,5.41
8754,0.58,5.41
8755,0.59,5.41
8756,0.58,5.41
8757,0.59,5.41
8758,0.59,5.4
8759,0.58,5.4
8760,0.58,5.4
8761,0.59,5.4
8762,0.58,5.4
8763,0.59,5.4
8764,0.58,5.41
8765,0.58,5.41
8766,0.58,5.41
8767,0.58,5.41
8768,0.58,5.41
8769,0.58,5.41
8770,0.59,5.41
8771,0.59,5.41
8772,0.58,5.41
8773,0.58,5.41
8774,0.58,5.41
8775,0.59,5.41
8776,0.58,5.41
8777,0.58,5.41
8778,0.58,5.41
8779,0.58,5.41
8780,0.59,5.41
8781,0.58,5.41
8782,0.59,5.41
8783,0.58,5.41
8784,0.58,5.41
8785,0.58,5.41
8786,0.58,5.41
8787,0.58,5.41
8788,0.58,5.41
8789,0.58,5.41
8790,0.59,5.41
8791,0.59,5.41
8792,0.59,5.41
8793,0.58,5.41
8794,0.58,5.41
8795,0.58,5.41
8796,0.59,5.41
8797,0.58,5.41
8798,0.58,5.41
8799,0.59,5.41
8800,0.59,5.41
8801,0.59,5.41
8802,0.59,5.41
8803,0.59,5.41
8804,0.58,5.41
8805,0.58,5.41
8806,0.58,5.41
8807,0.58,5.41
8808,0.58,5.41
8809,0.58,5.41
8810,0.59,5.41
8811,0.59,5.4
8812,0.58,5.4
8813,0.58,5.4
8814,0.58,5.4
8815,0.58,5.4
8816,0.59,5.4
8817,0.58,5.4
8818,0.58,5.4
8819,0.58,5.4
8820,0.58,5.4
8821,0.59,5.4
8822,0.58,5.4
8823,0.58,5.41
8824,0.58,5.41
8825,0.58,5.41
8826,0.59,5.41
8827,0.58,5.41
8828,0.58,5.41
8829,0.58,5.41
8830,0.58,5.41
8831,0.58,5.41
8832,0.59,5.41
8833,0.59,5.41
8834,0.59,5.41
8835,0.59,5.41
8836,0.58,5.41
8837,0.58,5.41
8838,0.59,5.41
8839,0.58,5.41
8840,0.58,5.41
8841,0.58,5.41
8842,0.59,5.41
8843,0.58,5.41
8844,0.58,5.41
8845,0.59,5.41
8846,0.58,5.41
8847,0.58,5.41
8848,0.58,5.41
8849,0.58,5.41
8850,0.58,5.41
8851,0.58,5.41
8852,0.59,5.41
8853,0.58,5.41
8854,0.59,5.41
8855,0.59,5.41
8856,0.58,5.41
8857,0.58,5.41
8858,0.58,5.41
8859,0.58,5.41
8860,0.59,5.41
8861,0.58,5.41
8862,0.58,5.41
8863,0.58,5.41
8864,0.58,5.41
8865,0.58,5.41
8866,0.58,5.41
8867,0.59,5.41
8868,0.58,5.41
8869,0.58,5.41
8870,0.59,5.41
8871,0.58,5.41
8872,0.58,5.41
8873,0.59,5.41
8874,0.59,5.41
8875,0.58,5.41
8876,0.58,5.41
8877,0.58,5.41
8878,0.58,5.41
8879,0.58,5.41
8880,0.58,5.41
8881,0.58,5.41
8882,0.58,5.41
8883,0.58,5.41
8884,0.58,5.41
8885,0.58,5.41
8886,0.58,5.41
8887,0.58,5.41
8888,0.58,5.41
8889,0.58,5.41
8890,0.58,5.41
8891,0.59,5.41
8892,0.58,5.41
8893,0.59,5.41
8894,0.59,5.41
8895,0.59,5.41
8896,0.58,5.41
8897,0.58,5.41
8898,0.58,5.41
8899,0.58,5.41
8900,0.58,5.41
8901,0.59,5.41
8902,0.58,5.41
8903,0.58,5.41
8904,0.58,5.41
8905,0.58,5.41
8906,0.59,5.41
8907,0.59,5.41
8908,0.58,5.41
8909,0.58,5.41
8910,0.59,5.41
8911,0.58,5.41
8912,0.58,5.41
8913,0.59,5.41
8914,0.58,5.41
8915,0.58,5.41
8916,0.58,5.41
8917,0.58,5.41
8918,0.59,5.41
8919,0.58,5.41
8920,0.59,5.41
8921,0.58,5.41
8922,0.58,5.41
8923,0.58,5.41
8924,0.58,5.41
8925,0.58,5.41
8926,0.58,5.41
8927,0.58,5.41
8928,0.58,5.41
8929,0.58,5.41
8930,0.58,5.41
8931,0.58,5.41
8932,0.58,5.41
8933,0.58,5.41
8934,0.59,5.41
8935,0.58,5.41
8936,0.58,5.41
8937,0.58,5.41
8938,0.59,5.41
8939,0.58,5.41
8940,0.58,5.41
8941,0.59,5.41
8942,0.58,5.41
8943,0.59,5.41
8944,0.58,5.41
8945,0.59,5.41
8946,0.59,5.41
8947,0.58,5.41
8948,0.59,5.41
8949,0.58,5.41
8950,0.58,5.41
8951,0.58,5.41
8952,0.58,5.41
8953,0.59,5.41
8954,0.58,5.41
8955,0.59,5.41
8956,0.59,5.41
8957,0.58,5.41
8958,0.58,5.41
8959,0.58,5.41
8960,0.58,5.41
8961,0.58,5.41
8962,0.58,5.41
8963,0.58,5.41
8964,0.58,5.41
8965,0.58,5.41
8966,0.58,5.41
8967,0.58,5.41
8968,0.58,5.41
8969,0.58,5.41
8970,0.58,5.41
8971,0.58,5.41
8972,0.58,5.41
8973,0.59,5.41
8974,0.58,5.41
8975,0.58,5.41
8976,0.58,5.41
8977,0.58,5.41
8978,0.58,5.41
8979,0.58,5.41
8980,0.58,5.41
8981,0.59,5.41
8982,0.58,5.41
8983,0.58,5.41
8984,0.58,5.41
8985,0.58,5.41
8986,0.59,5.41
8987,0.58,5.41
8988,0.58,5.41
8989,0.58,5.41
8990,0.58,5.41
8991,0.59,5.41
8992,0.58,5.41
8993,0.58,5.41
8994,0.58,5.41
8995,0.58,5.41
8996,0.58,5.41
8997,0.58,5.41
8998,0.58,5.41
8999,0.58,5.41
9000,0.58,5.41
9001,0.58,5.41
9002,0.58,5.41
9003,0.58,5.41
9004,0.58,5.41
9005,0.59,5.41
9006,0.59,5.41
9007,0.58,5.41
9008,0.58,5.41
9009,0.58,5.41
9010,0.58,5.41
9011,0.58,5.41
9012,0.58,5.41
9013,0.58,5.41
9014,0.58,5.41
9015,0.58,5.41
9016,0.59,5.41
9017,0.58,5.41
9018,0.58,5.41
9019,0.58,5.41
9020,0.59,5.41
9021,0.58,5.41
9022,0.59,5.41
9023,0.58,5.41
9024,0.59,5.41
9025,0.58,5.41
9026,0.58,5.41
9027,0.58,5.41
9028,0.58,5.41
9029,0.58,5.41
9030,0.59,5.41
9031,0.58,5.41
9032,0.58,5.41
9033,0.58,5.41
9034,0.58,5.41
9035,0.58,5.41
9036,0.59,5.41
9037,0.58,5.41
9038,0.58,5.41
9039,0.58,5.41
9040,0.58,5.41
9041,0.59,5.41
9042,0.58,5.41
9043,0.58,5.41
9044,0.58,5.41
9045,0.58,5.41
9046,0.58,5.41
9047,0.58,5.41
9048,0.58,5.41
9049,0.58,5.41
9050,0.58,5.41
9051,0.59,5.41
9052,0.58,5.41
9053,0.58,5.41
9054,0.58,5.41
9055,0.58,5.41
9056,0.58,5.41
9057,0.58,5.41
9058,0.58,5.41
9059,0.58,5.41
9060,0.58,5.41
9061,0.58,5.41
9062,0.59,5.41
9063,0.58,5.41
9064,0.59,5.41
9065,0.59,5.41
9066,0.58,5.41
9067,0.58,5.41
9068,0.58,5.41
9069,0.58,5.41
9070,0.58,5.41
9071,0.58,5.41
9072,0.58,5.41
9073,0.58,5.41
9074,0.59,5.41
9075,0.59,5.41
9076,0.58,5.41
9077,0.58,5.41
9078,0.58,5.41
9079,0.58,5.41
9080,0.58,5.41
9081,0.59,5.41
9082,0.58,5.41
9083,0.58,5.41
9084,0.58,5.41
9085,0.59,5.41
9086,0.58,5.41
9087,0.58,5.41
9088,0.58,5.41
9089,0.58,5.41
9090,0.58,5.41
9091,0.58,5.41
9092,0.59,5.41
9093,0.58,5.41
9094,0.59,5.41
9095,0.58,5.41
9096,0.58,5.41
9097,0.58,5.41
9098,0.58,5.41
9099,0.58,5.41
9100,0.58,5.41
9101,0.58,5.41
9102,0.59,5.41
9103,0.58,5.41
9104,0.59,5.41
9105,0.58,5.41
9106,0.59,5.41
9107,0.58,5.41
9108,0.58,5.41
9109,0.58,5.41
9110,0.58,5.41
9111,0.58,5.41
9112,0.58,5.41
9113,0.58,5.41
9114,0.58,5.41
9115,0.58,5.41
9116,0.59,5.41
9117,0.58,5.41
9118,0.58,5.41
9119,0.58,5.41
9120,0.58,5.41
9121,0.58,5.41
9122,0.59,5.41
9123,0.58,5.41
9124,0.58,5.41
9125,0.59,5.41
9126,0.59,5.41
9127,0.59,5.41
9128,0.58,5.41
9129,0.58,5.41
9130,0.59,5.41
9131,0.58,5.41
9132,0.59,5.41
9133,0.58,5.41
9134,0.59,5.41
9135,0.58,5.41
9136,0.58,5.41
9137,0.58,5.41
9138,0.58,5.41
9139,0.58,5.41
9140,0.59,5.41
9141,0.58,5.41
9142,0.58,5.41
9143,0.59,5.41
9144,0.58,5.41
9145,0.58,5.41
9146,0.59,5.41
9147,0.58,5.41
9148,0.58,5.41
9149,0.58,5.41
9150,0.58,5.41
9151,0.58,5.41
9152,0.59,5.41
9153,0.58,5.41
9154,0.59,5.41
9155,0.58,5.41
9156,0.58,5.41
9157,0.59,5.41
9158,0.58,5.41
9159,0.58,5.41
9160,0.58,5.41
9161,0.59,5.41
9162,0.58,5.41
9163,0.58,5.41
9164,0.58,5.41
9165,0.58,5.41
9166,0.59,5.41
9167,0.58,5.41
9168,0.58,5.41
9169,0.58,5.41
9170,0.59,5.41
9171,0.58,5.41
9172,0.58,5.41
9173,0.59,5.41
9174,0.58,5.41
9175,0.58,5.41
9176,0.59,5.41
9177,0.58,5.41
9178,0.58,5.41
9179,0.58,5.41
9180,0.58,5.41
9181,0.58,5.41
9182,0.59,5.41
9183,0.58,5.41
9184,0.59,5.41
9185,0.58,5.41
9186,0.58,5.41
9187,0.58,5.41
9188,0.58,5.41
9189,0.58,5.41
9190,0.58,5.41
9191,0.59,5.41
9192,0.58,5.41
9193,0.58,5.41
9194,0.59,5.41
9195,0.59,5.41
9196,0.58,5.41
9197,0.58,5.41
9198,0.58,5.41
9199,0.58,5.41
9200,0.58,5.41
9201,0.58,5.41
9202,0.58,5.41
9203,0.58,5.41
9204,0.58,5.41
9205,0.59,5.41
9206,0.58,5.41
9207,0.58,5.41
9208,0.59,5.41
9209,0.58,5.41
9210,0.58,5.41
9211,0.58,5.41
9212,0.58,5.41
9213,0.58,5.41
9214,0.58,5.41
9215,0.58,5.41
9216,0.58,5.41
9217,0.58,5.41
9218,0.58,5.41
9219,0.58,5.41
9220,0.58,5.41
9221,0.58,5.41
9222,0.58,5.41
9223,0.58,5.41
9224,0.58,5.41
9225,0.58,5.41
9226,0.58,5.41
9227,0.58,5.41
9228,0.58,5.41
9229,0.58,5.41
9230,0.58,5.41
9231,0.58,5.41
9232,0.58,5.41
9233,0.58,5.41
9234,0.58,5.41
9235,0.58,5.41
9236,0.58,5.41
9237,0.58,5.41
9238,0.58,5.4
9239,0.58,5.4
9240,0.58,5.4
9241,0.58,5.4
9242,0.58,5.4
9243,0.58,5.4
9244,0.58,5.4
9245,0.58,5.4
9246,0.58,5.4
9247,0.58,5.4
9248,0.58,5.4
9249,0.58,5.4
9250,0.58,5.4
9251,0.58,5.4
9252,0.58,5.4
9253,0.58,5.4
9254,0.58,5.4
9255,0.58,5.4
9256,0.58,5.4
9257,0.58,5.4
9258,0.58,5.4
9259,0.58,5.4
9260,0.58,5.4
9261,0.58,5.4
9262,0.58,5.4
9263,0.58,5.4
9264,0.58,5.4
9265,0.58,5.4
9266,0.58,5.4
9267,0.58,5.4
9268,0.58,5.4
9269,0.58,5.4
9270,0.58,5.4
9271,0.58,5.4
9272,0.58,5.4
9273,0.58,5.4
9274,0.58,5.4
9275,0.58,5.4
9276,0.58,5.4
9277,0.58,5.4
9278,0.58,5.4
9279,0.58,5.4
9280,0.58,5.4
9281,0.58,5.4
9282,0.58,5.4
9283,0.58,5.4
9284,0.58,5.4
9285,0.58,5.4
9286,0.58,5.4
9287,0.58,5.4
9288,0.58,5.4
9289,0.58,5.4
9290,0.58,5.4
9291,0.58,5.4
9292,0.58,5.4
9293,0.58,5.4
9294,0.58,5.4
9295,0.58,5.4
9296,0.58,5.4
9297,0.58,5.4
9298,0.58,5.4
9299,0.58,5.4
9300,0.58,5.4
9301,0.58,5.4
9302,0.58,5.4
9303,0.58,5.4
9304,0.58,5.4
9305,0.58,5.4
9306,0.58,5.4
9307,0.58,5.4
9308,0.58,5.4
9309,0.58,5.4
9310,0.58,5.4
9311,0.58,5.4
9312,0.58,5.4
9313,0.58,5.4
9314,0.58,5.4
9315,0.58,5.4
9316,0.58,5.4
9317,0.58,5.4
9318,0.58,5.4
9319,0.58,5.4
9320,0.58,5.4
9321,0.58,5.4
9322,0.58,5.4
9323,0.58,5.4
9324,0.58,5.4
9325,0.58,5.4
9326,0.58,5.4
9327,0.58,5.4
9328,0.58,5.4
9329,0.58,5.4
9330,0.58,5.4
9331,0.58,5.4
9332,0.58,5.4
9333,0.58,5.4
9334,0.58,5.4
9335,0.58,5.39
9336,0.58,5.39
9337,0.58,5.39
9338,0.58,5.39
9339,0.58,5.39
9340,0.58,5.39
9341,0.58,5.39
9342,0.58,5.39
9343,0.58,5.39
9344,0.58,5.39
9345,0.58,5.39
9346,0.58,5.39
9347,0.58,5.39
9348,0.58,5.39
9349,0.58,5.39
9350,0.58,5.39
9351,0.58,5.39
9352,0.58,5.39
9353,0.58,5.39
9354,0.58,5.39
9355,0.58,5.4
9356,0.58,5.4
9357,0.58,5.4
9358,0.58,5.4
9359,0.58,5.4
9360,0.58,5.4
9361,0.58,5.4
9362,0.58,5.4
9363,0.58,5.4
9364,0.58,5.4
9365,0.58,5.4
9366,0.58,5.4
9367,0.58,5.4
9368,0.58,5.4
9369,0.58,5.4
9370,0.58,5.39
9371,0.58,5.39
9372,0.58,5.39
9373,0.58,5.39
9374,0.58,5.4
9375,0.58,5.39
9376,0.58,5.39
9377,0.58,5.39
9378,0.58,5.39
9379,0.58,5.39
9380,0.58,5.39
9381,0.58,5.39
9382,0.58,5.39
9383,0.58,5.39
9384,0.58,5.39
9385,0.58,5.39
9386,0.58,5.39
9387,0.58,5.39
9388,0.58,5.39
9389,0.58,5.39
9390,0.58,5.39
9391,0.58,5.39
9392,0.58,5.39
9393,0.58,5.39
9394,0.58,5.39
9395,0.58,5.39
9396,0.58,5.39
9397,0.58,5.39
9398,0.58,5.39
9399,0.58,5.39
9400,0.58,5.39
9401,0.58,5.39
9402,0.58,5.39
9403,0.58,5.39
9404,0.58,5.39
9405,0.58,5.39
9406,0.58,5.39
9407,0.58,5.39
9408,0.58,5.39
9409,0.58,5.39
9410,0.58,5.39
9411,0.58,5.39
9412,0.58,5.39
9413,0.58,5.39
9414,0.58,5.39
9415,0.58,5.39
9416,0.58,5.39
9417,0.58,5.39
9418,0.58,5.39
9419,0.58,5.39
9420,0.58,5.39
9421,0.58,5.39
9422,0.58,5.39
9423,0.58,5.39
9424,0.58,5.39
9425,0.58,5.39
9426,0.58,5.39
9427,0.58,5.39
9428,0.58,5.39
9429,0.58,5.39
9430,0.58,5.39
9431,0.58,5.39
9432,0.58,5.39
9433,0.58,5.39
9434,0.58,5.39
9435,0.58,5.39
9436,0.58,5.39
9437,0.58,5.39
9438,0.58,5.39
9439,0.58,5.39
9440,0.58,5.39
9441,0.58,5.39
9442,0.58,5.39
9443,0.58,5.39
9444,0.58,5.39
9445,0.58,5.39
9446,0.58,5.39
9447,0.58,5.39
9448,0.58,5.39
9449,0.58,5.39
9450,0.58,5.39
9451,0.58,5.39
9452,0.58,5.39
9453,0.58,5.39
9454,0.58,5.39
9455,0.58,5.39
9456,0.58,5.39
9457,0.58,5.39
9458,0.58,5.39
9459,0.58,5.39
9460,0.58,5.39
9461,0.58,5.39
9462,0.58,5.39
9463,0.58,5.39
9464,0.58,5.39
9465,0.58,5.39
9466,0.58,5.39
9467,0.58,5.39
9468,0.58,5.39
9469,0.58,5.39
9470,0.58,5.39
9471,0.58,5.39
9472,0.58,5.39
9473,0.58,5.39
9474,0.58,5.39
9475,0.58,5.39
9476,0.58,5.39
9477,0.58,5.39
9478,0.58,5.39
9479,0.58,5.39
9480,0.58,5.39
9481,0.58,5.39
9482,0.58,5.39
9483,0.58,5.39
9484,0.58,5.39
9485,0.58,5.39
9486,0.58,5.39
9487,0.58,5.39
9488,0.58,5.39
9489,0.58,5.39
9490,0.58,5.39
9491,0.58,5.39
9492,0.58,5.39
9493,0.58,5.39
9494,0.58,5.39
9495,0.58,5.39
9496,0.58,5.39
9497,0.58,5.39
9498,0.58,5.39
9499,0.58,5.39
9500,0.58,5.39
9501,0.58,5.39
9502,0.58,5.39
9503,0.58,5.39
9504,0.58,5.39
9505,0.58,5.39
9506,0.58,5.39
9507,0.58,5.39
9508,0.58,5.39
9509,0.58,5.39
9510,0.58,5.39
9511,0.58,5.39
9512,0.58,5.39
9513,0.58,5.39
9514,0.58,5.39
9515,0.58,5.39
9516,0.58,5.39
9517,0.58,5.39
9518,0.58,5.39
9519,0.58,5.39
9520,0.58,5.39
9521,0.58,5.39
9522,0.58,5.39
9523,0.58,5.39
9524,0.58,5.39
9525,0.58,5.39
9526,0.58,5.39
9527,0.58,5.39
9528,0.58,5.39
9529,0.58,5.39
9530,0.58,5.39
9531,0.58,5.39
9532,0.58,5.39
9533,0.58,5.39
9534,0.58,5.39
9535,0.58,5.39
9536,0.58,5.39
9537,0.58,5.39
9538,0.58,5.39
9539,0.58,5.39
9540,0.58,5.39
9541,0.58,5.39
9542,0.58,5.39
9543,0.58,5.39
9544,0.58,5.39
9545,0.58,5.39
9546,0.58,5.39
9547,0.58,5.39
9548,0.58,5.39
9549,0.58,5.39
9550,0.58,5.39
9551,0.58,5.39
9552,0.58,5.39
9553,0.58,5.39
9554,0.58,5.39
9555,0.58,5.39
9556,0.58,5.39
9557,0.58,5.39
9558,0.58,5.39
9559,0.58,5.39
9560,0.58,5.39
9561,0.58,5.39
9562,0.58,5.39
9563,0.58,5.39
9564,0.58,5.39
9565,0.58,5.39
9566,0.58,5.39
9567,0.58,5.39
9568,0.58,5.39
9569,0.58,5.39
9570,0.58,5.39
9571,0.58,5.39
9572,0.58,5.39
9573,0.58,5.39
9574,0.58,5.39
9575,0.58,5.39
9576,0.58,5.39
9577,0.58,5.39
9578,0.58,5.39
9579,0.58,5.39
9580,0.58,5.39
9581,0.58,5.39
9582,0.58,5.39
9583,0.58,5.39
9584,0.58,5.39
9585,0.58,5.39
9586,0.58,5.39
9587,0.58,5.39
9588,0.58,5.39
9589,0.58,5.39
9590,0.58,5.39
9591,0.58,5.39
9592,0.58,5.39
9593,0.58,5.39
9594,0.58,5.39
9595,0.58,5.39
9596,0.58,5.39
9597,0.58,5.39
9598,0.58,5.39
9599,0.58,5.39
9600,0.58,5.39
9601,0.58,5.39
9602,0.58,5.39
9603,0.58,5.39
9604,0.58,5.39
9605,0.58,5.39
9606,0.58,5.39
9607,0.58,5.39
9608,0.58,5.39
9609,0.58,5.39
9610,0.58,5.39
9611,0.58,5.39
9612,0.58,5.39
9613,0.58,5.39
9614,0.58,5.39
9615,0.58,5.39
9616,0.58,5.39
9617,0.58,5.39
9618,0.58,5.39
9619,0.58,5.39
9620,0.58,5.39
9621,0.58,5.39
9622,0.58,5.39
9623,0.58,5.39
9624,0.58,5.39
9625,0.58,5.39
9626,0.58,5.39
9627,0.58,5.39
9628,0.58,5.39
9629,0.58,5.39
9630,0.58,5.39
9631,0.58,5.39
9632,0.58,5.39
9633,0.58,5.39
9634,0.58,5.39
9635,0.58,5.39
9636,0.58,5.39
9637,0.58,5.39
9638,0.58,5.39
9639,0.58,5.39
9640,0.58,5.39
9641,0.58,5.39
9642,0.58,5.39
9643,0.58,5.39
9644,0.58,5.39
9645,0.58,5.39
9646,0.58,5.39
9647,0.58,5.39
9648,0.58,5.39
9649,0.58,5.39
9650,0.58,5.39
9651,0.58,5.39
9652,0.58,5.39
9653,0.58,5.39
9654,0.58,5.39
9655,0.58,5.39
9656,0.58,5.39
9657,0.58,5.39
9658,0.58,5.39
9659,0.58,5.39
9660,0.58,5.39
9661,0.58,5.39
9662,0.58,5.39
9663,0.58,5.39
9664,0.58,5.39
9665,0.58,5.39
9666,0.58,5.39
9667,0.58,5.39
9668,0.58,5.39
9669,0.58,5.39
9670,0.58,5.39
9671,0.58,5.39
9672,0.58,5.39
9673,0.58,5.39
9674,0.58,5.39
9675,0.58,5.39
9676,0.57,5.39
9677,0.57,5.39
9678,0.58,5.39
9679,0.57,5.39
9680,0.57,5.39
9681,0.58,5.39
9682,0.57,5.39
9683,0.58,5.39
9684,0.58,5.39
9685,0.57,5.39
9686,0.58,5.39
9687,0.57,5.39
9688,0.58,5.39
9689,0.57,5.39
9690,0.58,5.39
9691,0.58,5.39
9692,0.57,5.39
9693,0.57,5.39
9694,0.58,5.39
9695,0.58,5.39
9696,0.57,5.39
9697,0.57,5.39
9698,0.58,5.39
9699,0.57,5.39
9700,0.58,5.39
9701,0.58,5.39
9702,0.57,5.38
9703,0.57,5.38
9704,0.58,5.38
9705,0.58,5.38
9706,0.58,5.38
9707,0.57,5.38
9708,0.58,5.38
9709,0.57,5.38
9710,0.57,5.38
9711,0.58,5.38
9712,0.57,5.38
9713,0.57,5.38
9714,0.57,5.38
9715,0.57,5.38
9716,0.58,5.38
9717,0.57,5.38
9718,0.58,5.38
9719,0.57,5.38
9720,0.58,5.38
9721,0.58,5.39
9722,0.57,5.39
9723,0.58,5.39
9724,0.58,5.39
9725,0.58,5.39
9726,0.57,5.39
9727,0.57,5.39
9728,0.57,5.39
9729,0.57,5.38
9730,0.57,5.38
9731,0.58,5.38
9732,0.57,5.38
9733,0.58,5.38
9734,0.57,5.38
9735,0.58,5.38
9736,0.57,5.38
9737,0.57,5.38
9738,0.57,5.38
9739,0.58,5.38
9740,0.58,5.38
9741,0.58,5.38
9742,0.57,5.38
9743,0.57,5.38
9744,0.58,5.38
9745,0.57,5.38
9746,0.58,5.38
9747,0.58,5.38
9748,0.58,5.38
9749,0.58,5.38
9750,0.57,5.38
9751,0.58,5.38
9752,0.57,5.38
9753,0.58,5.38
9754,0.57,5.38
9755,0.58,5.38
9756,0.58,5.38
9757,0.57,5.38
9758,0.58,5.38
9759,0.57,5.38
9760,0.58,5.38
9761,0.58,5.38
9762,0.57,5.38
9763,0.58,5.38
9764,0.58,5.38
9765,0.57,5.38
9766,0.57,5.38
9767,0.57,5.38
9768,0.58,5.38
9769,0.57,5.38
9770,0.57,5.38
9771,0.57,5.38
9772,0.57,5.38
9773,0.57,5.38
9774,0.58,5.38
9775,0.57,5.38
9776,0.58,5.38
9777,0.57,5.38
9778,0.58,5.38
9779,0.57,5.38
9780,0.58,5.38
9781,0.57,5.38
9782,0.57,5.38
9783,0.57,5.38
9784,0.57,5.38
9785,0.58,5.38
9786,0.58,5.38
9787,0.58,5.38
9788,0.57,5.38
9789,0.57,5.38
9790,0.58,5.38
9791,0.58,5.38
9792,0.58,5.38
9793,0.58,5.38
9794,0.57,5.38
9795,0.57,5.38
9796,0.58,5.38
9797,0.57,5.38
9798,0.58,5.38
9799,0.57,5.38
9800,0.58,5.38
9801,0.58,5.38
9802,0.58,5.38
9803,0.57,5.38
9804,0.57,5.38
9805,0.57,5.38
9806,0.57,5.38
9807,0.58,5.38
9808,0.57,5.38
9809,0.57,5.38
9810,0.58,5.38
9811,0.57,5.38
9812,0.57,5.38
9813,0.58,5.38
9814,0.58,5.38
9815,0.58,5.38
9816,0.58,5.38
9817,0.58,5.38
9818,0.58,5.38
9819,0.57,5.38
9820,0.58,5.38
9821,0.58,5.38
9822,0.57,5.38
9823,0.58,5.38
9824,0.58,5.38
9825,0.58,5.38
9826,0.58,5.38
9827,0.58,5.38
9828,0.58,5.38
9829,0.58,5.38
9830,0.58,5.38
9831,0.58,5.38
9832,0.57,5.38
9833,0.58,5.38
9834,0.57,5.38
9835,0.58,5.38
9836,0.57,5.38
9837,0.57,5.38
9838,0.58,5.38
9839,0.57,5.38
9840,0.57,5.38
9841,0.58,5.38
9842,0.58,5.38
9843,0.57,5.38
9844,0.58,5.38
9845,0.57,5.38
9846,0.58,5.38
9847,0.57,5.38
9848,0.58,5.38
9849,0.57,5.38
9850,0.58,5.38
9851,0.57,5.38
9852,0.57,5.38
9853,0.57,5.38
9854,0.57,5.38
9855,0.58,5.38
9856,0.58,5.38
9857,0.57,5.38
9858,0.57,5.38
9859,0.57,5.38
9860,0.58,5.38
9861,0.57,5.38
9862,0.58,5.38
9863,0.58,5.38
9864,0.58,5.38
9865,0.57,5.38
9866,0.58,5.38
9867,0.57,5.38
9868,0.57,5.38
9869,0.57,5.38
9870,0.58,5.38
9871,0.58,5.38
9872,0.57,5.38
9873,0.58,5.38
9874,0.58,5.38
9875,0.58,5.38
9876,0.58,5.38
9877,0.57,5.38
9878,0.57,5.38
9879,0.58,5.38
9880,0.58,5.38
9881,0.58,5.38
9882,0.57,5.38
9883,0.58,5.38
9884,0.58,5.38
9885,0.58,5.38
9886,0.57,5.38
9887,0.58,5.38
9888,0.57,5.38
9889,0.57,5.38
9890,0.57,5.38
9891,0.57,5.38
9892,0.57,5.38
9893,0.58,5.38
9894,0.58,5.38
9895,0.58,5.38
9896,0.58,5.38
9897,0.58,5.38
9898,0.57,5.38
9899,0.57,5.38
9900,0.58,5.38
9901,0.58,5.38
9902,0.57,5.38
9903,0.57,5.38
9904,0.58,5.38
9905,0.57,5.38
9906,0.58,5.38
9907,0.58,5.38
9908,0.58,5.38
9909,0.57,5.38
9910,0.57,5.38
9911,0.57,5.38
9912,0.57,5.38
9913,0.57,5.38
9914,0.58,5.38
9915,0.58,5.38
9916,0.58,5.38
9917,0.58,5.38
9918,0.58,5.38
9919,0.57,5.38
9920,0.58,5.38
9921,0.58,5.38
9922,0.58,5.38
9923,0.57,5.38
9924,0.58,5.38
9925,0.58,5.38
9926,0.58,5.38
9927,0.58,5.38
9928,0.57,5.38
9929,0.58,5.38
9930,0.57,5.38
9931,0.57,5.38
9932,0.57,5.38
9933,0.58,5.38
9934,0.58,5.38
9935,0.58,5.38
9936,0.58,5.38
9937,0.58,5.38
9938,0.58,5.38
9939,0.57,5.38
9940,0.57,5.38
9941,0.58,5.38
9942,0.58,5.38
9943,0.58,5.38
9944,0.58,5.38
9945,0.58,5.38
9946,0.58,5.38
9947,0.58,5.38
9948,0.58,5.38
9949,0.57,5.38
9950,0.58,5.38
9951,0.58,5.38
9952,0.57,5.38
9953,0.57,5.38
9954,0.57,5.38
9955,0.57,5.38
9956,0.58,5.38
9957,0.57,5.38
9958,0.57,5.38
9959,0.57,5.38
9960,0.57,5.38
9961,0.58,5.38
9962,0.57,5.38
9963,0.58,5.38
9964,0.58,5.38
9965,0.58,5.38
9966,0.58,5.38
9967,0.58,5.38
9968,0.57,5.38
9969,0.57,5.38
9970,0.58,5.38
9971,0.58,5.38
9972,0.57,5.38
9973,0.58,5.38
9974,0.57,5.38
9975,0.58,5.38
9976,0.57,5.38
9977,0.58,5.38
9978,0.57,5.38
9979,0.58,5.38
9980,0.57,5.38
9981,0.58,5.38
9982,0.58,5.38
9983,0.58,5.38
9984,0.58,5.38
9985,0.58,5.38
9986,0.57,5.38
9987,0.57,5.38
9988,0.57,5.38
9989,0.57,5.38
9990,0.58,5.38
9991,0.58,5.38
9992,0.58,5.38
9993,0.58,5.38
9994,0.57,5.38
9995,0.57,5.38
9996,0.58,5.38
9997,0.57,5.38
9998,0.58,5.38
9999,0.57,5.38
