Sample,Courant,Pose
0,-3.33,0.14
1,-1.75,0.26
2,-1.71,0.36
3,-1.64,0.45
4,-1.55,0.53
5,-1.46,0.6
6,-1.37,0.66
7,-1.27,0.71
8,-1.17,0.75
9,-1.09,0.79
10,-1.01,0.82
11,-0.94,0.85
12,-0.86,0.87
13,-0.8,0.89
14,-0.75,0.91
15,-0.7,0.93
16,-0.65,0.97
17,-0.61,1.04
18,-0.57,1.14
19,-0.54,1.26
20,-0.5,1.41
21,-0.47,1.58
22,-0.45,1.76
23,-0.43,1.96
24,-0.41,2.18
25,-0.39,2.42
26,-0.37,2.72
27,-0.36,3.05
28,-0.34,3.43
29,-0.33,3.87
30,-0.32,4.36
31,-0.3,4.9
32,-0.3,5.49
33,-0.29,6.12
34,-0.28,6.77
35,-0.27,7.42
36,-0.26,8.09
37,-0.25,8.74
38,-0.24,9.35
39,-0.24,9.91
40,-0.24,10.41
41,-0.24,10.82
42,-0.24,11.14
43,-0.24,11.35
44,-0.23,11.46
45,-0.23,11.45
46,-0.23,11.34
47,-0.23,11.15
48,-0.24,10.85
49,-0.24,10.48
50,-0.24,10.05
51,-0.24,9.58
52,-0.24,9.1
53,-0.24,8.62
54,-0.24,8.14
55,-0.24,7.68
56,-0.24,7.24
57,-0.25,6.82
58,-0.25,6.41
59,-0.24,6.04
60,-0.25,5.69
61,-0.25,5.39
62,-0.25,5.12
63,-0.25,4.89
64,-0.25,4.7
65,-0.25,4.55
66,-0.24,4.43
67,-0.24,4.37
68,-0.24,4.34
69,-0.24,4.35
70,-0.24,4.41
71,-0.24,4.53
72,-0.23,4.69
73,-0.23,4.92
74,-0.22,5.22
75,-0.22,5.58
76,-0.21,5.99
77,-0.21,6.45
78,-0.21,6.95
79,-0.21,7.48
80,-0.21,8.01
81,-0.21,8.54
82,-0.2,9.06
83,-0.19,9.55
84,-0.19,10.0
85,-0.19,10.38
86,-0.19,10.69
87,-0.19,10.9
88,-0.19,11.0
89,-0.19,11.01
90,-0.19,10.92
91,-0.19,10.73
92,-0.19,10.44
93,-0.2,10.1
94,-0.21,9.7
95,-0.21,9.26
96,-0.21,8.81
97,-0.21,8.35
98,-0.21,7.9
99,-0.21,7.47
100,-0.22,7.05
101,-0.22,6.66
102,-0.22,6.28
103,-0.22,5.94
104,-0.22,5.62
105,-0.22,5.34
106,-0.22,5.1
107,-0.22,4.9
108,-0.22,4.73
109,-0.22,4.6
110,-0.22,4.5
111,-0.22,4.45
112,-0.22,4.43
113,-0.22,4.45
114,-0.22,4.53
115,-0.21,4.66
116,-0.21,4.84
117,-0.21,5.08
118,-0.21,5.37
119,-0.21,5.72
120,-0.2,6.13
121,-0.2,6.57
122,-0.2,7.06
123,-0.19,7.57
124,-0.19,8.08
125,-0.19,8.58
126,-0.19,9.06
127,-0.19,9.49
128,-0.19,9.87
129,-0.18,10.18
130,-0.19,10.4
131,-0.19,10.54
132,-0.19,10.57
133,-0.19,10.52
134,-0.19,10.37
135,-0.19,10.13
136,-0.19,9.84
137,-0.2,9.49
138,-0.2,9.1
139,-0.21,8.68
140,-0.21,8.26
141,-0.21,7.84
142,-0.21,7.43
143,-0.21,7.04
144,-0.22,6.67
145,-0.21,6.32
146,-0.22,5.99
147,-0.22,5.69
148,-0.22,5.42
149,-0.22,5.18
150,-0.22,4.98
151,-0.22,4.82
152,-0.22,4.69
153,-0.22,4.59
154,-0.22,4.53
155,-0.22,4.51
156,-0.22,4.53
157,-0.22,4.59
158,-0.22,4.69
159,-0.21,4.86
160,-0.21,5.08
161,-0.21,5.35
162,-0.21,5.67
163,-0.2,6.05
164,-0.2,6.46
165,-0.2,6.91
166,-0.19,7.38
167,-0.19,7.86
168,-0.19,8.33
169,-0.19,8.78
170,-0.19,9.18
171,-0.19,9.53
172,-0.19,9.83
173,-0.19,10.05
174,-0.19,10.18
175,-0.19,10.24
176,-0.19,10.2
177,-0.2,10.07
178,-0.19,9.86
179,-0.19,9.6
180,-0.2,9.28
181,-0.21,8.93
182,-0.21,8.55
183,-0.21,8.16
184,-0.21,7.77
185,-0.22,7.39
186,-0.21,7.01
187,-0.22,6.66
188,-0.22,6.33
189,-0.22,6.01
190,-0.22,5.73
191,-0.22,5.47
192,-0.22,5.24
193,-0.22,5.05
194,-0.22,4.89
195,-0.22,4.76
196,-0.22,4.67
197,-0.22,4.61
198,-0.22,4.59
199,-0.22,4.61
200,-0.22,4.67
201,-0.22,4.79
202,-0.22,4.95
203,-0.22,5.16
204,-0.21,5.43
205,-0.21,5.75
206,-0.21,6.1
207,-0.21,6.49
208,-0.21,6.91
209,-0.21,7.35
210,-0.2,7.79
211,-0.2,8.22
212,-0.2,8.63
213,-0.2,8.99
214,-0.2,9.31
215,-0.2,9.56
216,-0.2,9.74
217,-0.2,9.85
218,-0.2,9.88
219,-0.21,9.84
220,-0.2,9.72
221,-0.2,9.53
222,-0.21,9.28
223,-0.21,9.0
224,-0.21,8.67
225,-0.21,8.32
226,-0.21,7.96
227,-0.22,7.6
228,-0.22,7.24
229,-0.22,6.89
230,-0.22,6.56
231,-0.22,6.25
232,-0.22,5.96
233,-0.22,5.69
234,-0.22,5.45
235,-0.23,5.24
236,-0.23,5.06
237,-0.23,4.91
238,-0.37,5.6
239,-0.37,5.6
240,-0.37,5.6
241,-0.37,5.59
242,-0.37,5.59
243,-0.37,5.59
244,-0.37,5.59
245,-0.37,5.58
246,-0.37,5.58
247,-0.37,5.58
248,-0.37,5.58
249,-0.37,5.58
250,-0.37,5.57
251,-0.37,5.57
252,-0.37,5.57
253,-0.37,5.57
254,-0.37,5.57
255,-0.37,5.57
256,-0.37,5.58
257,-0.37,5.58
258,-0.37,5.58
259,-0.37,5.58
260,-0.37,5.58
261,-0.37,5.59
262,-0.37,5.59
263,-0.37,5.59
264,-0.37,5.59
265,-0.37,5.59
266,-0.37,5.6
267,-0.37,5.6
268,-0.37,5.6
269,-0.37,5.6
270,-0.37,5.6
271,-0.37,5.6
272,-0.37,5.6
273,-0.37,5.6
274,-0.37,5.6
275,-0.37,5.61
276,-0.37,5.61
277,-0.37,5.6
278,-0.37,5.6
279,-0.37,5.6
280,-0.37,5.6
281,-0.37,5.6
282,-0.37,5.6
283,-0.37,5.59
284,-0.37,5.59
285,-0.37,5.59
286,-0.37,5.59
287,-0.37,5.59
288,-0.37,5.59
289,-0.37,5.58
290,-0.37,5.58
291,-0.37,5.58
292,-0.37,5.58
293,-0.37,5.58
294,-0.37,5.58
295,-0.37,5.58
296,-0.37,5.58
297,-0.37,5.58
298,-0.37,5.58
299,-0.37,5.58
300,-0.37,5.58
301,-0.37,5.58
302,-0.37,5.58
303,-0.37,5.58
304,-0.37,5.58
305,-0.37,5.59
306,-0.37,5.59
307,-0.37,5.59
308,-0.37,5.59
309,-0.37,5.59
310,-0.37,5.6
311,-0.37,5.6
312,-0.37,5.6
313,-0.37,5.6
314,-0.37,5.6
315,-0.37,5.6
316,-0.37,5.6
317,-0.37,5.6
318,-0.37,5.61
319,-0.37,5.61
320,-0.37,5.61
321,-0.37,5.61
322,-0.37,5.61
323,-0.37,5.6
324,-0.37,5.6
325,-0.37,5.6
326,-0.37,5.6
327,-0.37,5.6
328,-0.37,5.6
329,-0.37,5.6
330,-0.37,5.59
331,-0.37,5.59
332,-0.37,5.59
333,-0.37,5.59
334,-0.37,5.59
335,-0.37,5.59
336,-0.37,5.59
337,-0.37,5.58
338,-0.37,5.58
339,-0.37,5.58
340,-0.37,5.58
341,-0.37,5.59
342,-0.37,5.59
343,-0.37,5.59
344,-0.37,5.59
345,-0.37,5.59
346,-0.37,5.59
347,-0.37,5.59
348,-0.37,5.59
349,-0.36,5.59
350,-0.37,5.6
351,-0.36,5.6
352,-0.37,5.6
353,-0.37,5.6
354,-0.37,5.61
355,-0.37,5.61
356,-0.37,5.61
357,-0.37,5.61
358,-0.36,5.62
359,-0.36,5.62
360,-0.37,5.62
361,-0.36,5.62
362,-0.37,5.63
363,-0.37,5.63
364,-0.37,5.63
365,-0.37,5.63
366,-0.37,5.63
367,-0.37,5.63
368,-0.37,5.63
369,-0.37,5.63
370,-0.37,5.63
371,-0.36,5.63
372,-0.37,5.63
373,-0.37,5.63
374,-0.37,5.63
375,-0.37,5.62
376,-0.37,5.62
377,-0.37,5.62
378,-0.37,5.61
379,-0.37,5.61
380,-0.37,5.61
381,-0.37,5.61
382,-0.36,5.6
383,-0.37,5.6
384,-0.36,5.6
385,-0.37,5.6
386,-0.37,5.6
387,-0.36,5.6
388,-0.36,5.6
389,-0.36,5.6
390,-0.37,5.6
391,-0.37,5.6
392,-0.37,5.6
393,-0.36,5.6
394,-0.36,5.6
395,-0.37,5.6
396,-0.37,5.61
397,-0.36,5.61
398,-0.37,5.61
399,-0.36,5.62
400,-0.36,5.62
401,-0.36,5.62
402,-0.37,5.62
403,-0.36,5.63
404,-0.36,5.63
405,-0.37,5.63
406,-0.37,5.63
407,-0.36,5.63
408,-0.36,5.63
409,-0.36,5.63
410,-0.36,5.64
411,-0.37,5.64
412,-0.36,5.64
413,-0.36,5.63
414,-0.37,5.64
415,-0.36,5.63
416,-0.37,5.63
417,-0.36,5.63
418,-0.36,5.63
419,-0.36,5.63
420,-0.36,5.62
421,-0.37,5.62
422,-0.37,5.62
423,-0.36,5.61
424,-0.36,5.61
425,-0.36,5.6
426,-0.37,5.6
427,-0.36,5.6
428,-0.36,5.6
429,-0.37,5.6
430,-0.36,5.6
431,-0.36,5.6
432,-0.36,5.59
433,-0.36,5.59
434,-0.37,5.6
435,-0.37,5.6
436,-0.36,5.6
437,-0.37,5.6
438,-0.37,5.6
439,-0.36,5.6
440,-0.36,5.6
441,-0.36,5.61
442,-0.36,5.61
443,-0.36,5.61
444,-0.36,5.61
445,-0.36,5.62
446,-0.37,5.62
447,-0.36,5.62
448,-0.36,5.63
449,-0.36,5.63
450,-0.36,5.63
451,-0.37,5.63
452,-0.36,5.63
453,-0.36,5.63
454,-0.37,5.63
455,-0.36,5.63
456,-0.36,5.63
457,-0.36,5.63
458,-0.36,5.63
459,-0.37,5.63
460,-0.37,5.63
461,-0.37,5.62
462,-0.36,5.62
463,-0.36,5.62
464,-0.36,5.62
465,-0.36,5.61
466,-0.36,5.61
467,-0.37,5.61
468,-0.36,5.61
469,-0.36,5.6
470,-0.36,5.6
471,-0.36,5.6
472,-0.36,5.6
473,-0.36,5.6
474,-0.36,5.6
475,-0.37,5.6
476,-0.36,5.6
477,-0.36,5.6
478,-0.36,5.6
479,-0.37,5.6
480,-0.36,5.6
481,-0.36,5.6
482,-0.36,5.6
483,-0.36,5.61
484,-0.36,5.61
485,-0.36,5.61
486,-0.37,5.61
487,-0.36,5.62
488,-0.36,5.62
489,-0.36,5.62
490,-0.36,5.62
491,-0.36,5.62
492,-0.36,5.63
493,-0.36,5.63
494,-0.37,5.63
495,-0.36,5.63
496,-0.36,5.63
497,-0.36,5.63
498,-0.36,5.63
499,-0.36,5.63
500,-0.36,5.63
501,-0.36,5.63
502,-0.36,5.63
503,-0.36,5.63
504,-0.36,5.63
505,-0.36,5.63
506,-0.36,5.63
507,-0.37,5.62
508,-0.37,5.62
509,-0.36,5.62
510,-0.36,5.62
511,-0.36,5.61
512,-0.36,5.61
513,-0.36,5.61
514,-0.36,5.61
515,-0.36,5.61
516,-0.36,5.61
517,-0.36,5.6
518,-0.36,5.6
519,-0.36,5.6
520,-0.36,5.6
521,-0.36,5.6
522,-0.36,5.6
523,-0.37,5.6
524,-0.36,5.6
525,-0.36,5.61
526,-0.36,5.61
527,-0.36,5.61
528,-0.36,5.61
529,-0.36,5.61
530,-0.36,5.62
531,-0.36,5.62
532,-0.36,5.62
533,-0.36,5.62
534,-0.36,5.62
535,-0.36,5.63
536,-0.36,5.63
537,-0.36,5.63
538,-0.36,5.63
539,-0.36,5.63
540,-0.37,5.63
541,-0.36,5.63
542,-0.37,5.63
543,-0.36,5.63
544,-0.36,5.63
545,-0.36,5.63
546,-0.36,5.63
547,-0.36,5.63
548,-0.36,5.62
549,-0.36,5.62
550,-0.36,5.62
551,-0.36,5.62
552,-0.37,5.61
553,-0.36,5.61
554,-0.37,5.61
555,-0.36,5.61
556,-0.36,5.61
557,-0.36,5.6
558,-0.36,5.6
559,-0.36,5.6
560,-0.36,5.6
561,-0.36,5.6
562,-0.37,5.6
563,-0.36,5.6
564,-0.36,5.6
565,-0.36,5.6
566,-0.36,5.6
567,-0.36,5.6
568,-0.36,5.61
569,-0.36,5.61
570,-0.36,5.61
571,-0.36,5.61
572,-0.37,5.61
573,-0.36,5.61
574,-0.36,5.62
575,-0.37,5.62
576,-0.36,5.62
577,-0.36,5.62
578,-0.36,5.62
579,-0.36,5.62
580,-0.36,5.63
581,-0.37,5.63
582,-0.37,5.63
583,-0.36,5.63
584,-0.36,5.63
585,-0.36,5.63
586,-0.36,5.63
587,-0.36,5.63
588,-0.36,5.63
589,-0.37,5.62
590,-0.36,5.62
591,-0.36,5.62
592,-0.36,5.62
593,-0.36,5.62
594,-0.37,5.62
595,-0.36,5.61
596,-0.36,5.61
597,-0.36,5.61
598,-0.36,5.61
599,-0.36,5.61
600,-0.36,5.61
601,-0.37,5.6
602,-0.37,5.6
603,-0.36,5.6
604,-0.37,5.6
605,-0.37,5.6
606,-0.36,5.6
607,-0.36,5.6
608,-0.36,5.6
609,-0.36,5.6
610,-0.36,5.6
611,-0.37,5.6
612,-0.37,5.6
613,-0.36,5.61
614,-0.37,5.61
615,-0.36,5.61
616,-0.36,5.61
617,-0.36,5.61
618,-0.36,5.61
619,-0.36,5.61
620,-0.36,5.62
621,-0.36,5.62
622,-0.37,5.62
623,-0.36,5.62
624,-0.36,5.62
625,-0.36,5.62
626,-0.36,5.62
627,-0.36,5.62
628,-0.36,5.63
629,-0.36,5.63
630,-0.36,5.63
631,-0.36,5.63
632,-0.36,5.63
633,-0.36,5.63
634,-0.36,5.63
635,-0.36,5.62
636,-0.36,5.62
637,-0.36,5.62
638,-0.36,5.62
639,-0.36,5.62
640,-0.36,5.62
641,-0.36,5.61
642,-0.36,5.61
643,-0.36,5.61
644,-0.37,5.61
645,-0.36,5.61
646,-0.36,5.61
647,-0.36,5.6
648,-0.36,5.6
649,-0.36,5.6
650,-0.36,5.59
651,-0.36,5.57
652,-0.36,5.53
653,-0.36,5.48
654,-0.36,5.42
655,-0.35,5.34
656,-0.35,5.25
657,-0.35,5.16
658,-0.35,5.05
659,-0.35,4.93
660,-0.35,4.81
661,-0.35,4.67
662,-0.35,4.53
663,-0.34,4.39
664,-0.34,4.23
665,-0.34,4.07
666,-0.34,3.9
667,-0.34,3.73
668,-0.34,3.56
669,-0.35,3.39
670,-0.35,3.23
671,-0.34,3.08
672,-0.34,2.94
673,-0.34,2.81
674,-0.34,2.7
675,-0.34,2.6
676,-0.34,2.51
677,-0.34,2.44
678,-0.34,2.38
679,-0.34,2.34
680,-0.34,2.31
681,-0.34,2.3
682,-0.34,2.3
683,-0.34,2.31
684,-0.34,2.34
685,-0.34,2.39
686,-0.34,2.44
687,-0.34,2.51
688,-0.34,2.58
689,-0.33,2.66
690,-0.33,2.75
691,-0.33,2.85
692,-0.33,2.95
693,-0.33,3.05
694,-0.33,3.16
695,-0.33,3.28
696,-0.32,3.39
697,-0.33,3.51
698,-0.32,3.63
699,-0.32,3.75
700,-0.32,3.87
701,-0.32,3.97
702,-0.32,4.07
703,-0.32,4.16
704,-0.32,4.24
705,-0.32,4.31
706,-0.32,4.36
707,-0.32,4.4
708,-0.32,4.42
709,-0.32,4.43
710,-0.32,4.42
711,-0.32,4.4
712,-0.32,4.37
713,-0.32,4.32
714,-0.31,4.27
715,-0.32,4.2
716,-0.32,4.13
717,-0.32,4.05
718,-0.32,3.97
719,-0.32,3.87
720,-0.32,3.78
721,-0.32,3.68
722,-0.32,3.57
723,-0.32,3.47
724,-0.32,3.37
725,-0.32,3.27
726,-0.32,3.17
727,-0.32,3.09
728,-0.32,3.01
729,-0.32,2.94
730,-0.32,2.89
731,-0.32,2.85
732,-0.32,2.82
733,-0.32,2.81
734,-0.32,2.81
735,-0.32,2.82
736,-0.32,2.84
737,-0.32,2.88
738,-0.32,2.92
739,-0.32,2.98
740,-0.32,3.04
741,-0.32,3.1
742,-0.32,3.18
743,-0.32,3.26
744,-0.32,3.35
745,-0.32,3.44
746,-0.31,3.54
747,-0.31,3.63
748,-0.31,3.73
749,-0.31,3.83
750,-0.31,3.92
751,-0.31,4.02
752,-0.31,4.1
753,-0.3,4.18
754,-0.3,4.25
755,-0.3,4.3
756,-0.3,4.35
757,-0.3,4.38
758,-0.3,4.4
759,-0.3,4.41
760,-0.3,4.4
761,-0.3,4.38
762,-0.3,4.35
763,-0.3,4.31
764,-0.3,4.26
765,-0.3,4.2
766,-0.3,4.13
767,-0.3,4.06
768,-0.3,3.99
769,-0.3,3.9
770,-0.3,3.82
771,-0.3,3.73
772,-0.3,3.64
773,-0.3,3.55
774,-0.3,3.47
775,-0.3,3.38
776,-0.3,3.3
777,-0.3,3.22
778,-0.3,3.15
779,-0.3,3.08
780,-0.3,3.03
781,-0.3,2.99
782,-0.3,2.96
783,-0.3,2.94
784,-0.3,2.93
785,-0.3,2.93
786,-0.3,2.95
787,-0.3,2.97
788,-0.3,3.0
789,-0.3,3.04
790,-0.3,3.09
791,-0.3,3.15
792,-0.3,3.22
793,-0.3,3.29
794,-0.3,3.36
795,-0.3,3.44
796,-0.3,3.53
797,-0.3,3.61
798,-0.29,3.7
799,-0.29,3.8
800,-0.29,3.89
801,-0.29,3.97
802,-0.29,4.06
803,-0.29,4.14
804,-0.29,4.2
805,-0.28,4.27
806,-0.28,4.32
807,-0.28,4.35
808,-0.28,4.38
809,-0.28,4.4
810,-0.28,4.4
811,-0.28,4.4
812,-0.28,4.38
813,-0.28,4.35
814,-0.28,4.31
815,-0.28,4.26
816,-0.28,4.2
817,-0.28,4.14
818,-0.28,4.08
819,-0.28,4.0
820,-0.28,3.93
821,-0.28,3.85
822,-0.28,3.77
823,-0.28,3.69
824,-0.28,3.61
825,-0.28,3.53
826,-0.28,3.45
827,-0.28,3.38
828,-0.28,3.31
829,-0.28,3.25
830,-0.28,3.19
831,-0.28,3.15
832,-0.28,3.11
833,-0.28,3.09
834,-0.28,3.07
835,-0.28,3.06
836,-0.28,3.07
837,-0.28,3.08
838,-0.28,3.1
839,-0.28,3.13
840,-0.28,3.17
841,-0.28,3.22
842,-0.28,3.27
843,-0.28,3.33
844,-0.28,3.39
845,-0.28,3.46
846,-0.28,3.54
847,-0.28,3.62
848,-0.28,3.7
849,-0.27,3.78
850,-0.27,3.87
851,-0.27,3.95
852,-0.27,4.03
853,-0.27,4.1
854,-0.27,4.17
855,-0.27,4.24
856,-0.26,4.29
857,-0.26,4.33
858,-0.26,4.37
859,-0.26,4.39
860,-0.26,4.4
861,-0.26,4.4
862,-0.26,4.4
863,-0.26,4.38
864,-0.26,4.35
865,-0.26,4.31
866,-0.26,4.26
867,-0.26,4.21
868,-0.26,4.15
869,-0.26,4.09
870,-0.26,4.02
871,-0.26,3.95
872,-0.26,3.88
873,-0.26,3.81
874,-0.26,3.73
875,-0.26,3.66
876,-0.26,3.59
877,-0.26,3.52
878,-0.26,3.45
879,-0.26,3.39
880,-0.26,3.34
881,-0.26,3.29
882,-0.26,3.25
883,-0.26,3.22
884,-0.26,3.2
885,-0.26,3.19
886,-0.26,3.18
887,-0.26,3.19
888,-0.26,3.2
889,-0.26,3.22
890,-0.26,3.25
891,-0.26,3.29
892,-0.26,3.33
893,-0.26,3.38
894,-0.25,3.44
895,-0.25,3.5
896,-0.26,3.56
897,-0.25,3.63
898,-0.25,3.71
899,-0.25,3.79
900,-0.24,3.86
901,-0.25,3.94
902,-0.25,4.02
903,-0.25,4.09
904,-0.24,4.16
905,-0.24,4.23
906,-0.24,4.28
907,-0.24,4.33
908,-0.24,4.37
909,-0.24,4.4
910,-0.24,4.42
911,-0.24,4.43
912,-0.24,4.43
913,-0.24,4.42
914,-0.24,4.4
915,-0.24,4.37
916,-0.24,4.33
917,-0.24,4.29
918,-0.24,4.24
919,-0.24,4.18
920,-0.24,4.12
921,-0.24,4.06
922,-0.24,3.99
923,-0.24,3.93
924,-0.24,3.86
925,-0.24,3.79
926,-0.24,3.72
927,-0.24,3.66
928,-0.24,3.59
929,-0.24,3.53
930,-0.24,3.48
931,-0.24,3.43
932,-0.24,3.39
933,-0.24,3.36
934,-0.24,3.33
935,-0.24,3.31
936,-0.24,3.3
937,-0.24,3.3
938,-0.24,3.3
939,-0.24,3.31
940,-0.24,3.33
941,-0.24,3.36
942,-0.24,3.39
943,-0.24,3.44
944,-0.23,3.48
945,-0.23,3.54
946,-0.23,3.59
947,-0.23,3.66
948,-0.23,3.72
949,-0.23,3.79
950,-0.23,3.87
951,-0.23,3.94
952,-0.22,4.01
953,-0.22,4.08
954,-0.22,4.15
955,-0.22,4.21
956,-0.22,4.27
957,-0.22,4.32
958,-0.22,4.37
959,-0.22,4.4
960,-0.22,4.43
961,-0.22,4.44
962,-0.22,4.45
963,-0.22,4.45
964,-0.22,4.44
965,-0.22,4.42
966,-0.22,4.39
967,-0.22,4.35
968,-0.22,4.31
969,-0.22,4.26
970,-0.22,4.21
971,-0.22,4.15
972,-0.22,4.09
973,-0.22,4.03
974,-0.22,3.97
975,-0.22,3.9
976,-0.22,3.84
977,-0.22,3.78
978,-0.22,3.72
979,-0.22,3.66
980,-0.22,3.61
981,-0.22,3.56
982,-0.22,3.52
983,-0.22,3.48
984,-0.22,3.45
985,-0.22,3.42
986,-0.22,3.41
987,-0.21,3.4
988,-0.21,3.4
989,-0.21,3.41
990,-0.21,3.42
991,-0.22,3.44
992,-0.21,3.47
993,-0.21,3.5
994,-0.21,3.54
995,-0.21,3.59
996,-0.21,3.64
997,-0.21,3.69
998,-0.21,3.75
999,-0.21,3.82
1000,-0.21,3.88
1001,-0.21,3.95
1002,-0.21,4.02
1003,-0.21,4.09
1004,-0.2,4.15
1005,-0.2,4.22
1006,-0.2,4.28
1007,-0.2,4.33
1008,-0.2,4.38
1009,-0.2,4.42
1010,-0.2,4.45
1011,-0.2,4.47
1012,-0.2,4.48
1013,-0.19,4.49
1014,-0.2,4.49
1015,-0.2,4.47
1016,-0.2,4.45
1017,-0.19,4.43
1018,-0.2,4.39
1019,-0.19,4.35
1020,-0.19,4.31
1021,-0.19,4.26
1022,-0.19,4.2
1023,-0.19,4.14
1024,-0.19,4.09
1025,-0.19,4.03
1026,-0.19,3.97
1027,-0.19,3.91
1028,-0.19,3.85
1029,-0.19,3.8
1030,-0.19,3.74
1031,-0.19,3.7
1032,-0.19,3.65
1033,-0.19,3.61
1034,-0.19,3.58
1035,-0.19,3.55
1036,-0.19,3.53
1037,-0.19,3.51
1038,-0.19,3.51
1039,-0.19,3.5
1040,-0.19,3.51
1041,-0.19,3.53
1042,-0.19,3.55
1043,-0.19,3.57
1044,-0.19,3.6
1045,-0.19,3.64
1046,-0.19,3.69
1047,-0.19,3.73
1048,-0.19,3.79
1049,-0.19,3.85
1050,-0.18,3.91
1051,-0.19,3.97
1052,-0.18,4.04
1053,-0.18,4.1
1054,-0.18,4.16
1055,-0.17,4.23
1056,-0.18,4.29
1057,-0.18,4.34
1058,-0.17,4.39
1059,-0.17,4.43
1060,-0.17,4.47
1061,-0.17,4.5
1062,-0.17,4.52
1063,-0.17,4.53
1064,-0.17,4.54
1065,-0.17,4.53
1066,-0.17,4.52
1067,-0.17,4.5
1068,-0.17,4.47
1069,-0.17,4.44
1070,-0.17,4.4
1071,-0.17,4.35
1072,-0.17,4.31
1073,-0.17,4.25
1074,-0.17,4.2
1075,-0.17,4.14
1076,-0.17,4.09
1077,-0.17,4.03
1078,-0.17,3.97
1079,-0.17,3.92
1080,-0.17,3.87
1081,-0.17,3.82
1082,-0.17,3.78
1083,-0.17,3.73
1084,-0.17,3.7
1085,-0.17,3.67
1086,-0.17,3.64
1087,-0.17,3.62
1088,-0.17,3.61
1089,-0.17,3.61
1090,-0.17,3.61
1091,-0.17,3.61
1092,-0.17,3.63
1093,-0.17,3.65
1094,-0.16,3.67
1095,-0.17,3.71
1096,-0.16,3.74
1097,-0.16,3.79
1098,-0.16,3.83
1099,-0.16,3.88
1100,-0.16,3.94
1101,-0.16,4.0
1102,-0.16,4.06
1103,-0.16,4.12
1104,-0.15,4.18
1105,-0.15,4.24
1106,-0.15,4.3
1107,-0.15,4.36
1108,-0.15,4.41
1109,-0.15,4.46
1110,-0.15,4.5
1111,-0.15,4.53
1112,-0.15,4.56
1113,-0.15,4.58
1114,-0.15,4.59
1115,-0.15,4.59
1116,-0.15,4.58
1117,-0.15,4.57
1118,-0.15,4.55
1119,-0.15,4.53
1120,-0.14,4.49
1121,-0.15,4.45
1122,-0.15,4.41
1123,-0.14,4.36
1124,-0.15,4.32
1125,-0.15,4.27
1126,-0.15,4.21
1127,-0.15,4.16
1128,-0.15,4.1
1129,-0.15,4.05
1130,-0.14,4.0
1131,-0.15,3.95
1132,-0.15,3.91
1133,-0.15,3.86
1134,-0.14,3.83
1135,-0.15,3.79
1136,-0.14,3.77
1137,-0.14,3.74
1138,-0.15,3.73
1139,-0.14,3.72
1140,-0.14,3.71
1141,-0.14,3.71
1142,-0.14,3.72
1143,-0.14,3.74
1144,-0.14,3.76
1145,-0.14,3.78
1146,-0.13,3.82
1147,-0.13,3.85
1148,-0.13,3.9
1149,-0.13,3.94
1150,-0.13,3.99
1151,-0.13,4.05
1152,-0.13,4.1
1153,-0.13,4.16
1154,-0.13,4.22
1155,-0.13,4.28
1156,-0.13,4.34
1157,-0.13,4.39
1158,-0.13,4.45
1159,-0.13,4.49
1160,-0.12,4.54
1161,-0.12,4.57
1162,-0.12,4.61
1163,-0.13,4.63
1164,-0.12,4.64
1165,-0.12,4.65
1166,-0.12,4.65
1167,-0.11,4.65
1168,-0.12,4.63
1169,-0.12,4.61
1170,-0.11,4.59
1171,-0.12,4.55
1172,-0.12,4.52
1173,-0.12,4.47
1174,-0.12,4.43
1175,-0.12,4.38
1176,-0.12,4.33
1177,-0.12,4.28
1178,-0.12,4.23
1179,-0.11,4.18
1180,-0.11,4.13
1181,-0.11,4.08
1182,-0.12,4.04
1183,-0.11,4.0
1184,-0.11,3.96
1185,-0.12,3.92
1186,-0.12,3.9
1187,-0.12,3.87
1188,-0.11,3.85
1189,-0.11,3.84
1190,-0.11,3.83
1191,-0.11,3.83
1192,-0.11,3.83
1193,-0.11,3.84
1194,-0.11,3.85
1195,-0.11,3.87
1196,-0.11,3.9
1197,-0.11,3.93
1198,-0.11,3.97
1199,-0.11,4.01
1200,-0.11,4.06
1201,-0.11,4.1
1202,-0.11,4.16
1203,-0.11,4.21
1204,-0.1,4.27
1205,-0.11,4.32
1206,-0.1,4.38
1207,-0.1,4.43
1208,-0.1,4.49
1209,-0.1,4.53
1210,-0.1,4.58
1211,-0.09,4.62
1212,-0.09,4.65
1213,-0.1,4.68
1214,-0.09,4.7
1215,-0.09,4.71
1216,-0.1,4.72
1217,-0.09,4.72
1218,-0.09,4.71
1219,-0.09,4.69
1220,-0.09,4.67
1221,-0.09,4.64
1222,-0.09,4.61
1223,-0.09,4.57
1224,-0.09,4.53
1225,-0.09,4.49
1226,-0.09,4.44
1227,-0.09,4.4
1228,-0.09,4.35
1229,-0.09,4.3
1230,-0.09,4.25
1231,-0.09,4.21
1232,-0.09,4.16
1233,-0.09,4.12
1234,-0.09,4.08
1235,-0.09,4.05
1236,-0.09,4.02
1237,-0.09,3.99
1238,-0.09,3.97
1239,-0.09,3.95
1240,-0.09,3.94
1241,-0.09,3.93
1242,-0.09,3.93
1243,-0.09,3.94
1244,-0.09,3.95
1245,-0.08,3.97
1246,-0.09,3.99
1247,-0.08,4.01
1248,-0.09,4.05
1249,-0.09,4.08
1250,-0.08,4.12
1251,-0.08,4.17
1252,-0.08,4.22
1253,-0.08,4.27
1254,-0.08,4.32
1255,-0.08,4.37
1256,-0.08,4.42
1257,-0.07,4.48
1258,-0.07,4.53
1259,-0.08,4.58
1260,-0.08,4.62
1261,-0.07,4.66
1262,-0.08,4.7
1263,-0.07,4.73
1264,-0.07,4.75
1265,-0.07,4.77
1266,-0.07,4.78
1267,-0.07,4.79
1268,-0.07,4.78
1269,-0.07,4.77
1270,-0.07,4.76
1271,-0.07,4.74
1272,-0.07,4.71
1273,-0.07,4.68
1274,-0.07,4.64
1275,-0.07,4.6
1276,-0.07,4.56
1277,-0.07,4.52
1278,-0.07,4.47
1279,-0.07,4.43
1280,-0.07,4.38
1281,-0.07,4.34
1282,-0.07,4.29
1283,-0.07,4.25
1284,-0.06,4.21
1285,-0.07,4.17
1286,-0.07,4.14
1287,-0.07,4.11
1288,-0.06,4.09
1289,-0.06,4.07
1290,-0.07,4.05
1291,-0.07,4.04
1292,-0.06,4.04
1293,-0.06,4.04
1294,-0.06,4.05
1295,-0.06,4.06
1296,-0.06,4.08
1297,-0.06,4.1
1298,-0.06,4.13
1299,-0.06,4.16
1300,-0.06,4.19
1301,-0.06,4.23
1302,-0.06,4.28
1303,-0.06,4.33
1304,-0.06,4.38
1305,-0.06,4.43
1306,-0.05,4.48
1307,-0.05,4.53
1308,-0.05,4.58
1309,-0.05,4.63
1310,-0.05,4.67
1311,-0.04,4.72
1312,-0.04,4.76
1313,-0.04,4.79
1314,-0.04,4.82
1315,-0.04,4.84
1316,-0.04,4.86
1317,-0.04,4.87
1318,-0.04,4.87
1319,-0.04,4.87
1320,-0.04,4.86
1321,-0.04,4.84
1322,-0.04,4.82
1323,-0.04,4.8
1324,-0.04,4.77
1325,-0.04,4.73
1326,-0.04,4.69
1327,-0.04,4.65
1328,-0.04,4.61
1329,-0.04,4.57
1330,-0.04,4.52
1331,-0.04,4.48
1332,-0.04,4.43
1333,-0.04,4.39
1334,-0.04,4.35
1335,-0.04,4.31
1336,-0.04,4.28
1337,-0.04,4.25
1338,-0.04,4.22
1339,-0.04,4.2
1340,-0.04,4.18
1341,-0.04,4.16
1342,-0.04,4.15
1343,-0.04,4.15
1344,-0.04,4.15
1345,-0.04,4.16
1346,-0.04,4.17
1347,-0.04,4.19
1348,-0.03,4.21
1349,-0.03,4.23
1350,-0.03,4.27
1351,-0.03,4.3
1352,-0.03,4.34
1353,-0.03,4.38
1354,-0.03,4.43
1355,-0.03,4.48
1356,-0.02,4.52
1357,-0.03,4.58
1358,-0.02,4.63
1359,-0.02,4.67
1360,-0.02,4.72
1361,-0.02,4.76
1362,-0.02,4.8
1363,-0.02,4.84
1364,-0.02,4.87
1365,-0.02,4.9
1366,-0.02,4.92
1367,-0.02,4.94
1368,-0.02,4.95
1369,-0.02,4.95
1370,-0.02,4.95
1371,-0.02,4.94
1372,-0.02,4.92
1373,-0.02,4.9
1374,-0.02,4.88
1375,-0.02,4.85
1376,-0.02,4.82
1377,-0.02,4.78
1378,-0.02,4.74
1379,-0.02,4.7
1380,-0.02,4.66
1381,-0.02,4.61
1382,-0.02,4.57
1383,-0.01,4.53
1384,-0.02,4.49
1385,-0.01,4.45
1386,-0.02,4.41
1387,-0.01,4.38
1388,-0.01,4.35
1389,-0.01,4.32
1390,-0.01,4.3
1391,-0.01,4.28
1392,-0.01,4.27
1393,-0.01,4.26
1394,-0.01,4.26
1395,-0.01,4.26
1396,-0.01,4.27
1397,-0.01,4.29
1398,-0.0,4.31
1399,-0.0,4.33
1400,-0.0,4.36
1401,-0.0,4.39
1402,-0.0,4.43
1403,-0.0,4.47
1404,0.0,4.51
1405,0.0,4.56
1406,0.0,4.61
1407,0.0,4.66
1408,0.0,4.71
1409,0.01,4.75
1410,0.01,4.8
1411,0.01,4.85
1412,0.01,4.89
1413,0.01,4.93
1414,0.01,4.96
1415,0.01,4.99
1416,0.01,5.01
1417,0.01,5.03
1418,0.01,5.04
1419,0.01,5.05
1420,0.02,5.05
1421,0.02,5.05
1422,0.02,5.04
1423,0.01,5.02
1424,0.01,5.0
1425,0.02,4.97
1426,0.02,4.94
1427,0.01,4.91
1428,0.01,4.87
1429,0.02,4.84
1430,0.02,4.8
1431,0.02,4.76
1432,0.02,4.72
1433,0.02,4.67
1434,0.02,4.63
1435,0.02,4.6
1436,0.02,4.56
1437,0.02,4.52
1438,0.02,4.49
1439,0.02,4.47
1440,0.02,4.44
1441,0.02,4.42
1442,0.02,4.4
1443,0.02,4.39
1444,0.02,4.38
1445,0.02,4.38
1446,0.02,4.38
1447,0.02,4.39
1448,0.02,4.41
1449,0.02,4.42
1450,0.02,4.45
1451,0.02,4.47
1452,0.03,4.51
1453,0.03,4.54
1454,0.02,4.58
1455,0.03,4.62
1456,0.03,4.66
1457,0.03,4.71
1458,0.03,4.75
1459,0.03,4.8
1460,0.03,4.85
1461,0.03,4.89
1462,0.03,4.94
1463,0.03,4.98
1464,0.04,5.02
1465,0.04,5.05
1466,0.04,5.08
1467,0.04,5.1
1468,0.04,5.12
1469,0.04,5.14
1470,0.04,5.14
1471,0.04,5.14
1472,0.04,5.14
1473,0.04,5.13
1474,0.04,5.12
1475,0.04,5.1
1476,0.04,5.08
1477,0.04,5.05
1478,0.04,5.02
1479,0.04,4.98
1480,0.04,4.95
1481,0.04,4.91
1482,0.04,4.87
1483,0.04,4.83
1484,0.04,4.79
1485,0.04,4.75
1486,0.04,4.71
1487,0.04,4.68
1488,0.04,4.64
1489,0.05,4.61
1490,0.04,4.58
1491,0.04,4.56
1492,0.05,4.54
1493,0.05,4.52
1494,0.05,4.51
1495,0.05,4.5
1496,0.05,4.5
1497,0.05,4.5
1498,0.05,4.51
1499,0.05,4.52
1500,0.05,4.54
1501,0.05,4.56
1502,0.06,4.59
1503,0.06,4.62
1504,0.06,4.65
1505,0.06,4.69
1506,0.06,4.73
1507,0.06,4.77
1508,0.06,4.82
1509,0.06,4.86
1510,0.06,4.91
1511,0.06,4.95
1512,0.06,5.0
1513,0.06,5.04
1514,0.06,5.08
1515,0.06,5.12
1516,0.06,5.15
1517,0.06,5.18
1518,0.06,5.21
1519,0.07,5.23
1520,0.07,5.24
1521,0.07,5.25
1522,0.07,5.25
1523,0.06,5.25
1524,0.07,5.24
1525,0.07,5.23
1526,0.07,5.21
1527,0.06,5.19
1528,0.07,5.16
1529,0.07,5.13
1530,0.07,5.1
1531,0.07,5.06
1532,0.07,5.02
1533,0.07,4.98
1534,0.07,4.94
1535,0.07,4.9
1536,0.07,4.86
1537,0.07,4.83
1538,0.07,4.79
1539,0.07,4.76
1540,0.07,4.73
1541,0.07,4.7
1542,0.07,4.68
1543,0.07,4.66
1544,0.07,4.64
1545,0.07,4.63
1546,0.07,4.62
1547,0.07,4.62
1548,0.07,4.62
1549,0.07,4.63
1550,0.07,4.64
1551,0.07,4.66
1552,0.07,4.68
1553,0.07,4.71
1554,0.08,4.74
1555,0.08,4.77
1556,0.08,4.81
1557,0.08,4.85
1558,0.08,4.89
1559,0.08,4.93
1560,0.09,4.98
1561,0.08,5.02
1562,0.08,5.07
1563,0.08,5.11
1564,0.09,5.15
1565,0.09,5.19
1566,0.09,5.23
1567,0.09,5.26
1568,0.09,5.29
1569,0.08,5.31
1570,0.09,5.33
1571,0.09,5.34
1572,0.09,5.35
1573,0.09,5.35
1574,0.09,5.35
1575,0.09,5.34
1576,0.09,5.33
1577,0.09,5.31
1578,0.09,5.29
1579,0.09,5.26
1580,0.09,5.23
1581,0.09,5.2
1582,0.09,5.16
1583,0.09,5.12
1584,0.09,5.09
1585,0.09,5.05
1586,0.09,5.01
1587,0.09,4.97
1588,0.1,4.94
1589,0.1,4.9
1590,0.1,4.87
1591,0.1,4.84
1592,0.1,4.82
1593,0.1,4.79
1594,0.09,4.77
1595,0.09,4.76
1596,0.1,4.75
1597,0.1,4.75
1598,0.1,4.74
1599,0.1,4.75
1600,0.1,4.76
1601,0.1,4.77
1602,0.1,4.79
1603,0.1,4.81
1604,0.1,4.84
1605,0.11,4.87
1606,0.11,4.9
1607,0.11,4.94
1608,0.11,4.98
1609,0.11,5.02
1610,0.11,5.06
1611,0.11,5.11
1612,0.11,5.15
1613,0.11,5.19
1614,0.11,5.24
1615,0.11,5.28
1616,0.11,5.31
1617,0.11,5.35
1618,0.11,5.38
1619,0.11,5.41
1620,0.11,5.43
1621,0.11,5.44
1622,0.12,5.46
1623,0.12,5.46
1624,0.12,5.47
1625,0.12,5.46
1626,0.12,5.46
1627,0.12,5.44
1628,0.12,5.42
1629,0.12,5.4
1630,0.12,5.38
1631,0.12,5.34
1632,0.13,5.31
1633,0.12,5.28
1634,0.12,5.24
1635,0.12,5.21
1636,0.12,5.17
1637,0.12,5.13
1638,0.12,5.1
1639,0.13,5.06
1640,0.13,5.03
1641,0.13,5.0
1642,0.13,4.97
1643,0.12,4.94
1644,0.13,4.92
1645,0.13,4.9
1646,0.13,4.89
1647,0.13,4.88
1648,0.13,4.87
1649,0.13,4.87
1650,0.13,4.88
1651,0.13,4.88
1652,0.13,4.9
1653,0.13,4.91
1654,0.13,4.93
1655,0.13,4.96
1656,0.13,4.99
1657,0.13,5.02
1658,0.13,5.05
1659,0.13,5.09
1660,0.13,5.13
1661,0.14,5.17
1662,0.14,5.22
1663,0.14,5.26
1664,0.14,5.3
1665,0.14,5.34
1666,0.14,5.38
1667,0.14,5.42
1668,0.14,5.45
1669,0.14,5.48
1670,0.14,5.51
1671,0.14,5.53
1672,0.14,5.55
1673,0.14,5.56
1674,0.14,5.57
1675,0.15,5.57
1676,0.14,5.57
1677,0.15,5.56
1678,0.15,5.55
1679,0.15,5.53
1680,0.15,5.5
1681,0.15,5.48
1682,0.14,5.45
1683,0.15,5.42
1684,0.15,5.38
1685,0.15,5.35
1686,0.15,5.31
1687,0.15,5.28
1688,0.15,5.24
1689,0.15,5.2
1690,0.15,5.17
1691,0.15,5.14
1692,0.15,5.11
1693,0.15,5.08
1694,0.15,5.06
1695,0.15,5.03
1696,0.15,5.02
1697,0.16,5.0
1698,0.15,4.99
1699,0.15,4.99
1700,0.15,4.99
1701,0.15,5.0
1702,0.15,5.0
1703,0.16,5.02
1704,0.16,5.03
1705,0.16,5.06
1706,0.16,5.08
1707,0.16,5.11
1708,0.15,5.14
1709,0.16,5.18
1710,0.16,5.22
1711,0.17,5.26
1712,0.16,5.3
1713,0.16,5.34
1714,0.17,5.38
1715,0.17,5.43
1716,0.16,5.47
1717,0.17,5.51
1718,0.17,5.54
1719,0.17,5.58
1720,0.17,5.6
1721,0.17,5.63
1722,0.17,5.65
1723,0.17,5.67
1724,0.17,5.68
1725,0.17,5.69
1726,0.17,5.69
1727,0.17,5.68
1728,0.18,5.67
1729,0.17,5.66
1730,0.17,5.64
1731,0.17,5.62
1732,0.17,5.59
1733,0.17,5.56
1734,0.17,5.53
1735,0.17,5.5
1736,0.17,5.46
1737,0.17,5.43
1738,0.18,5.39
1739,0.17,5.36
1740,0.17,5.32
1741,0.17,5.29
1742,0.17,5.26
1743,0.17,5.23
1744,0.17,5.2
1745,0.18,5.18
1746,0.18,5.16
1747,0.17,5.14
1748,0.18,5.13
1749,0.18,5.12
1750,0.19,5.12
1751,0.18,5.12
1752,0.18,5.12
1753,0.19,5.14
1754,0.18,5.15
1755,0.19,5.17
1756,0.19,5.19
1757,0.19,5.21
1758,0.19,5.24
1759,0.19,5.28
1760,0.19,5.31
1761,0.19,5.35
1762,0.19,5.39
1763,0.19,5.43
1764,0.19,5.47
1765,0.19,5.51
1766,0.19,5.55
1767,0.19,5.59
1768,0.19,5.63
1769,0.19,5.66
1770,0.19,5.69
1771,0.19,5.72
1772,0.2,5.75
1773,0.2,5.77
1774,0.2,5.78
1775,0.2,5.79
1776,0.2,5.79
1777,0.2,5.79
1778,0.2,5.79
1779,0.2,5.78
1780,0.2,5.77
1781,0.19,5.75
1782,0.19,5.73
1783,0.2,5.7
1784,0.19,5.67
1785,0.2,5.64
1786,0.2,5.61
1787,0.2,5.57
1788,0.2,5.54
1789,0.2,5.5
1790,0.2,5.47
1791,0.2,5.44
1792,0.2,5.4
1793,0.2,5.37
1794,0.2,5.35
1795,0.2,5.32
1796,0.2,5.3
1797,0.21,5.28
1798,0.21,5.27
1799,0.21,5.26
1800,0.21,5.25
1801,0.21,5.25
1802,0.21,5.26
1803,0.21,5.26
1804,0.21,5.27
1805,0.21,5.29
1806,0.21,5.31
1807,0.21,5.34
1808,0.21,5.37
1809,0.21,5.4
1810,0.21,5.43
1811,0.21,5.46
1812,0.21,5.5
1813,0.21,5.54
1814,0.21,5.58
1815,0.21,5.62
1816,0.21,5.66
1817,0.21,5.7
1818,0.21,5.74
1819,0.22,5.77
1820,0.22,5.8
1821,0.22,5.83
1822,0.22,5.85
1823,0.22,5.87
1824,0.22,5.89
1825,0.22,5.9
1826,0.22,5.91
1827,0.22,5.91
1828,0.22,5.91
1829,0.22,5.9
1830,0.22,5.88
1831,0.22,5.87
1832,0.22,5.85
1833,0.22,5.82
1834,0.22,5.8
1835,0.22,5.77
1836,0.22,5.74
1837,0.22,5.7
1838,0.22,5.67
1839,0.22,5.64
1840,0.22,5.6
1841,0.22,5.57
1842,0.22,5.54
1843,0.22,5.51
1844,0.22,5.48
1845,0.22,5.46
1846,0.22,5.44
1847,0.22,5.42
1848,0.22,5.4
1849,0.22,5.39
1850,0.22,5.38
1851,0.22,5.38
1852,0.22,5.38
1853,0.23,5.39
1854,0.23,5.4
1855,0.23,5.41
1856,0.23,5.43
1857,0.23,5.46
1858,0.23,5.48
1859,0.23,5.51
1860,0.23,5.54
1861,0.23,5.58
1862,0.23,5.61
1863,0.24,5.65
1864,0.24,5.69
1865,0.24,5.73
1866,0.24,5.77
1867,0.24,5.81
1868,0.24,5.84
1869,0.24,5.88
1870,0.24,5.91
1871,0.24,5.94
1872,0.24,5.96
1873,0.24,5.98
1874,0.24,6.0
1875,0.24,6.01
1876,0.24,6.02
1877,0.24,6.02
1878,0.24,6.02
1879,0.24,6.02
1880,0.24,6.01
1881,0.24,5.99
1882,0.24,5.97
1883,0.24,5.95
1884,0.24,5.92
1885,0.24,5.9
1886,0.24,5.86
1887,0.24,5.83
1888,0.24,5.8
1889,0.24,5.77
1890,0.24,5.73
1891,0.24,5.7
1892,0.25,5.67
1893,0.24,5.64
1894,0.24,5.62
1895,0.25,5.59
1896,0.25,5.57
1897,0.24,5.55
1898,0.25,5.53
1899,0.25,5.52
1900,0.25,5.51
1901,0.25,5.51
1902,0.26,5.51
1903,0.25,5.51
1904,0.25,5.52
1905,0.25,5.54
1906,0.25,5.55
1907,0.26,5.58
1908,0.26,5.6
1909,0.25,5.63
1910,0.26,5.66
1911,0.26,5.7
1912,0.26,5.73
1913,0.26,5.77
1914,0.26,5.81
1915,0.26,5.85
1916,0.26,5.89
1917,0.26,5.92
1918,0.26,5.96
1919,0.26,5.99
1920,0.26,6.02
1921,0.26,6.05
1922,0.26,6.07
1923,0.26,6.09
1924,0.26,6.1
1925,0.26,6.11
1926,0.26,6.12
1927,0.26,6.12
1928,0.26,6.12
1929,0.26,6.11
1930,0.26,6.1
1931,0.26,6.08
1932,0.26,6.06
1933,0.26,6.04
1934,0.26,6.01
1935,0.26,5.98
1936,0.26,5.95
1937,0.27,5.92
1938,0.26,5.89
1939,0.26,5.86
1940,0.27,5.83
1941,0.27,5.8
1942,0.27,5.77
1943,0.27,5.74
1944,0.26,5.71
1945,0.27,5.69
1946,0.27,5.67
1947,0.27,5.66
1948,0.27,5.64
1949,0.27,5.64
1950,0.27,5.63
1951,0.28,5.63
1952,0.27,5.63
1953,0.28,5.64
1954,0.28,5.65
1955,0.28,5.67
1956,0.28,5.69
1957,0.28,5.71
1958,0.28,5.74
1959,0.28,5.77
1960,0.28,5.8
1961,0.28,5.83
1962,0.28,5.87
1963,0.28,5.91
1964,0.28,5.94
1965,0.28,5.98
1966,0.28,6.02
1967,0.28,6.05
1968,0.28,6.09
1969,0.28,6.12
1970,0.28,6.14
1971,0.28,6.17
1972,0.28,6.19
1973,0.28,6.2
1974,0.28,6.22
1975,0.28,6.23
1976,0.28,6.23
1977,0.28,6.23
1978,0.28,6.23
1979,0.28,6.22
1980,0.28,6.2
1981,0.28,6.19
1982,0.28,6.17
1983,0.28,6.14
1984,0.29,6.12
1985,0.28,6.09
1986,0.28,6.06
1987,0.28,6.03
1988,0.29,6.0
1989,0.29,5.97
1990,0.28,5.94
1991,0.28,5.91
1992,0.29,5.88
1993,0.29,5.85
1994,0.29,5.82
1995,0.29,5.8
1996,0.29,5.78
1997,0.29,5.77
1998,0.29,5.75
1999,0.29,5.75
2000,0.29,5.74
2001,0.3,5.74
2002,0.3,5.74
2003,0.3,5.75
2004,0.3,5.76
2005,0.3,5.78
2006,0.3,5.8
2007,0.3,5.82
2008,0.3,5.85
2009,0.3,5.88
2010,0.3,5.91
2011,0.3,5.95
2012,0.3,5.98
2013,0.3,6.02
2014,0.3,6.06
2015,0.3,6.1
2016,0.3,6.13
2017,0.3,6.16
2018,0.3,6.2
2019,0.3,6.23
2020,0.3,6.25
2021,0.3,6.28
2022,0.3,6.3
2023,0.31,6.32
2024,0.3,6.33
2025,0.31,6.34
2026,0.31,6.34
2027,0.31,6.34
2028,0.31,6.34
2029,0.3,6.33
2030,0.31,6.32
2031,0.31,6.31
2032,0.31,6.29
2033,0.31,6.27
2034,0.31,6.24
2035,0.3,6.22
2036,0.31,6.19
2037,0.31,6.16
2038,0.31,6.13
2039,0.31,6.1
2040,0.31,6.07
2041,0.31,6.04
2042,0.31,6.01
2043,0.31,5.98
2044,0.3,5.96
2045,0.31,5.94
2046,0.31,5.92
2047,0.31,5.9
2048,0.31,5.88
2049,0.32,5.87
2050,0.32,5.87
2051,0.31,5.87
2052,0.32,5.87
2053,0.31,5.87
2054,0.32,5.88
2055,0.32,5.9
2056,0.32,5.91
2057,0.32,5.94
2058,0.32,5.96
2059,0.32,5.99
2060,0.32,6.02
2061,0.32,6.05
2062,0.32,6.08
2063,0.32,6.12
2064,0.32,6.15
2065,0.32,6.19
2066,0.32,6.22
2067,0.32,6.25
2068,0.32,6.28
2069,0.32,6.31
2070,0.32,6.34
2071,0.32,6.37
2072,0.33,6.39
2073,0.32,6.41
2074,0.32,6.43
2075,0.32,6.44
2076,0.32,6.44
2077,0.33,6.45
2078,0.33,6.44
2079,0.33,6.44
2080,0.32,6.43
2081,0.33,6.42
2082,0.33,6.4
2083,0.33,6.38
2084,0.32,6.36
2085,0.33,6.33
2086,0.32,6.31
2087,0.32,6.28
2088,0.33,6.25
2089,0.33,6.22
2090,0.33,6.19
2091,0.33,6.16
2092,0.33,6.13
2093,0.33,6.11
2094,0.33,6.08
2095,0.33,6.06
2096,0.33,6.04
2097,0.33,6.02
2098,0.33,6.0
2099,0.33,5.99
2100,0.34,5.98
2101,0.33,5.98
2102,0.33,5.97
2103,0.33,5.98
2104,0.33,5.98
2105,0.34,5.99
2106,0.34,6.01
2107,0.34,6.03
2108,0.33,6.05
2109,0.34,6.07
2110,0.34,6.1
2111,0.34,6.12
2112,0.34,6.15
2113,0.34,6.19
2114,0.34,6.22
2115,0.34,6.25
2116,0.34,6.29
2117,0.34,6.32
2118,0.34,6.35
2119,0.34,6.39
2120,0.34,6.42
2121,0.34,6.44
2122,0.34,6.47
2123,0.34,6.49
2124,0.34,6.51
2125,0.34,6.52
2126,0.34,6.53
2127,0.34,6.54
2128,0.34,6.54
2129,0.35,6.54
2130,0.34,6.54
2131,0.34,6.53
2132,0.35,6.51
2133,0.34,6.5
2134,0.34,6.48
2135,0.34,6.46
2136,0.34,6.44
2137,0.35,6.41
2138,0.34,6.38
2139,0.34,6.35
2140,0.35,6.32
2141,0.34,6.3
2142,0.34,6.27
2143,0.34,6.24
2144,0.34,6.21
2145,0.35,6.19
2146,0.34,6.17
2147,0.35,6.15
2148,0.35,6.13
2149,0.35,6.11
2150,0.35,6.1
2151,0.35,6.09
2152,0.35,6.09
2153,0.35,6.09
2154,0.36,6.09
2155,0.35,6.1
2156,0.36,6.11
2157,0.35,6.13
2158,0.36,6.14
2159,0.36,6.16
2160,0.35,6.19
2161,0.36,6.21
2162,0.36,6.24
2163,0.36,6.27
2164,0.36,6.3
2165,0.36,6.34
2166,0.36,6.37
2167,0.36,6.4
2168,0.36,6.43
2169,0.36,6.46
2170,0.36,6.49
2171,0.36,6.52
2172,0.36,6.55
2173,0.36,6.57
2174,0.36,6.59
2175,0.36,6.61
2176,0.36,6.62
2177,0.36,6.63
2178,0.36,6.64
2179,0.36,6.64
2180,0.36,6.64
2181,0.36,6.64
2182,0.36,6.63
2183,0.37,6.61
2184,0.36,6.6
2185,0.36,6.58
2186,0.36,6.56
2187,0.36,6.53
2188,0.36,6.51
2189,0.36,6.48
2190,0.36,6.45
2191,0.36,6.43
2192,0.36,6.4
2193,0.36,6.37
2194,0.36,6.34
2195,0.36,6.32
2196,0.36,6.29
2197,0.36,6.27
2198,0.36,6.25
2199,0.36,6.23
2200,0.37,6.21
2201,0.36,6.2
2202,0.36,6.19
2203,0.37,6.19
2204,0.37,6.19
2205,0.37,6.19
2206,0.37,6.2
2207,0.37,6.21
2208,0.37,6.22
2209,0.37,6.24
2210,0.37,6.25
2211,0.37,6.28
2212,0.37,6.3
2213,0.37,6.33
2214,0.37,6.36
2215,0.37,6.39
2216,0.37,6.42
2217,0.37,6.45
2218,0.37,6.48
2219,0.37,6.51
2220,0.37,6.55
2221,0.37,6.58
2222,0.37,6.61
2223,0.37,6.63
2224,0.38,6.65
2225,0.37,6.68
2226,0.38,6.69
2227,0.37,6.71
2228,0.37,6.72
2229,0.37,6.73
2230,0.37,6.73
2231,0.38,6.73
2232,0.38,6.73
2233,0.37,6.72
2234,0.38,6.71
2235,0.38,6.69
2236,0.38,6.67
2237,0.38,6.65
2238,0.38,6.63
2239,0.38,6.6
2240,0.37,6.58
2241,0.38,6.56
2242,0.38,6.53
2243,0.37,6.5
2244,0.37,6.48
2245,0.38,6.45
2246,0.38,6.42
2247,0.38,6.4
2248,0.38,6.38
2249,0.38,6.36
2250,0.38,6.34
2251,0.38,6.32
2252,0.38,6.31
2253,0.37,6.3
2254,0.38,6.3
2255,0.38,6.3
2256,0.39,6.3
2257,0.39,6.3
2258,0.39,6.31
2259,0.39,6.33
2260,0.39,6.34
2261,0.39,6.36
2262,0.39,6.38
2263,0.38,6.4
2264,0.39,6.43
2265,0.39,6.45
2266,0.39,6.48
2267,0.39,6.51
2268,0.39,6.54
2269,0.39,6.57
2270,0.39,6.6
2271,0.39,6.63
2272,0.39,6.66
2273,0.39,6.69
2274,0.39,6.71
2275,0.39,6.73
2276,0.39,6.75
2277,0.39,6.77
2278,0.39,6.78
2279,0.39,6.8
2280,0.39,6.8
2281,0.39,6.8
2282,0.39,6.8
2283,0.39,6.8
2284,0.39,6.79
2285,0.39,6.78
2286,0.39,6.77
2287,0.39,6.75
2288,0.39,6.73
2289,0.39,6.71
2290,0.39,6.68
2291,0.39,6.66
2292,0.39,6.63
2293,0.39,6.61
2294,0.39,6.58
2295,0.39,6.55
2296,0.39,6.53
2297,0.39,6.5
2298,0.39,6.48
2299,0.39,6.46
2300,0.39,6.44
2301,0.39,6.42
2302,0.39,6.41
2303,0.39,6.39
2304,0.39,6.39
2305,0.39,6.38
2306,0.39,6.38
2307,0.39,6.38
2308,0.39,6.39
2309,0.39,6.4
2310,0.39,6.41
2311,0.39,6.42
2312,0.4,6.44
2313,0.39,6.46
2314,0.4,6.48
2315,0.4,6.51
2316,0.4,6.54
2317,0.4,6.56
2318,0.4,6.59
2319,0.4,6.62
2320,0.4,6.65
2321,0.4,6.68
2322,0.4,6.71
2323,0.4,6.74
2324,0.4,6.77
2325,0.4,6.79
2326,0.4,6.81
2327,0.4,6.83
2328,0.4,6.85
2329,0.4,6.86
2330,0.4,6.87
2331,0.4,6.88
2332,0.4,6.88
2333,0.4,6.87
2334,0.4,6.87
2335,0.4,6.86
2336,0.41,6.85
2337,0.41,6.83
2338,0.4,6.82
2339,0.4,6.8
2340,0.4,6.77
2341,0.4,6.75
2342,0.41,6.72
2343,0.41,6.7
2344,0.41,6.67
2345,0.41,6.64
2346,0.41,6.61
2347,0.41,6.59
2348,0.41,6.57
2349,0.41,6.54
2350,0.41,6.52
2351,0.41,6.5
2352,0.41,6.49
2353,0.41,6.48
2354,0.41,6.47
2355,0.41,6.46
2356,0.41,6.46
2357,0.41,6.45
2358,0.41,6.46
2359,0.41,6.47
2360,0.41,6.48
2361,0.41,6.49
2362,0.41,6.51
2363,0.41,6.53
2364,0.41,6.55
2365,0.41,6.58
2366,0.41,6.6
2367,0.41,6.63
2368,0.42,6.66
2369,0.42,6.69
2370,0.41,6.72
2371,0.41,6.75
2372,0.41,6.78
2373,0.41,6.81
2374,0.41,6.84
2375,0.41,6.86
2376,0.41,6.89
2377,0.41,6.91
2378,0.41,6.93
2379,0.41,6.94
2380,0.41,6.95
2381,0.41,6.96
2382,0.41,6.96
2383,0.41,6.96
2384,0.41,6.96
2385,0.41,6.95
2386,0.41,6.94
2387,0.41,6.93
2388,0.42,6.91
2389,0.41,6.89
2390,0.41,6.87
2391,0.42,6.85
2392,0.41,6.82
2393,0.42,6.8
2394,0.41,6.77
2395,0.41,6.74
2396,0.42,6.71
2397,0.42,6.69
2398,0.42,6.66
2399,0.42,6.64
2400,0.42,6.61
2401,0.41,6.59
2402,0.42,6.57
2403,0.42,6.56
2404,0.42,6.54
2405,0.42,6.53
2406,0.42,6.53
2407,0.42,6.53
2408,0.42,6.53
2409,0.43,6.53
2410,0.42,6.54
2411,0.42,6.55
2412,0.42,6.57
2413,0.43,6.58
2414,0.42,6.6
2415,0.42,6.63
2416,0.43,6.65
2417,0.42,6.68
2418,0.43,6.71
2419,0.43,6.74
2420,0.43,6.77
2421,0.42,6.8
2422,0.43,6.83
2423,0.42,6.86
2424,0.42,6.89
2425,0.43,6.91
2426,0.42,6.94
2427,0.43,6.96
2428,0.43,6.98
2429,0.43,6.99
2430,0.43,7.01
2431,0.43,7.01
2432,0.43,7.02
2433,0.43,7.02
2434,0.43,7.02
2435,0.43,7.02
2436,0.43,7.01
2437,0.43,7.0
2438,0.43,6.98
2439,0.43,6.96
2440,0.43,6.94
2441,0.43,6.92
2442,0.43,6.9
2443,0.43,6.87
2444,0.43,6.84
2445,0.43,6.82
2446,0.43,6.79
2447,0.43,6.76
2448,0.43,6.74
2449,0.43,6.71
2450,0.43,6.69
2451,0.43,6.67
2452,0.43,6.65
2453,0.43,6.63
2454,0.43,6.62
2455,0.43,6.6
2456,0.43,6.6
2457,0.43,6.59
2458,0.43,6.59
2459,0.43,6.59
2460,0.43,6.6
2461,0.43,6.61
2462,0.43,6.62
2463,0.43,6.63
2464,0.43,6.65
2465,0.43,6.68
2466,0.43,6.7
2467,0.43,6.73
2468,0.43,6.75
2469,0.43,6.78
2470,0.43,6.81
2471,0.43,6.84
2472,0.44,6.87
2473,0.44,6.9
2474,0.43,6.93
2475,0.43,6.96
2476,0.43,6.98
2477,0.43,7.01
2478,0.43,7.03
2479,0.43,7.05
2480,0.43,7.07
2481,0.44,7.08
2482,0.43,7.09
2483,0.43,7.09
2484,0.44,7.09
2485,0.43,7.09
2486,0.43,7.09
2487,0.44,7.07
2488,0.44,7.06
2489,0.44,7.05
2490,0.44,7.03
2491,0.43,7.01
2492,0.44,6.99
2493,0.44,6.96
2494,0.44,6.94
2495,0.44,6.91
2496,0.43,6.88
2497,0.43,6.85
2498,0.44,6.83
2499,0.44,6.8
2500,0.43,6.77
2501,0.44,6.75
2502,0.44,6.73
2503,0.44,6.71
2504,0.43,6.69
2505,0.44,6.68
2506,0.44,6.66
2507,0.44,6.66
2508,0.44,6.65
2509,0.44,6.65
2510,0.44,6.66
2511,0.44,6.66
2512,0.44,6.67
2513,0.44,6.68
2514,0.44,6.7
2515,0.44,6.72
2516,0.44,6.74
2517,0.44,6.76
2518,0.44,6.78
2519,0.44,6.81
2520,0.45,6.84
2521,0.44,6.86
2522,0.44,6.89
2523,0.44,6.92
2524,0.44,6.95
2525,0.44,6.98
2526,0.44,7.0
2527,0.44,7.03
2528,0.45,7.05
2529,0.45,7.07
2530,0.45,7.09
2531,0.44,7.1
2532,0.44,7.11
2533,0.44,7.12
2534,0.45,7.12
2535,0.45,7.12
2536,0.44,7.12
2537,0.45,7.11
2538,0.45,7.1
2539,0.45,7.09
2540,0.45,7.08
2541,0.44,7.06
2542,0.45,7.04
2543,0.45,7.01
2544,0.44,6.99
2545,0.44,6.96
2546,0.45,6.94
2547,0.45,6.91
2548,0.45,6.89
2549,0.45,6.86
2550,0.45,6.84
2551,0.45,6.82
2552,0.45,6.79
2553,0.45,6.77
2554,0.45,6.76
2555,0.45,6.74
2556,0.45,6.73
2557,0.45,6.72
2558,0.44,6.72
2559,0.45,6.71
2560,0.45,6.71
2561,0.45,6.72
2562,0.45,6.72
2563,0.45,6.73
2564,0.45,6.75
2565,0.45,6.76
2566,0.45,6.78
2567,0.45,6.8
2568,0.45,6.82
2569,0.45,6.85
2570,0.45,6.87
2571,0.45,6.9
2572,0.45,6.93
2573,0.45,6.96
2574,0.45,6.98
2575,0.45,7.01
2576,0.45,7.04
2577,0.45,7.07
2578,0.45,7.09
2579,0.45,7.11
2580,0.45,7.13
2581,0.45,7.14
2582,0.45,7.16
2583,0.45,7.17
2584,0.45,7.17
2585,0.45,7.18
2586,0.45,7.18
2587,0.45,7.17
2588,0.45,7.16
2589,0.45,7.15
2590,0.45,7.14
2591,0.45,7.12
2592,0.45,7.1
2593,0.45,7.08
2594,0.45,7.06
2595,0.45,7.04
2596,0.45,7.01
2597,0.45,6.98
2598,0.45,6.95
2599,0.45,6.93
2600,0.45,6.9
2601,0.45,6.88
2602,0.45,6.85
2603,0.45,6.83
2604,0.45,6.81
2605,0.45,6.79
2606,0.45,6.78
2607,0.45,6.76
2608,0.45,6.75
2609,0.45,6.75
2610,0.45,6.74
2611,0.45,6.74
2612,0.45,6.74
2613,0.45,6.75
2614,0.45,6.76
2615,0.45,6.77
2616,0.45,6.79
2617,0.46,6.81
2618,0.45,6.83
2619,0.45,6.85
2620,0.46,6.88
2621,0.45,6.91
2622,0.46,6.93
2623,0.46,6.96
2624,0.46,6.99
2625,0.46,7.02
2626,0.46,7.05
2627,0.46,7.07
2628,0.45,7.1
2629,0.45,7.13
2630,0.45,7.15
2631,0.46,7.17
2632,0.46,7.19
2633,0.46,7.2
2634,0.45,7.21
2635,0.45,7.22
2636,0.46,7.22
2637,0.46,7.22
2638,0.45,7.22
2639,0.45,7.21
2640,0.46,7.2
2641,0.45,7.18
2642,0.46,7.17
2643,0.46,7.15
2644,0.46,7.12
2645,0.45,7.1
2646,0.45,7.08
2647,0.45,7.05
2648,0.45,7.02
2649,0.45,6.99
2650,0.45,6.97
2651,0.45,6.94
2652,0.45,6.91
2653,0.45,6.89
2654,0.45,6.86
2655,0.45,6.84
2656,0.46,6.82
2657,0.46,6.8
2658,0.46,6.79
2659,0.45,6.78
2660,0.46,6.77
2661,0.46,6.76
2662,0.46,6.76
2663,0.46,6.77
2664,0.45,6.77
2665,0.46,6.78
2666,0.46,6.8
2667,0.46,6.81
2668,0.46,6.83
2669,0.46,6.85
2670,0.46,6.87
2671,0.46,6.9
2672,0.46,6.92
2673,0.46,6.95
2674,0.46,6.98
2675,0.46,7.01
2676,0.46,7.04
2677,0.45,7.07
2678,0.46,7.09
2679,0.46,7.12
2680,0.46,7.15
2681,0.46,7.17
2682,0.46,7.19
2683,0.46,7.2
2684,0.46,7.22
2685,0.46,7.23
2686,0.46,7.23
2687,0.46,7.23
2688,0.46,7.23
2689,0.46,7.23
2690,0.46,7.22
2691,0.47,7.21
2692,0.47,7.19
2693,0.46,7.18
2694,0.46,7.16
2695,0.46,7.14
2696,0.47,7.11
2697,0.46,7.09
2698,0.46,7.06
2699,0.46,7.04
2700,0.46,7.01
2701,0.46,6.98
2702,0.46,6.96
2703,0.46,6.93
2704,0.46,6.91
2705,0.46,6.89
2706,0.46,6.87
2707,0.46,6.85
2708,0.46,6.84
2709,0.46,6.83
2710,0.47,6.81
2711,0.46,6.81
2712,0.47,6.8
2713,0.46,6.8
2714,0.46,6.81
2715,0.47,6.81
2716,0.47,6.82
2717,0.46,6.83
2718,0.47,6.84
2719,0.47,6.86
2720,0.46,6.88
2721,0.47,6.9
2722,0.46,6.93
2723,0.46,6.95
2724,0.47,6.98
2725,0.47,7.01
2726,0.47,7.04
2727,0.47,7.06
2728,0.46,7.09
2729,0.46,7.12
2730,0.47,7.14
2731,0.47,7.17
2732,0.47,7.19
2733,0.47,7.21
2734,0.47,7.23
2735,0.47,7.24
2736,0.47,7.25
2737,0.47,7.25
2738,0.47,7.25
2739,0.46,7.25
2740,0.46,7.25
2741,0.46,7.24
2742,0.47,7.23
2743,0.47,7.22
2744,0.46,7.2
2745,0.47,7.18
2746,0.47,7.16
2747,0.47,7.13
2748,0.46,7.11
2749,0.46,7.08
2750,0.46,7.06
2751,0.46,7.03
2752,0.47,7.0
2753,0.47,6.98
2754,0.46,6.95
2755,0.46,6.92
2756,0.46,6.9
2757,0.47,6.88
2758,0.46,6.86
2759,0.46,6.85
2760,0.47,6.83
2761,0.46,6.82
2762,0.47,6.81
2763,0.46,6.81
2764,0.47,6.81
2765,0.47,6.81
2766,0.47,6.82
2767,0.46,6.82
2768,0.46,6.83
2769,0.46,6.85
2770,0.47,6.87
2771,0.46,6.89
2772,0.47,6.91
2773,0.47,6.93
2774,0.47,6.96
2775,0.47,6.99
2776,0.47,7.02
2777,0.47,7.05
2778,0.47,7.07
2779,0.46,7.1
2780,0.46,7.13
2781,0.47,7.15
2782,0.46,7.17
2783,0.47,7.2
2784,0.47,7.22
2785,0.47,7.23
2786,0.47,7.24
2787,0.47,7.25
2788,0.47,7.26
2789,0.47,7.26
2790,0.47,7.26
2791,0.47,7.26
2792,0.47,7.25
2793,0.47,7.24
2794,0.47,7.23
2795,0.47,7.21
2796,0.47,7.19
2797,0.47,7.17
2798,0.47,7.15
2799,0.47,7.13
2800,0.47,7.11
2801,0.47,7.08
2802,0.47,7.06
2803,0.47,7.03
2804,0.47,7.01
2805,0.47,6.98
2806,0.47,6.96
2807,0.47,6.94
2808,0.46,6.92
2809,0.47,6.9
2810,0.47,6.89
2811,0.47,6.88
2812,0.47,6.86
2813,0.47,6.86
2814,0.47,6.85
2815,0.47,6.85
2816,0.47,6.86
2817,0.47,6.86
2818,0.47,6.87
2819,0.46,6.88
2820,0.47,6.89
2821,0.46,6.91
2822,0.47,6.93
2823,0.47,6.95
2824,0.46,6.97
2825,0.47,6.99
2826,0.46,7.02
2827,0.47,7.05
2828,0.47,7.07
2829,0.47,7.1
2830,0.47,7.12
2831,0.47,7.14
2832,0.47,7.16
2833,0.47,7.18
2834,0.46,7.2
2835,0.47,7.21
2836,0.47,7.23
2837,0.47,7.23
2838,0.47,7.24
2839,0.47,7.25
2840,0.47,7.25
2841,0.47,7.25
2842,0.47,7.24
2843,0.47,7.24
2844,0.47,7.23
2845,0.47,7.21
2846,0.47,7.2
2847,0.47,7.18
2848,0.47,7.16
2849,0.47,7.14
2850,0.47,7.12
2851,0.47,7.1
2852,0.47,7.07
2853,0.47,7.05
2854,0.47,7.03
2855,0.47,7.01
2856,0.47,6.99
2857,0.47,6.97
2858,0.46,6.95
2859,0.47,6.93
2860,0.47,6.92
2861,0.46,6.9
2862,0.47,6.89
2863,0.46,6.89
2864,0.47,6.88
2865,0.47,6.88
2866,0.47,6.88
2867,0.47,6.88
2868,0.47,6.88
2869,0.46,6.89
2870,0.46,6.9
2871,0.47,6.92
2872,0.47,6.93
2873,0.47,6.95
2874,0.47,6.97
2875,0.47,6.99
2876,0.46,7.01
2877,0.46,7.03
2878,0.46,7.06
2879,0.47,7.08
2880,0.47,7.1
2881,0.47,7.12
2882,0.47,7.14
2883,0.47,7.16
2884,0.47,7.18
2885,0.47,7.19
2886,0.47,7.21
2887,0.47,7.21
2888,0.47,7.22
2889,0.46,7.23
2890,0.47,7.23
2891,0.47,7.23
2892,0.47,7.23
2893,0.46,7.22
2894,0.46,7.21
2895,0.47,7.2
2896,0.46,7.19
2897,0.47,7.18
2898,0.46,7.16
2899,0.46,7.14
2900,0.47,7.12
2901,0.46,7.11
2902,0.47,7.08
2903,0.47,7.06
2904,0.47,7.04
2905,0.47,7.02
2906,0.47,7.0
2907,0.47,6.98
2908,0.47,6.96
2909,0.47,6.95
2910,0.47,6.93
2911,0.46,6.92
2912,0.46,6.91
2913,0.47,6.9
2914,0.47,6.89
2915,0.46,6.89
2916,0.47,6.89
2917,0.47,6.89
2918,0.47,6.89
2919,0.46,6.9
2920,0.47,6.91
2921,0.47,6.92
2922,0.47,6.93
2923,0.47,6.95
2924,0.47,6.96
2925,0.47,6.98
2926,0.47,7.0
2927,0.46,7.02
2928,0.46,7.04
2929,0.46,7.06
2930,0.47,7.08
2931,0.47,7.1
2932,0.47,7.11
2933,0.47,7.13
2934,0.47,7.15
2935,0.47,7.16
2936,0.47,7.18
2937,0.46,7.19
2938,0.46,7.2
2939,0.46,7.21
2940,0.47,7.21
2941,0.46,7.21
2942,0.46,7.21
2943,0.47,7.21
2944,0.46,7.2
2945,0.46,7.19
2946,0.46,7.18
2947,0.46,7.17
2948,0.46,7.16
2949,0.46,7.14
2950,0.46,7.12
2951,0.46,7.1
2952,0.46,7.08
2953,0.46,7.06
2954,0.46,7.04
2955,0.46,7.02
2956,0.46,7.0
2957,0.46,6.98
2958,0.46,6.96
2959,0.46,6.94
2960,0.46,6.93
2961,0.46,6.91
2962,0.46,6.9
2963,0.46,6.89
2964,0.46,6.88
2965,0.46,6.87
2966,0.46,6.87
2967,0.46,6.87
2968,0.47,6.87
2969,0.46,6.87
2970,0.46,6.87
2971,0.46,6.88
2972,0.46,6.89
2973,0.46,6.91
2974,0.47,6.92
2975,0.47,6.94
2976,0.47,6.96
2977,0.47,6.97
2978,0.46,7.0
2979,0.46,7.02
2980,0.46,7.04
2981,0.46,7.06
2982,0.46,7.08
2983,0.46,7.1
2984,0.46,7.12
2985,0.46,7.14
2986,0.46,7.15
2987,0.46,7.17
2988,0.46,7.18
2989,0.46,7.19
2990,0.46,7.2
2991,0.46,7.2
2992,0.47,7.21
2993,0.46,7.21
2994,0.46,7.2
2995,0.46,7.2
2996,0.46,7.19
2997,0.46,7.18
2998,0.46,7.17
2999,0.46,7.15
3000,0.46,7.14
3001,0.46,7.12
3002,0.47,7.1
3003,0.46,7.08
3004,0.46,7.06
3005,0.46,7.04
3006,0.46,7.02
3007,0.46,7.0
3008,0.46,6.97
3009,0.46,6.95
3010,0.46,6.94
3011,0.46,6.92
3012,0.46,6.91
3013,0.46,6.89
3014,0.46,6.88
3015,0.46,6.87
3016,0.46,6.87
3017,0.45,6.86
3018,0.45,6.86
3019,0.45,6.86
3020,0.46,6.87
3021,0.46,6.87
3022,0.46,6.88
3023,0.46,6.89
3024,0.46,6.9
3025,0.46,6.92
3026,0.46,6.93
3027,0.46,6.95
3028,0.46,6.97
3029,0.45,6.99
3030,0.46,7.01
3031,0.45,7.03
3032,0.45,7.04
3033,0.45,7.06
3034,0.45,7.08
3035,0.46,7.1
3036,0.46,7.12
3037,0.46,7.13
3038,0.45,7.15
3039,0.45,7.16
3040,0.46,7.17
3041,0.45,7.18
3042,0.45,7.18
3043,0.45,7.18
3044,0.45,7.18
3045,0.46,7.17
3046,0.45,7.17
3047,0.45,7.16
3048,0.45,7.15
3049,0.45,7.13
3050,0.45,7.12
3051,0.45,7.11
3052,0.45,7.09
3053,0.45,7.07
3054,0.45,7.05
3055,0.45,7.03
3056,0.45,7.0
3057,0.45,6.98
3058,0.45,6.96
3059,0.45,6.94
3060,0.45,6.92
3061,0.45,6.91
3062,0.46,6.89
3063,0.45,6.88
3064,0.45,6.86
3065,0.45,6.85
3066,0.45,6.84
3067,0.45,6.83
3068,0.45,6.83
3069,0.45,6.83
3070,0.45,6.83
3071,0.45,6.83
3072,0.45,6.84
3073,0.45,6.84
3074,0.45,6.85
3075,0.45,6.87
3076,0.45,6.88
3077,0.45,6.89
3078,0.45,6.91
3079,0.45,6.93
3080,0.45,6.95
3081,0.45,6.96
3082,0.45,6.98
3083,0.45,7.0
3084,0.45,7.02
3085,0.45,7.04
3086,0.45,7.06
3087,0.45,7.08
3088,0.45,7.09
3089,0.45,7.11
3090,0.45,7.12
3091,0.45,7.13
3092,0.45,7.13
3093,0.45,7.14
3094,0.45,7.14
3095,0.45,7.14
3096,0.45,7.14
3097,0.45,7.13
3098,0.45,7.12
3099,0.45,7.11
3100,0.45,7.1
3101,0.45,7.08
3102,0.45,7.07
3103,0.45,7.05
3104,0.45,7.03
3105,0.45,7.01
3106,0.45,6.99
3107,0.45,6.97
3108,0.45,6.95
3109,0.45,6.93
3110,0.45,6.91
3111,0.45,6.9
3112,0.45,6.88
3113,0.45,6.86
3114,0.45,6.85
3115,0.45,6.84
3116,0.45,6.82
3117,0.45,6.81
3118,0.45,6.81
3119,0.45,6.8
3120,0.45,6.8
3121,0.45,6.8
3122,0.45,6.8
3123,0.45,6.8
3124,0.45,6.81
3125,0.45,6.82
3126,0.45,6.83
3127,0.45,6.84
3128,0.45,6.86
3129,0.45,6.87
3130,0.45,6.89
3131,0.45,6.91
3132,0.45,6.92
3133,0.45,6.94
3134,0.45,6.96
3135,0.45,6.97
3136,0.45,6.99
3137,0.45,7.01
3138,0.45,7.02
3139,0.45,7.04
3140,0.45,7.05
3141,0.45,7.06
3142,0.45,7.07
3143,0.45,7.07
3144,0.45,7.08
3145,0.45,7.08
3146,0.45,7.08
3147,0.45,7.08
3148,0.45,7.08
3149,0.45,7.07
3150,0.44,7.06
3151,0.45,7.05
3152,0.44,7.04
3153,0.45,7.03
3154,0.45,7.01
3155,0.45,6.99
3156,0.44,6.98
3157,0.45,6.96
3158,0.45,6.94
3159,0.45,6.92
3160,0.44,6.9
3161,0.44,6.89
3162,0.44,6.87
3163,0.44,6.85
3164,0.45,6.84
3165,0.44,6.83
3166,0.44,6.81
3167,0.44,6.8
3168,0.45,6.79
3169,0.44,6.79
3170,0.44,6.78
3171,0.44,6.78
3172,0.44,6.78
3173,0.44,6.78
3174,0.44,6.78
3175,0.44,6.79
3176,0.44,6.79
3177,0.44,6.8
3178,0.44,6.81
3179,0.44,6.83
3180,0.44,6.84
3181,0.44,6.85
3182,0.44,6.87
3183,0.44,6.89
3184,0.44,6.9
3185,0.44,6.92
3186,0.44,6.94
3187,0.44,6.95
3188,0.44,6.97
3189,0.44,6.98
3190,0.44,7.0
3191,0.44,7.01
3192,0.44,7.01
3193,0.44,7.02
3194,0.44,7.03
3195,0.44,7.03
3196,0.44,7.04
3197,0.44,7.04
3198,0.44,7.04
3199,0.43,7.03
3200,0.44,7.03
3201,0.43,7.02
3202,0.43,7.01
3203,0.44,7.0
3204,0.44,6.99
3205,0.43,6.97
3206,0.44,6.96
3207,0.43,6.94
3208,0.44,6.93
3209,0.43,6.91
3210,0.44,6.89
3211,0.43,6.87
3212,0.44,6.86
3213,0.43,6.84
3214,0.43,6.82
3215,0.43,6.81
3216,0.43,6.79
3217,0.43,6.78
3218,0.43,6.77
3219,0.44,6.76
3220,0.43,6.76
3221,0.43,6.75
3222,0.43,6.75
3223,0.43,6.75
3224,0.43,6.75
3225,0.43,6.75
3226,0.43,6.76
3227,0.43,6.77
3228,0.43,6.78
3229,0.43,6.79
3230,0.43,6.8
3231,0.43,6.82
3232,0.43,6.83
3233,0.43,6.85
3234,0.43,6.86
3235,0.43,6.88
3236,0.43,6.89
3237,0.43,6.91
3238,0.43,6.92
3239,0.43,6.93
3240,0.44,6.95
3241,0.43,6.96
3242,0.43,6.97
3243,0.43,6.97
3244,0.43,6.98
3245,0.43,6.98
3246,0.43,6.99
3247,0.43,6.98
3248,0.43,6.98
3249,0.43,6.98
3250,0.43,6.97
3251,0.43,6.96
3252,0.43,6.95
3253,0.43,6.94
3254,0.43,6.93
3255,0.43,6.92
3256,0.43,6.91
3257,0.43,6.89
3258,0.43,6.87
3259,0.43,6.86
3260,0.43,6.84
3261,0.43,6.82
3262,0.43,6.81
3263,0.43,6.79
3264,0.43,6.78
3265,0.43,6.77
3266,0.43,6.76
3267,0.43,6.75
3268,0.43,6.74
3269,0.43,6.73
3270,0.43,6.73
3271,0.43,6.73
3272,0.43,6.73
3273,0.43,6.73
3274,0.43,6.73
3275,0.43,6.74
3276,0.43,6.75
3277,0.43,6.75
3278,0.43,6.77
3279,0.43,6.78
3280,0.43,6.79
3281,0.43,6.8
3282,0.43,6.81
3283,0.43,6.83
3284,0.43,6.84
3285,0.43,6.86
3286,0.43,6.88
3287,0.43,6.89
3288,0.43,6.9
3289,0.43,6.92
3290,0.43,6.93
3291,0.43,6.93
3292,0.43,6.94
3293,0.43,6.95
3294,0.43,6.95
3295,0.42,6.95
3296,0.43,6.95
3297,0.42,6.95
3298,0.42,6.94
3299,0.43,6.94
3300,0.43,6.93
3301,0.43,6.92
3302,0.43,6.91
3303,0.43,6.89
3304,0.43,6.88
3305,0.43,6.86
3306,0.43,6.85
3307,0.42,6.83
3308,0.43,6.81
3309,0.43,6.8
3310,0.42,6.78
3311,0.43,6.76
3312,0.43,6.75
3313,0.42,6.73
3314,0.42,6.72
3315,0.42,6.71
3316,0.43,6.7
3317,0.43,6.69
3318,0.43,6.69
3319,0.42,6.69
3320,0.42,6.68
3321,0.42,6.68
3322,0.42,6.69
3323,0.43,6.69
3324,0.43,6.7
3325,0.42,6.7
3326,0.42,6.71
3327,0.42,6.73
3328,0.42,6.74
3329,0.42,6.75
3330,0.42,6.77
3331,0.42,6.78
3332,0.42,6.79
3333,0.42,6.81
3334,0.42,6.82
3335,0.42,6.84
3336,0.42,6.85
3337,0.42,6.86
3338,0.42,6.87
3339,0.42,6.88
3340,0.42,6.89
3341,0.42,6.9
3342,0.42,6.9
3343,0.42,6.9
3344,0.42,6.9
3345,0.42,6.9
3346,0.42,6.9
3347,0.42,6.89
3348,0.42,6.88
3349,0.41,6.87
3350,0.41,6.86
3351,0.41,6.85
3352,0.42,6.84
3353,0.42,6.82
3354,0.41,6.81
3355,0.41,6.79
3356,0.41,6.77
3357,0.41,6.75
3358,0.41,6.74
3359,0.41,6.72
3360,0.41,6.7
3361,0.41,6.69
3362,0.41,6.67
3363,0.41,6.66
3364,0.41,6.65
3365,0.41,6.64
3366,0.41,6.63
3367,0.41,6.62
3368,0.41,6.62
3369,0.41,6.62
3370,0.41,6.62
3371,0.41,6.62
3372,0.41,6.63
3373,0.41,6.63
3374,0.41,6.64
3375,0.41,6.65
3376,0.41,6.66
3377,0.41,6.67
3378,0.41,6.69
3379,0.41,6.7
3380,0.41,6.71
3381,0.41,6.73
3382,0.41,6.75
3383,0.41,6.76
3384,0.41,6.77
3385,0.41,6.79
3386,0.41,6.8
3387,0.41,6.81
3388,0.41,6.82
3389,0.41,6.83
3390,0.41,6.84
3391,0.41,6.84
3392,0.41,6.85
3393,0.41,6.85
3394,0.41,6.85
3395,0.41,6.84
3396,0.41,6.83
3397,0.41,6.83
3398,0.41,6.82
3399,0.41,6.81
3400,0.41,6.8
3401,0.41,6.79
3402,0.41,6.77
3403,0.41,6.75
3404,0.41,6.74
3405,0.4,6.72
3406,0.4,6.71
3407,0.41,6.69
3408,0.41,6.67
3409,0.41,6.66
3410,0.41,6.65
3411,0.41,6.63
3412,0.41,6.62
3413,0.4,6.61
3414,0.41,6.6
3415,0.41,6.59
3416,0.41,6.59
3417,0.41,6.58
3418,0.41,6.58
3419,0.41,6.59
3420,0.41,6.59
3421,0.41,6.59
3422,0.4,6.6
3423,0.41,6.61
3424,0.4,6.62
3425,0.41,6.63
3426,0.4,6.64
3427,0.4,6.66
3428,0.4,6.67
3429,0.4,6.68
3430,0.4,6.7
3431,0.4,6.71
3432,0.41,6.73
3433,0.4,6.74
3434,0.4,6.75
3435,0.4,6.76
3436,0.4,6.77
3437,0.4,6.78
3438,0.39,6.79
3439,0.4,6.79
3440,0.4,6.79
3441,0.4,6.79
3442,0.4,6.79
3443,0.4,6.79
3444,0.4,6.78
3445,0.4,6.78
3446,0.4,6.77
3447,0.39,6.76
3448,0.4,6.75
3449,0.39,6.74
3450,0.39,6.72
3451,0.39,6.71
3452,0.39,6.69
3453,0.39,6.68
3454,0.39,6.66
3455,0.39,6.64
3456,0.39,6.63
3457,0.39,6.61
3458,0.39,6.59
3459,0.39,6.58
3460,0.39,6.56
3461,0.39,6.55
3462,0.39,6.54
3463,0.39,6.53
3464,0.39,6.52
3465,0.39,6.52
3466,0.39,6.51
3467,0.39,6.51
3468,0.39,6.51
3469,0.39,6.51
3470,0.39,6.52
3471,0.39,6.52
3472,0.39,6.53
3473,0.39,6.54
3474,0.39,6.55
3475,0.39,6.56
3476,0.39,6.58
3477,0.39,6.59
3478,0.39,6.61
3479,0.39,6.62
3480,0.39,6.63
3481,0.39,6.65
3482,0.39,6.66
3483,0.39,6.67
3484,0.39,6.68
3485,0.39,6.7
3486,0.39,6.7
3487,0.39,6.71
3488,0.39,6.72
3489,0.39,6.72
3490,0.39,6.72
3491,0.39,6.72
3492,0.39,6.72
3493,0.39,6.72
3494,0.39,6.71
3495,0.39,6.71
3496,0.39,6.7
3497,0.39,6.68
3498,0.39,6.67
3499,0.39,6.66
3500,0.39,6.65
3501,0.39,6.63
3502,0.39,6.62
3503,0.39,6.6
3504,0.39,6.59
3505,0.39,6.57
3506,0.38,6.56
3507,0.39,6.54
3508,0.39,6.53
3509,0.39,6.51
3510,0.39,6.5
3511,0.39,6.49
3512,0.39,6.49
3513,0.39,6.48
3514,0.39,6.48
3515,0.39,6.47
3516,0.39,6.47
3517,0.38,6.47
3518,0.38,6.48
3519,0.38,6.48
3520,0.38,6.49
3521,0.38,6.49
3522,0.38,6.5
3523,0.38,6.51
3524,0.38,6.52
3525,0.38,6.54
3526,0.38,6.55
3527,0.38,6.57
3528,0.39,6.58
3529,0.38,6.59
3530,0.38,6.61
3531,0.38,6.62
3532,0.38,6.63
3533,0.38,6.64
3534,0.38,6.65
3535,0.38,6.65
3536,0.38,6.66
3537,0.38,6.66
3538,0.38,6.67
3539,0.38,6.66
3540,0.38,6.66
3541,0.38,6.66
3542,0.37,6.65
3543,0.38,6.65
3544,0.38,6.64
3545,0.38,6.63
3546,0.37,6.62
3547,0.37,6.6
3548,0.37,6.59
3549,0.37,6.58
3550,0.37,6.56
3551,0.37,6.55
3552,0.38,6.53
3553,0.37,6.52
3554,0.37,6.5
3555,0.37,6.49
3556,0.37,6.47
3557,0.37,6.46
3558,0.37,6.45
3559,0.37,6.44
3560,0.37,6.43
3561,0.37,6.43
3562,0.37,6.42
3563,0.37,6.42
3564,0.37,6.42
3565,0.37,6.42
3566,0.37,6.42
3567,0.37,6.42
3568,0.37,6.43
3569,0.37,6.44
3570,0.37,6.45
3571,0.37,6.46
3572,0.37,6.47
3573,0.37,6.48
3574,0.37,6.49
3575,0.37,6.5
3576,0.37,6.52
3577,0.37,6.53
3578,0.37,6.54
3579,0.37,6.56
3580,0.37,6.57
3581,0.37,6.58
3582,0.37,6.59
3583,0.37,6.6
3584,0.37,6.6
3585,0.37,6.61
3586,0.37,6.61
3587,0.37,6.61
3588,0.37,6.61
3589,0.37,6.61
3590,0.37,6.61
3591,0.37,6.6
3592,0.37,6.59
3593,0.37,6.58
3594,0.37,6.57
3595,0.37,6.56
3596,0.37,6.54
3597,0.37,6.53
3598,0.37,6.52
3599,0.37,6.5
3600,0.37,6.49
3601,0.37,6.47
3602,0.36,6.46
3603,0.36,6.44
3604,0.37,6.42
3605,0.36,6.41
3606,0.37,6.4
3607,0.36,6.39
3608,0.36,6.38
3609,0.37,6.37
3610,0.36,6.36
3611,0.36,6.36
3612,0.36,6.35
3613,0.36,6.35
3614,0.36,6.35
3615,0.36,6.36
3616,0.36,6.36
3617,0.36,6.36
3618,0.36,6.37
3619,0.36,6.38
3620,0.36,6.39
3621,0.36,6.4
3622,0.36,6.41
3623,0.36,6.42
3624,0.36,6.43
3625,0.36,6.45
3626,0.36,6.46
3627,0.36,6.47
3628,0.36,6.48
3629,0.36,6.49
3630,0.36,6.51
3631,0.36,6.52
3632,0.36,6.52
3633,0.36,6.53
3634,0.36,6.54
3635,0.36,6.54
3636,0.36,6.54
3637,0.36,6.55
3638,0.36,6.55
3639,0.36,6.54
3640,0.36,6.54
3641,0.36,6.53
3642,0.36,6.52
3643,0.36,6.51
3644,0.36,6.5
3645,0.36,6.49
3646,0.36,6.48
3647,0.36,6.46
3648,0.36,6.45
3649,0.36,6.43
3650,0.36,6.42
3651,0.36,6.4
3652,0.36,6.39
3653,0.35,6.38
3654,0.35,6.36
3655,0.36,6.35
3656,0.36,6.34
3657,0.35,6.33
3658,0.36,6.32
3659,0.36,6.31
3660,0.35,6.31
3661,0.36,6.3
3662,0.35,6.3
3663,0.36,6.3
3664,0.35,6.3
3665,0.35,6.3
3666,0.35,6.3
3667,0.35,6.31
3668,0.36,6.31
3669,0.35,6.32
3670,0.36,6.33
3671,0.35,6.34
3672,0.36,6.35
3673,0.35,6.36
3674,0.36,6.38
3675,0.36,6.39
3676,0.35,6.4
3677,0.35,6.41
3678,0.35,6.42
3679,0.35,6.43
3680,0.35,6.44
3681,0.36,6.45
3682,0.35,6.45
3683,0.35,6.46
3684,0.35,6.47
3685,0.35,6.47
3686,0.35,6.47
3687,0.35,6.47
3688,0.35,6.47
3689,0.35,6.47
3690,0.35,6.47
3691,0.35,6.46
3692,0.35,6.45
3693,0.35,6.44
3694,0.34,6.43
3695,0.34,6.42
3696,0.34,6.41
3697,0.35,6.4
3698,0.34,6.38
3699,0.35,6.37
3700,0.35,6.35
3701,0.34,6.34
3702,0.35,6.32
3703,0.35,6.31
3704,0.35,6.3
3705,0.34,6.29
3706,0.35,6.28
3707,0.35,6.27
3708,0.34,6.26
3709,0.34,6.26
3710,0.34,6.26
3711,0.34,6.26
3712,0.34,6.26
3713,0.34,6.26
3714,0.34,6.26
3715,0.34,6.26
3716,0.34,6.26
3717,0.34,6.27
3718,0.34,6.28
3719,0.34,6.29
3720,0.34,6.29
3721,0.34,6.3
3722,0.34,6.31
3723,0.34,6.32
3724,0.34,6.33
3725,0.34,6.34
3726,0.34,6.35
3727,0.34,6.36
3728,0.34,6.37
3729,0.34,6.38
3730,0.34,6.38
3731,0.34,6.39
3732,0.34,6.39
3733,0.34,6.4
3734,0.34,6.4
3735,0.34,6.4
3736,0.34,6.4
3737,0.34,6.39
3738,0.34,6.39
3739,0.34,6.39
3740,0.34,6.38
3741,0.34,6.37
3742,0.34,6.36
3743,0.34,6.35
3744,0.34,6.34
3745,0.34,6.33
3746,0.33,6.32
3747,0.34,6.3
3748,0.34,6.29
3749,0.34,6.28
3750,0.34,6.26
3751,0.34,6.25
3752,0.34,6.24
3753,0.34,6.23
3754,0.34,6.22
3755,0.34,6.21
3756,0.34,6.21
3757,0.34,6.2
3758,0.34,6.2
3759,0.34,6.2
3760,0.34,6.19
3761,0.33,6.19
3762,0.33,6.19
3763,0.33,6.19
3764,0.33,6.2
3765,0.33,6.2
3766,0.33,6.21
3767,0.33,6.22
3768,0.34,6.23
3769,0.33,6.24
3770,0.33,6.25
3771,0.33,6.25
3772,0.33,6.26
3773,0.33,6.27
3774,0.33,6.28
3775,0.33,6.29
3776,0.33,6.3
3777,0.33,6.31
3778,0.33,6.31
3779,0.33,6.32
3780,0.33,6.32
3781,0.32,6.33
3782,0.33,6.33
3783,0.33,6.33
3784,0.33,6.33
3785,0.33,6.33
3786,0.33,6.33
3787,0.33,6.32
3788,0.32,6.31
3789,0.33,6.31
3790,0.32,6.3
3791,0.32,6.29
3792,0.32,6.28
3793,0.32,6.27
3794,0.32,6.26
3795,0.32,6.25
3796,0.32,6.24
3797,0.32,6.23
3798,0.32,6.21
3799,0.32,6.2
3800,0.32,6.19
3801,0.32,6.18
3802,0.32,6.17
3803,0.32,6.16
3804,0.32,6.15
3805,0.32,6.15
3806,0.32,6.14
3807,0.32,6.14
3808,0.32,6.13
3809,0.32,6.13
3810,0.32,6.13
3811,0.32,6.14
3812,0.32,6.14
3813,0.32,6.15
3814,0.32,6.15
3815,0.32,6.16
3816,0.32,6.17
3817,0.32,6.18
3818,0.32,6.19
3819,0.32,6.19
3820,0.32,6.2
3821,0.32,6.21
3822,0.32,6.22
3823,0.32,6.23
3824,0.32,6.24
3825,0.32,6.25
3826,0.32,6.26
3827,0.32,6.26
3828,0.32,6.27
3829,0.32,6.28
3830,0.32,6.28
3831,0.32,6.28
3832,0.32,6.28
3833,0.32,6.28
3834,0.32,6.28
3835,0.32,6.27
3836,0.32,6.27
3837,0.31,6.26
3838,0.31,6.25
3839,0.31,6.24
3840,0.32,6.23
3841,0.32,6.22
3842,0.32,6.21
3843,0.31,6.2
3844,0.31,6.19
3845,0.31,6.18
3846,0.3,6.16
3847,0.31,6.15
3848,0.31,6.14
3849,0.31,6.13
3850,0.32,6.12
3851,0.31,6.11
3852,0.3,6.1
3853,0.31,6.09
3854,0.31,6.08
3855,0.31,6.08
3856,0.31,6.07
3857,0.31,6.07
3858,0.3,6.07
3859,0.31,6.07
3860,0.31,6.07
3861,0.31,6.07
3862,0.31,6.08
3863,0.31,6.08
3864,0.3,6.09
3865,0.31,6.1
3866,0.32,6.11
3867,0.31,6.12
3868,0.31,6.13
3869,0.31,6.14
3870,0.3,6.15
3871,0.31,6.16
3872,0.31,6.17
3873,0.31,6.18
3874,0.3,6.19
3875,0.3,6.19
3876,0.3,6.2
3877,0.3,6.21
3878,0.3,6.22
3879,0.3,6.22
3880,0.31,6.22
3881,0.3,6.22
3882,0.3,6.22
3883,0.3,6.22
3884,0.31,6.22
3885,0.3,6.22
3886,0.3,6.21
3887,0.3,6.2
3888,0.3,6.19
3889,0.31,6.19
3890,0.3,6.17
3891,0.3,6.16
3892,0.3,6.15
3893,0.3,6.14
3894,0.3,6.12
3895,0.3,6.11
3896,0.3,6.1
3897,0.3,6.09
3898,0.3,6.07
3899,0.3,6.06
3900,0.3,6.05
3901,0.3,6.04
3902,0.3,6.04
3903,0.3,6.03
3904,0.3,6.03
3905,0.3,6.02
3906,0.3,6.02
3907,0.3,6.01
3908,0.3,6.01
3909,0.3,6.01
3910,0.3,6.02
3911,0.3,6.02
3912,0.3,6.02
3913,0.3,6.03
3914,0.3,6.04
3915,0.3,6.05
3916,0.3,6.05
3917,0.3,6.06
3918,0.3,6.07
3919,0.3,6.08
3920,0.3,6.09
3921,0.3,6.1
3922,0.3,6.11
3923,0.3,6.12
3924,0.3,6.13
3925,0.3,6.14
3926,0.3,6.15
3927,0.3,6.15
3928,0.3,6.16
3929,0.3,6.16
3930,0.29,6.16
3931,0.29,6.16
3932,0.3,6.16
3933,0.3,6.16
3934,0.29,6.15
3935,0.3,6.15
3936,0.3,6.14
3937,0.29,6.13
3938,0.29,6.12
3939,0.3,6.11
3940,0.29,6.1
3941,0.29,6.09
3942,0.29,6.08
3943,0.29,6.07
3944,0.29,6.05
3945,0.29,6.04
3946,0.29,6.03
3947,0.29,6.02
3948,0.29,6.01
3949,0.29,6.0
3950,0.28,5.99
3951,0.28,5.98
3952,0.28,5.97
3953,0.28,5.97
3954,0.28,5.96
3955,0.28,5.96
3956,0.29,5.95
3957,0.28,5.95
3958,0.29,5.95
3959,0.28,5.95
3960,0.28,5.96
3961,0.28,5.96
3962,0.28,5.97
3963,0.29,5.97
3964,0.29,5.98
3965,0.28,5.99
3966,0.28,6.0
3967,0.28,6.01
3968,0.28,6.02
3969,0.28,6.03
3970,0.28,6.04
3971,0.29,6.05
3972,0.28,6.05
3973,0.28,6.06
3974,0.28,6.07
3975,0.28,6.08
3976,0.28,6.08
3977,0.28,6.09
3978,0.28,6.09
3979,0.28,6.1
3980,0.28,6.1
3981,0.28,6.1
3982,0.28,6.09
3983,0.28,6.09
3984,0.28,6.08
3985,0.28,6.08
3986,0.28,6.07
3987,0.28,6.06
3988,0.28,6.06
3989,0.28,6.05
3990,0.28,6.04
3991,0.28,6.02
3992,0.28,6.01
3993,0.28,6.0
3994,0.28,5.99
3995,0.28,5.98
3996,0.28,5.97
3997,0.28,5.96
3998,0.28,5.95
3999,0.28,5.94
4000,0.28,5.93
4001,0.28,5.92
4002,0.28,5.92
4003,0.28,5.91
4004,0.28,5.91
4005,0.27,5.91
4006,0.28,5.91
4007,0.28,5.91
4008,0.28,5.91
4009,0.28,5.92
4010,0.28,5.92
4011,0.28,5.92
4012,0.28,5.93
4013,0.28,5.93
4014,0.27,5.94
4015,0.27,5.95
4016,0.28,5.95
4017,0.27,5.96
4018,0.27,5.97
4019,0.28,5.98
4020,0.28,5.99
4021,0.27,5.99
4022,0.28,6.0
4023,0.27,6.0
4024,0.28,6.01
4025,0.27,6.01
4026,0.28,6.02
4027,0.27,6.02
4028,0.27,6.02
4029,0.27,6.02
4030,0.27,6.02
4031,0.27,6.02
4032,0.27,6.01
4033,0.27,6.01
4034,0.27,6.01
4035,0.27,6.0
4036,0.27,5.99
4037,0.27,5.98
4038,0.27,5.97
4039,0.27,5.96
4040,0.27,5.95
4041,0.27,5.94
4042,0.27,5.93
4043,0.27,5.93
4044,0.27,5.92
4045,0.27,5.91
4046,0.26,5.9
4047,0.26,5.89
4048,0.27,5.88
4049,0.26,5.87
4050,0.26,5.87
4051,0.27,5.86
4052,0.26,5.86
4053,0.27,5.86
4054,0.27,5.85
4055,0.27,5.85
4056,0.27,5.85
4057,0.26,5.85
4058,0.27,5.86
4059,0.26,5.86
4060,0.26,5.87
4061,0.27,5.87
4062,0.26,5.88
4063,0.26,5.89
4064,0.26,5.89
4065,0.26,5.9
4066,0.26,5.91
4067,0.26,5.92
4068,0.26,5.92
4069,0.26,5.93
4070,0.26,5.94
4071,0.26,5.94
4072,0.26,5.95
4073,0.26,5.95
4074,0.26,5.95
4075,0.26,5.95
4076,0.26,5.96
4077,0.26,5.96
4078,0.26,5.96
4079,0.26,5.95
4080,0.26,5.95
4081,0.26,5.95
4082,0.26,5.94
4083,0.26,5.93
4084,0.26,5.93
4085,0.26,5.92
4086,0.26,5.91
4087,0.26,5.9
4088,0.26,5.9
4089,0.26,5.89
4090,0.26,5.88
4091,0.26,5.87
4092,0.26,5.86
4093,0.26,5.85
4094,0.26,5.84
4095,0.26,5.83
4096,0.26,5.83
4097,0.26,5.82
4098,0.26,5.81
4099,0.26,5.81
4100,0.26,5.8
4101,0.26,5.8
4102,0.26,5.8
4103,0.26,5.79
4104,0.26,5.79
4105,0.26,5.8
4106,0.26,5.8
4107,0.26,5.8
4108,0.26,5.8
4109,0.26,5.81
4110,0.26,5.82
4111,0.26,5.82
4112,0.26,5.83
4113,0.26,5.84
4114,0.25,5.84
4115,0.25,5.85
4116,0.25,5.86
4117,0.25,5.87
4118,0.25,5.87
4119,0.25,5.88
4120,0.25,5.89
4121,0.25,5.89
4122,0.25,5.89
4123,0.25,5.9
4124,0.26,5.9
4125,0.25,5.9
4126,0.25,5.9
4127,0.25,5.9
4128,0.25,5.9
4129,0.25,5.9
4130,0.25,5.9
4131,0.25,5.89
4132,0.25,5.88
4133,0.24,5.88
4134,0.25,5.87
4135,0.25,5.86
4136,0.25,5.86
4137,0.25,5.85
4138,0.25,5.84
4139,0.25,5.83
4140,0.24,5.82
4141,0.24,5.81
4142,0.24,5.8
4143,0.25,5.79
4144,0.24,5.78
4145,0.24,5.77
4146,0.24,5.77
4147,0.24,5.76
4148,0.24,5.75
4149,0.24,5.75
4150,0.24,5.75
4151,0.24,5.74
4152,0.24,5.74
4153,0.24,5.74
4154,0.24,5.74
4155,0.24,5.74
4156,0.24,5.75
4157,0.24,5.75
4158,0.24,5.75
4159,0.24,5.76
4160,0.24,5.76
4161,0.25,5.77
4162,0.24,5.78
4163,0.24,5.79
4164,0.24,5.79
4165,0.24,5.8
4166,0.24,5.81
4167,0.24,5.82
4168,0.24,5.82
4169,0.24,5.83
4170,0.24,5.84
4171,0.24,5.84
4172,0.24,5.84
4173,0.24,5.85
4174,0.24,5.85
4175,0.24,5.85
4176,0.24,5.85
4177,0.24,5.85
4178,0.24,5.84
4179,0.24,5.84
4180,0.24,5.84
4181,0.24,5.83
4182,0.24,5.83
4183,0.24,5.82
4184,0.24,5.81
4185,0.24,5.8
4186,0.24,5.79
4187,0.24,5.78
4188,0.24,5.77
4189,0.24,5.76
4190,0.24,5.75
4191,0.24,5.74
4192,0.24,5.74
4193,0.24,5.73
4194,0.24,5.72
4195,0.24,5.71
4196,0.24,5.71
4197,0.23,5.7
4198,0.23,5.7
4199,0.23,5.7
4200,0.24,5.69
4201,0.24,5.69
4202,0.24,5.69
4203,0.23,5.69
4204,0.23,5.7
4205,0.24,5.7
4206,0.23,5.7
4207,0.23,5.71
4208,0.23,5.71
4209,0.23,5.72
4210,0.23,5.73
4211,0.24,5.73
4212,0.23,5.74
4213,0.23,5.75
4214,0.23,5.75
4215,0.23,5.76
4216,0.23,5.77
4217,0.23,5.77
4218,0.24,5.78
4219,0.23,5.78
4220,0.23,5.78
4221,0.23,5.79
4222,0.23,5.79
4223,0.23,5.79
4224,0.23,5.79
4225,0.23,5.79
4226,0.22,5.78
4227,0.22,5.78
4228,0.23,5.78
4229,0.22,5.78
4230,0.23,5.77
4231,0.23,5.76
4232,0.22,5.76
4233,0.22,5.75
4234,0.22,5.75
4235,0.22,5.74
4236,0.22,5.73
4237,0.22,5.72
4238,0.22,5.71
4239,0.22,5.71
4240,0.22,5.7
4241,0.22,5.69
4242,0.22,5.68
4243,0.22,5.68
4244,0.22,5.67
4245,0.22,5.67
4246,0.22,5.66
4247,0.23,5.66
4248,0.22,5.66
4249,0.22,5.66
4250,0.22,5.66
4251,0.22,5.66
4252,0.22,5.66
4253,0.22,5.66
4254,0.22,5.66
4255,0.22,5.67
4256,0.22,5.67
4257,0.22,5.68
4258,0.22,5.68
4259,0.22,5.69
4260,0.22,5.69
4261,0.22,5.7
4262,0.22,5.71
4263,0.22,5.71
4264,0.22,5.72
4265,0.22,5.72
4266,0.22,5.73
4267,0.22,5.74
4268,0.22,5.74
4269,0.22,5.74
4270,0.22,5.74
4271,0.22,5.74
4272,0.22,5.75
4273,0.22,5.75
4274,0.22,5.74
4275,0.22,5.74
4276,0.22,5.74
4277,0.22,5.73
4278,0.22,5.73
4279,0.22,5.72
4280,0.22,5.72
4281,0.22,5.71
4282,0.22,5.7
4283,0.22,5.7
4284,0.22,5.69
4285,0.22,5.68
4286,0.22,5.67
4287,0.21,5.66
4288,0.22,5.65
4289,0.22,5.65
4290,0.21,5.64
4291,0.22,5.63
4292,0.21,5.63
4293,0.22,5.62
4294,0.22,5.61
4295,0.21,5.61
4296,0.21,5.61
4297,0.21,5.6
4298,0.21,5.6
4299,0.21,5.6
4300,0.22,5.6
4301,0.22,5.6
4302,0.22,5.6
4303,0.21,5.6
4304,0.21,5.61
4305,0.21,5.61
4306,0.21,5.61
4307,0.22,5.62
4308,0.22,5.62
4309,0.22,5.63
4310,0.21,5.63
4311,0.21,5.64
4312,0.21,5.64
4313,0.22,5.65
4314,0.21,5.65
4315,0.21,5.66
4316,0.22,5.66
4317,0.21,5.67
4318,0.21,5.67
4319,0.21,5.68
4320,0.21,5.68
4321,0.21,5.68
4322,0.21,5.69
4323,0.21,5.69
4324,0.21,5.69
4325,0.21,5.69
4326,0.21,5.68
4327,0.21,5.68
4328,0.21,5.68
4329,0.21,5.67
4330,0.21,5.67
4331,0.21,5.66
4332,0.21,5.65
4333,0.21,5.65
4334,0.21,5.64
4335,0.21,5.63
4336,0.21,5.63
4337,0.21,5.62
4338,0.21,5.61
4339,0.21,5.61
4340,0.21,5.6
4341,0.21,5.59
4342,0.21,5.58
4343,0.21,5.58
4344,0.21,5.57
4345,0.21,5.57
4346,0.21,5.57
4347,0.21,5.56
4348,0.21,5.56
4349,0.21,5.56
4350,0.21,5.56
4351,0.21,5.56
4352,0.21,5.56
4353,0.21,5.56
4354,0.21,5.56
4355,0.2,5.56
4356,0.21,5.57
4357,0.21,5.57
4358,0.21,5.58
4359,0.21,5.58
4360,0.2,5.59
4361,0.2,5.59
4362,0.21,5.6
4363,0.21,5.6
4364,0.21,5.61
4365,0.21,5.61
4366,0.21,5.62
4367,0.21,5.62
4368,0.2,5.63
4369,0.21,5.63
4370,0.21,5.63
4371,0.2,5.63
4372,0.21,5.63
4373,0.21,5.63
4374,0.21,5.63
4375,0.21,5.63
4376,0.2,5.63
4377,0.21,5.63
4378,0.2,5.62
4379,0.2,5.62
4380,0.2,5.62
4381,0.2,5.61
4382,0.2,5.61
4383,0.2,5.6
4384,0.2,5.59
4385,0.2,5.59
4386,0.2,5.58
4387,0.2,5.58
4388,0.2,5.57
4389,0.2,5.56
4390,0.2,5.56
4391,0.2,5.55
4392,0.2,5.54
4393,0.2,5.54
4394,0.2,5.53
4395,0.2,5.53
4396,0.2,5.52
4397,0.2,5.52
4398,0.2,5.52
4399,0.2,5.51
4400,0.19,5.51
4401,0.2,5.51
4402,0.2,5.51
4403,0.2,5.51
4404,0.2,5.52
4405,0.19,5.52
4406,0.2,5.52
4407,0.2,5.53
4408,0.2,5.53
4409,0.2,5.53
4410,0.2,5.54
4411,0.19,5.54
4412,0.2,5.55
4413,0.19,5.56
4414,0.2,5.56
4415,0.19,5.57
4416,0.2,5.57
4417,0.2,5.58
4418,0.19,5.58
4419,0.19,5.59
4420,0.19,5.59
4421,0.19,5.59
4422,0.19,5.6
4423,0.19,5.6
4424,0.19,5.6
4425,0.19,5.6
4426,0.19,5.6
4427,0.19,5.6
4428,0.19,5.6
4429,0.19,5.59
4430,0.19,5.59
4431,0.19,5.58
4432,0.19,5.58
4433,0.19,5.57
4434,0.19,5.57
4435,0.19,5.56
4436,0.19,5.55
4437,0.19,5.54
4438,0.19,5.54
4439,0.19,5.53
4440,0.19,5.52
4441,0.19,5.52
4442,0.19,5.51
4443,0.19,5.5
4444,0.19,5.5
4445,0.19,5.49
4446,0.19,5.49
4447,0.19,5.48
4448,0.19,5.48
4449,0.19,5.48
4450,0.19,5.48
4451,0.19,5.48
4452,0.19,5.48
4453,0.19,5.48
4454,0.19,5.48
4455,0.19,5.48
4456,0.19,5.48
4457,0.19,5.49
4458,0.19,5.49
4459,0.19,5.49
4460,0.19,5.5
4461,0.19,5.5
4462,0.19,5.51
4463,0.19,5.52
4464,0.19,5.52
4465,0.19,5.52
4466,0.19,5.53
4467,0.19,5.53
4468,0.19,5.53
4469,0.19,5.54
4470,0.19,5.54
4471,0.19,5.54
4472,0.19,5.54
4473,0.19,5.54
4474,0.19,5.54
4475,0.19,5.54
4476,0.19,5.54
4477,0.19,5.54
4478,0.19,5.54
4479,0.18,5.54
4480,0.19,5.53
4481,0.19,5.53
4482,0.19,5.52
4483,0.19,5.52
4484,0.18,5.51
4485,0.19,5.51
4486,0.19,5.5
4487,0.18,5.5
4488,0.18,5.49
4489,0.18,5.49
4490,0.18,5.48
4491,0.18,5.48
4492,0.19,5.47
4493,0.18,5.46
4494,0.18,5.46
4495,0.18,5.45
4496,0.18,5.45
4497,0.18,5.45
4498,0.18,5.44
4499,0.18,5.44
4500,0.19,5.44
4501,0.18,5.44
4502,0.18,5.44
4503,0.18,5.44
4504,0.18,5.44
4505,0.18,5.44
4506,0.18,5.44
4507,0.18,5.45
4508,0.18,5.45
4509,0.18,5.45
4510,0.18,5.45
4511,0.18,5.46
4512,0.18,5.46
4513,0.18,5.47
4514,0.18,5.47
4515,0.18,5.48
4516,0.18,5.48
4517,0.18,5.48
4518,0.18,5.49
4519,0.18,5.49
4520,0.17,5.5
4521,0.18,5.5
4522,0.18,5.5
4523,0.18,5.5
4524,0.17,5.5
4525,0.18,5.51
4526,0.18,5.51
4527,0.18,5.51
4528,0.18,5.5
4529,0.17,5.5
4530,0.17,5.5
4531,0.17,5.5
4532,0.17,5.49
4533,0.17,5.49
4534,0.17,5.48
4535,0.18,5.48
4536,0.17,5.47
4537,0.17,5.47
4538,0.17,5.46
4539,0.17,5.46
4540,0.17,5.45
4541,0.17,5.45
4542,0.18,5.44
4543,0.17,5.43
4544,0.17,5.43
4545,0.17,5.42
4546,0.17,5.42
4547,0.17,5.41
4548,0.17,5.41
4549,0.17,5.41
4550,0.17,5.4
4551,0.17,5.4
4552,0.17,5.4
4553,0.17,5.4
4554,0.17,5.4
4555,0.17,5.4
4556,0.17,5.4
4557,0.17,5.41
4558,0.17,5.41
4559,0.17,5.42
4560,0.17,5.42
4561,0.17,5.42
4562,0.17,5.43
4563,0.17,5.43
4564,0.17,5.44
4565,0.17,5.44
4566,0.17,5.45
4567,0.17,5.45
4568,0.17,5.46
4569,0.17,5.46
4570,0.17,5.47
4571,0.17,5.47
4572,0.17,5.47
4573,0.17,5.47
4574,0.17,5.47
4575,0.17,5.47
4576,0.17,5.47
4577,0.17,5.47
4578,0.17,5.47
4579,0.17,5.47
4580,0.17,5.46
4581,0.17,5.46
4582,0.17,5.46
4583,0.17,5.45
4584,0.17,5.45
4585,0.17,5.44
4586,0.17,5.43
4587,0.17,5.43
4588,0.17,5.42
4589,0.17,5.42
4590,0.17,5.41
4591,0.17,5.4
4592,0.17,5.4
4593,0.17,5.39
4594,0.17,5.39
4595,0.17,5.39
4596,0.17,5.38
4597,0.17,5.38
4598,0.17,5.38
4599,0.17,5.37
4600,0.16,5.37
4601,0.17,5.37
4602,0.17,5.37
4603,0.16,5.37
4604,0.16,5.37
4605,0.16,5.37
4606,0.16,5.37
4607,0.16,5.37
4608,0.16,5.38
4609,0.17,5.38
4610,0.17,5.38
4611,0.17,5.38
4612,0.17,5.38
4613,0.16,5.39
4614,0.16,5.39
4615,0.16,5.39
4616,0.16,5.4
4617,0.16,5.4
4618,0.17,5.4
4619,0.16,5.41
4620,0.17,5.41
4621,0.17,5.41
4622,0.17,5.41
4623,0.16,5.41
4624,0.17,5.42
4625,0.17,5.42
4626,0.17,5.41
4627,0.17,5.41
4628,0.16,5.41
4629,0.16,5.41
4630,0.16,5.41
4631,0.16,5.41
4632,0.16,5.4
4633,0.16,5.4
4634,0.16,5.39
4635,0.16,5.39
4636,0.16,5.39
4637,0.16,5.38
4638,0.16,5.38
4639,0.16,5.37
4640,0.15,5.37
4641,0.15,5.37
4642,0.16,5.36
4643,0.15,5.36
4644,0.16,5.36
4645,0.15,5.35
4646,0.16,5.35
4647,0.15,5.35
4648,0.16,5.34
4649,0.15,5.34
4650,0.16,5.34
4651,0.16,5.34
4652,0.16,5.34
4653,0.15,5.33
4654,0.15,5.33
4655,0.15,5.33
4656,0.16,5.33
4657,0.15,5.33
4658,0.15,5.34
4659,0.16,5.34
4660,0.16,5.34
4661,0.15,5.34
4662,0.15,5.34
4663,0.15,5.34
4664,0.15,5.35
4665,0.15,5.35
4666,0.15,5.35
4667,0.15,5.35
4668,0.16,5.36
4669,0.16,5.36
4670,0.16,5.36
4671,0.16,5.36
4672,0.15,5.36
4673,0.15,5.37
4674,0.15,5.37
4675,0.16,5.37
4676,0.16,5.37
4677,0.16,5.37
4678,0.15,5.38
4679,0.15,5.38
4680,0.15,5.38
4681,0.15,5.38
4682,0.15,5.38
4683,0.15,5.38
4684,0.15,5.37
4685,0.15,5.37
4686,0.15,5.37
4687,0.15,5.37
4688,0.15,5.36
4689,0.15,5.36
4690,0.15,5.36
4691,0.15,5.35
4692,0.15,5.35
4693,0.15,5.34
4694,0.15,5.34
4695,0.15,5.33
4696,0.15,5.33
4697,0.15,5.33
4698,0.15,5.32
4699,0.15,5.32
4700,0.15,5.31
4701,0.15,5.31
4702,0.15,5.31
4703,0.15,5.31
4704,0.15,5.3
4705,0.15,5.3
4706,0.15,5.3
4707,0.15,5.3
4708,0.15,5.3
4709,0.15,5.3
4710,0.15,5.3
4711,0.15,5.3
4712,0.15,5.3
4713,0.15,5.3
4714,0.15,5.31
4715,0.15,5.31
4716,0.15,5.31
4717,0.15,5.31
4718,0.15,5.32
4719,0.15,5.32
4720,0.15,5.32
4721,0.15,5.33
4722,0.15,5.33
4723,0.15,5.33
4724,0.15,5.33
4725,0.15,5.34
4726,0.15,5.34
4727,0.15,5.34
4728,0.15,5.34
4729,0.15,5.35
4730,0.15,5.35
4731,0.15,5.35
4732,0.15,5.35
4733,0.15,5.35
4734,0.15,5.34
4735,0.15,5.34
4736,0.15,5.34
4737,0.14,5.34
4738,0.14,5.34
4739,0.15,5.33
4740,0.15,5.33
4741,0.15,5.33
4742,0.14,5.32
4743,0.15,5.32
4744,0.15,5.31
4745,0.15,5.31
4746,0.15,5.3
4747,0.15,5.3
4748,0.14,5.29
4749,0.14,5.29
4750,0.15,5.28
4751,0.15,5.28
4752,0.15,5.27
4753,0.14,5.27
4754,0.14,5.27
4755,0.14,5.26
4756,0.15,5.26
4757,0.15,5.26
4758,0.14,5.26
4759,0.15,5.26
4760,0.15,5.26
4761,0.15,5.26
4762,0.14,5.26
4763,0.15,5.26
4764,0.14,5.26
4765,0.14,5.27
4766,0.14,5.27
4767,0.14,5.27
4768,0.14,5.27
4769,0.14,5.28
4770,0.14,5.28
4771,0.15,5.29
4772,0.14,5.29
4773,0.15,5.29
4774,0.14,5.3
4775,0.14,5.3
4776,0.15,5.31
4777,0.15,5.31
4778,0.14,5.31
4779,0.14,5.31
4780,0.14,5.32
4781,0.14,5.32
4782,0.14,5.32
4783,0.14,5.32
4784,0.14,5.32
4785,0.14,5.32
4786,0.14,5.32
4787,0.14,5.32
4788,0.14,5.32
4789,0.14,5.32
4790,0.14,5.31
4791,0.14,5.31
4792,0.14,5.31
4793,0.14,5.3
4794,0.13,5.3
4795,0.14,5.29
4796,0.14,5.29
4797,0.14,5.28
4798,0.14,5.28
4799,0.14,5.27
4800,0.14,5.26
4801,0.14,5.26
4802,0.14,5.25
4803,0.14,5.25
4804,0.14,5.24
4805,0.13,5.24
4806,0.14,5.23
4807,0.13,5.23
4808,0.14,5.23
4809,0.14,5.23
4810,0.13,5.22
4811,0.13,5.22
4812,0.14,5.22
4813,0.14,5.22
4814,0.14,5.23
4815,0.13,5.23
4816,0.13,5.23
4817,0.13,5.23
4818,0.14,5.24
4819,0.14,5.24
4820,0.14,5.24
4821,0.14,5.25
4822,0.14,5.25
4823,0.14,5.26
4824,0.14,5.26
4825,0.14,5.27
4826,0.14,5.27
4827,0.14,5.28
4828,0.14,5.28
4829,0.14,5.29
4830,0.14,5.29
4831,0.13,5.29
4832,0.14,5.3
4833,0.14,5.3
4834,0.14,5.3
4835,0.13,5.3
4836,0.13,5.3
4837,0.13,5.3
4838,0.13,5.3
4839,0.14,5.3
4840,0.13,5.3
4841,0.13,5.3
4842,0.13,5.29
4843,0.13,5.29
4844,0.13,5.28
4845,0.13,5.28
4846,0.13,5.28
4847,0.13,5.27
4848,0.13,5.26
4849,0.13,5.26
4850,0.13,5.25
4851,0.13,5.24
4852,0.13,5.23
4853,0.13,5.23
4854,0.13,5.22
4855,0.13,5.22
4856,0.13,5.21
4857,0.13,5.2
4858,0.13,5.2
4859,0.13,5.2
4860,0.13,5.19
4861,0.13,5.19
4862,0.13,5.19
4863,0.14,5.19
4864,0.13,5.19
4865,0.13,5.19
4866,0.13,5.19
4867,0.13,5.2
4868,0.13,5.2
4869,0.13,5.2
4870,0.13,5.21
4871,0.13,5.21
4872,0.13,5.21
4873,0.13,5.22
4874,0.13,5.22
4875,0.13,5.23
4876,0.13,5.24
4877,0.13,5.24
4878,0.13,5.25
4879,0.13,5.25
4880,0.13,5.26
4881,0.13,5.26
4882,0.13,5.27
4883,0.13,5.27
4884,0.13,5.27
4885,0.13,5.28
4886,0.13,5.28
4887,0.13,5.28
4888,0.13,5.28
4889,0.13,5.28
4890,0.13,5.28
4891,0.13,5.28
4892,0.13,5.28
4893,0.13,5.28
4894,0.13,5.27
4895,0.13,5.27
4896,0.13,5.26
4897,0.13,5.26
4898,0.13,5.26
4899,0.13,5.25
4900,0.13,5.25
4901,0.13,5.24
4902,0.13,5.23
4903,0.13,5.23
4904,0.12,5.22
4905,0.13,5.22
4906,0.13,5.21
4907,0.13,5.21
4908,0.13,5.2
4909,0.13,5.2
4910,0.13,5.19
4911,0.13,5.19
4912,0.13,5.18
4913,0.13,5.18
4914,0.13,5.18
4915,0.13,5.17
4916,0.13,5.17
4917,0.13,5.17
4918,0.13,5.17
4919,0.13,5.17
4920,0.13,5.18
4921,0.13,5.18
4922,0.13,5.18
4923,0.13,5.18
4924,0.13,5.19
4925,0.12,5.19
4926,0.12,5.19
4927,0.13,5.2
4928,0.13,5.2
4929,0.12,5.21
4930,0.13,5.21
4931,0.13,5.22
4932,0.13,5.22
4933,0.13,5.23
4934,0.13,5.23
4935,0.12,5.23
4936,0.13,5.24
4937,0.13,5.24
4938,0.13,5.24
4939,0.13,5.24
4940,0.13,5.25
4941,0.13,5.25
4942,0.13,5.25
4943,0.13,5.24
4944,0.13,5.24
4945,0.13,5.24
4946,0.13,5.24
4947,0.13,5.24
4948,0.13,5.23
4949,0.13,5.23
4950,0.13,5.23
4951,0.13,5.22
4952,0.13,5.22
4953,0.13,5.22
4954,0.12,5.21
4955,0.13,5.21
4956,0.13,5.2
4957,0.13,5.2
4958,0.13,5.2
4959,0.13,5.19
4960,0.13,5.19
4961,0.13,5.19
4962,0.13,5.18
4963,0.13,5.18
4964,0.13,5.18
4965,0.13,5.18
4966,0.13,5.18
4967,0.13,5.18
4968,0.13,5.18
4969,0.13,5.18
4970,0.13,5.18
4971,0.13,5.18
4972,0.13,5.19
4973,0.13,5.19
4974,0.12,5.19
4975,0.13,5.2
4976,0.13,5.2
4977,0.13,5.2
4978,0.13,5.21
4979,0.12,5.21
4980,0.12,5.22
4981,0.13,5.22
4982,0.12,5.22
4983,0.12,5.23
4984,0.12,5.23
4985,0.12,5.23
4986,0.12,5.24
4987,0.12,5.24
4988,0.12,5.24
4989,0.12,5.24
4990,0.12,5.24
4991,0.13,5.24
4992,0.12,5.24
4993,0.12,5.24
4994,0.12,5.23
4995,0.12,5.23
4996,0.12,5.23
4997,0.12,5.22
4998,0.12,5.22
4999,0.12,5.22
5000,0.12,5.21
5001,0.12,5.21
5002,0.12,5.2
5003,0.12,5.2
5004,0.11,5.19
5005,0.12,5.19
5006,0.12,5.18
5007,0.12,5.18
5008,0.12,5.17
5009,0.12,5.17
5010,0.12,5.16
5011,0.12,5.16
5012,0.12,5.15
5013,0.12,5.15
5014,0.12,5.15
5015,0.12,5.15
5016,0.12,5.15
5017,0.12,5.15
5018,0.12,5.15
5019,0.12,5.15
5020,0.12,5.15
5021,0.12,5.15
5022,0.12,5.15
5023,0.12,5.16
5024,0.12,5.16
5025,0.12,5.17
5026,0.12,5.17
5027,0.12,5.18
5028,0.12,5.18
5029,0.11,5.19
5030,0.12,5.19
5031,0.12,5.19
5032,0.12,5.2
5033,0.12,5.2
5034,0.12,5.21
5035,0.12,5.21
5036,0.12,5.21
5037,0.12,5.21
5038,0.12,5.22
5039,0.12,5.22
5040,0.12,5.22
5041,0.12,5.22
5042,0.12,5.22
5043,0.12,5.22
5044,0.12,5.22
5045,0.12,5.21
5046,0.12,5.21
5047,0.12,5.21
5048,0.12,5.2
5049,0.12,5.2
5050,0.12,5.19
5051,0.12,5.19
5052,0.12,5.19
5053,0.12,5.18
5054,0.11,5.18
5055,0.12,5.17
5056,0.12,5.17
5057,0.12,5.17
5058,0.12,5.16
5059,0.12,5.16
5060,0.12,5.15
5061,0.12,5.15
5062,0.12,5.15
5063,0.12,5.15
5064,0.12,5.15
5065,0.12,5.15
5066,0.13,5.15
5067,0.12,5.15
5068,0.12,5.15
5069,0.12,5.15
5070,0.12,5.15
5071,0.11,5.16
5072,0.11,5.16
5073,0.12,5.16
5074,0.12,5.17
5075,0.11,5.17
5076,0.12,5.17
5077,0.11,5.18
5078,0.11,5.18
5079,0.11,5.18
5080,0.11,5.19
5081,0.11,5.19
5082,0.11,5.19
5083,0.11,5.2
5084,0.12,5.2
5085,0.11,5.2
5086,0.11,5.2
5087,0.11,5.2
5088,0.11,5.2
5089,0.11,5.2
5090,0.11,5.2
5091,0.12,5.2
5092,0.11,5.19
5093,0.12,5.19
5094,0.11,5.19
5095,0.11,5.18
5096,0.11,5.18
5097,0.11,5.18
5098,0.11,5.17
5099,0.11,5.17
5100,0.11,5.16
5101,0.11,5.16
5102,0.11,5.15
5103,0.11,5.15
5104,0.11,5.14
5105,0.11,5.14
5106,0.11,5.13
5107,0.11,5.13
5108,0.11,5.12
5109,0.11,5.12
5110,0.11,5.12
5111,0.11,5.12
5112,0.11,5.11
5113,0.11,5.11
5114,0.11,5.11
5115,0.11,5.11
5116,0.12,5.11
5117,0.12,5.11
5118,0.11,5.12
5119,0.11,5.12
5120,0.11,5.12
5121,0.11,5.13
5122,0.11,5.13
5123,0.11,5.13
5124,0.11,5.14
5125,0.11,5.14
5126,0.12,5.15
5127,0.11,5.15
5128,0.11,5.16
5129,0.11,5.16
5130,0.11,5.17
5131,0.11,5.17
5132,0.11,5.17
5133,0.11,5.18
5134,0.11,5.18
5135,0.11,5.19
5136,0.11,5.19
5137,0.11,5.19
5138,0.11,5.19
5139,0.11,5.19
5140,0.12,5.19
5141,0.11,5.19
5142,0.11,5.19
5143,0.11,5.18
5144,0.11,5.18
5145,0.11,5.18
5146,0.11,5.18
5147,0.11,5.17
5148,0.11,5.17
5149,0.11,5.17
5150,0.11,5.16
5151,0.11,5.15
5152,0.11,5.15
5153,0.11,5.15
5154,0.11,5.14
5155,0.11,5.14
5156,0.11,5.13
5157,0.11,5.13
5158,0.11,5.13
5159,0.11,5.12
5160,0.11,5.12
5161,0.11,5.12
5162,0.11,5.12
5163,0.11,5.12
5164,0.11,5.11
5165,0.11,5.11
5166,0.11,5.11
5167,0.12,5.12
5168,0.11,5.12
5169,0.11,5.12
5170,0.11,5.12
5171,0.11,5.13
5172,0.11,5.13
5173,0.11,5.13
5174,0.11,5.14
5175,0.11,5.14
5176,0.11,5.15
5177,0.11,5.15
5178,0.11,5.16
5179,0.11,5.16
5180,0.11,5.16
5181,0.11,5.17
5182,0.11,5.17
5183,0.11,5.18
5184,0.11,5.18
5185,0.11,5.18
5186,0.11,5.18
5187,0.11,5.19
5188,0.11,5.19
5189,0.11,5.19
5190,0.11,5.19
5191,0.11,5.19
5192,0.11,5.18
5193,0.11,5.18
5194,0.11,5.18
5195,0.11,5.18
5196,0.11,5.17
5197,0.11,5.17
5198,0.11,5.17
5199,0.11,5.17
5200,0.11,5.16
5201,0.11,5.16
5202,0.11,5.15
5203,0.11,5.15
5204,0.11,5.14
5205,0.11,5.14
5206,0.11,5.13
5207,0.11,5.13
5208,0.11,5.13
5209,0.11,5.12
5210,0.11,5.12
5211,0.11,5.11
5212,0.11,5.11
5213,0.11,5.11
5214,0.11,5.11
5215,0.11,5.11
5216,0.11,5.11
5217,0.11,5.1
5218,0.11,5.1
5219,0.11,5.11
5220,0.11,5.11
5221,0.11,5.11
5222,0.11,5.11
5223,0.11,5.12
5224,0.11,5.12
5225,0.11,5.12
5226,0.11,5.13
5227,0.11,5.13
5228,0.11,5.14
5229,0.11,5.14
5230,0.11,5.15
5231,0.11,5.15
5232,0.11,5.15
5233,0.11,5.16
5234,0.11,5.16
5235,0.11,5.17
5236,0.11,5.17
5237,0.11,5.17
5238,0.11,5.17
5239,0.11,5.18
5240,0.11,5.18
5241,0.11,5.18
5242,0.11,5.18
5243,0.11,5.18
5244,0.11,5.17
5245,0.11,5.17
5246,0.11,5.17
5247,0.11,5.16
5248,0.11,5.16
5249,0.11,5.16
5250,0.11,5.15
5251,0.11,5.15
5252,0.11,5.14
5253,0.11,5.14
5254,0.11,5.13
5255,0.11,5.13
5256,0.11,5.12
5257,0.11,5.11
5258,0.11,5.11
5259,0.11,5.1
5260,0.11,5.1
5261,0.11,5.09
5262,0.11,5.09
5263,0.11,5.09
5264,0.11,5.09
5265,0.11,5.08
5266,0.11,5.08
5267,0.11,5.08
5268,0.11,5.08
5269,0.11,5.08
5270,0.11,5.09
5271,0.11,5.09
5272,0.11,5.09
5273,0.11,5.09
5274,0.11,5.1
5275,0.11,5.1
5276,0.11,5.11
5277,0.11,5.11
5278,0.11,5.12
5279,0.11,5.12
5280,0.11,5.13
5281,0.11,5.14
5282,0.11,5.14
5283,0.11,5.14
5284,0.11,5.15
5285,0.11,5.15
5286,0.11,5.16
5287,0.11,5.16
5288,0.11,5.16
5289,0.11,5.16
5290,0.11,5.16
5291,0.11,5.17
5292,0.11,5.17
5293,0.11,5.17
5294,0.11,5.17
5295,0.11,5.17
5296,0.11,5.16
5297,0.11,5.16
5298,0.11,5.16
5299,0.11,5.15
5300,0.11,5.15
5301,0.11,5.15
5302,0.11,5.14
5303,0.11,5.14
5304,0.11,5.13
5305,0.11,5.13
5306,0.11,5.12
5307,0.11,5.12
5308,0.11,5.11
5309,0.11,5.11
5310,0.11,5.1
5311,0.11,5.1
5312,0.11,5.1
5313,0.11,5.09
5314,0.11,5.09
5315,0.11,5.09
5316,0.11,5.09
5317,0.11,5.09
5318,0.11,5.09
5319,0.11,5.09
5320,0.11,5.09
5321,0.11,5.09
5322,0.11,5.09
5323,0.11,5.1
5324,0.11,5.1
5325,0.11,5.11
5326,0.11,5.11
5327,0.11,5.11
5328,0.11,5.12
5329,0.11,5.12
5330,0.11,5.13
5331,0.11,5.13
5332,0.11,5.14
5333,0.11,5.14
5334,0.11,5.14
5335,0.11,5.15
5336,0.11,5.15
5337,0.11,5.15
5338,0.11,5.16
5339,0.11,5.16
5340,0.11,5.16
5341,0.11,5.16
5342,0.11,5.16
5343,0.11,5.16
5344,0.11,5.16
5345,0.11,5.16
5346,0.11,5.16
5347,0.11,5.15
5348,0.11,5.15
5349,0.11,5.15
5350,0.11,5.14
5351,0.11,5.14
5352,0.11,5.14
5353,0.11,5.13
5354,0.11,5.13
5355,0.11,5.12
5356,0.11,5.12
5357,0.11,5.11
5358,0.11,5.11
5359,0.11,5.11
5360,0.11,5.1
5361,0.11,5.1
5362,0.11,5.1
5363,0.11,5.09
5364,0.11,5.09
5365,0.11,5.09
5366,0.11,5.09
5367,0.11,5.09
5368,0.11,5.09
5369,0.11,5.09
5370,0.11,5.09
5371,0.11,5.09
5372,0.11,5.09
5373,0.11,5.1
5374,0.11,5.1
5375,0.11,5.11
5376,0.11,5.11
5377,0.11,5.11
5378,0.11,5.12
5379,0.11,5.12
5380,0.11,5.13
5381,0.11,5.13
5382,0.11,5.14
5383,0.11,5.14
5384,0.11,5.14
5385,0.11,5.15
5386,0.11,5.15
5387,0.11,5.15
5388,0.11,5.15
5389,0.11,5.16
5390,0.11,5.16
5391,0.11,5.16
5392,0.11,5.16
5393,0.11,5.16
5394,0.11,5.16
5395,0.11,5.16
5396,0.11,5.15
5397,0.11,5.15
5398,0.11,5.15
5399,0.11,5.15
5400,0.11,5.14
5401,0.11,5.14
5402,0.11,5.14
5403,0.11,5.13
5404,0.11,5.13
5405,0.11,5.12
5406,0.11,5.12
5407,0.11,5.12
5408,0.11,5.11
5409,0.11,5.11
5410,0.11,5.1
5411,0.11,5.1
5412,0.11,5.1
5413,0.11,5.1
5414,0.11,5.09
5415,0.11,5.09
5416,0.11,5.09
5417,0.11,5.09
5418,0.11,5.09
5419,0.11,5.09
5420,0.11,5.09
5421,0.11,5.1
5422,0.11,5.1
5423,0.11,5.1
5424,0.11,5.1
5425,0.11,5.1
5426,0.11,5.11
5427,0.11,5.11
5428,0.11,5.12
5429,0.11,5.12
5430,0.11,5.12
5431,0.11,5.13
5432,0.11,5.13
5433,0.11,5.13
5434,0.11,5.14
5435,0.11,5.14
5436,0.11,5.14
5437,0.11,5.14
5438,0.11,5.15
5439,0.11,5.15
5440,0.11,5.15
5441,0.11,5.15
5442,0.11,5.15
5443,0.11,5.15
5444,0.11,5.15
5445,0.11,5.15
5446,0.11,5.15
5447,0.11,5.15
5448,0.11,5.15
5449,0.11,5.15
5450,0.11,5.14
5451,0.11,5.14
5452,0.11,5.14
5453,0.11,5.13
5454,0.11,5.13
5455,0.11,5.13
5456,0.11,5.12
5457,0.11,5.12
5458,0.11,5.12
5459,0.11,5.11
5460,0.11,5.11
5461,0.11,5.11
5462,0.11,5.11
5463,0.11,5.1
5464,0.11,5.1
5465,0.11,5.1
5466,0.11,5.1
5467,0.11,5.1
5468,0.11,5.1
5469,0.11,5.1
5470,0.11,5.1
5471,0.11,5.1
5472,0.11,5.1
5473,0.11,5.1
5474,0.11,5.11
5475,0.11,5.11
5476,0.11,5.11
5477,0.11,5.11
5478,0.11,5.12
5479,0.11,5.12
5480,0.11,5.12
5481,0.11,5.13
5482,0.11,5.13
5483,0.11,5.13
5484,0.11,5.14
5485,0.11,5.14
5486,0.11,5.15
5487,0.11,5.15
5488,0.11,5.15
5489,0.11,5.15
5490,0.11,5.16
5491,0.11,5.16
5492,0.11,5.16
5493,0.11,5.16
5494,0.11,5.16
5495,0.11,5.16
5496,0.11,5.17
5497,0.11,5.17
5498,0.11,5.16
5499,0.11,5.16
5500,0.11,5.16
5501,0.11,5.16
5502,0.11,5.16
5503,0.11,5.15
5504,0.11,5.15
5505,0.11,5.15
5506,0.11,5.14
5507,0.11,5.14
5508,0.11,5.13
5509,0.11,5.13
5510,0.11,5.13
5511,0.11,5.12
5512,0.11,5.12
5513,0.11,5.12
5514,0.11,5.11
5515,0.12,5.11
5516,0.11,5.11
5517,0.11,5.11
5518,0.11,5.1
5519,0.11,5.1
5520,0.11,5.1
5521,0.11,5.1
5522,0.11,5.11
5523,0.11,5.11
5524,0.11,5.11
5525,0.12,5.11
5526,0.11,5.12
5527,0.11,5.12
5528,0.11,5.12
5529,0.11,5.13
5530,0.11,5.13
5531,0.11,5.14
5532,0.11,5.14
5533,0.12,5.15
5534,0.12,5.15
5535,0.11,5.16
5536,0.11,5.16
5537,0.11,5.17
5538,0.11,5.17
5539,0.12,5.18
5540,0.11,5.18
5541,0.11,5.18
5542,0.12,5.19
5543,0.11,5.19
5544,0.11,5.19
5545,0.11,5.19
5546,0.11,5.19
5547,0.11,5.19
5548,0.11,5.19
5549,0.12,5.19
5550,0.11,5.19
5551,0.11,5.18
5552,0.11,5.18
5553,0.11,5.18
5554,0.11,5.17
5555,0.12,5.17
5556,0.11,5.17
5557,0.11,5.16
5558,0.11,5.16
5559,0.11,5.15
5560,0.11,5.15
5561,0.11,5.14
5562,0.12,5.14
5563,0.11,5.14
5564,0.11,5.13
5565,0.11,5.13
5566,0.11,5.13
5567,0.12,5.12
5568,0.11,5.12
5569,0.11,5.12
5570,0.11,5.12
5571,0.11,5.12
5572,0.11,5.12
5573,0.11,5.12
5574,0.11,5.12
5575,0.11,5.12
5576,0.11,5.12
5577,0.11,5.13
5578,0.11,5.13
5579,0.11,5.13
5580,0.11,5.14
5581,0.11,5.14
5582,0.11,5.14
5583,0.11,5.15
5584,0.11,5.15
5585,0.11,5.16
5586,0.11,5.16
5587,0.11,5.16
5588,0.11,5.17
5589,0.11,5.17
5590,0.12,5.18
5591,0.11,5.18
5592,0.11,5.18
5593,0.11,5.19
5594,0.11,5.19
5595,0.11,5.19
5596,0.11,5.19
5597,0.11,5.19
5598,0.11,5.19
5599,0.12,5.19
5600,0.11,5.19
5601,0.11,5.19
5602,0.11,5.18
5603,0.11,5.18
5604,0.11,5.17
5605,0.11,5.17
5606,0.12,5.17
5607,0.11,5.16
5608,0.11,5.16
5609,0.11,5.16
5610,0.11,5.15
5611,0.12,5.15
5612,0.11,5.15
5613,0.11,5.14
5614,0.11,5.14
5615,0.11,5.13
5616,0.11,5.13
5617,0.11,5.13
5618,0.11,5.13
5619,0.11,5.12
5620,0.11,5.12
5621,0.11,5.12
5622,0.11,5.12
5623,0.11,5.12
5624,0.11,5.12
5625,0.11,5.12
5626,0.11,5.12
5627,0.11,5.12
5628,0.11,5.12
5629,0.11,5.13
5630,0.11,5.13
5631,0.11,5.13
5632,0.11,5.13
5633,0.11,5.14
5634,0.11,5.14
5635,0.11,5.14
5636,0.11,5.15
5637,0.11,5.15
5638,0.11,5.15
5639,0.11,5.16
5640,0.11,5.16
5641,0.11,5.16
5642,0.11,5.17
5643,0.11,5.17
5644,0.11,5.17
5645,0.11,5.17
5646,0.11,5.18
5647,0.11,5.18
5648,0.11,5.18
5649,0.11,5.18
5650,0.12,5.18
5651,0.11,5.18
5652,0.11,5.18
5653,0.11,5.18
5654,0.11,5.18
5655,0.11,5.17
5656,0.11,5.17
5657,0.11,5.17
5658,0.11,5.16
5659,0.11,5.16
5660,0.11,5.16
5661,0.11,5.15
5662,0.12,5.15
5663,0.12,5.15
5664,0.11,5.14
5665,0.11,5.14
5666,0.12,5.13
5667,0.12,5.13
5668,0.12,5.13
5669,0.11,5.13
5670,0.12,5.12
5671,0.12,5.12
5672,0.12,5.12
5673,0.12,5.12
5674,0.12,5.12
5675,0.12,5.12
5676,0.12,5.13
5677,0.12,5.13
5678,0.12,5.13
5679,0.12,5.13
5680,0.12,5.14
5681,0.12,5.14
5682,0.12,5.14
5683,0.12,5.15
5684,0.11,5.16
5685,0.12,5.16
5686,0.12,5.17
5687,0.12,5.17
5688,0.12,5.17
5689,0.13,5.18
5690,0.12,5.18
5691,0.12,5.19
5692,0.12,5.2
5693,0.12,5.2
5694,0.12,5.2
5695,0.12,5.21
5696,0.13,5.21
5697,0.12,5.21
5698,0.12,5.21
5699,0.12,5.22
5700,0.12,5.22
5701,0.12,5.22
5702,0.12,5.22
5703,0.12,5.21
5704,0.12,5.21
5705,0.12,5.21
5706,0.12,5.21
5707,0.12,5.21
5708,0.12,5.2
5709,0.12,5.2
5710,0.12,5.2
5711,0.12,5.19
5712,0.12,5.19
5713,0.12,5.18
5714,0.12,5.18
5715,0.12,5.17
5716,0.12,5.17
5717,0.12,5.16
5718,0.12,5.16
5719,0.12,5.16
5720,0.12,5.15
5721,0.12,5.15
5722,0.12,5.15
5723,0.12,5.15
5724,0.12,5.15
5725,0.12,5.15
5726,0.12,5.14
5727,0.12,5.14
5728,0.12,5.14
5729,0.11,5.15
5730,0.12,5.15
5731,0.12,5.15
5732,0.12,5.15
5733,0.12,5.15
5734,0.12,5.16
5735,0.12,5.16
5736,0.12,5.17
5737,0.12,5.17
5738,0.12,5.17
5739,0.12,5.18
5740,0.12,5.18
5741,0.12,5.19
5742,0.11,5.19
5743,0.12,5.19
5744,0.12,5.2
5745,0.12,5.2
5746,0.12,5.2
5747,0.12,5.21
5748,0.13,5.21
5749,0.12,5.21
5750,0.12,5.21
5751,0.12,5.22
5752,0.12,5.22
5753,0.12,5.22
5754,0.12,5.22
5755,0.12,5.22
5756,0.12,5.21
5757,0.12,5.21
5758,0.12,5.21
5759,0.12,5.21
5760,0.12,5.2
5761,0.12,5.2
5762,0.12,5.2
5763,0.12,5.19
5764,0.12,5.19
5765,0.12,5.18
5766,0.12,5.18
5767,0.12,5.18
5768,0.12,5.17
5769,0.12,5.17
5770,0.12,5.16
5771,0.12,5.16
5772,0.12,5.16
5773,0.12,5.15
5774,0.12,5.15
5775,0.13,5.15
5776,0.13,5.15
5777,0.13,5.15
5778,0.13,5.15
5779,0.13,5.15
5780,0.12,5.15
5781,0.13,5.15
5782,0.13,5.15
5783,0.13,5.16
5784,0.13,5.16
5785,0.13,5.16
5786,0.13,5.17
5787,0.13,5.17
5788,0.13,5.18
5789,0.13,5.18
5790,0.13,5.19
5791,0.12,5.19
5792,0.13,5.2
5793,0.13,5.2
5794,0.13,5.21
5795,0.13,5.22
5796,0.13,5.22
5797,0.13,5.22
5798,0.13,5.23
5799,0.13,5.23
5800,0.12,5.24
5801,0.13,5.24
5802,0.13,5.24
5803,0.13,5.25
5804,0.13,5.25
5805,0.13,5.25
5806,0.13,5.25
5807,0.13,5.25
5808,0.13,5.24
5809,0.13,5.24
5810,0.13,5.24
5811,0.13,5.24
5812,0.13,5.23
5813,0.12,5.23
5814,0.13,5.23
5815,0.13,5.22
5816,0.13,5.22
5817,0.13,5.21
5818,0.13,5.21
5819,0.13,5.2
5820,0.13,5.2
5821,0.13,5.19
5822,0.13,5.19
5823,0.13,5.18
5824,0.13,5.18
5825,0.13,5.18
5826,0.12,5.17
5827,0.13,5.17
5828,0.13,5.17
5829,0.13,5.17
5830,0.13,5.17
5831,0.13,5.17
5832,0.13,5.17
5833,0.13,5.17
5834,0.13,5.17
5835,0.13,5.17
5836,0.13,5.17
5837,0.12,5.17
5838,0.13,5.18
5839,0.13,5.18
5840,0.13,5.19
5841,0.13,5.19
5842,0.13,5.2
5843,0.13,5.2
5844,0.13,5.2
5845,0.13,5.21
5846,0.13,5.21
5847,0.13,5.22
5848,0.13,5.22
5849,0.13,5.23
5850,0.13,5.23
5851,0.13,5.24
5852,0.13,5.24
5853,0.13,5.24
5854,0.13,5.24
5855,0.13,5.25
5856,0.13,5.25
5857,0.12,5.25
5858,0.13,5.25
5859,0.13,5.25
5860,0.13,5.25
5861,0.13,5.24
5862,0.13,5.24
5863,0.13,5.24
5864,0.13,5.24
5865,0.13,5.23
5866,0.13,5.23
5867,0.13,5.22
5868,0.13,5.22
5869,0.13,5.22
5870,0.13,5.21
5871,0.13,5.21
5872,0.13,5.21
5873,0.13,5.2
5874,0.13,5.2
5875,0.13,5.2
5876,0.13,5.19
5877,0.13,5.19
5878,0.13,5.19
5879,0.13,5.19
5880,0.13,5.19
5881,0.13,5.19
5882,0.13,5.19
5883,0.13,5.19
5884,0.13,5.19
5885,0.13,5.19
5886,0.13,5.2
5887,0.13,5.2
5888,0.13,5.2
5889,0.13,5.21
5890,0.13,5.21
5891,0.14,5.22
5892,0.13,5.22
5893,0.13,5.23
5894,0.13,5.23
5895,0.13,5.23
5896,0.13,5.24
5897,0.13,5.25
5898,0.13,5.25
5899,0.13,5.26
5900,0.13,5.26
5901,0.13,5.26
5902,0.13,5.26
5903,0.13,5.27
5904,0.13,5.27
5905,0.13,5.27
5906,0.13,5.27
5907,0.13,5.27
5908,0.13,5.27
5909,0.13,5.27
5910,0.13,5.27
5911,0.13,5.27
5912,0.13,5.26
5913,0.13,5.26
5914,0.13,5.26
5915,0.13,5.26
5916,0.13,5.25
5917,0.13,5.25
5918,0.13,5.25
5919,0.13,5.24
5920,0.13,5.23
5921,0.13,5.23
5922,0.13,5.23
5923,0.13,5.22
5924,0.13,5.22
5925,0.13,5.21
5926,0.13,5.21
5927,0.13,5.21
5928,0.13,5.2
5929,0.13,5.2
5930,0.13,5.2
5931,0.13,5.2
5932,0.13,5.2
5933,0.13,5.2
5934,0.13,5.2
5935,0.13,5.2
5936,0.13,5.2
5937,0.13,5.2
5938,0.14,5.2
5939,0.13,5.21
5940,0.13,5.21
5941,0.14,5.21
5942,0.14,5.21
5943,0.14,5.22
5944,0.14,5.22
5945,0.13,5.23
5946,0.13,5.23
5947,0.13,5.24
5948,0.14,5.25
5949,0.14,5.25
5950,0.14,5.26
5951,0.14,5.26
5952,0.14,5.27
5953,0.14,5.27
5954,0.14,5.28
5955,0.14,5.28
5956,0.14,5.29
5957,0.14,5.29
5958,0.14,5.29
5959,0.14,5.29
5960,0.13,5.3
5961,0.14,5.3
5962,0.14,5.3
5963,0.14,5.3
5964,0.14,5.3
5965,0.14,5.3
5966,0.14,5.29
5967,0.14,5.29
5968,0.14,5.29
5969,0.14,5.28
5970,0.14,5.28
5971,0.14,5.28
5972,0.14,5.27
5973,0.14,5.27
5974,0.14,5.26
5975,0.14,5.26
5976,0.14,5.25
5977,0.14,5.25
5978,0.14,5.25
5979,0.14,5.24
5980,0.14,5.24
5981,0.14,5.24
5982,0.14,5.23
5983,0.14,5.23
5984,0.14,5.23
5985,0.14,5.23
5986,0.13,5.23
5987,0.14,5.22
5988,0.14,5.22
5989,0.14,5.22
5990,0.14,5.23
5991,0.14,5.23
5992,0.14,5.23
5993,0.13,5.23
5994,0.13,5.24
5995,0.14,5.24
5996,0.14,5.24
5997,0.14,5.25
5998,0.14,5.25
5999,0.14,5.26
6000,0.14,5.26
6001,0.14,5.27
6002,0.14,5.27
6003,0.14,5.28
6004,0.13,5.28
6005,0.13,5.28
6006,0.14,5.29
6007,0.13,5.29
6008,0.14,5.29
6009,0.14,5.29
6010,0.14,5.3
6011,0.14,5.3
6012,0.14,5.3
6013,0.14,5.3
6014,0.14,5.3
6015,0.14,5.3
6016,0.14,5.3
6017,0.14,5.29
6018,0.14,5.29
6019,0.15,5.29
6020,0.14,5.29
6021,0.15,5.29
6022,0.15,5.29
6023,0.15,5.28
6024,0.15,5.28
6025,0.15,5.28
6026,0.15,5.28
6027,0.15,5.27
6028,0.15,5.27
6029,0.14,5.27
6030,0.15,5.27
6031,0.15,5.26
6032,0.15,5.26
6033,0.15,5.26
6034,0.14,5.26
6035,0.15,5.26
6036,0.15,5.26
6037,0.14,5.26
6038,0.15,5.26
6039,0.14,5.26
6040,0.15,5.26
6041,0.14,5.27
6042,0.15,5.27
6043,0.15,5.27
6044,0.15,5.28
6045,0.15,5.28
6046,0.15,5.28
6047,0.14,5.29
6048,0.15,5.29
6049,0.15,5.29
6050,0.15,5.3
6051,0.15,5.3
6052,0.15,5.3
6053,0.15,5.31
6054,0.15,5.31
6055,0.15,5.31
6056,0.15,5.31
6057,0.14,5.32
6058,0.15,5.32
6059,0.15,5.32
6060,0.15,5.32
6061,0.15,5.32
6062,0.15,5.32
6063,0.14,5.32
6064,0.14,5.32
6065,0.15,5.32
6066,0.15,5.32
6067,0.15,5.32
6068,0.15,5.32
6069,0.15,5.31
6070,0.15,5.31
6071,0.15,5.31
6072,0.15,5.31
6073,0.15,5.3
6074,0.15,5.3
6075,0.15,5.3
6076,0.15,5.29
6077,0.15,5.29
6078,0.15,5.28
6079,0.15,5.28
6080,0.15,5.28
6081,0.15,5.28
6082,0.15,5.27
6083,0.15,5.27
6084,0.15,5.27
6085,0.15,5.27
6086,0.15,5.27
6087,0.15,5.27
6088,0.15,5.27
6089,0.15,5.27
6090,0.15,5.27
6091,0.15,5.27
6092,0.15,5.27
6093,0.15,5.28
6094,0.15,5.28
6095,0.15,5.28
6096,0.15,5.29
6097,0.15,5.29
6098,0.15,5.3
6099,0.15,5.3
6100,0.15,5.31
6101,0.15,5.31
6102,0.15,5.31
6103,0.15,5.32
6104,0.15,5.32
6105,0.15,5.33
6106,0.15,5.33
6107,0.15,5.34
6108,0.15,5.34
6109,0.15,5.34
6110,0.15,5.35
6111,0.15,5.35
6112,0.15,5.35
6113,0.15,5.35
6114,0.15,5.35
6115,0.15,5.35
6116,0.15,5.35
6117,0.15,5.35
6118,0.15,5.35
6119,0.15,5.35
6120,0.15,5.35
6121,0.15,5.35
6122,0.15,5.34
6123,0.15,5.34
6124,0.15,5.33
6125,0.15,5.33
6126,0.15,5.33
6127,0.15,5.32
6128,0.15,5.32
6129,0.15,5.32
6130,0.15,5.31
6131,0.15,5.31
6132,0.15,5.3
6133,0.15,5.3
6134,0.15,5.3
6135,0.15,5.3
6136,0.15,5.29
6137,0.16,5.29
6138,0.15,5.29
6139,0.15,5.29
6140,0.15,5.29
6141,0.15,5.29
6142,0.15,5.29
6143,0.15,5.29
6144,0.15,5.29
6145,0.15,5.29
6146,0.15,5.29
6147,0.15,5.3
6148,0.15,5.3
6149,0.15,5.3
6150,0.16,5.31
6151,0.15,5.31
6152,0.15,5.32
6153,0.16,5.32
6154,0.16,5.33
6155,0.16,5.33
6156,0.15,5.34
6157,0.16,5.34
6158,0.16,5.35
6159,0.16,5.35
6160,0.16,5.36
6161,0.16,5.36
6162,0.16,5.36
6163,0.16,5.37
6164,0.16,5.37
6165,0.15,5.37
6166,0.16,5.38
6167,0.16,5.38
6168,0.15,5.38
6169,0.15,5.38
6170,0.15,5.38
6171,0.15,5.38
6172,0.16,5.38
6173,0.16,5.38
6174,0.16,5.38
6175,0.15,5.38
6176,0.16,5.37
6177,0.15,5.37
6178,0.16,5.37
6179,0.16,5.36
6180,0.15,5.36
6181,0.15,5.35
6182,0.16,5.35
6183,0.16,5.35
6184,0.16,5.34
6185,0.16,5.34
6186,0.16,5.33
6187,0.15,5.33
6188,0.15,5.32
6189,0.16,5.32
6190,0.15,5.32
6191,0.15,5.32
6192,0.16,5.31
6193,0.15,5.31
6194,0.15,5.31
6195,0.16,5.31
6196,0.15,5.31
6197,0.16,5.31
6198,0.15,5.31
6199,0.15,5.31
6200,0.16,5.31
6201,0.16,5.32
6202,0.16,5.32
6203,0.16,5.32
6204,0.16,5.33
6205,0.16,5.33
6206,0.16,5.33
6207,0.16,5.34
6208,0.16,5.34
6209,0.17,5.35
6210,0.16,5.35
6211,0.16,5.36
6212,0.16,5.36
6213,0.17,5.37
6214,0.17,5.37
6215,0.17,5.37
6216,0.16,5.38
6217,0.17,5.38
6218,0.17,5.39
6219,0.16,5.39
6220,0.17,5.39
6221,0.17,5.39
6222,0.17,5.39
6223,0.16,5.4
6224,0.16,5.4
6225,0.16,5.4
6226,0.17,5.4
6227,0.17,5.4
6228,0.17,5.4
6229,0.16,5.4
6230,0.16,5.39
6231,0.17,5.39
6232,0.17,5.39
6233,0.17,5.39
6234,0.16,5.39
6235,0.17,5.38
6236,0.17,5.38
6237,0.16,5.38
6238,0.17,5.37
6239,0.17,5.37
6240,0.16,5.37
6241,0.17,5.37
6242,0.16,5.36
6243,0.17,5.36
6244,0.17,5.36
6245,0.16,5.35
6246,0.17,5.35
6247,0.16,5.35
6248,0.16,5.35
6249,0.17,5.35
6250,0.16,5.35
6251,0.16,5.35
6252,0.16,5.35
6253,0.16,5.35
6254,0.16,5.35
6255,0.16,5.35
6256,0.17,5.35
6257,0.16,5.36
6258,0.16,5.36
6259,0.16,5.36
6260,0.16,5.36
6261,0.16,5.37
6262,0.17,5.37
6263,0.16,5.38
6264,0.17,5.38
6265,0.17,5.38
6266,0.17,5.38
6267,0.17,5.39
6268,0.17,5.39
6269,0.17,5.39
6270,0.17,5.4
6271,0.17,5.4
6272,0.17,5.4
6273,0.17,5.41
6274,0.17,5.41
6275,0.17,5.41
6276,0.17,5.41
6277,0.17,5.41
6278,0.17,5.41
6279,0.17,5.41
6280,0.17,5.41
6281,0.17,5.41
6282,0.17,5.41
6283,0.17,5.41
6284,0.17,5.41
6285,0.17,5.41
6286,0.17,5.4
6287,0.17,5.4
6288,0.17,5.4
6289,0.17,5.4
6290,0.17,5.4
6291,0.17,5.4
6292,0.17,5.39
6293,0.17,5.39
6294,0.17,5.39
6295,0.17,5.39
6296,0.17,5.39
6297,0.17,5.39
6298,0.17,5.39
6299,0.17,5.39
6300,0.17,5.39
6301,0.17,5.39
6302,0.17,5.39
6303,0.17,5.39
6304,0.17,5.39
6305,0.17,5.39
6306,0.17,5.39
6307,0.17,5.39
6308,0.17,5.39
6309,0.17,5.4
6310,0.17,5.4
6311,0.17,5.4
6312,0.17,5.4
6313,0.17,5.4
6314,0.17,5.4
6315,0.17,5.4
6316,0.17,5.4
6317,0.17,5.4
6318,0.17,5.41
6319,0.17,5.41
6320,0.17,5.41
6321,0.17,5.41
6322,0.17,5.41
6323,0.17,5.41
6324,0.17,5.42
6325,0.17,5.42
6326,0.17,5.42
6327,0.17,5.42
6328,0.17,5.42
6329,0.17,5.42
6330,0.17,5.42
6331,0.17,5.42
6332,0.17,5.42
6333,0.17,5.42
6334,0.17,5.41
6335,0.17,5.41
6336,0.17,5.41
6337,0.17,5.41
6338,0.18,5.41
6339,0.17,5.41
6340,0.17,5.41
6341,0.18,5.41
6342,0.17,5.41
6343,0.17,5.41
6344,0.17,5.41
6345,0.17,5.42
6346,0.17,5.42
6347,0.17,5.42
6348,0.17,5.42
6349,0.17,5.42
6350,0.17,5.42
6351,0.17,5.42
6352,0.17,5.42
6353,0.18,5.42
6354,0.18,5.43
6355,0.18,5.43
6356,0.17,5.43
6357,0.17,5.43
6358,0.17,5.43
6359,0.17,5.43
6360,0.17,5.43
6361,0.17,5.43
6362,0.17,5.44
6363,0.18,5.44
6364,0.17,5.44
6365,0.17,5.44
6366,0.18,5.44
6367,0.18,5.44
6368,0.18,5.44
6369,0.17,5.45
6370,0.17,5.45
6371,0.18,5.45
6372,0.17,5.45
6373,0.18,5.45
6374,0.18,5.45
6375,0.17,5.45
6376,0.17,5.45
6377,0.17,5.45
6378,0.18,5.45
6379,0.18,5.44
6380,0.18,5.44
6381,0.17,5.44
6382,0.17,5.44
6383,0.17,5.44
6384,0.17,5.44
6385,0.17,5.43
6386,0.18,5.43
6387,0.18,5.43
6388,0.18,5.43
6389,0.17,5.43
6390,0.18,5.43
6391,0.18,5.42
6392,0.18,5.42
6393,0.18,5.42
6394,0.18,5.42
6395,0.18,5.42
6396,0.18,5.42
6397,0.18,5.42
6398,0.18,5.42
6399,0.18,5.42
6400,0.18,5.43
6401,0.18,5.43
6402,0.18,5.43
6403,0.19,5.43
6404,0.18,5.43
6405,0.19,5.44
6406,0.18,5.44
6407,0.18,5.44
6408,0.19,5.45
6409,0.18,5.45
6410,0.18,5.45
6411,0.18,5.46
6412,0.19,5.46
6413,0.18,5.46
6414,0.19,5.47
6415,0.18,5.47
6416,0.18,5.47
6417,0.19,5.48
6418,0.18,5.48
6419,0.19,5.48
6420,0.18,5.48
6421,0.18,5.48
6422,0.18,5.49
6423,0.19,5.49
6424,0.18,5.49
6425,0.18,5.49
6426,0.19,5.49
6427,0.18,5.48
6428,0.18,5.48
6429,0.18,5.48
6430,0.18,5.48
6431,0.18,5.48
6432,0.18,5.48
6433,0.18,5.47
6434,0.18,5.47
6435,0.19,5.47
6436,0.18,5.47
6437,0.18,5.47
6438,0.18,5.46
6439,0.19,5.46
6440,0.19,5.46
6441,0.18,5.45
6442,0.18,5.45
6443,0.18,5.45
6444,0.18,5.45
6445,0.18,5.44
6446,0.19,5.44
6447,0.19,5.44
6448,0.18,5.44
6449,0.19,5.44
6450,0.19,5.44
6451,0.18,5.44
6452,0.19,5.44
6453,0.19,5.44
6454,0.19,5.45
6455,0.18,5.45
6456,0.19,5.45
6457,0.19,5.45
6458,0.19,5.46
6459,0.19,5.46
6460,0.19,5.47
6461,0.19,5.47
6462,0.19,5.47
6463,0.19,5.48
6464,0.19,5.48
6465,0.19,5.48
6466,0.19,5.49
6467,0.19,5.49
6468,0.19,5.5
6469,0.19,5.5
6470,0.19,5.51
6471,0.19,5.51
6472,0.19,5.51
6473,0.19,5.51
6474,0.19,5.52
6475,0.19,5.52
6476,0.19,5.52
6477,0.19,5.52
6478,0.19,5.52
6479,0.19,5.52
6480,0.19,5.52
6481,0.19,5.52
6482,0.19,5.52
6483,0.19,5.52
6484,0.19,5.52
6485,0.19,5.51
6486,0.19,5.51
6487,0.19,5.51
6488,0.19,5.5
6489,0.19,5.5
6490,0.19,5.5
6491,0.19,5.5
6492,0.19,5.49
6493,0.19,5.49
6494,0.19,5.48
6495,0.19,5.48
6496,0.19,5.48
6497,0.19,5.48
6498,0.19,5.47
6499,0.19,5.47
6500,0.19,5.47
6501,0.19,5.47
6502,0.19,5.47
6503,0.19,5.47
6504,0.19,5.47
6505,0.19,5.47
6506,0.19,5.47
6507,0.19,5.47
6508,0.19,5.47
6509,0.19,5.47
6510,0.19,5.47
6511,0.19,5.48
6512,0.19,5.48
6513,0.19,5.48
6514,0.19,5.49
6515,0.19,5.49
6516,0.19,5.5
6517,0.19,5.5
6518,0.19,5.51
6519,0.19,5.51
6520,0.19,5.52
6521,0.19,5.52
6522,0.19,5.52
6523,0.19,5.53
6524,0.19,5.53
6525,0.19,5.54
6526,0.19,5.54
6527,0.19,5.54
6528,0.19,5.55
6529,0.19,5.55
6530,0.19,5.55
6531,0.19,5.55
6532,0.19,5.55
6533,0.19,5.55
6534,0.19,5.55
6535,0.19,5.55
6536,0.2,5.55
6537,0.19,5.55
6538,0.2,5.55
6539,0.19,5.55
6540,0.19,5.55
6541,0.19,5.54
6542,0.19,5.54
6543,0.19,5.54
6544,0.19,5.53
6545,0.19,5.53
6546,0.19,5.52
6547,0.19,5.52
6548,0.19,5.52
6549,0.19,5.51
6550,0.19,5.51
6551,0.19,5.51
6552,0.19,5.5
6553,0.19,5.5
6554,0.19,5.5
6555,0.19,5.49
6556,0.19,5.49
6557,0.19,5.49
6558,0.19,5.49
6559,0.19,5.49
6560,0.19,5.49
6561,0.19,5.49
6562,0.19,5.49
6563,0.2,5.49
6564,0.19,5.49
6565,0.2,5.5
6566,0.2,5.5
6567,0.19,5.5
6568,0.2,5.51
6569,0.2,5.51
6570,0.2,5.51
6571,0.19,5.52
6572,0.2,5.52
6573,0.2,5.53
6574,0.2,5.53
6575,0.2,5.54
6576,0.2,5.54
6577,0.2,5.55
6578,0.2,5.55
6579,0.2,5.56
6580,0.2,5.56
6581,0.2,5.56
6582,0.2,5.57
6583,0.2,5.57
6584,0.2,5.58
6585,0.2,5.58
6586,0.2,5.58
6587,0.2,5.58
6588,0.21,5.58
6589,0.2,5.58
6590,0.2,5.58
6591,0.2,5.58
6592,0.2,5.58
6593,0.2,5.58
6594,0.2,5.58
6595,0.2,5.58
6596,0.2,5.57
6597,0.2,5.57
6598,0.2,5.56
6599,0.2,5.56
6600,0.2,5.56
6601,0.2,5.55
6602,0.2,5.55
6603,0.2,5.55
6604,0.2,5.54
6605,0.2,5.54
6606,0.2,5.53
6607,0.2,5.53
6608,0.2,5.53
6609,0.2,5.53
6610,0.2,5.52
6611,0.2,5.52
6612,0.2,5.52
6613,0.2,5.52
6614,0.2,5.52
6615,0.2,5.52
6616,0.2,5.52
6617,0.2,5.52
6618,0.2,5.52
6619,0.2,5.52
6620,0.2,5.52
6621,0.2,5.52
6622,0.21,5.53
6623,0.2,5.53
6624,0.2,5.54
6625,0.2,5.54
6626,0.2,5.54
6627,0.2,5.55
6628,0.2,5.55
6629,0.21,5.56
6630,0.21,5.56
6631,0.21,5.57
6632,0.21,5.57
6633,0.21,5.58
6634,0.21,5.58
6635,0.21,5.59
6636,0.21,5.59
6637,0.21,5.59
6638,0.21,5.59
6639,0.21,5.59
6640,0.21,5.6
6641,0.21,5.6
6642,0.21,5.6
6643,0.21,5.6
6644,0.21,5.6
6645,0.21,5.6
6646,0.21,5.6
6647,0.21,5.6
6648,0.21,5.6
6649,0.21,5.6
6650,0.21,5.6
6651,0.21,5.59
6652,0.21,5.59
6653,0.21,5.59
6654,0.21,5.59
6655,0.21,5.58
6656,0.21,5.58
6657,0.21,5.58
6658,0.21,5.58
6659,0.21,5.57
6660,0.21,5.57
6661,0.21,5.57
6662,0.21,5.57
6663,0.21,5.56
6664,0.21,5.56
6665,0.21,5.56
6666,0.21,5.56
6667,0.21,5.56
6668,0.21,5.56
6669,0.21,5.55
6670,0.21,5.56
6671,0.21,5.56
6672,0.21,5.56
6673,0.21,5.56
6674,0.21,5.56
6675,0.2,5.56
6676,0.21,5.56
6677,0.21,5.56
6678,0.21,5.57
6679,0.21,5.57
6680,0.21,5.57
6681,0.21,5.57
6682,0.21,5.58
6683,0.21,5.58
6684,0.21,5.58
6685,0.21,5.59
6686,0.21,5.59
6687,0.21,5.59
6688,0.21,5.6
6689,0.21,5.6
6690,0.21,5.6
6691,0.21,5.61
6692,0.21,5.61
6693,0.21,5.61
6694,0.21,5.61
6695,0.21,5.61
6696,0.21,5.61
6697,0.21,5.61
6698,0.21,5.61
6699,0.21,5.61
6700,0.21,5.61
6701,0.21,5.61
6702,0.21,5.61
6703,0.21,5.61
6704,0.21,5.61
6705,0.21,5.61
6706,0.21,5.61
6707,0.21,5.6
6708,0.21,5.6
6709,0.21,5.6
6710,0.21,5.6
6711,0.21,5.6
6712,0.21,5.6
6713,0.21,5.6
6714,0.21,5.6
6715,0.21,5.6
6716,0.21,5.6
6717,0.21,5.6
6718,0.21,5.6
6719,0.21,5.6
6720,0.21,5.6
6721,0.21,5.6
6722,0.21,5.6
6723,0.21,5.61
6724,0.21,5.61
6725,0.21,5.61
6726,0.21,5.61
6727,0.21,5.61
6728,0.21,5.61
6729,0.21,5.61
6730,0.21,5.61
6731,0.21,5.61
6732,0.21,5.61
6733,0.21,5.61
6734,0.21,5.61
6735,0.21,5.61
6736,0.21,5.61
6737,0.21,5.61
6738,0.21,5.61
6739,0.21,5.61
6740,0.21,5.61
6741,0.21,5.61
6742,0.21,5.61
6743,0.21,5.61
6744,0.21,5.62
6745,0.21,5.62
6746,0.21,5.62
6747,0.21,5.62
6748,0.21,5.62
6749,0.21,5.62
6750,0.21,5.62
6751,0.21,5.62
6752,0.21,5.62
6753,0.21,5.62
6754,0.21,5.61
6755,0.21,5.61
6756,0.22,5.61
6757,0.21,5.61
6758,0.22,5.61
6759,0.22,5.61
6760,0.22,5.62
6761,0.22,5.61
6762,0.22,5.62
6763,0.21,5.61
6764,0.22,5.62
6765,0.22,5.61
6766,0.22,5.62
6767,0.22,5.62
6768,0.22,5.62
6769,0.22,5.62
6770,0.22,5.62
6771,0.22,5.62
6772,0.22,5.62
6773,0.22,5.62
6774,0.22,5.62
6775,0.21,5.63
6776,0.21,5.63
6777,0.22,5.63
6778,0.22,5.63
6779,0.22,5.63
6780,0.22,5.64
6781,0.22,5.64
6782,0.21,5.64
6783,0.22,5.64
6784,0.22,5.64
6785,0.22,5.64
6786,0.21,5.65
6787,0.21,5.65
6788,0.22,5.65
6789,0.22,5.65
6790,0.22,5.65
6791,0.22,5.65
6792,0.22,5.65
6793,0.22,5.65
6794,0.22,5.65
6795,0.22,5.65
6796,0.22,5.65
6797,0.22,5.65
6798,0.22,5.65
6799,0.22,5.65
6800,0.22,5.65
6801,0.22,5.65
6802,0.21,5.65
6803,0.22,5.65
6804,0.22,5.65
6805,0.22,5.64
6806,0.22,5.64
6807,0.22,5.64
6808,0.22,5.64
6809,0.21,5.63
6810,0.22,5.63
6811,0.22,5.63
6812,0.22,5.63
6813,0.22,5.63
6814,0.22,5.63
6815,0.22,5.63
6816,0.22,5.63
6817,0.22,5.63
6818,0.22,5.63
6819,0.22,5.63
6820,0.22,5.63
6821,0.22,5.63
6822,0.22,5.63
6823,0.22,5.63
6824,0.22,5.63
6825,0.22,5.63
6826,0.22,5.64
6827,0.22,5.64
6828,0.22,5.64
6829,0.22,5.64
6830,0.22,5.65
6831,0.22,5.65
6832,0.22,5.65
6833,0.22,5.66
6834,0.22,5.66
6835,0.22,5.66
6836,0.22,5.67
6837,0.22,5.67
6838,0.22,5.67
6839,0.22,5.68
6840,0.22,5.68
6841,0.22,5.68
6842,0.22,5.68
6843,0.22,5.69
6844,0.22,5.69
6845,0.22,5.69
6846,0.22,5.69
6847,0.22,5.69
6848,0.22,5.69
6849,0.22,5.69
6850,0.22,5.69
6851,0.22,5.69
6852,0.22,5.69
6853,0.22,5.69
6854,0.22,5.69
6855,0.22,5.68
6856,0.22,5.68
6857,0.22,5.68
6858,0.22,5.68
6859,0.22,5.67
6860,0.22,5.67
6861,0.22,5.67
6862,0.22,5.66
6863,0.22,5.66
6864,0.22,5.66
6865,0.22,5.66
6866,0.22,5.65
6867,0.22,5.65
6868,0.22,5.65
6869,0.22,5.65
6870,0.22,5.65
6871,0.22,5.64
6872,0.22,5.64
6873,0.22,5.64
6874,0.22,5.64
6875,0.22,5.64
6876,0.22,5.64
6877,0.22,5.65
6878,0.22,5.65
6879,0.22,5.65
6880,0.22,5.65
6881,0.22,5.65
6882,0.22,5.66
6883,0.22,5.66
6884,0.22,5.66
6885,0.22,5.67
6886,0.22,5.67
6887,0.22,5.67
6888,0.22,5.68
6889,0.22,5.68
6890,0.23,5.69
6891,0.23,5.69
6892,0.23,5.69
6893,0.23,5.7
6894,0.22,5.7
6895,0.22,5.7
6896,0.22,5.71
6897,0.23,5.71
6898,0.22,5.71
6899,0.22,5.71
6900,0.22,5.72
6901,0.23,5.72
6902,0.23,5.72
6903,0.22,5.72
6904,0.23,5.72
6905,0.22,5.72
6906,0.23,5.72
6907,0.23,5.72
6908,0.22,5.72
6909,0.22,5.72
6910,0.23,5.72
6911,0.23,5.72
6912,0.23,5.71
6913,0.23,5.71
6914,0.22,5.71
6915,0.23,5.71
6916,0.22,5.7
6917,0.23,5.7
6918,0.22,5.7
6919,0.23,5.7
6920,0.22,5.69
6921,0.23,5.69
6922,0.23,5.69
6923,0.22,5.69
6924,0.23,5.69
6925,0.23,5.68
6926,0.22,5.68
6927,0.23,5.68
6928,0.22,5.68
6929,0.22,5.68
6930,0.23,5.68
6931,0.23,5.68
6932,0.23,5.68
6933,0.22,5.68
6934,0.22,5.68
6935,0.22,5.68
6936,0.22,5.68
6937,0.23,5.69
6938,0.22,5.69
6939,0.23,5.69
6940,0.23,5.69
6941,0.22,5.7
6942,0.23,5.7
6943,0.22,5.7
6944,0.22,5.71
6945,0.23,5.71
6946,0.23,5.71
6947,0.23,5.71
6948,0.22,5.72
6949,0.22,5.72
6950,0.22,5.72
6951,0.22,5.72
6952,0.23,5.72
6953,0.23,5.72
6954,0.23,5.72
6955,0.23,5.72
6956,0.23,5.72
6957,0.23,5.72
6958,0.23,5.72
6959,0.23,5.72
6960,0.23,5.72
6961,0.23,5.72
6962,0.24,5.72
6963,0.23,5.72
6964,0.23,5.71
6965,0.23,5.71
6966,0.23,5.71
6967,0.24,5.71
6968,0.23,5.71
6969,0.23,5.71
6970,0.24,5.71
6971,0.24,5.71
6972,0.23,5.71
6973,0.23,5.71
6974,0.23,5.71
6975,0.23,5.71
6976,0.23,5.71
6977,0.24,5.71
6978,0.23,5.71
6979,0.24,5.71
6980,0.24,5.71
6981,0.24,5.72
6982,0.23,5.72
6983,0.23,5.72
6984,0.23,5.72
6985,0.23,5.73
6986,0.23,5.73
6987,0.24,5.73
6988,0.24,5.73
6989,0.23,5.73
6990,0.24,5.74
6991,0.24,5.74
6992,0.24,5.74
6993,0.23,5.74
6994,0.23,5.74
6995,0.24,5.74
6996,0.24,5.75
6997,0.24,5.75
6998,0.23,5.75
6999,0.23,5.75
7000,0.24,5.75
7001,0.24,5.75
7002,0.23,5.75
7003,0.23,5.75
7004,0.23,5.74
7005,0.24,5.75
7006,0.24,5.74
7007,0.24,5.74
7008,0.23,5.74
7009,0.23,5.74
7010,0.24,5.73
7011,0.24,5.73
7012,0.23,5.73
7013,0.23,5.73
7014,0.23,5.73
7015,0.23,5.72
7016,0.23,5.72
7017,0.24,5.72
7018,0.24,5.72
7019,0.24,5.72
7020,0.24,5.71
7021,0.23,5.71
7022,0.24,5.71
7023,0.24,5.71
7024,0.23,5.71
7025,0.23,5.71
7026,0.23,5.71
7027,0.24,5.71
7028,0.24,5.71
7029,0.24,5.72
7030,0.24,5.72
7031,0.24,5.72
7032,0.24,5.72
7033,0.24,5.72
7034,0.24,5.73
7035,0.24,5.73
7036,0.24,5.73
7037,0.24,5.73
7038,0.24,5.74
7039,0.24,5.74
7040,0.24,5.74
7041,0.24,5.75
7042,0.24,5.75
7043,0.24,5.75
7044,0.24,5.76
7045,0.24,5.76
7046,0.24,5.76
7047,0.24,5.77
7048,0.24,5.77
7049,0.24,5.77
7050,0.24,5.77
7051,0.24,5.77
7052,0.24,5.77
7053,0.24,5.77
7054,0.24,5.78
7055,0.24,5.78
7056,0.24,5.78
7057,0.24,5.78
7058,0.24,5.78
7059,0.24,5.77
7060,0.24,5.77
7061,0.24,5.77
7062,0.24,5.77
7063,0.24,5.77
7064,0.24,5.77
7065,0.24,5.76
7066,0.24,5.76
7067,0.24,5.76
7068,0.24,5.76
7069,0.24,5.76
7070,0.24,5.75
7071,0.24,5.75
7072,0.24,5.75
7073,0.24,5.75
7074,0.24,5.74
7075,0.24,5.74
7076,0.24,5.74
7077,0.24,5.74
7078,0.24,5.74
7079,0.24,5.74
7080,0.24,5.74
7081,0.24,5.74
7082,0.24,5.74
7083,0.24,5.74
7084,0.24,5.74
7085,0.24,5.75
7086,0.24,5.75
7087,0.24,5.75
7088,0.24,5.75
7089,0.24,5.76
7090,0.24,5.76
7091,0.24,5.76
7092,0.24,5.77
7093,0.24,5.77
7094,0.24,5.77
7095,0.24,5.77
7096,0.24,5.77
7097,0.24,5.78
7098,0.24,5.78
7099,0.24,5.78
7100,0.24,5.78
7101,0.24,5.79
7102,0.24,5.78
7103,0.24,5.79
7104,0.24,5.79
7105,0.24,5.79
7106,0.24,5.79
7107,0.24,5.79
7108,0.24,5.79
7109,0.24,5.79
7110,0.24,5.79
7111,0.24,5.78
7112,0.24,5.78
7113,0.24,5.78
7114,0.24,5.78
7115,0.24,5.78
7116,0.24,5.78
7117,0.24,5.77
7118,0.24,5.77
7119,0.24,5.77
7120,0.24,5.77
7121,0.24,5.77
7122,0.24,5.77
7123,0.24,5.76
7124,0.24,5.76
7125,0.24,5.76
7126,0.24,5.76
7127,0.24,5.76
7128,0.24,5.76
7129,0.24,5.76
7130,0.24,5.76
7131,0.24,5.77
7132,0.24,5.77
7133,0.24,5.77
7134,0.24,5.77
7135,0.25,5.77
7136,0.24,5.77
7137,0.24,5.78
7138,0.24,5.78
7139,0.24,5.78
7140,0.25,5.79
7141,0.24,5.79
7142,0.24,5.79
7143,0.24,5.8
7144,0.24,5.8
7145,0.24,5.8
7146,0.24,5.81
7147,0.24,5.81
7148,0.24,5.81
7149,0.24,5.81
7150,0.24,5.82
7151,0.24,5.82
7152,0.24,5.82
7153,0.24,5.82
7154,0.25,5.82
7155,0.24,5.82
7156,0.24,5.82
7157,0.25,5.82
7158,0.24,5.81
7159,0.24,5.81
7160,0.24,5.81
7161,0.24,5.81
7162,0.24,5.8
7163,0.24,5.8
7164,0.24,5.8
7165,0.24,5.79
7166,0.24,5.79
7167,0.24,5.79
7168,0.24,5.79
7169,0.24,5.78
7170,0.24,5.78
7171,0.24,5.78
7172,0.24,5.77
7173,0.24,5.77
7174,0.24,5.77
7175,0.24,5.77
7176,0.24,5.77
7177,0.25,5.77
7178,0.24,5.77
7179,0.24,5.77
7180,0.24,5.77
7181,0.24,5.77
7182,0.24,5.77
7183,0.24,5.77
7184,0.24,5.77
7185,0.24,5.77
7186,0.24,5.78
7187,0.24,5.78
7188,0.24,5.78
7189,0.24,5.79
7190,0.24,5.79
7191,0.25,5.79
7192,0.24,5.79
7193,0.24,5.8
7194,0.24,5.8
7195,0.24,5.8
7196,0.24,5.8
7197,0.25,5.81
7198,0.24,5.81
7199,0.24,5.81
7200,0.25,5.81
7201,0.24,5.82
7202,0.24,5.82
7203,0.25,5.82
7204,0.25,5.82
7205,0.25,5.82
7206,0.25,5.82
7207,0.25,5.81
7208,0.25,5.81
7209,0.25,5.81
7210,0.25,5.81
7211,0.25,5.81
7212,0.25,5.81
7213,0.25,5.8
7214,0.25,5.8
7215,0.25,5.8
7216,0.25,5.8
7217,0.25,5.8
7218,0.25,5.79
7219,0.25,5.79
7220,0.25,5.79
7221,0.25,5.79
7222,0.26,5.79
7223,0.25,5.79
7224,0.25,5.79
7225,0.25,5.8
7226,0.25,5.8
7227,0.25,5.8
7228,0.25,5.8
7229,0.26,5.8
7230,0.25,5.8
7231,0.25,5.81
7232,0.25,5.81
7233,0.25,5.81
7234,0.25,5.81
7235,0.25,5.82
7236,0.25,5.82
7237,0.26,5.82
7238,0.25,5.83
7239,0.25,5.83
7240,0.26,5.83
7241,0.25,5.83
7242,0.26,5.83
7243,0.25,5.83
7244,0.25,5.84
7245,0.25,5.84
7246,0.25,5.84
7247,0.25,5.84
7248,0.25,5.84
7249,0.25,5.84
7250,0.25,5.84
7251,0.25,5.84
7252,0.25,5.84
7253,0.25,5.84
7254,0.25,5.84
7255,0.26,5.84
7256,0.25,5.84
7257,0.25,5.84
7258,0.25,5.83
7259,0.25,5.83
7260,0.25,5.83
7261,0.25,5.83
7262,0.25,5.82
7263,0.25,5.82
7264,0.25,5.82
7265,0.25,5.82
7266,0.25,5.82
7267,0.25,5.81
7268,0.25,5.81
7269,0.25,5.81
7270,0.25,5.81
7271,0.25,5.81
7272,0.25,5.81
7273,0.25,5.81
7274,0.25,5.81
7275,0.25,5.81
7276,0.25,5.81
7277,0.25,5.81
7278,0.25,5.81
7279,0.25,5.81
7280,0.25,5.81
7281,0.25,5.81
7282,0.26,5.81
7283,0.25,5.81
7284,0.25,5.81
7285,0.25,5.82
7286,0.25,5.82
7287,0.26,5.82
7288,0.25,5.83
7289,0.25,5.83
7290,0.25,5.83
7291,0.25,5.83
7292,0.25,5.83
7293,0.25,5.84
7294,0.25,5.84
7295,0.25,5.84
7296,0.25,5.84
7297,0.26,5.84
7298,0.25,5.84
7299,0.25,5.84
7300,0.26,5.84
7301,0.25,5.84
7302,0.25,5.84
7303,0.25,5.84
7304,0.25,5.84
7305,0.25,5.84
7306,0.25,5.84
7307,0.26,5.83
7308,0.25,5.83
7309,0.25,5.83
7310,0.25,5.83
7311,0.26,5.83
7312,0.26,5.83
7313,0.26,5.83
7314,0.25,5.83
7315,0.26,5.82
7316,0.26,5.82
7317,0.26,5.82
7318,0.26,5.82
7319,0.25,5.82
7320,0.26,5.82
7321,0.26,5.82
7322,0.26,5.82
7323,0.26,5.82
7324,0.26,5.82
7325,0.26,5.83
7326,0.26,5.83
7327,0.26,5.83
7328,0.26,5.83
7329,0.26,5.83
7330,0.26,5.84
7331,0.26,5.84
7332,0.26,5.84
7333,0.26,5.85
7334,0.26,5.85
7335,0.26,5.85
7336,0.26,5.86
7337,0.26,5.86
7338,0.26,5.86
7339,0.26,5.87
7340,0.26,5.87
7341,0.26,5.87
7342,0.26,5.87
7343,0.26,5.87
7344,0.26,5.87
7345,0.26,5.88
7346,0.26,5.88
7347,0.26,5.88
7348,0.26,5.87
7349,0.26,5.87
7350,0.26,5.87
7351,0.26,5.87
7352,0.26,5.87
7353,0.26,5.87
7354,0.26,5.86
7355,0.26,5.86
7356,0.26,5.86
7357,0.26,5.86
7358,0.26,5.85
7359,0.26,5.85
7360,0.26,5.85
7361,0.26,5.85
7362,0.26,5.84
7363,0.26,5.84
7364,0.26,5.84
7365,0.26,5.84
7366,0.26,5.83
7367,0.26,5.83
7368,0.26,5.83
7369,0.26,5.83
7370,0.26,5.83
7371,0.26,5.83
7372,0.26,5.83
7373,0.26,5.83
7374,0.26,5.83
7375,0.26,5.83
7376,0.26,5.83
7377,0.26,5.83
7378,0.26,5.83
7379,0.26,5.84
7380,0.26,5.84
7381,0.26,5.84
7382,0.26,5.84
7383,0.26,5.85
7384,0.26,5.85
7385,0.26,5.85
7386,0.26,5.86
7387,0.26,5.86
7388,0.26,5.86
7389,0.26,5.87
7390,0.26,5.87
7391,0.26,5.87
7392,0.26,5.87
7393,0.26,5.87
7394,0.26,5.87
7395,0.26,5.88
7396,0.26,5.88
7397,0.26,5.88
7398,0.26,5.88
7399,0.26,5.88
7400,0.26,5.88
7401,0.26,5.88
7402,0.26,5.88
7403,0.26,5.88
7404,0.26,5.87
7405,0.26,5.87
7406,0.26,5.87
7407,0.26,5.87
7408,0.26,5.86
7409,0.26,5.86
7410,0.26,5.86
7411,0.26,5.86
7412,0.26,5.85
7413,0.26,5.85
7414,0.26,5.85
7415,0.26,5.84
7416,0.26,5.84
7417,0.26,5.84
7418,0.26,5.84
7419,0.26,5.83
7420,0.26,5.83
7421,0.26,5.83
7422,0.26,5.83
7423,0.26,5.83
7424,0.26,5.83
7425,0.26,5.83
7426,0.26,5.83
7427,0.26,5.83
7428,0.26,5.83
7429,0.26,5.83
7430,0.26,5.84
7431,0.26,5.84
7432,0.26,5.84
7433,0.26,5.85
7434,0.26,5.85
7435,0.26,5.86
7436,0.26,5.86
7437,0.26,5.86
7438,0.26,5.87
7439,0.26,5.87
7440,0.26,5.87
7441,0.26,5.88
7442,0.26,5.88
7443,0.26,5.89
7444,0.26,5.89
7445,0.26,5.89
7446,0.26,5.89
7447,0.26,5.89
7448,0.26,5.9
7449,0.26,5.9
7450,0.26,5.9
7451,0.26,5.9
7452,0.26,5.9
7453,0.26,5.9
7454,0.26,5.9
7455,0.26,5.9
7456,0.26,5.9
7457,0.26,5.9
7458,0.26,5.9
7459,0.26,5.89
7460,0.26,5.89
7461,0.26,5.89
7462,0.26,5.89
7463,0.26,5.89
7464,0.26,5.88
7465,0.26,5.88
7466,0.26,5.88
7467,0.26,5.87
7468,0.26,5.87
7469,0.26,5.87
7470,0.26,5.87
7471,0.26,5.86
7472,0.26,5.86
7473,0.26,5.86
7474,0.26,5.86
7475,0.26,5.86
7476,0.26,5.86
7477,0.26,5.86
7478,0.26,5.86
7479,0.26,5.86
7480,0.26,5.86
7481,0.26,5.86
7482,0.26,5.86
7483,0.26,5.86
7484,0.26,5.87
7485,0.26,5.87
7486,0.26,5.87
7487,0.26,5.87
7488,0.26,5.88
7489,0.26,5.88
7490,0.26,5.88
7491,0.26,5.88
7492,0.26,5.89
7493,0.26,5.89
7494,0.26,5.89
7495,0.26,5.89
7496,0.26,5.9
7497,0.26,5.9
7498,0.26,5.9
7499,0.26,5.9
7500,0.26,5.9
7501,0.26,5.9
7502,0.26,5.91
7503,0.26,5.91
7504,0.26,5.91
7505,0.26,5.91
7506,0.26,5.91
7507,0.26,5.9
7508,0.26,5.9
7509,0.26,5.9
7510,0.26,5.9
7511,0.26,5.9
7512,0.26,5.89
7513,0.26,5.89
7514,0.26,5.89
7515,0.26,5.89
7516,0.26,5.88
7517,0.26,5.88
7518,0.26,5.88
7519,0.26,5.88
7520,0.26,5.88
7521,0.26,5.87
7522,0.26,5.87
7523,0.26,5.87
7524,0.26,5.87
7525,0.26,5.87
7526,0.26,5.87
7527,0.26,5.87
7528,0.26,5.87
7529,0.26,5.87
7530,0.26,5.87
7531,0.26,5.87
7532,0.26,5.87
7533,0.26,5.87
7534,0.26,5.87
7535,0.26,5.87
7536,0.26,5.87
7537,0.26,5.87
7538,0.26,5.88
7539,0.26,5.88
7540,0.26,5.88
7541,0.26,5.88
7542,0.26,5.89
7543,0.26,5.89
7544,0.26,5.89
7545,0.26,5.9
7546,0.26,5.9
7547,0.26,5.9
7548,0.26,5.9
7549,0.26,5.91
7550,0.26,5.91
7551,0.26,5.91
7552,0.26,5.91
7553,0.26,5.91
7554,0.26,5.91
7555,0.26,5.91
7556,0.26,5.91
7557,0.26,5.91
7558,0.26,5.91
7559,0.26,5.91
7560,0.26,5.9
7561,0.26,5.9
7562,0.26,5.9
7563,0.26,5.9
7564,0.26,5.9
7565,0.26,5.89
7566,0.26,5.89
7567,0.26,5.89
7568,0.26,5.89
7569,0.26,5.88
7570,0.26,5.88
7571,0.26,5.88
7572,0.26,5.88
7573,0.26,5.87
7574,0.26,5.87
7575,0.26,5.87
7576,0.26,5.87
7577,0.26,5.87
7578,0.26,5.87
7579,0.26,5.87
7580,0.26,5.87
7581,0.26,5.87
7582,0.26,5.87
7583,0.26,5.87
7584,0.26,5.87
7585,0.26,5.87
7586,0.26,5.87
7587,0.27,5.87
7588,0.26,5.88
7589,0.26,5.88
7590,0.26,5.88
7591,0.26,5.88
7592,0.26,5.89
7593,0.26,5.89
7594,0.26,5.89
7595,0.26,5.89
7596,0.26,5.9
7597,0.26,5.9
7598,0.26,5.9
7599,0.26,5.9
7600,0.26,5.9
7601,0.26,5.9
7602,0.26,5.9
7603,0.26,5.9
7604,0.26,5.9
7605,0.26,5.9
7606,0.26,5.9
7607,0.26,5.9
7608,0.26,5.9
7609,0.26,5.9
7610,0.26,5.9
7611,0.26,5.9
7612,0.27,5.89
7613,0.26,5.89
7614,0.26,5.89
7615,0.26,5.89
7616,0.26,5.89
7617,0.26,5.88
7618,0.26,5.88
7619,0.26,5.88
7620,0.27,5.88
7621,0.26,5.88
7622,0.27,5.88
7623,0.27,5.88
7624,0.27,5.88
7625,0.27,5.88
7626,0.26,5.88
7627,0.27,5.88
7628,0.27,5.88
7629,0.26,5.88
7630,0.27,5.88
7631,0.27,5.88
7632,0.27,5.89
7633,0.27,5.89
7634,0.26,5.89
7635,0.27,5.9
7636,0.27,5.9
7637,0.27,5.91
7638,0.27,5.91
7639,0.27,5.91
7640,0.27,5.92
7641,0.27,5.92
7642,0.27,5.93
7643,0.27,5.93
7644,0.27,5.93
7645,0.27,5.94
7646,0.27,5.94
7647,0.27,5.94
7648,0.27,5.94
7649,0.27,5.94
7650,0.27,5.95
7651,0.27,5.95
7652,0.27,5.95
7653,0.27,5.95
7654,0.27,5.95
7655,0.27,5.95
7656,0.27,5.95
7657,0.27,5.95
7658,0.27,5.94
7659,0.27,5.94
7660,0.27,5.94
7661,0.27,5.94
7662,0.27,5.93
7663,0.27,5.93
7664,0.27,5.93
7665,0.27,5.92
7666,0.26,5.92
7667,0.27,5.92
7668,0.27,5.91
7669,0.27,5.91
7670,0.27,5.91
7671,0.26,5.9
7672,0.27,5.9
7673,0.27,5.9
7674,0.27,5.89
7675,0.27,5.89
7676,0.27,5.89
7677,0.28,5.89
7678,0.27,5.89
7679,0.27,5.89
7680,0.27,5.89
7681,0.27,5.89
7682,0.27,5.9
7683,0.27,5.9
7684,0.27,5.9
7685,0.27,5.9
7686,0.27,5.9
7687,0.27,5.91
7688,0.27,5.91
7689,0.27,5.91
7690,0.27,5.92
7691,0.27,5.92
7692,0.27,5.92
7693,0.27,5.93
7694,0.27,5.93
7695,0.27,5.93
7696,0.27,5.93
7697,0.27,5.94
7698,0.27,5.94
7699,0.27,5.94
7700,0.27,5.94
7701,0.27,5.94
7702,0.27,5.94
7703,0.27,5.94
7704,0.27,5.94
7705,0.27,5.94
7706,0.27,5.94
7707,0.27,5.94
7708,0.27,5.94
7709,0.27,5.94
7710,0.27,5.93
7711,0.27,5.93
7712,0.27,5.93
7713,0.27,5.93
7714,0.27,5.93
7715,0.27,5.92
7716,0.26,5.92
7717,0.27,5.91
7718,0.27,5.91
7719,0.27,5.91
7720,0.27,5.91
7721,0.27,5.91
7722,0.27,5.91
7723,0.27,5.9
7724,0.27,5.9
7725,0.27,5.9
7726,0.27,5.9
7727,0.27,5.9
7728,0.27,5.89
7729,0.27,5.89
7730,0.27,5.89
7731,0.27,5.89
7732,0.27,5.9
7733,0.27,5.9
7734,0.27,5.9
7735,0.26,5.9
7736,0.27,5.9
7737,0.26,5.9
7738,0.27,5.91
7739,0.27,5.91
7740,0.27,5.91
7741,0.27,5.92
7742,0.27,5.92
7743,0.27,5.92
7744,0.27,5.93
7745,0.27,5.93
7746,0.26,5.93
7747,0.27,5.93
7748,0.27,5.94
7749,0.27,5.94
7750,0.27,5.94
7751,0.27,5.94
7752,0.26,5.94
7753,0.27,5.94
7754,0.27,5.94
7755,0.27,5.94
7756,0.27,5.94
7757,0.27,5.94
7758,0.27,5.94
7759,0.27,5.94
7760,0.27,5.94
7761,0.27,5.93
7762,0.27,5.93
7763,0.27,5.93
7764,0.26,5.93
7765,0.27,5.92
7766,0.27,5.92
7767,0.27,5.92
7768,0.26,5.91
7769,0.27,5.91
7770,0.27,5.91
7771,0.27,5.9
7772,0.27,5.9
7773,0.27,5.9
7774,0.27,5.9
7775,0.27,5.89
7776,0.27,5.89
7777,0.27,5.89
7778,0.27,5.89
7779,0.27,5.89
7780,0.27,5.89
7781,0.27,5.89
7782,0.27,5.89
7783,0.27,5.89
7784,0.27,5.9
7785,0.27,5.9
7786,0.27,5.9
7787,0.27,5.9
7788,0.27,5.9
7789,0.27,5.91
7790,0.27,5.91
7791,0.27,5.91
7792,0.27,5.92
7793,0.27,5.92
7794,0.27,5.92
7795,0.27,5.92
7796,0.27,5.93
7797,0.27,5.93
7798,0.27,5.93
7799,0.27,5.94
7800,0.27,5.94
7801,0.27,5.94
7802,0.27,5.94
7803,0.26,5.94
7804,0.27,5.94
7805,0.26,5.94
7806,0.27,5.94
7807,0.27,5.94
7808,0.27,5.94
7809,0.26,5.94
7810,0.27,5.93
7811,0.27,5.93
7812,0.27,5.93
7813,0.27,5.93
7814,0.27,5.92
7815,0.26,5.92
7816,0.26,5.92
7817,0.27,5.91
7818,0.27,5.91
7819,0.27,5.91
7820,0.27,5.91
7821,0.27,5.9
7822,0.27,5.9
7823,0.26,5.9
7824,0.27,5.9
7825,0.27,5.9
7826,0.27,5.9
7827,0.27,5.9
7828,0.27,5.9
7829,0.27,5.9
7830,0.27,5.9
7831,0.27,5.9
7832,0.27,5.9
7833,0.27,5.9
7834,0.27,5.9
7835,0.27,5.9
7836,0.27,5.9
7837,0.27,5.9
7838,0.27,5.91
7839,0.27,5.91
7840,0.26,5.91
7841,0.27,5.92
7842,0.27,5.92
7843,0.27,5.92
7844,0.27,5.92
7845,0.27,5.93
7846,0.27,5.93
7847,0.27,5.93
7848,0.27,5.93
7849,0.27,5.93
7850,0.27,5.93
7851,0.27,5.93
7852,0.27,5.94
7853,0.27,5.94
7854,0.27,5.94
7855,0.27,5.94
7856,0.27,5.94
7857,0.27,5.94
7858,0.26,5.94
7859,0.27,5.93
7860,0.27,5.93
7861,0.27,5.93
7862,0.27,5.93
7863,0.27,5.93
7864,0.27,5.93
7865,0.27,5.93
7866,0.27,5.92
7867,0.27,5.92
7868,0.27,5.92
7869,0.27,5.92
7870,0.27,5.92
7871,0.27,5.91
7872,0.27,5.91
7873,0.27,5.91
7874,0.27,5.91
7875,0.27,5.91
7876,0.27,5.91
7877,0.27,5.91
7878,0.27,5.9
7879,0.27,5.9
7880,0.27,5.9
7881,0.27,5.9
7882,0.27,5.9
7883,0.27,5.9
7884,0.27,5.91
7885,0.27,5.91
7886,0.27,5.91
7887,0.27,5.91
7888,0.27,5.91
7889,0.27,5.91
7890,0.27,5.91
7891,0.27,5.92
7892,0.27,5.92
7893,0.26,5.92
7894,0.27,5.92
7895,0.27,5.93
7896,0.27,5.93
7897,0.27,5.93
7898,0.27,5.93
7899,0.27,5.93
7900,0.27,5.94
7901,0.27,5.94
7902,0.27,5.94
7903,0.27,5.94
7904,0.27,5.94
7905,0.27,5.94
7906,0.27,5.94
7907,0.27,5.94
7908,0.27,5.94
7909,0.27,5.94
7910,0.27,5.94
7911,0.27,5.94
7912,0.27,5.93
7913,0.27,5.93
7914,0.27,5.93
7915,0.27,5.93
7916,0.27,5.93
7917,0.27,5.93
7918,0.26,5.92
7919,0.26,5.92
7920,0.27,5.92
7921,0.27,5.92
7922,0.27,5.92
7923,0.27,5.92
7924,0.27,5.91
7925,0.26,5.91
7926,0.27,5.91
7927,0.27,5.91
7928,0.26,5.91
7929,0.27,5.91
7930,0.27,5.91
7931,0.26,5.91
7932,0.27,5.91
7933,0.27,5.91
7934,0.27,5.91
7935,0.26,5.91
7936,0.27,5.91
7937,0.27,5.91
7938,0.27,5.91
7939,0.27,5.92
7940,0.27,5.92
7941,0.27,5.92
7942,0.27,5.92
7943,0.27,5.92
7944,0.26,5.92
7945,0.27,5.92
7946,0.27,5.93
7947,0.27,5.93
7948,0.27,5.93
7949,0.27,5.93
7950,0.27,5.93
7951,0.27,5.93
7952,0.27,5.93
7953,0.27,5.93
7954,0.27,5.93
7955,0.27,5.93
7956,0.27,5.93
7957,0.27,5.93
7958,0.26,5.93
7959,0.27,5.93
7960,0.27,5.93
7961,0.26,5.93
7962,0.27,5.93
7963,0.27,5.93
7964,0.27,5.93
7965,0.27,5.93
7966,0.27,5.92
7967,0.27,5.92
7968,0.27,5.92
7969,0.27,5.92
7970,0.27,5.92
7971,0.27,5.92
7972,0.27,5.92
7973,0.27,5.91
7974,0.27,5.91
7975,0.27,5.91
7976,0.27,5.91
7977,0.27,5.91
7978,0.27,5.91
7979,0.27,5.91
7980,0.27,5.91
7981,0.27,5.91
7982,0.27,5.91
7983,0.27,5.91
7984,0.27,5.91
7985,0.27,5.91
7986,0.27,5.91
7987,0.27,5.91
7988,0.27,5.91
7989,0.27,5.91
7990,0.27,5.91
7991,0.27,5.92
7992,0.27,5.92
7993,0.27,5.92
7994,0.26,5.92
7995,0.27,5.92
7996,0.27,5.93
7997,0.27,5.93
7998,0.27,5.93
7999,0.27,5.93
8000,0.27,5.93
8001,0.26,5.93
8002,0.27,5.93
8003,0.27,5.93
8004,0.27,5.93
8005,0.26,5.93
8006,0.27,5.93
8007,0.27,5.93
8008,0.27,5.93
8009,0.27,5.93
8010,0.27,5.93
8011,0.27,5.93
8012,0.27,5.93
8013,0.27,5.93
8014,0.27,5.93
8015,0.27,5.93
8016,0.27,5.93
8017,0.27,5.92
8018,0.27,5.92
8019,0.27,5.92
8020,0.27,5.92
8021,0.27,5.92
8022,0.27,5.91
8023,0.27,5.91
8024,0.27,5.91
8025,0.26,5.91
8026,0.27,5.91
8027,0.27,5.91
8028,0.27,5.91
8029,0.27,5.91
8030,0.27,5.91
8031,0.27,5.91
8032,0.27,5.91
8033,0.27,5.91
8034,0.27,5.91
8035,0.27,5.91
8036,0.27,5.91
8037,0.27,5.91
8038,0.27,5.91
8039,0.27,5.91
8040,0.27,5.91
8041,0.27,5.91
8042,0.27,5.92
8043,0.27,5.92
8044,0.27,5.92
8045,0.27,5.92
8046,0.27,5.92
8047,0.27,5.93
8048,0.27,5.93
8049,0.27,5.93
8050,0.27,5.93
8051,0.27,5.93
8052,0.27,5.93
8053,0.27,5.93
8054,0.27,5.93
8055,0.27,5.93
8056,0.27,5.93
8057,0.27,5.93
8058,0.27,5.93
8059,0.27,5.93
8060,0.27,5.93
8061,0.27,5.93
8062,0.27,5.93
8063,0.27,5.93
8064,0.27,5.93
8065,0.27,5.93
8066,0.26,5.92
8067,0.27,5.92
8068,0.27,5.92
8069,0.27,5.92
8070,0.27,5.92
8071,0.27,5.91
8072,0.27,5.91
8073,0.27,5.91
8074,0.26,5.91
8075,0.27,5.91
8076,0.27,5.91
8077,0.27,5.91
8078,0.27,5.91
8079,0.27,5.9
8080,0.27,5.91
8081,0.27,5.91
8082,0.27,5.91
8083,0.27,5.91
8084,0.27,5.91
8085,0.27,5.91
8086,0.27,5.91
8087,0.27,5.91
8088,0.26,5.91
8089,0.27,5.91
8090,0.27,5.92
8091,0.27,5.92
8092,0.27,5.92
8093,0.27,5.92
8094,0.27,5.92
8095,0.27,5.92
8096,0.27,5.92
8097,0.27,5.93
8098,0.27,5.93
8099,0.26,5.93
8100,0.27,5.93
8101,0.27,5.93
8102,0.27,5.93
8103,0.27,5.93
8104,0.27,5.94
8105,0.27,5.94
8106,0.26,5.94
8107,0.27,5.94
8108,0.27,5.94
8109,0.27,5.94
8110,0.27,5.93
8111,0.27,5.93
8112,0.27,5.93
8113,0.28,5.93
8114,0.27,5.93
8115,0.27,5.93
8116,0.27,5.93
8117,0.27,5.92
8118,0.27,5.92
8119,0.27,5.92
8120,0.27,5.92
8121,0.27,5.92
8122,0.27,5.91
8123,0.27,5.91
8124,0.27,5.91
8125,0.27,5.91
8126,0.26,5.91
8127,0.27,5.91
8128,0.27,5.91
8129,0.27,5.91
8130,0.27,5.91
8131,0.27,5.91
8132,0.27,5.91
8133,0.27,5.91
8134,0.27,5.91
8135,0.27,5.91
8136,0.27,5.91
8137,0.27,5.91
8138,0.27,5.91
8139,0.27,5.91
8140,0.27,5.91
8141,0.27,5.91
8142,0.27,5.91
8143,0.26,5.92
8144,0.26,5.92
8145,0.27,5.92
8146,0.27,5.92
8147,0.27,5.92
8148,0.27,5.92
8149,0.27,5.92
8150,0.27,5.92
8151,0.26,5.92
8152,0.27,5.93
8153,0.27,5.93
8154,0.27,5.93
8155,0.27,5.93
8156,0.26,5.93
8157,0.27,5.93
8158,0.26,5.93
8159,0.27,5.93
8160,0.27,5.93
8161,0.27,5.93
8162,0.27,5.93
8163,0.27,5.93
8164,0.27,5.93
8165,0.27,5.93
8166,0.26,5.92
8167,0.26,5.92
8168,0.26,5.92
8169,0.26,5.92
8170,0.26,5.92
8171,0.26,5.92
8172,0.26,5.92
8173,0.26,5.91
8174,0.26,5.91
8175,0.26,5.91
8176,0.26,5.91
8177,0.26,5.9
8178,0.26,5.9
8179,0.26,5.9
8180,0.26,5.9
8181,0.26,5.9
8182,0.26,5.89
8183,0.26,5.89
8184,0.26,5.89
8185,0.26,5.89
8186,0.26,5.88
8187,0.26,5.88
8188,0.26,5.88
8189,0.26,5.88
8190,0.26,5.88
8191,0.26,5.88
8192,0.26,5.88
8193,0.26,5.88
8194,0.26,5.88
8195,0.26,5.88
8196,0.26,5.88
8197,0.26,5.88
8198,0.26,5.88
8199,0.26,5.88
8200,0.26,5.88
8201,0.26,5.88
8202,0.26,5.88
8203,0.26,5.88
8204,0.26,5.88
8205,0.26,5.88
8206,0.26,5.88
8207,0.26,5.88
8208,0.26,5.88
8209,0.26,5.88
8210,0.26,5.89
8211,0.26,5.89
8212,0.26,5.89
8213,0.26,5.89
8214,0.26,5.89
8215,0.26,5.89
8216,0.26,5.89
8217,0.26,5.89
8218,0.26,5.89
8219,0.26,5.89
8220,0.26,5.89
8221,0.26,5.89
8222,0.26,5.89
8223,0.26,5.89
8224,0.26,5.89
8225,0.26,5.89
8226,0.26,5.89
8227,0.26,5.89
8228,0.26,5.89
8229,0.26,5.89
8230,0.26,5.89
8231,0.26,5.89
8232,0.26,5.89
8233,0.26,5.89
8234,0.26,5.89
8235,0.26,5.89
8236,0.26,5.88
8237,0.26,5.88
8238,0.26,5.88
8239,0.26,5.88
8240,0.26,5.88
8241,0.26,5.88
8242,0.26,5.87
8243,0.26,5.87
8244,0.26,5.87
8245,0.26,5.87
8246,0.26,5.87
8247,0.26,5.87
8248,0.26,5.87
8249,0.26,5.87
8250,0.26,5.87
8251,0.26,5.87
8252,0.26,5.87
8253,0.26,5.87
8254,0.26,5.88
8255,0.26,5.88
8256,0.26,5.88
8257,0.26,5.88
8258,0.26,5.88
8259,0.26,5.88
8260,0.26,5.89
8261,0.26,5.89
8262,0.26,5.89
8263,0.26,5.89
8264,0.26,5.89
8265,0.26,5.89
8266,0.26,5.9
8267,0.26,5.9
8268,0.26,5.9
8269,0.26,5.9
8270,0.26,5.9
8271,0.26,5.9
8272,0.26,5.9
8273,0.26,5.9
8274,0.26,5.9
8275,0.26,5.9
8276,0.26,5.9
8277,0.26,5.9
8278,0.26,5.9
8279,0.26,5.9
8280,0.26,5.9
8281,0.26,5.89
8282,0.26,5.89
8283,0.26,5.89
8284,0.26,5.89
8285,0.26,5.89
8286,0.27,5.89
8287,0.26,5.89
8288,0.26,5.89
8289,0.26,5.88
8290,0.26,5.88
8291,0.26,5.88
8292,0.26,5.88
8293,0.26,5.88
8294,0.26,5.88
8295,0.26,5.88
8296,0.26,5.88
8297,0.26,5.88
8298,0.26,5.88
8299,0.26,5.88
8300,0.26,5.88
8301,0.26,5.88
8302,0.26,5.88
8303,0.26,5.88
8304,0.26,5.88
8305,0.26,5.88
8306,0.26,5.89
8307,0.26,5.89
8308,0.26,5.89
8309,0.26,5.89
8310,0.26,5.89
8311,0.26,5.89
8312,0.26,5.89
8313,0.26,5.9
8314,0.27,5.9
8315,0.26,5.9
8316,0.26,5.9
8317,0.26,5.9
8318,0.26,5.9
8319,0.26,5.9
8320,0.26,5.9
8321,0.26,5.9
8322,0.26,5.9
8323,0.26,5.9
8324,0.26,5.9
8325,0.26,5.9
8326,0.26,5.9
8327,0.26,5.9
8328,0.26,5.89
8329,0.26,5.89
8330,0.26,5.89
8331,0.26,5.89
8332,0.26,5.89
8333,0.26,5.89
8334,0.26,5.89
8335,0.26,5.89
8336,0.26,5.89
8337,0.26,5.89
8338,0.26,5.89
8339,0.26,5.89
8340,0.26,5.89
8341,0.26,5.89
8342,0.26,5.89
8343,0.26,5.89
8344,0.26,5.88
8345,0.26,5.88
8346,0.26,5.88
8347,0.26,5.88
8348,0.26,5.88
8349,0.26,5.88
8350,0.26,5.88
8351,0.26,5.88
8352,0.26,5.89
8353,0.26,5.89
8354,0.26,5.89
8355,0.26,5.89
8356,0.26,5.89
8357,0.26,5.89
8358,0.26,5.89
8359,0.26,5.89
8360,0.26,5.89
8361,0.26,5.89
8362,0.26,5.9
8363,0.26,5.9
8364,0.26,5.9
8365,0.26,5.9
8366,0.26,5.9
8367,0.26,5.9
8368,0.26,5.9
8369,0.26,5.9
8370,0.26,5.9
8371,0.26,5.9
8372,0.26,5.9
8373,0.26,5.9
8374,0.26,5.9
8375,0.26,5.9
8376,0.26,5.9
8377,0.26,5.9
8378,0.26,5.9
8379,0.26,5.9
8380,0.27,5.89
8381,0.26,5.89
8382,0.26,5.89
8383,0.26,5.89
8384,0.26,5.89
8385,0.26,5.89
8386,0.26,5.89
8387,0.26,5.89
8388,0.26,5.89
8389,0.26,5.89
8390,0.26,5.89
8391,0.26,5.89
8392,0.26,5.89
8393,0.26,5.89
8394,0.26,5.89
8395,0.26,5.89
8396,0.26,5.88
8397,0.26,5.88
8398,0.26,5.88
8399,0.26,5.88
8400,0.26,5.88
8401,0.26,5.89
8402,0.26,5.89
8403,0.26,5.89
8404,0.26,5.89
8405,0.26,5.89
8406,0.26,5.89
8407,0.26,5.88
8408,0.26,5.88
8409,0.26,5.88
8410,0.26,5.88
8411,0.26,5.88
8412,0.26,5.88
8413,0.26,5.88
8414,0.26,5.88
8415,0.26,5.88
8416,0.26,5.87
8417,0.26,5.87
8418,0.26,5.87
8419,0.26,5.87
8420,0.26,5.87
8421,0.26,5.87
8422,0.26,5.86
8423,0.26,5.86
8424,0.26,5.86
8425,0.26,5.86
8426,0.26,5.86
8427,0.26,5.86
8428,0.26,5.85
8429,0.26,5.85
8430,0.26,5.85
8431,0.26,5.85
8432,0.26,5.85
8433,0.26,5.85
8434,0.26,5.85
8435,0.26,5.85
8436,0.25,5.85
8437,0.26,5.85
8438,0.26,5.86
8439,0.26,5.86
8440,0.26,5.86
8441,0.26,5.86
8442,0.26,5.86
8443,0.26,5.86
8444,0.26,5.86
8445,0.26,5.86
8446,0.26,5.86
8447,0.26,5.87
8448,0.26,5.87
8449,0.26,5.87
8450,0.26,5.87
8451,0.26,5.87
8452,0.26,5.87
8453,0.26,5.87
8454,0.26,5.87
8455,0.25,5.87
8456,0.26,5.87
8457,0.26,5.87
8458,0.26,5.87
8459,0.26,5.87
8460,0.26,5.87
8461,0.26,5.87
8462,0.26,5.87
8463,0.26,5.87
8464,0.26,5.87
8465,0.26,5.86
8466,0.26,5.86
8467,0.26,5.86
8468,0.26,5.86
8469,0.26,5.86
8470,0.26,5.86
8471,0.26,5.86
8472,0.26,5.85
8473,0.26,5.85
8474,0.26,5.85
8475,0.26,5.85
8476,0.26,5.85
8477,0.26,5.85
8478,0.26,5.85
8479,0.26,5.85
8480,0.26,5.85
8481,0.26,5.85
8482,0.26,5.85
8483,0.26,5.85
8484,0.26,5.85
8485,0.26,5.85
8486,0.26,5.85
8487,0.26,5.85
8488,0.26,5.85
8489,0.26,5.85
8490,0.26,5.85
8491,0.26,5.85
8492,0.26,5.85
8493,0.26,5.86
8494,0.26,5.86
8495,0.26,5.86
8496,0.26,5.86
8497,0.26,5.86
8498,0.26,5.86
8499,0.26,5.86
8500,0.26,5.86
8501,0.26,5.86
8502,0.26,5.86
8503,0.26,5.86
8504,0.26,5.86
8505,0.26,5.86
8506,0.26,5.86
8507,0.26,5.86
8508,0.26,5.86
8509,0.26,5.86
8510,0.26,5.87
8511,0.26,5.87
8512,0.26,5.87
8513,0.26,5.86
8514,0.26,5.86
8515,0.26,5.86
8516,0.26,5.86
8517,0.26,5.86
8518,0.26,5.86
8519,0.26,5.86
8520,0.26,5.86
8521,0.26,5.85
8522,0.26,5.85
8523,0.26,5.85
8524,0.26,5.85
8525,0.26,5.85
8526,0.26,5.85
8527,0.26,5.85
8528,0.26,5.85
8529,0.26,5.85
8530,0.26,5.85
8531,0.26,5.84
8532,0.26,5.84
8533,0.26,5.84
8534,0.26,5.84
8535,0.26,5.84
8536,0.26,5.84
8537,0.26,5.84
8538,0.26,5.85
8539,0.26,5.85
8540,0.26,5.85
8541,0.26,5.85
8542,0.26,5.85
8543,0.26,5.86
8544,0.26,5.86
8545,0.26,5.86
8546,0.26,5.86
8547,0.26,5.86
8548,0.26,5.86
8549,0.26,5.87
8550,0.26,5.87
8551,0.26,5.87
8552,0.26,5.87
8553,0.26,5.87
8554,0.26,5.87
8555,0.26,5.87
8556,0.26,5.87
8557,0.26,5.87
8558,0.26,5.87
8559,0.26,5.87
8560,0.26,5.87
8561,0.26,5.87
8562,0.26,5.87
8563,0.26,5.87
8564,0.26,5.87
8565,0.26,5.87
8566,0.25,5.86
8567,0.25,5.86
8568,0.25,5.86
8569,0.25,5.86
8570,0.25,5.86
8571,0.26,5.85
8572,0.25,5.85
8573,0.25,5.84
8574,0.25,5.84
8575,0.25,5.84
8576,0.25,5.84
8577,0.25,5.83
8578,0.25,5.83
8579,0.25,5.83
8580,0.25,5.83
8581,0.25,5.83
8582,0.25,5.83
8583,0.25,5.83
8584,0.25,5.82
8585,0.25,5.82
8586,0.25,5.82
8587,0.25,5.82
8588,0.25,5.82
8589,0.25,5.82
8590,0.25,5.82
8591,0.25,5.82
8592,0.25,5.82
8593,0.25,5.82
8594,0.25,5.82
8595,0.25,5.82
8596,0.25,5.82
8597,0.25,5.83
8598,0.25,5.83
8599,0.25,5.83
8600,0.25,5.83
8601,0.25,5.83
8602,0.25,5.83
8603,0.25,5.83
8604,0.25,5.83
8605,0.25,5.84
8606,0.25,5.84
8607,0.25,5.84
8608,0.25,5.84
8609,0.25,5.84
8610,0.25,5.84
8611,0.25,5.84
8612,0.25,5.84
8613,0.25,5.84
8614,0.26,5.84
8615,0.25,5.84
8616,0.25,5.84
8617,0.26,5.84
8618,0.25,5.84
8619,0.25,5.84
8620,0.25,5.84
8621,0.25,5.84
8622,0.25,5.83
8623,0.25,5.83
8624,0.25,5.83
8625,0.25,5.83
8626,0.25,5.83
8627,0.25,5.83
8628,0.25,5.83
8629,0.25,5.82
8630,0.25,5.82
8631,0.25,5.82
8632,0.25,5.82
8633,0.25,5.82
8634,0.25,5.82
8635,0.25,5.82
8636,0.25,5.82
8637,0.25,5.82
8638,0.25,5.82
8639,0.25,5.82
8640,0.25,5.82
8641,0.25,5.82
8642,0.25,5.82
8643,0.25,5.82
8644,0.25,5.83
8645,0.25,5.83
8646,0.25,5.83
8647,0.25,5.83
8648,0.25,5.83
8649,0.25,5.83
8650,0.25,5.83
8651,0.25,5.84
8652,0.25,5.84
8653,0.25,5.84
8654,0.25,5.84
8655,0.25,5.84
8656,0.25,5.84
8657,0.25,5.84
8658,0.25,5.84
8659,0.25,5.85
8660,0.25,5.85
8661,0.25,5.85
8662,0.25,5.85
8663,0.25,5.85
8664,0.25,5.85
8665,0.25,5.85
8666,0.24,5.85
8667,0.25,5.84
8668,0.25,5.84
8669,0.25,5.84
8670,0.25,5.84
8671,0.25,5.84
8672,0.25,5.83
8673,0.25,5.83
8674,0.25,5.83
8675,0.25,5.83
8676,0.25,5.83
8677,0.25,5.83
8678,0.26,5.83
8679,0.25,5.82
8680,0.25,5.82
8681,0.25,5.82
8682,0.25,5.82
8683,0.25,5.82
8684,0.25,5.82
8685,0.25,5.82
8686,0.25,5.82
8687,0.25,5.82
8688,0.25,5.82
8689,0.25,5.82
8690,0.25,5.82
8691,0.25,5.82
8692,0.25,5.82
8693,0.25,5.82
8694,0.25,5.82
8695,0.25,5.82
8696,0.25,5.82
8697,0.25,5.83
8698,0.25,5.83
8699,0.25,5.83
8700,0.25,5.83
8701,0.25,5.83
8702,0.25,5.83
8703,0.25,5.83
8704,0.25,5.84
8705,0.25,5.84
8706,0.25,5.84
8707,0.25,5.84
8708,0.25,5.84
8709,0.25,5.84
8710,0.25,5.84
8711,0.25,5.84
8712,0.24,5.84
8713,0.25,5.84
8714,0.25,5.84
8715,0.25,5.83
8716,0.24,5.83
8717,0.25,5.83
8718,0.24,5.83
8719,0.25,5.83
8720,0.25,5.82
8721,0.24,5.82
8722,0.24,5.82
8723,0.24,5.82
8724,0.24,5.82
8725,0.24,5.81
8726,0.25,5.81
8727,0.24,5.81
8728,0.24,5.8
8729,0.24,5.8
8730,0.24,5.8
8731,0.25,5.8
8732,0.24,5.79
8733,0.24,5.79
8734,0.24,5.79
8735,0.24,5.79
8736,0.24,5.79
8737,0.24,5.78
8738,0.24,5.78
8739,0.24,5.78
8740,0.24,5.78
8741,0.24,5.78
8742,0.24,5.79
8743,0.24,5.79
8744,0.24,5.79
8745,0.24,5.79
8746,0.24,5.79
8747,0.25,5.79
8748,0.24,5.79
8749,0.24,5.8
8750,0.24,5.8
8751,0.24,5.8
8752,0.24,5.8
8753,0.24,5.8
8754,0.24,5.81
8755,0.24,5.81
8756,0.24,5.81
8757,0.24,5.81
8758,0.24,5.82
8759,0.24,5.82
8760,0.24,5.82
8761,0.25,5.82
8762,0.24,5.82
8763,0.25,5.82
8764,0.24,5.82
8765,0.24,5.82
8766,0.24,5.82
8767,0.25,5.82
8768,0.24,5.82
8769,0.25,5.82
8770,0.24,5.82
8771,0.24,5.81
8772,0.24,5.81
8773,0.24,5.81
8774,0.25,5.81
8775,0.24,5.8
8776,0.24,5.8
8777,0.24,5.8
8778,0.24,5.8
8779,0.24,5.79
8780,0.24,5.79
8781,0.24,5.79
8782,0.24,5.79
8783,0.24,5.79
8784,0.24,5.79
8785,0.24,5.78
8786,0.24,5.78
8787,0.24,5.78
8788,0.24,5.78
8789,0.24,5.78
8790,0.24,5.79
8791,0.24,5.79
8792,0.24,5.79
8793,0.25,5.79
8794,0.24,5.79
8795,0.24,5.79
8796,0.24,5.8
8797,0.24,5.8
8798,0.24,5.8
8799,0.24,5.8
8800,0.24,5.8
8801,0.24,5.81
8802,0.24,5.81
8803,0.24,5.81
8804,0.24,5.81
8805,0.24,5.82
8806,0.24,5.82
8807,0.24,5.82
8808,0.24,5.82
8809,0.24,5.82
8810,0.24,5.82
8811,0.24,5.82
8812,0.24,5.82
8813,0.24,5.82
8814,0.24,5.82
8815,0.24,5.82
8816,0.25,5.82
8817,0.24,5.82
8818,0.24,5.82
8819,0.25,5.81
8820,0.24,5.81
8821,0.24,5.81
8822,0.24,5.81
8823,0.24,5.81
8824,0.24,5.8
8825,0.24,5.8
8826,0.24,5.8
8827,0.24,5.8
8828,0.24,5.79
8829,0.24,5.79
8830,0.24,5.79
8831,0.24,5.79
8832,0.24,5.79
8833,0.24,5.79
8834,0.24,5.79
8835,0.25,5.79
8836,0.24,5.79
8837,0.24,5.79
8838,0.24,5.79
8839,0.24,5.79
8840,0.24,5.79
8841,0.24,5.79
8842,0.24,5.79
8843,0.25,5.8
8844,0.24,5.8
8845,0.24,5.8
8846,0.24,5.8
8847,0.24,5.81
8848,0.24,5.81
8849,0.24,5.81
8850,0.24,5.81
8851,0.24,5.81
8852,0.24,5.81
8853,0.24,5.81
8854,0.24,5.81
8855,0.24,5.81
8856,0.24,5.81
8857,0.24,5.81
8858,0.24,5.81
8859,0.24,5.81
8860,0.24,5.81
8861,0.24,5.81
8862,0.24,5.81
8863,0.24,5.8
8864,0.24,5.8
8865,0.24,5.8
8866,0.24,5.79
8867,0.24,5.79
8868,0.24,5.79
8869,0.24,5.78
8870,0.24,5.78
8871,0.24,5.78
8872,0.24,5.77
8873,0.24,5.77
8874,0.24,5.76
8875,0.24,5.76
8876,0.24,5.76
8877,0.24,5.76
8878,0.24,5.75
8879,0.24,5.75
8880,0.24,5.75
8881,0.24,5.75
8882,0.24,5.75
8883,0.24,5.75
8884,0.24,5.75
8885,0.24,5.75
8886,0.24,5.75
8887,0.24,5.75
8888,0.24,5.75
8889,0.24,5.76
8890,0.24,5.76
8891,0.24,5.76
8892,0.24,5.76
8893,0.24,5.77
8894,0.24,5.77
8895,0.24,5.77
8896,0.24,5.78
8897,0.24,5.78
8898,0.24,5.79
8899,0.24,5.79
8900,0.24,5.79
8901,0.24,5.79
8902,0.24,5.8
8903,0.24,5.8
8904,0.24,5.8
8905,0.24,5.8
8906,0.24,5.8
8907,0.24,5.8
8908,0.24,5.8
8909,0.24,5.8
8910,0.24,5.8
8911,0.24,5.79
8912,0.24,5.79
8913,0.24,5.79
8914,0.24,5.79
8915,0.24,5.79
8916,0.24,5.78
8917,0.24,5.78
8918,0.24,5.78
8919,0.24,5.77
8920,0.24,5.77
8921,0.24,5.77
8922,0.24,5.76
8923,0.24,5.76
8924,0.24,5.76
8925,0.24,5.75
8926,0.24,5.75
8927,0.24,5.75
8928,0.24,5.75
8929,0.24,5.75
8930,0.24,5.75
8931,0.24,5.75
8932,0.24,5.75
8933,0.24,5.75
8934,0.24,5.75
8935,0.24,5.75
8936,0.24,5.75
8937,0.24,5.76
8938,0.24,5.76
8939,0.24,5.76
8940,0.24,5.77
8941,0.24,5.77
8942,0.24,5.77
8943,0.24,5.78
8944,0.24,5.78
8945,0.24,5.78
8946,0.24,5.78
8947,0.24,5.79
8948,0.24,5.79
8949,0.24,5.79
8950,0.24,5.79
8951,0.24,5.79
8952,0.24,5.79
8953,0.24,5.8
8954,0.24,5.79
8955,0.24,5.79
8956,0.24,5.8
8957,0.24,5.79
8958,0.24,5.79
8959,0.24,5.79
8960,0.24,5.79
8961,0.24,5.79
8962,0.24,5.79
8963,0.24,5.78
8964,0.24,5.78
8965,0.24,5.78
8966,0.24,5.78
8967,0.24,5.77
8968,0.24,5.77
8969,0.24,5.77
8970,0.24,5.76
8971,0.24,5.76
8972,0.24,5.76
8973,0.24,5.76
8974,0.24,5.76
8975,0.24,5.76
8976,0.24,5.76
8977,0.24,5.75
8978,0.24,5.75
8979,0.24,5.75
8980,0.24,5.75
8981,0.23,5.75
8982,0.24,5.75
8983,0.23,5.75
8984,0.24,5.75
8985,0.24,5.75
8986,0.23,5.75
8987,0.23,5.75
8988,0.24,5.76
8989,0.23,5.76
8990,0.23,5.76
8991,0.24,5.76
8992,0.23,5.76
8993,0.24,5.76
8994,0.24,5.76
8995,0.24,5.76
8996,0.23,5.76
8997,0.23,5.76
8998,0.23,5.76
8999,0.23,5.76
9000,0.23,5.76
9001,0.24,5.76
9002,0.23,5.76
9003,0.24,5.76
9004,0.23,5.75
9005,0.23,5.75
9006,0.24,5.75
9007,0.24,5.75
9008,0.24,5.75
9009,0.23,5.74
9010,0.23,5.74
9011,0.23,5.74
9012,0.23,5.74
9013,0.23,5.74
9014,0.24,5.74
9015,0.24,5.73
9016,0.23,5.73
9017,0.23,5.73
9018,0.23,5.73
9019,0.24,5.73
9020,0.23,5.73
9021,0.23,5.73
9022,0.23,5.73
9023,0.23,5.73
9024,0.23,5.73
9025,0.24,5.73
9026,0.23,5.73
9027,0.24,5.73
9028,0.23,5.74
9029,0.23,5.74
9030,0.24,5.74
9031,0.23,5.74
9032,0.23,5.74
9033,0.24,5.74
9034,0.23,5.75
9035,0.24,5.75
9036,0.23,5.75
9037,0.23,5.75
9038,0.24,5.75
9039,0.23,5.75
9040,0.23,5.76
9041,0.23,5.76
9042,0.24,5.76
9043,0.23,5.76
9044,0.23,5.76
9045,0.23,5.76
9046,0.23,5.76
9047,0.23,5.76
9048,0.23,5.76
9049,0.24,5.76
9050,0.23,5.76
9051,0.24,5.76
9052,0.24,5.76
9053,0.23,5.76
9054,0.23,5.75
9055,0.23,5.75
9056,0.23,5.75
9057,0.23,5.75
9058,0.23,5.75
9059,0.23,5.75
9060,0.23,5.74
9061,0.23,5.74
9062,0.23,5.74
9063,0.23,5.74
9064,0.23,5.74
9065,0.23,5.74
9066,0.23,5.74
9067,0.23,5.73
9068,0.24,5.73
9069,0.23,5.73
9070,0.24,5.73
9071,0.23,5.73
9072,0.23,5.73
9073,0.23,5.73
9074,0.23,5.73
9075,0.24,5.73
9076,0.24,5.73
9077,0.24,5.73
9078,0.24,5.73
9079,0.23,5.74
9080,0.23,5.74
9081,0.23,5.74
9082,0.23,5.74
9083,0.24,5.74
9084,0.24,5.74
9085,0.23,5.74
9086,0.24,5.74
9087,0.23,5.75
9088,0.24,5.75
9089,0.24,5.75
9090,0.23,5.75
9091,0.24,5.75
9092,0.23,5.76
9093,0.23,5.75
9094,0.23,5.75
9095,0.23,5.76
9096,0.23,5.76
9097,0.24,5.76
9098,0.23,5.76
9099,0.23,5.76
9100,0.24,5.75
9101,0.23,5.75
9102,0.23,5.75
9103,0.23,5.75
9104,0.23,5.75
9105,0.23,5.75
9106,0.23,5.75
9107,0.23,5.75
9108,0.23,5.75
9109,0.23,5.75
9110,0.23,5.74
9111,0.22,5.74
9112,0.22,5.74
9113,0.23,5.73
9114,0.23,5.73
9115,0.23,5.73
9116,0.23,5.73
9117,0.22,5.73
9118,0.23,5.72
9119,0.23,5.72
9120,0.23,5.72
9121,0.23,5.72
9122,0.22,5.71
9123,0.23,5.71
9124,0.22,5.71
9125,0.23,5.71
9126,0.22,5.71
9127,0.22,5.71
9128,0.22,5.71
9129,0.22,5.71
9130,0.22,5.71
9131,0.23,5.71
9132,0.23,5.71
9133,0.22,5.71
9134,0.22,5.71
9135,0.22,5.71
9136,0.22,5.71
9137,0.22,5.71
9138,0.23,5.71
9139,0.22,5.71
9140,0.23,5.71
9141,0.23,5.71
9142,0.23,5.71
9143,0.22,5.71
9144,0.22,5.71
9145,0.22,5.72
9146,0.22,5.72
9147,0.23,5.72
9148,0.22,5.72
9149,0.22,5.72
9150,0.22,5.72
9151,0.22,5.72
9152,0.22,5.72
9153,0.22,5.72
9154,0.22,5.72
9155,0.22,5.72
9156,0.22,5.72
9157,0.22,5.72
9158,0.22,5.72
9159,0.22,5.72
9160,0.22,5.72
9161,0.22,5.72
9162,0.22,5.72
9163,0.22,5.72
9164,0.22,5.71
9165,0.22,5.71
9166,0.22,5.71
9167,0.23,5.71
9168,0.22,5.71
9169,0.23,5.71
9170,0.22,5.71
9171,0.22,5.7
9172,0.23,5.7
9173,0.22,5.7
9174,0.23,5.7
9175,0.22,5.7
9176,0.22,5.7
9177,0.23,5.7
9178,0.22,5.7
9179,0.23,5.7
9180,0.23,5.7
9181,0.22,5.7
9182,0.23,5.7
9183,0.22,5.7
9184,0.22,5.7
9185,0.23,5.7
9186,0.23,5.71
9187,0.23,5.7
9188,0.22,5.71
9189,0.22,5.71
9190,0.22,5.71
9191,0.23,5.71
9192,0.22,5.71
9193,0.22,5.72
9194,0.23,5.72
9195,0.22,5.72
9196,0.22,5.72
9197,0.22,5.72
9198,0.23,5.72
9199,0.23,5.72
9200,0.23,5.72
9201,0.23,5.72
9202,0.22,5.72
9203,0.22,5.72
9204,0.23,5.72
9205,0.23,5.72
9206,0.23,5.72
9207,0.23,5.72
9208,0.22,5.72
9209,0.23,5.72
9210,0.22,5.71
9211,0.23,5.71
9212,0.22,5.71
9213,0.22,5.71
9214,0.22,5.71
9215,0.23,5.71
9216,0.22,5.71
9217,0.23,5.71
9218,0.23,5.71
9219,0.23,5.71
9220,0.23,5.71
9221,0.22,5.71
9222,0.23,5.71
9223,0.22,5.71
9224,0.23,5.71
9225,0.23,5.7
9226,0.22,5.7
9227,0.22,5.7
9228,0.23,5.7
9229,0.22,5.7
9230,0.22,5.71
9231,0.23,5.71
9232,0.23,5.71
9233,0.22,5.71
9234,0.23,5.71
9235,0.23,5.71
9236,0.23,5.71
9237,0.23,5.71
9238,0.22,5.71
9239,0.22,5.72
9240,0.22,5.72
9241,0.23,5.72
9242,0.22,5.72
9243,0.22,5.72
9244,0.22,5.72
9245,0.22,5.72
9246,0.22,5.72
9247,0.22,5.72
9248,0.22,5.72
9249,0.22,5.72
9250,0.22,5.72
9251,0.22,5.72
9252,0.22,5.71
9253,0.22,5.71
9254,0.22,5.71
9255,0.22,5.71
9256,0.22,5.71
9257,0.22,5.71
9258,0.22,5.71
9259,0.22,5.7
9260,0.22,5.7
9261,0.22,5.7
9262,0.22,5.7
9263,0.22,5.69
9264,0.22,5.69
9265,0.22,5.69
9266,0.22,5.69
9267,0.22,5.68
9268,0.22,5.68
9269,0.22,5.68
9270,0.22,5.68
9271,0.22,5.67
9272,0.22,5.67
9273,0.22,5.67
9274,0.22,5.67
9275,0.22,5.67
9276,0.22,5.67
9277,0.22,5.66
9278,0.22,5.67
9279,0.22,5.67
9280,0.22,5.67
9281,0.22,5.67
9282,0.22,5.67
9283,0.22,5.67
9284,0.22,5.67
9285,0.22,5.67
9286,0.22,5.68
9287,0.22,5.68
9288,0.22,5.68
9289,0.22,5.68
9290,0.22,5.69
9291,0.22,5.69
9292,0.22,5.69
9293,0.22,5.7
9294,0.22,5.7
9295,0.22,5.7
9296,0.22,5.7
9297,0.22,5.7
9298,0.22,5.7
9299,0.22,5.7
9300,0.22,5.7
9301,0.22,5.7
9302,0.22,5.7
9303,0.22,5.7
9304,0.22,5.7
9305,0.22,5.7
9306,0.22,5.7
9307,0.22,5.7
9308,0.22,5.7
9309,0.22,5.7
9310,0.22,5.69
9311,0.22,5.69
9312,0.22,5.69
9313,0.22,5.69
9314,0.22,5.68
9315,0.22,5.68
9316,0.22,5.68
9317,0.22,5.68
9318,0.22,5.68
9319,0.22,5.67
9320,0.22,5.67
9321,0.22,5.67
9322,0.22,5.67
9323,0.22,5.67
9324,0.22,5.67
9325,0.22,5.67
9326,0.22,5.67
9327,0.22,5.67
9328,0.22,5.67
9329,0.22,5.67
9330,0.22,5.67
9331,0.22,5.67
9332,0.22,5.67
9333,0.22,5.68
9334,0.22,5.68
9335,0.22,5.68
9336,0.22,5.68
9337,0.22,5.68
9338,0.22,5.69
9339,0.22,5.69
9340,0.22,5.69
9341,0.22,5.69
9342,0.22,5.69
9343,0.22,5.7
9344,0.22,5.7
9345,0.22,5.7
9346,0.22,5.7
9347,0.22,5.7
9348,0.22,5.7
9349,0.22,5.7
9350,0.22,5.71
9351,0.22,5.71
9352,0.22,5.71
9353,0.22,5.7
9354,0.22,5.7
9355,0.22,5.7
9356,0.22,5.7
9357,0.22,5.7
9358,0.22,5.7
9359,0.22,5.7
9360,0.22,5.7
9361,0.22,5.69
9362,0.22,5.69
9363,0.22,5.69
9364,0.22,5.68
9365,0.22,5.68
9366,0.22,5.68
9367,0.22,5.68
9368,0.22,5.68
9369,0.22,5.67
9370,0.22,5.67
9371,0.22,5.67
9372,0.22,5.67
9373,0.22,5.67
9374,0.22,5.67
9375,0.22,5.67
9376,0.22,5.67
9377,0.22,5.67
9378,0.22,5.67
9379,0.22,5.67
9380,0.22,5.67
9381,0.22,5.67
9382,0.22,5.67
9383,0.22,5.68
9384,0.22,5.68
9385,0.22,5.68
9386,0.22,5.68
9387,0.22,5.68
9388,0.22,5.69
9389,0.22,5.69
9390,0.22,5.69
9391,0.22,5.69
9392,0.22,5.69
9393,0.22,5.69
9394,0.22,5.69
9395,0.21,5.69
9396,0.22,5.7
9397,0.22,5.69
9398,0.22,5.69
9399,0.21,5.69
9400,0.22,5.69
9401,0.22,5.69
9402,0.22,5.69
9403,0.22,5.69
9404,0.22,5.68
9405,0.22,5.68
9406,0.21,5.67
9407,0.22,5.67
9408,0.22,5.67
9409,0.21,5.66
9410,0.22,5.66
9411,0.21,5.65
9412,0.22,5.65
9413,0.21,5.65
9414,0.21,5.64
9415,0.22,5.64
9416,0.21,5.64
9417,0.22,5.63
9418,0.21,5.63
9419,0.22,5.63
9420,0.22,5.63
9421,0.22,5.63
9422,0.22,5.63
9423,0.21,5.63
9424,0.21,5.63
9425,0.21,5.63
9426,0.21,5.63
9427,0.21,5.63
9428,0.22,5.64
9429,0.22,5.64
9430,0.22,5.64
9431,0.21,5.64
9432,0.22,5.65
9433,0.22,5.65
9434,0.22,5.65
9435,0.22,5.65
9436,0.21,5.66
9437,0.22,5.66
9438,0.22,5.67
9439,0.21,5.67
9440,0.22,5.67
9441,0.21,5.67
9442,0.21,5.68
9443,0.22,5.68
9444,0.22,5.68
9445,0.21,5.68
9446,0.21,5.68
9447,0.21,5.68
9448,0.22,5.68
9449,0.22,5.68
9450,0.21,5.68
9451,0.22,5.68
9452,0.22,5.68
9453,0.22,5.68
9454,0.22,5.67
9455,0.21,5.67
9456,0.22,5.67
9457,0.22,5.67
9458,0.22,5.66
9459,0.22,5.66
9460,0.22,5.65
9461,0.22,5.65
9462,0.22,5.65
9463,0.22,5.64
9464,0.22,5.64
9465,0.22,5.64
9466,0.22,5.63
9467,0.22,5.63
9468,0.21,5.63
9469,0.21,5.63
9470,0.22,5.63
9471,0.22,5.63
9472,0.21,5.63
9473,0.22,5.63
9474,0.22,5.63
9475,0.21,5.63
9476,0.22,5.63
9477,0.22,5.63
9478,0.21,5.63
9479,0.21,5.64
9480,0.22,5.64
9481,0.21,5.64
9482,0.21,5.64
9483,0.22,5.65
9484,0.21,5.65
9485,0.21,5.65
9486,0.22,5.66
9487,0.22,5.66
9488,0.22,5.66
9489,0.22,5.67
9490,0.22,5.67
9491,0.22,5.67
9492,0.21,5.67
9493,0.22,5.67
9494,0.22,5.68
9495,0.21,5.68
9496,0.22,5.68
9497,0.22,5.68
9498,0.22,5.68
9499,0.22,5.68
9500,0.22,5.68
9501,0.22,5.67
9502,0.21,5.67
9503,0.22,5.67
9504,0.22,5.67
9505,0.21,5.67
9506,0.22,5.67
9507,0.22,5.66
9508,0.22,5.66
9509,0.21,5.66
9510,0.21,5.65
9511,0.22,5.65
9512,0.22,5.65
9513,0.22,5.65
9514,0.21,5.65
9515,0.21,5.64
9516,0.22,5.64
9517,0.22,5.64
9518,0.22,5.64
9519,0.22,5.64
9520,0.22,5.64
9521,0.22,5.63
9522,0.22,5.63
9523,0.22,5.63
9524,0.21,5.63
9525,0.21,5.63
9526,0.21,5.64
9527,0.22,5.64
9528,0.22,5.64
9529,0.22,5.65
9530,0.22,5.65
9531,0.22,5.65
9532,0.22,5.65
9533,0.22,5.65
9534,0.22,5.66
9535,0.22,5.66
9536,0.22,5.66
9537,0.22,5.67
9538,0.21,5.67
9539,0.21,5.67
9540,0.21,5.67
9541,0.21,5.67
9542,0.21,5.67
9543,0.22,5.68
9544,0.22,5.68
9545,0.21,5.68
9546,0.21,5.68
9547,0.21,5.68
9548,0.21,5.67
9549,0.21,5.67
9550,0.21,5.67
9551,0.21,5.67
9552,0.21,5.66
9553,0.21,5.66
9554,0.21,5.66
9555,0.21,5.65
9556,0.21,5.65
9557,0.21,5.64
9558,0.21,5.64
9559,0.21,5.64
9560,0.21,5.63
9561,0.21,5.63
9562,0.21,5.62
9563,0.21,5.62
9564,0.21,5.61
9565,0.21,5.61
9566,0.21,5.61
9567,0.21,5.6
9568,0.21,5.6
9569,0.21,5.6
9570,0.21,5.6
9571,0.21,5.59
9572,0.21,5.59
9573,0.21,5.59
9574,0.21,5.59
9575,0.21,5.59
9576,0.21,5.6
9577,0.21,5.6
9578,0.21,5.6
9579,0.21,5.6
9580,0.21,5.6
9581,0.21,5.6
9582,0.21,5.61
9583,0.21,5.61
9584,0.21,5.62
9585,0.21,5.62
9586,0.21,5.62
9587,0.21,5.62
9588,0.21,5.63
9589,0.21,5.63
9590,0.21,5.64
9591,0.21,5.64
9592,0.21,5.64
9593,0.21,5.65
9594,0.21,5.65
9595,0.21,5.65
9596,0.21,5.65
9597,0.21,5.65
9598,0.21,5.65
9599,0.21,5.65
9600,0.21,5.65
9601,0.21,5.65
9602,0.21,5.65
9603,0.21,5.65
9604,0.21,5.65
9605,0.21,5.65
9606,0.21,5.64
9607,0.21,5.64
9608,0.21,5.64
9609,0.21,5.63
9610,0.21,5.63
9611,0.21,5.63
9612,0.21,5.63
9613,0.21,5.62
9614,0.21,5.62
9615,0.21,5.62
9616,0.21,5.61
9617,0.21,5.61
9618,0.21,5.61
9619,0.21,5.6
9620,0.21,5.6
9621,0.21,5.6
9622,0.21,5.6
9623,0.21,5.6
9624,0.21,5.6
9625,0.21,5.6
9626,0.21,5.6
9627,0.21,5.6
9628,0.21,5.6
9629,0.21,5.61
9630,0.21,5.61
9631,0.21,5.61
9632,0.21,5.61
9633,0.21,5.61
9634,0.21,5.62
9635,0.21,5.62
9636,0.21,5.62
9637,0.21,5.63
9638,0.21,5.63
9639,0.21,5.63
9640,0.21,5.64
9641,0.21,5.64
9642,0.21,5.64
9643,0.21,5.65
9644,0.21,5.65
9645,0.21,5.65
9646,0.21,5.65
9647,0.21,5.65
9648,0.21,5.65
9649,0.21,5.65
9650,0.21,5.65
9651,0.21,5.65
9652,0.21,5.65
9653,0.21,5.65
9654,0.21,5.65
9655,0.21,5.65
9656,0.21,5.64
9657,0.21,5.64
9658,0.21,5.64
9659,0.21,5.63
9660,0.21,5.63
9661,0.21,5.63
9662,0.21,5.63
9663,0.21,5.62
9664,0.21,5.62
9665,0.21,5.62
9666,0.21,5.61
9667,0.21,5.61
9668,0.21,5.61
9669,0.21,5.61
9670,0.21,5.6
9671,0.21,5.6
9672,0.21,5.6
9673,0.21,5.6
9674,0.21,5.6
9675,0.21,5.6
9676,0.21,5.6
9677,0.21,5.6
9678,0.21,5.6
9679,0.21,5.6
9680,0.21,5.6
9681,0.21,5.61
9682,0.21,5.61
9683,0.21,5.61
9684,0.21,5.61
9685,0.21,5.61
9686,0.21,5.62
9687,0.21,5.62
9688,0.21,5.62
9689,0.21,5.63
9690,0.21,5.63
9691,0.21,5.63
9692,0.21,5.64
9693,0.21,5.64
9694,0.21,5.64
9695,0.21,5.64
9696,0.21,5.65
9697,0.21,5.65
9698,0.21,5.65
9699,0.21,5.65
9700,0.21,5.65
9701,0.21,5.65
9702,0.21,5.65
9703,0.21,5.64
9704,0.21,5.64
9705,0.21,5.64
9706,0.21,5.64
9707,0.21,5.64
9708,0.21,5.64
9709,0.21,5.64
9710,0.21,5.64
9711,0.21,5.63
9712,0.21,5.63
9713,0.21,5.62
9714,0.21,5.62
9715,0.21,5.62
9716,0.21,5.62
9717,0.21,5.61
9718,0.21,5.61
9719,0.21,5.61
9720,0.21,5.61
9721,0.21,5.61
9722,0.21,5.6
9723,0.21,5.6
9724,0.21,5.6
9725,0.21,5.6
9726,0.21,5.6
9727,0.21,5.6
9728,0.21,5.6
9729,0.21,5.6
9730,0.21,5.6
9731,0.21,5.61
9732,0.21,5.61
9733,0.21,5.61
9734,0.21,5.61
9735,0.21,5.62
9736,0.21,5.62
9737,0.21,5.62
9738,0.21,5.62
9739,0.21,5.63
9740,0.21,5.63
9741,0.21,5.63
9742,0.21,5.63
9743,0.21,5.63
9744,0.21,5.64
9745,0.21,5.64
9746,0.21,5.64
9747,0.21,5.64
9748,0.21,5.64
9749,0.21,5.64
9750,0.21,5.64
9751,0.21,5.64
9752,0.21,5.64
9753,0.21,5.63
9754,0.21,5.63
9755,0.21,5.63
9756,0.21,5.62
9757,0.21,5.62
9758,0.21,5.62
9759,0.21,5.61
9760,0.21,5.61
9761,0.21,5.6
9762,0.21,5.6
9763,0.21,5.59
9764,0.21,5.59
9765,0.21,5.59
9766,0.21,5.58
9767,0.21,5.58
9768,0.21,5.58
9769,0.2,5.57
9770,0.21,5.57
9771,0.21,5.57
9772,0.21,5.57
9773,0.21,5.57
9774,0.21,5.57
9775,0.21,5.57
9776,0.21,5.57
9777,0.21,5.57
9778,0.2,5.58
9779,0.21,5.58
9780,0.21,5.58
9781,0.21,5.58
9782,0.21,5.58
9783,0.2,5.58
9784,0.21,5.59
9785,0.21,5.59
9786,0.21,5.59
9787,0.21,5.6
9788,0.21,5.6
9789,0.21,5.61
9790,0.21,5.61
9791,0.21,5.61
9792,0.21,5.61
9793,0.21,5.62
9794,0.2,5.62
9795,0.21,5.62
9796,0.21,5.63
9797,0.21,5.63
9798,0.21,5.63
9799,0.21,5.63
9800,0.21,5.63
9801,0.21,5.63
9802,0.21,5.63
9803,0.21,5.62
9804,0.21,5.62
9805,0.21,5.62
9806,0.21,5.62
9807,0.21,5.61
9808,0.21,5.61
9809,0.2,5.61
9810,0.21,5.6
9811,0.21,5.6
9812,0.21,5.59
9813,0.21,5.59
9814,0.21,5.59
9815,0.21,5.58
9816,0.21,5.58
9817,0.21,5.58
9818,0.21,5.57
9819,0.2,5.57
9820,0.21,5.57
9821,0.2,5.57
9822,0.21,5.57
9823,0.2,5.57
9824,0.21,5.57
9825,0.21,5.57
9826,0.21,5.57
9827,0.21,5.57
9828,0.21,5.57
9829,0.21,5.57
9830,0.21,5.57
9831,0.21,5.57
9832,0.21,5.58
9833,0.2,5.58
9834,0.2,5.58
9835,0.21,5.59
9836,0.21,5.59
9837,0.21,5.59
9838,0.21,5.6
9839,0.21,5.6
9840,0.21,5.6
9841,0.21,5.61
9842,0.21,5.61
9843,0.21,5.61
9844,0.21,5.61
9845,0.21,5.61
9846,0.21,5.62
9847,0.21,5.62
9848,0.2,5.62
9849,0.21,5.62
9850,0.21,5.62
9851,0.21,5.62
9852,0.21,5.62
9853,0.21,5.62
9854,0.21,5.62
9855,0.21,5.62
9856,0.21,5.61
9857,0.21,5.61
9858,0.21,5.61
9859,0.2,5.61
9860,0.21,5.6
9861,0.21,5.6
9862,0.21,5.6
9863,0.21,5.59
9864,0.2,5.59
9865,0.21,5.59
9866,0.21,5.58
9867,0.21,5.58
9868,0.21,5.58
9869,0.21,5.58
9870,0.21,5.57
9871,0.21,5.57
9872,0.21,5.57
9873,0.21,5.57
9874,0.21,5.57
9875,0.21,5.57
9876,0.21,5.57
9877,0.21,5.57
9878,0.21,5.57
9879,0.21,5.57
9880,0.21,5.57
9881,0.2,5.58
9882,0.21,5.58
9883,0.21,5.58
9884,0.21,5.58
9885,0.21,5.59
9886,0.21,5.59
9887,0.21,5.59
9888,0.21,5.6
9889,0.2,5.6
9890,0.2,5.6
9891,0.2,5.6
9892,0.21,5.61
9893,0.21,5.61
9894,0.21,5.61
9895,0.21,5.61
9896,0.21,5.61
9897,0.21,5.61
9898,0.2,5.61
9899,0.2,5.61
9900,0.21,5.62
9901,0.21,5.61
9902,0.21,5.62
9903,0.21,5.62
9904,0.21,5.62
9905,0.21,5.61
9906,0.21,5.61
9907,0.21,5.61
9908,0.21,5.61
9909,0.21,5.6
9910,0.21,5.6
9911,0.21,5.6
9912,0.21,5.6
9913,0.21,5.59
9914,0.21,5.59
9915,0.21,5.59
9916,0.21,5.59
9917,0.21,5.58
9918,0.21,5.58
9919,0.21,5.58
9920,0.21,5.58
9921,0.21,5.57
9922,0.21,5.57
9923,0.21,5.57
9924,0.21,5.57
9925,0.21,5.57
9926,0.2,5.57
9927,0.21,5.57
9928,0.21,5.58
9929,0.21,5.58
9930,0.21,5.58
9931,0.2,5.58
9932,0.21,5.58
9933,0.21,5.58
9934,0.21,5.58
9935,0.21,5.58
9936,0.21,5.59
9937,0.21,5.59
9938,0.21,5.59
9939,0.21,5.6
9940,0.21,5.6
9941,0.21,5.6
9942,0.21,5.6
9943,0.21,5.6
9944,0.21,5.61
9945,0.21,5.61
9946,0.21,5.61
9947,0.21,5.61
9948,0.21,5.61
9949,0.21,5.61
9950,0.21,5.61
9951,0.21,5.61
9952,0.21,5.61
9953,0.21,5.61
9954,0.21,5.61
9955,0.21,5.61
9956,0.21,5.61
9957,0.21,5.61
9958,0.21,5.61
9959,0.21,5.61
9960,0.21,5.6
9961,0.2,5.6
9962,0.21,5.6
9963,0.21,5.59
9964,0.21,5.59
9965,0.2,5.59
9966,0.2,5.59
9967,0.21,5.58
9968,0.2,5.58
9969,0.2,5.58
9970,0.21,5.58
9971,0.2,5.57
9972,0.21,5.57
9973,0.21,5.57
9974,0.21,5.57
9975,0.21,5.57
9976,0.21,5.57
9977,0.21,5.57
9978,0.21,5.57
9979,0.21,5.57
9980,0.21,5.57
9981,0.21,5.57
9982,0.21,5.57
9983,0.21,5.58
9984,0.21,5.58
9985,0.21,5.58
9986,0.21,5.58
9987,0.21,5.58
9988,0.2,5.59
9989,0.21,5.59
9990,0.2,5.59
9991,0.2,5.59
9992,0.2,5.59
9993,0.2,5.6
9994,0.2,5.6
9995,0.2,5.6
9996,0.2,5.6
9997,0.2,5.6
9998,0.2,5.6
9999,0.2,5.6
