Sample,Courant,Pose
0,1.59,13.43
1,1.59,13.43
2,1.59,13.43
3,1.59,13.43
4,1.59,13.43
5,1.59,13.43
6,1.59,13.43
7,1.59,13.43
8,1.59,13.43
9,1.59,13.43
10,1.59,13.43
11,1.59,13.43
12,1.58,13.43
13,1.59,13.43
14,1.59,13.43
15,1.59,13.43
16,1.58,13.43
17,1.58,13.43
18,1.58,13.43
19,1.58,13.43
20,1.58,13.43
21,1.58,13.43
22,1.58,13.43
23,1.58,13.43
24,1.58,13.43
25,1.58,13.43
26,1.58,13.43
27,1.57,13.43
28,1.58,13.43
29,1.57,13.43
30,1.57,13.43
31,1.57,13.43
32,1.57,13.43
33,1.57,13.43
34,1.57,13.43
35,1.57,13.43
36,1.57,13.43
37,1.57,13.43
38,1.57,13.43
39,1.57,13.43
40,1.57,13.43
41,1.57,13.43
42,1.57,13.43
43,1.57,13.43
44,1.57,13.43
45,1.57,13.43
46,1.56,13.43
47,1.57,13.43
48,1.56,13.43
49,1.57,13.43
50,1.56,13.43
51,1.56,13.43
52,1.56,13.43
53,1.56,13.43
54,1.56,13.43
55,1.56,13.43
56,1.56,13.43
57,1.56,13.43
58,1.55,13.43
59,1.56,13.43
60,1.56,13.43
61,1.56,13.43
62,1.55,13.43
63,1.55,13.43
64,1.55,13.43
65,1.55,13.43
66,1.55,13.43
67,1.55,13.43
68,1.55,13.43
69,1.55,13.43
70,1.55,13.43
71,1.55,13.43
72,1.55,13.43
73,1.55,13.43
74,1.55,13.43
75,1.55,13.43
76,1.55,13.43
77,1.55,13.43
78,1.55,13.43
79,1.55,13.43
80,1.54,13.43
81,1.55,13.43
82,1.55,13.43
83,1.54,13.43
84,1.54,13.43
85,1.54,13.43
86,1.54,13.43
87,1.54,13.43
88,1.54,13.43
89,1.54,13.43
90,1.53,13.43
91,1.53,13.43
92,1.54,13.43
93,1.54,13.43
94,1.53,13.43
95,1.53,13.43
96,1.53,13.43
97,1.53,13.43
98,1.53,13.43
99,1.53,13.43
100,1.53,13.43
101,1.53,13.43
102,1.53,13.43
103,1.53,13.43
104,1.53,13.43
105,1.53,13.43
106,1.53,13.43
107,1.53,13.43
108,1.53,13.43
109,1.53,13.43
110,1.53,13.43
111,1.53,13.43
112,1.53,13.43
113,1.53,13.43
114,1.52,13.43
115,1.52,13.43
116,1.52,13.43
117,1.53,13.43
118,1.52,13.43
119,1.52,13.43
120,1.52,13.43
121,1.52,13.43
122,1.52,13.43
123,1.52,13.43
124,1.52,13.43
125,1.52,13.43
126,1.52,13.43
127,1.52,13.43
128,1.52,13.43
129,1.52,13.43
130,1.52,13.43
131,1.51,13.43
132,1.52,13.43
133,1.51,13.43
134,1.51,13.43
135,1.52,13.43
136,1.51,13.43
137,1.51,13.43
138,1.51,13.43
139,1.51,13.43
140,1.51,13.43
141,1.51,13.43
142,1.51,13.43
143,1.5,13.43
144,1.51,13.43
145,1.51,13.43
146,1.5,13.43
147,1.5,13.43
148,1.5,13.43
149,1.5,13.43
150,1.5,13.43
151,1.5,13.43
152,1.5,13.43
153,1.5,13.43
154,1.5,13.43
155,1.5,13.43
156,1.5,13.43
157,1.5,13.43
158,1.5,13.43
159,1.5,13.43
160,1.5,13.43
161,1.49,13.43
162,1.5,13.43
163,1.5,13.43
164,1.5,13.43
165,1.5,13.43
166,1.5,13.43
167,1.49,13.43
168,1.49,13.43
169,1.49,13.43
170,1.49,13.43
171,1.49,13.43
172,1.49,13.43
173,1.49,13.43
174,1.49,13.43
175,1.48,13.43
176,1.49,13.43
177,1.48,13.43
178,1.48,13.43
179,1.48,13.43
180,1.48,13.43
181,1.48,13.43
182,1.48,13.43
183,1.48,13.43
184,1.48,13.43
185,1.48,13.43
186,1.48,13.43
187,1.48,13.43
188,1.48,13.43
189,1.48,13.43
190,1.48,13.43
191,1.48,13.43
192,1.48,13.43
193,1.48,13.43
194,1.48,13.43
195,1.48,13.43
196,1.48,13.43
197,1.47,13.43
198,1.47,13.43
199,1.47,13.43
200,1.47,13.43
201,1.47,13.43
202,1.47,13.43
203,1.47,13.43
204,1.47,13.43
205,1.47,13.43
206,1.46,13.43
207,1.47,13.43
208,1.47,13.43
209,1.46,13.43
210,1.46,13.43
211,1.46,13.43
212,1.46,13.43
213,1.46,13.43
214,1.46,13.43
215,1.46,13.43
216,1.46,13.43
217,1.46,13.43
218,1.46,13.43
219,1.46,13.43
220,1.46,13.43
221,1.46,13.43
222,1.46,13.43
223,1.46,13.43
224,1.46,13.43
225,1.46,13.43
226,1.46,13.43
227,1.45,13.43
228,1.46,13.43
229,1.45,13.43
230,1.46,13.43
231,1.45,13.43
232,1.45,13.43
233,1.45,13.43
234,1.45,13.43
235,1.45,13.43
236,1.45,13.43
237,1.45,13.43
238,-1.87,0.99
239,-1.87,0.99
240,-1.87,0.99
241,-1.87,0.99
242,-1.87,0.99
243,-1.87,0.99
244,-1.87,0.99
245,-1.87,0.99
246,-1.87,0.99
247,-1.87,0.99
248,-1.87,0.99
249,-1.86,0.99
250,-1.86,0.99
251,-1.86,0.99
252,-1.86,0.99
253,-1.86,0.99
254,-1.87,0.99
255,-1.86,0.99
256,-1.86,0.99
257,-1.86,0.99
258,-1.86,0.99
259,-1.86,0.99
260,-1.86,0.99
261,-1.86,0.99
262,-1.86,0.99
263,-1.86,0.99
264,-1.86,0.99
265,-1.86,0.99
266,-1.86,0.99
267,-1.85,0.99
268,-1.86,0.99
269,-1.85,0.99
270,-1.85,0.99
271,-1.85,0.99
272,-1.86,0.99
273,-1.85,0.99
274,-1.85,0.99
275,-1.85,0.99
276,-1.85,0.99
277,-1.85,0.99
278,-1.85,0.99
279,-1.85,0.99
280,-1.85,0.99
281,-1.85,0.99
282,-1.85,0.99
283,-1.85,0.99
284,-1.85,0.99
285,-1.85,0.99
286,-1.85,0.99
287,-1.85,0.99
288,-1.85,0.99
289,-1.85,0.99
290,-1.85,0.99
291,-1.85,0.99
292,-1.85,0.99
293,-1.85,0.99
294,-1.85,0.99
295,-1.85,0.99
296,-1.85,0.99
297,-1.85,0.99
298,-1.85,0.99
299,-1.85,0.99
300,-1.84,0.99
301,-1.85,0.99
302,-1.84,0.99
303,-1.85,0.99
304,-1.84,0.99
305,-1.84,0.99
306,-1.85,0.99
307,-1.85,0.99
308,-1.85,0.99
309,-1.84,0.99
310,-1.84,0.99
311,-1.84,0.99
312,-1.84,0.99
313,-1.84,0.99
314,-1.84,0.99
315,-1.84,0.99
316,-1.83,0.99
317,-1.84,0.99
318,-1.84,0.99
319,-1.84,0.99
320,-1.84,0.99
321,-1.84,0.99
322,-1.83,0.99
323,-1.84,0.99
324,-1.83,0.99
325,-1.83,0.99
326,-1.83,0.99
327,-1.83,0.99
328,-1.83,0.99
329,-1.83,0.99
330,-1.83,0.99
331,-1.83,0.99
332,-1.83,0.99
333,-1.83,0.99
334,-1.83,0.99
335,-1.83,0.99
336,-1.83,0.99
337,-1.83,0.99
338,-1.83,0.99
339,-1.83,0.99
340,-1.83,0.99
341,-1.83,0.99
342,-1.82,0.99
343,-1.83,0.99
344,-1.83,0.99
345,-1.83,0.99
346,-1.83,0.99
347,-1.83,0.99
348,-1.82,0.99
349,-1.83,0.99
350,-1.83,0.99
351,-1.83,0.99
352,-1.82,0.99
353,-1.82,0.99
354,-1.82,0.99
355,-1.82,0.99
356,-1.82,0.99
357,-1.82,0.99
358,-1.82,0.99
359,-1.82,0.99
360,-1.82,0.99
361,-1.82,0.99
362,-1.82,0.99
363,-1.82,0.99
364,-1.81,0.99
365,-1.82,0.99
366,-1.82,0.99
367,-1.81,0.99
368,-1.82,0.99
369,-1.81,0.99
370,-1.81,0.99
371,-1.81,0.99
372,-1.81,0.99
373,-1.81,0.99
374,-1.81,0.99
375,-1.81,0.99
376,-1.81,0.99
377,-1.81,0.99
378,-1.81,0.99
379,-1.81,0.99
380,-1.81,0.99
381,-1.81,0.99
382,-1.81,0.99
383,-1.81,0.99
384,-1.81,0.99
385,-1.81,0.99
386,-1.81,0.99
387,-1.81,0.99
388,-1.81,0.99
389,-1.8,0.99
390,-1.81,0.99
391,-1.81,0.99
392,-1.81,0.99
393,-1.8,0.99
394,-1.8,0.99
395,-1.81,0.99
396,-1.81,0.99
397,-1.8,0.99
398,-1.8,0.99
399,-1.8,0.99
400,-1.8,0.99
401,-1.8,0.99
402,-1.8,0.99
403,-1.8,0.99
404,-1.8,0.99
405,-1.8,0.99
406,-1.8,0.99
407,-1.8,0.99
408,-1.8,0.99
409,-1.8,0.99
410,-1.8,0.99
411,-1.8,0.99
412,-1.8,0.99
413,-1.8,0.99
414,-1.8,0.99
415,-1.8,0.99
416,-1.79,0.99
417,-1.8,0.99
418,-1.8,0.99
419,-1.8,0.99
420,-1.79,0.99
421,-1.8,0.99
422,-1.8,0.99
423,-1.8,0.99
424,-1.79,0.99
425,-1.79,0.99
426,-1.79,0.99
427,-1.79,0.99
428,-1.79,0.99
429,-1.79,0.99
430,-1.79,0.99
431,-1.79,0.99
432,-1.79,0.99
433,-1.78,0.99
434,-1.79,0.99
435,-1.78,0.99
436,-1.78,0.99
437,-1.78,0.99
438,-1.79,0.99
439,-1.78,0.99
440,-1.78,0.99
441,-1.78,0.99
442,-1.78,0.99
443,-1.78,0.99
444,-1.78,0.99
445,-1.78,0.99
446,-1.78,0.99
447,-1.78,0.99
448,-1.78,0.99
449,-1.78,0.99
450,-1.78,0.99
451,-1.78,0.99
452,-1.78,0.99
453,-1.78,0.99
454,-1.77,0.99
455,-1.78,0.99
456,-1.77,0.99
457,-1.77,0.99
458,-1.77,0.99
459,-1.78,0.99
460,-1.77,0.99
461,-1.77,0.99
462,-1.77,0.99
463,-1.78,0.99
464,-1.77,0.99
465,-1.77,0.99
466,-1.77,0.99
467,-1.77,0.99
468,-1.77,0.99
469,-1.76,0.99
470,-1.76,0.99
471,-1.76,0.99
472,-1.76,0.99
473,-1.76,0.99
474,-1.76,0.99
475,-1.76,0.99
476,-1.76,0.99
477,-1.76,0.99
478,-1.76,0.99
479,-1.76,0.99
480,-1.76,0.99
481,-1.76,0.99
482,-1.76,0.99
483,-1.76,0.99
484,-1.76,0.99
485,-1.76,0.99
486,-1.76,0.99
487,-1.76,0.99
488,-1.76,0.99
489,-1.75,0.99
490,-1.75,0.99
491,-1.76,0.99
492,-1.75,0.99
493,-1.75,0.99
494,-1.74,0.99
495,-1.76,0.99
496,-1.74,0.99
497,-1.75,0.99
498,-1.74,0.99
499,-1.74,0.99
500,-1.74,0.99
501,-1.75,0.99
502,-1.74,0.99
503,-1.74,0.99
504,-1.74,0.99
505,-1.74,0.99
506,-1.74,0.99
507,-1.74,0.99
508,-1.74,0.99
509,-1.74,0.99
510,-1.74,0.99
511,-1.74,0.99
512,-1.74,0.99
513,-1.74,0.99
514,-1.74,0.99
515,-1.74,0.99
516,-1.73,0.99
517,-1.74,0.99
518,-1.74,0.99
519,-1.73,0.99
520,-1.74,0.99
521,-1.73,0.99
522,-1.73,0.99
523,-1.73,0.99
524,-1.73,0.99
525,-1.73,0.99
526,-1.73,0.99
527,-1.72,0.99
528,-1.73,0.99
529,-1.72,0.99
530,-1.73,0.99
531,-1.73,0.99
532,-1.73,0.99
533,-1.73,0.99
534,-1.72,0.99
535,-1.72,0.99
536,-1.72,0.99
537,-1.72,0.99
538,-1.72,0.99
539,-1.72,0.99
540,-1.72,0.99
541,-1.72,0.99
542,-1.72,0.99
543,-1.72,0.99
544,-1.72,0.99
545,-1.72,0.99
546,-1.72,0.99
547,-1.72,0.99
548,-1.72,0.99
549,-1.72,0.99
550,-1.72,0.99
551,-1.72,0.99
552,-1.72,1.0
553,-1.72,1.02
554,-1.72,1.05
555,-1.71,1.1
556,-1.71,1.15
557,-1.71,1.21
558,-1.71,1.27
559,-1.7,1.34
560,-1.71,1.41
561,-1.71,1.48
562,-1.7,1.54
563,-1.7,1.61
564,-1.7,1.68
565,-1.7,1.74
566,-1.7,1.8
567,-1.7,1.86
568,-1.7,1.92
569,-1.7,1.97
570,-1.7,2.02
571,-1.7,2.07
572,-1.7,2.11
573,-1.7,2.15
574,-1.7,2.2
575,-1.7,2.23
576,-1.7,2.27
577,-1.7,2.3
578,-1.7,2.33
579,-1.7,2.36
580,-1.7,2.39
581,-1.7,2.41
582,-1.69,2.43
583,-1.7,2.46
584,-1.7,2.47
585,-1.7,2.49
586,-1.7,2.5
587,-1.7,2.51
588,-1.7,2.52
589,-1.7,2.52
590,-1.7,2.53
591,-1.7,2.53
592,-1.69,2.53
593,-1.7,2.52
594,-1.7,2.52
595,-1.7,2.51
596,-1.69,2.5
597,-1.69,2.49
598,-1.68,2.48
599,-1.68,2.47
600,-1.69,2.46
601,-1.69,2.44
602,-1.69,2.43
603,-1.68,2.41
604,-1.68,2.4
605,-1.68,2.38
606,-1.69,2.37
607,-1.68,2.36
608,-1.68,2.34
609,-1.69,2.33
610,-1.68,2.31
611,-1.68,2.3
612,-1.68,2.29
613,-1.68,2.28
614,-1.68,2.27
615,-1.68,2.26
616,-1.68,2.26
617,-1.68,2.25
618,-1.68,2.25
619,-1.68,2.25
620,-1.68,2.25
621,-1.68,2.25
622,-1.68,2.25
623,-1.68,2.25
624,-1.67,2.26
625,-1.68,2.27
626,-1.67,2.27
627,-1.67,2.28
628,-1.67,2.29
629,-1.68,2.3
630,-1.68,2.31
631,-1.67,2.32
632,-1.67,2.34
633,-1.67,2.35
634,-1.67,2.36
635,-1.67,2.38
636,-1.67,2.39
637,-1.67,2.4
638,-1.67,2.42
639,-1.67,2.43
640,-1.67,2.44
641,-1.67,2.46
642,-1.67,2.47
643,-1.67,2.48
644,-1.67,2.49
645,-1.67,2.51
646,-1.66,2.52
647,-1.66,2.53
648,-1.66,2.54
649,-1.67,2.55
650,-1.66,2.55
651,-1.66,2.56
652,-1.66,2.57
653,-1.66,2.57
654,-1.66,2.58
655,-1.66,2.58
656,-1.65,2.59
657,-1.66,2.59
658,-1.65,2.59
659,-1.65,2.59
660,-1.65,2.59
661,-1.65,2.59
662,-1.65,2.59
663,-1.65,2.59
664,-1.65,2.59
665,-1.65,2.59
666,-1.65,2.59
667,-1.65,2.59
668,-1.65,2.59
669,-1.65,2.6
670,-1.65,2.6
671,-1.65,2.6
672,-1.65,2.6
673,-1.64,2.6
674,-1.65,2.61
675,-1.65,2.61
676,-1.65,2.62
677,-1.65,2.62
678,-1.65,2.63
679,-1.64,2.64
680,-1.65,2.64
681,-1.64,2.65
682,-1.64,2.66
683,-1.64,2.67
684,-1.65,2.68
685,-1.64,2.68
686,-1.64,2.69
687,-1.64,2.7
688,-1.64,2.71
689,-1.63,2.72
690,-1.64,2.73
691,-1.63,2.74
692,-1.63,2.75
693,-1.63,2.76
694,-1.63,2.77
695,-1.63,2.78
696,-1.63,2.79
697,-1.63,2.8
698,-1.63,2.81
699,-1.63,2.82
700,-1.63,2.82
701,-1.63,2.83
702,-1.63,2.84
703,-1.63,2.85
704,-1.63,2.85
705,-1.63,2.86
706,-1.63,2.87
707,-1.63,2.87
708,-1.63,2.88
709,-1.63,2.88
710,-1.63,2.88
711,-1.62,2.89
712,-1.62,2.89
713,-1.63,2.89
714,-1.62,2.89
715,-1.62,2.9
716,-1.62,2.9
717,-1.61,2.9
718,-1.62,2.9
719,-1.61,2.9
720,-1.62,2.9
721,-1.62,2.9
722,-1.61,2.91
723,-1.61,2.91
724,-1.61,2.91
725,-1.61,2.91
726,-1.62,2.92
727,-1.61,2.92
728,-1.61,2.92
729,-1.61,2.93
730,-1.61,2.93
731,-1.61,2.94
732,-1.61,2.94
733,-1.61,2.94
734,-1.61,2.95
735,-1.61,2.95
736,-1.61,2.95
737,-1.61,2.96
738,-1.61,2.96
739,-1.61,2.97
740,-1.61,2.97
741,-1.61,2.97
742,-1.6,2.98
743,-1.6,2.98
744,-1.6,2.98
745,-1.6,2.98
746,-1.6,2.99
747,-1.6,2.99
748,-1.6,2.99
749,-1.6,2.99
750,-1.6,3.0
751,-1.6,3.0
752,-1.59,3.0
753,-1.6,3.0
754,-1.59,3.0
755,-1.59,3.01
756,-1.59,3.01
757,-1.59,3.01
758,-1.59,3.02
759,-1.59,3.02
760,-1.59,3.02
761,-1.59,3.03
762,-1.59,3.03
763,-1.59,3.03
764,-1.59,3.03
765,-1.59,3.04
766,-1.59,3.04
767,-1.58,3.04
768,-1.59,3.04
769,-1.59,3.04
770,-1.59,3.05
771,-1.59,3.05
772,-1.59,3.05
773,-1.58,3.05
774,-1.58,3.05
775,-1.58,3.05
776,-1.58,3.05
777,-1.58,3.06
778,-1.58,3.06
779,-1.58,3.06
780,-1.58,3.06
781,-1.57,3.06
782,-1.57,3.06
783,-1.57,3.06
784,-1.57,3.06
785,-1.57,3.06
786,-1.57,3.07
787,-1.57,3.07
788,-1.57,3.07
789,-1.57,3.07
790,-1.57,3.07
791,-1.57,3.07
792,-1.57,3.07
793,-1.57,3.08
794,-1.57,3.08
795,-1.57,3.08
796,-1.57,3.08
797,-1.57,3.09
798,-1.56,3.09
799,-1.57,3.09
800,-1.56,3.1
801,-1.56,3.1
802,-1.57,3.1
803,-1.56,3.11
804,-1.56,3.11
805,-1.56,3.11
806,-1.56,3.12
807,-1.55,3.12
808,-1.55,3.12
809,-1.56,3.12
810,-1.55,3.13
811,-1.55,3.13
812,-1.55,3.13
813,-1.55,3.13
814,-1.55,3.13
815,-1.55,3.14
816,-1.55,3.14
817,-1.55,3.14
818,-1.55,3.14
819,-1.55,3.14
820,-1.55,3.14
821,-1.55,3.14
822,-1.55,3.14
823,-1.55,3.14
824,-1.55,3.14
825,-1.55,3.14
826,-1.55,3.15
827,-1.54,3.15
828,-1.55,3.15
829,-1.54,3.15
830,-1.54,3.15
831,-1.55,3.15
832,-1.54,3.15
833,-1.54,3.16
834,-1.54,3.16
835,-1.53,3.16
836,-1.54,3.16
837,-1.54,3.17
838,-1.53,3.17
839,-1.53,3.17
840,-1.53,3.18
841,-1.53,3.18
842,-1.53,3.18
843,-1.53,3.19
844,-1.53,3.19
845,-1.53,3.2
846,-1.53,3.2
847,-1.53,3.21
848,-1.53,3.21
849,-1.53,3.22
850,-1.53,3.22
851,-1.52,3.23
852,-1.53,3.23
853,-1.53,3.23
854,-1.53,3.24
855,-1.52,3.24
856,-1.52,3.24
857,-1.52,3.25
858,-1.52,3.25
859,-1.52,3.25
860,-1.52,3.25
861,-1.52,3.25
862,-1.52,3.26
863,-1.52,3.26
864,-1.52,3.26
865,-1.52,3.26
866,-1.52,3.26
867,-1.52,3.26
868,-1.52,3.25
869,-1.52,3.25
870,-1.52,3.25
871,-1.51,3.25
872,-1.51,3.25
873,-1.52,3.25
874,-1.51,3.25
875,-1.51,3.25
876,-1.51,3.25
877,-1.5,3.25
878,-1.51,3.25
879,-1.5,3.25
880,-1.5,3.25
881,-1.5,3.25
882,-1.5,3.25
883,-1.5,3.25
884,-1.5,3.25
885,-1.5,3.25
886,-1.5,3.25
887,-1.5,3.25
888,-1.5,3.25
889,-1.5,3.25
890,-1.5,3.25
891,-1.5,3.25
892,-1.5,3.25
893,-1.5,3.25
894,-1.5,3.25
895,-1.5,3.25
896,-1.49,3.25
897,-1.49,3.25
898,-1.49,3.25
899,-1.49,3.25
900,-1.49,3.25
901,-1.49,3.25
902,-1.49,3.25
903,-1.49,3.25
904,-1.49,3.26
905,-1.49,3.26
906,-1.48,3.26
907,-1.48,3.26
908,-1.48,3.26
909,-1.48,3.26
910,-1.48,3.26
911,-1.48,3.26
912,-1.48,3.26
913,-1.48,3.27
914,-1.48,3.27
915,-1.48,3.27
916,-1.48,3.27
917,-1.48,3.27
918,-1.48,3.27
919,-1.48,3.27
920,-1.47,3.28
921,-1.48,3.28
922,-1.47,3.28
923,-1.47,3.28
924,-1.47,3.29
925,-1.47,3.29
926,-1.47,3.29
927,-1.47,3.3
928,-1.46,3.3
929,-1.47,3.3
930,-1.46,3.3
931,-1.46,3.31
932,-1.46,3.31
933,-1.46,3.31
934,-1.46,3.31
935,-1.46,3.31
936,-1.46,3.31
937,-1.46,3.32
938,-1.46,3.32
939,-1.46,3.32
940,-1.46,3.32
941,-1.46,3.32
942,-1.46,3.32
943,-1.46,3.32
944,-1.46,3.32
945,-1.46,3.32
946,-1.45,3.32
947,-1.46,3.32
948,-1.46,3.32
949,-1.45,3.32
950,-1.45,3.32
951,-1.45,3.32
952,-1.45,3.32
953,-1.45,3.33
954,-1.44,3.33
955,-1.44,3.33
956,-1.45,3.33
957,-1.44,3.33
958,-1.44,3.33
959,-1.44,3.33
960,-1.44,3.33
961,-1.44,3.33
962,-1.44,3.33
963,-1.44,3.33
964,-1.44,3.33
965,-1.44,3.34
966,-1.44,3.34
967,-1.44,3.34
968,-1.44,3.34
969,-1.44,3.34
970,-1.44,3.34
971,-1.43,3.34
972,-1.44,3.34
973,-1.43,3.34
974,-1.43,3.34
975,-1.43,3.34
976,-1.43,3.34
977,-1.43,3.34
978,-1.42,3.34
979,-1.43,3.34
980,-1.42,3.34
981,-1.42,3.35
982,-1.42,3.35
983,-1.42,3.35
984,-1.42,3.35
985,-1.42,3.35
986,-1.42,3.35
987,-1.42,3.35
988,-1.42,3.35
989,-1.42,3.35
990,-1.42,3.35
991,-1.42,3.35
992,-1.42,3.35
993,-1.42,3.35
994,-1.41,3.35
995,-1.42,3.35
996,-1.41,3.35
997,-1.41,3.36
998,-1.41,3.36
999,-1.4,3.36
1000,-1.41,3.36
1001,-1.41,3.36
1002,-1.41,3.36
1003,-1.4,3.36
1004,-1.4,3.36
1005,-1.4,3.36
1006,-1.4,3.36
1007,-1.4,3.36
1008,-1.4,3.36
1009,-1.4,3.35
1010,-1.4,3.35
1011,-1.4,3.35
1012,-1.4,3.35
1013,-1.4,3.35
1014,-1.39,3.35
1015,-1.4,3.35
1016,-1.4,3.34
1017,-1.4,3.34
1018,-1.39,3.34
1019,-1.39,3.34
1020,-1.39,3.34
1021,-1.39,3.34
1022,-1.38,3.33
1023,-1.39,3.33
1024,-1.38,3.33
1025,-1.38,3.33
1026,-1.38,3.33
1027,-1.38,3.33
1028,-1.38,3.33
1029,-1.38,3.32
1030,-1.38,3.32
1031,-1.38,3.32
1032,-1.38,3.32
1033,-1.38,3.32
1034,-1.38,3.32
1035,-1.38,3.32
1036,-1.38,3.32
1037,-1.38,3.33
1038,-1.38,3.33
1039,-1.37,3.33
1040,-1.38,3.33
1041,-1.37,3.33
1042,-1.37,3.33
1043,-1.37,3.33
1044,-1.37,3.34
1045,-1.37,3.34
1046,-1.37,3.34
1047,-1.37,3.34
1048,-1.37,3.35
1049,-1.37,3.35
1050,-1.37,3.35
1051,-1.37,3.35
1052,-1.37,3.35
1053,-1.37,3.36
1054,-1.36,3.36
1055,-1.36,3.36
1056,-1.36,3.36
1057,-1.36,3.36
1058,-1.36,3.36
1059,-1.35,3.36
1060,-1.36,3.36
1061,-1.36,3.36
1062,-1.35,3.36
1063,-1.35,3.36
1064,-1.35,3.36
1065,-1.35,3.36
1066,-1.35,3.36
1067,-1.35,3.36
1068,-1.35,3.36
1069,-1.35,3.36
1070,-1.35,3.36
1071,-1.35,3.36
1072,-1.35,3.36
1073,-1.35,3.36
1074,-1.35,3.36
1075,-1.34,3.36
1076,-1.35,3.36
1077,-1.34,3.36
1078,-1.34,3.36
1079,-1.34,3.36
1080,-1.34,3.36
1081,-1.34,3.36
1082,-1.34,3.36
1083,-1.34,3.36
1084,-1.34,3.36
1085,-1.33,3.36
1086,-1.33,3.36
1087,-1.33,3.36
1088,-1.33,3.36
1089,-1.33,3.36
1090,-1.33,3.36
1091,-1.33,3.36
1092,-1.33,3.36
1093,-1.33,3.36
1094,-1.33,3.36
1095,-1.32,3.36
1096,-1.33,3.36
1097,-1.33,3.36
1098,-1.32,3.36
1099,-1.32,3.36
1100,-1.32,3.36
1101,-1.32,3.36
1102,-1.32,3.36
1103,-1.32,3.36
1104,-1.31,3.35
1105,-1.31,3.35
1106,-1.31,3.35
1107,-1.31,3.35
1108,-1.31,3.35
1109,-1.31,3.35
1110,-1.31,3.34
1111,-1.31,3.34
1112,-1.31,3.34
1113,-1.31,3.34
1114,-1.31,3.33
1115,-1.31,3.33
1116,-1.31,3.33
1117,-1.31,3.33
1118,-1.31,3.33
1119,-1.3,3.33
1120,-1.3,3.33
1121,-1.3,3.33
1122,-1.29,3.33
1123,-1.29,3.33
1124,-1.3,3.33
1125,-1.3,3.33
1126,-1.3,3.33
1127,-1.29,3.33
1128,-1.29,3.33
1129,-1.29,3.33
1130,-1.29,3.33
1131,-1.29,3.33
1132,-1.29,3.33
1133,-1.29,3.33
1134,-1.29,3.33
1135,-1.29,3.33
1136,-1.29,3.33
1137,-1.28,3.33
1138,-1.28,3.33
1139,-1.28,3.33
1140,-1.28,3.32
1141,-1.28,3.32
1142,-1.28,3.32
1143,-1.27,3.32
1144,-1.28,3.32
1145,-1.28,3.31
1146,-1.28,3.31
1147,-1.27,3.31
1148,-1.27,3.3
1149,-1.27,3.3
1150,-1.27,3.29
1151,-1.27,3.29
1152,-1.27,3.28
1153,-1.27,3.28
1154,-1.27,3.28
1155,-1.27,3.27
1156,-1.27,3.27
1157,-1.27,3.26
1158,-1.27,3.26
1159,-1.27,3.25
1160,-1.26,3.25
1161,-1.27,3.24
1162,-1.26,3.24
1163,-1.26,3.24
1164,-1.26,3.23
1165,-1.26,3.23
1166,-1.25,3.23
1167,-1.25,3.22
1168,-1.25,3.22
1169,-1.25,3.22
1170,-1.25,3.21
1171,-1.25,3.21
1172,-1.25,3.21
1173,-1.25,3.2
1174,-1.25,3.2
1175,-1.25,3.19
1176,-1.25,3.19
1177,-1.25,3.18
1178,-1.24,3.18
1179,-1.24,3.18
1180,-1.24,3.17
1181,-1.24,3.16
1182,-1.24,3.16
1183,-1.23,3.15
1184,-1.23,3.15
1185,-1.23,3.14
1186,-1.23,3.13
1187,-1.23,3.13
1188,-1.23,3.12
1189,-1.23,3.11
1190,-1.23,3.11
1191,-1.23,3.1
1192,-1.23,3.09
1193,-1.23,3.08
1194,-1.23,3.08
1195,-1.22,3.07
1196,-1.22,3.06
1197,-1.22,3.05
1198,-1.22,3.04
1199,-1.22,3.03
1200,-1.22,3.03
1201,-1.22,3.02
1202,-1.22,3.01
1203,-1.22,3.0
1204,-1.22,2.99
1205,-1.22,2.98
1206,-1.22,2.98
1207,-1.22,2.97
1208,-1.22,2.96
1209,-1.22,2.95
1210,-1.21,2.95
1211,-1.21,2.94
1212,-1.21,2.93
1213,-1.2,2.93
1214,-1.2,2.92
1215,-1.21,2.92
1216,-1.2,2.91
1217,-1.2,2.9
1218,-1.2,2.9
1219,-1.2,2.89
1220,-1.2,2.89
1221,-1.2,2.88
1222,-1.2,2.87
1223,-1.19,2.87
1224,-1.2,2.86
1225,-1.2,2.85
1226,-1.19,2.84
1227,-1.19,2.83
1228,-1.19,2.82
1229,-1.19,2.81
1230,-1.18,2.8
1231,-1.18,2.79
1232,-1.18,2.78
1233,-1.18,2.77
1234,-1.18,2.76
1235,-1.18,2.74
1236,-1.18,2.73
1237,-1.18,2.72
1238,-1.18,2.71
1239,-1.18,2.69
1240,-1.17,2.68
1241,-1.17,2.67
1242,-1.17,2.65
1243,-1.17,2.64
1244,-1.17,2.62
1245,-1.17,2.61
1246,-1.17,2.6
1247,-1.17,2.58
1248,-1.16,2.57
1249,-1.16,2.56
1250,-1.16,2.55
1251,-1.16,2.53
1252,-1.16,2.52
1253,-1.16,2.51
1254,-1.16,2.5
1255,-1.16,2.49
1256,-1.15,2.47
1257,-1.16,2.46
1258,-1.15,2.45
1259,-1.15,2.44
1260,-1.15,2.43
1261,-1.14,2.42
1262,-1.14,2.4
1263,-1.14,2.39
1264,-1.14,2.38
1265,-1.14,2.36
1266,-1.14,2.35
1267,-1.14,2.33
1268,-1.14,2.32
1269,-1.14,2.3
1270,-1.14,2.28
1271,-1.13,2.26
1272,-1.13,2.24
1273,-1.13,2.21
1274,-1.13,2.18
1275,-1.13,2.15
1276,-1.13,2.12
1277,-1.12,2.09
1278,-1.12,2.06
1279,-1.12,2.02
1280,-1.12,1.98
1281,-1.12,1.95
1282,-1.12,1.91
1283,-1.12,1.88
1284,-1.11,1.84
1285,-1.12,1.8
1286,-1.12,1.77
1287,-1.11,1.74
1288,-1.11,1.71
1289,-1.11,1.68
1290,-1.1,1.65
1291,-1.1,1.63
1292,-1.1,1.6
1293,-1.1,1.58
1294,-1.1,1.56
1295,-1.1,1.55
1296,-1.1,1.53
1297,-1.1,1.51
1298,-1.1,1.5
1299,-1.09,1.48
1300,-1.09,1.47
1301,-1.09,1.46
1302,-1.09,1.45
1303,-1.09,1.43
1304,-1.09,1.42
1305,-1.09,1.41
1306,-1.08,1.4
1307,-1.09,1.38
1308,-1.08,1.37
1309,-1.07,1.36
1310,-1.08,1.34
1311,-1.07,1.33
1312,-1.07,1.32
1313,-1.07,1.31
1314,-1.07,1.3
1315,-1.07,1.28
1316,-1.07,1.27
1317,-1.07,1.26
1318,-1.07,1.25
1319,-1.06,1.24
1320,-1.06,1.22
1321,-1.06,1.21
1322,-1.06,1.2
1323,-1.05,1.19
1324,-1.05,1.18
1325,-1.05,1.16
1326,-1.05,1.15
1327,-1.05,1.14
1328,-1.05,1.13
1329,-1.05,1.12
1330,-1.05,1.11
1331,-1.04,1.09
1332,-1.04,1.08
1333,-1.04,1.08
1334,-1.04,1.07
1335,-1.04,1.06
1336,-1.03,1.05
1337,-1.04,1.05
1338,-1.03,1.04
1339,-1.03,1.04
1340,-1.03,1.03
1341,-1.03,1.03
1342,-1.03,1.03
1343,-1.03,1.02
1344,-1.02,1.02
1345,-1.02,1.02
1346,-1.02,1.01
1347,-1.02,1.01
1348,-1.01,1.01
1349,-1.01,1.01
1350,-1.01,1.01
1351,-1.01,1.01
1352,-1.01,1.0
1353,-1.01,1.0
1354,-1.01,1.0
1355,-1.01,1.0
1356,-1.01,1.0
1357,-1.0,1.0
1358,-1.0,1.0
1359,-1.0,1.0
1360,-1.0,1.0
1361,-1.0,1.0
1362,-0.99,1.0
1363,-0.99,1.0
1364,-0.99,1.0
1365,-0.99,1.0
1366,-0.99,1.0
1367,-0.99,1.0
1368,-0.98,1.0
1369,-0.98,1.0
1370,-0.98,0.99
1371,-0.98,0.99
1372,-0.98,0.99
1373,-0.97,0.99
1374,-0.97,0.99
1375,-0.97,0.99
1376,-0.97,0.99
1377,-0.97,0.99
1378,-0.97,0.99
1379,-0.97,0.99
1380,-0.97,0.99
1381,-0.97,0.99
1382,-0.96,0.99
1383,-0.96,0.99
1384,-0.96,0.99
1385,-0.96,0.99
1386,-0.95,0.99
1387,-0.96,0.99
1388,-0.95,0.99
1389,-0.95,0.99
1390,-0.95,0.99
1391,-0.95,0.99
1392,-0.95,0.99
1393,-0.95,0.99
1394,-0.94,0.99
1395,-0.94,0.99
1396,-0.94,0.99
1397,-0.94,0.99
1398,-0.94,0.99
1399,-0.94,0.99
1400,-0.94,0.99
1401,-0.94,0.99
1402,-0.93,0.99
1403,-0.94,0.99
1404,-0.93,0.99
1405,-0.93,0.99
1406,-0.92,0.99
1407,-0.93,0.99
1408,-0.92,0.99
1409,-0.92,0.99
1410,-0.92,0.99
1411,-0.92,0.99
1412,-0.92,0.99
1413,-0.92,0.99
1414,-0.92,0.99
1415,-0.92,0.99
1416,-0.92,0.99
1417,-0.91,0.99
1418,-0.91,0.99
1419,-0.91,0.99
1420,-0.9,0.99
1421,-0.91,0.99
1422,-0.9,0.99
1423,-0.9,0.99
1424,-0.9,0.99
1425,-0.9,0.99
1426,-0.9,0.99
1427,-0.9,0.99
1428,-0.9,0.99
1429,-0.89,0.99
1430,-0.89,0.99
1431,-0.89,0.99
1432,-0.89,0.99
1433,-0.88,0.99
1434,-0.88,0.99
1435,-0.88,0.99
1436,-0.88,0.99
1437,-0.88,0.99
1438,-0.88,0.99
1439,-0.87,0.99
1440,-0.88,0.99
1441,-0.87,0.99
1442,-0.87,0.99
1443,-0.86,0.99
1444,-0.87,0.99
1445,-0.86,0.99
1446,-0.86,0.99
1447,-0.86,0.99
1448,-0.86,0.99
1449,-0.86,0.99
1450,-0.86,0.99
1451,-0.85,0.99
1452,-0.85,0.99
1453,-0.85,0.99
1454,-0.85,0.99
1455,-0.84,0.99
1456,-0.84,0.99
1457,-0.84,0.99
1458,-0.84,0.99
1459,-0.84,0.99
1460,-0.84,0.99
1461,-0.84,0.99
1462,-0.84,0.99
1463,-0.84,0.99
1464,-0.84,0.99
1465,-0.83,0.99
1466,-0.83,0.99
1467,-0.82,0.99
1468,-0.82,0.99
1469,-0.82,0.99
1470,-0.82,0.99
1471,-0.82,0.99
1472,-0.82,0.99
1473,-0.82,0.99
1474,-0.82,0.99
1475,-0.82,0.99
1476,-0.81,0.99
1477,-0.81,0.99
1478,-0.81,0.99
1479,-0.81,0.99
1480,-0.81,0.99
1481,-0.8,0.99
1482,-0.8,0.99
1483,-0.8,0.99
1484,-0.8,0.99
1485,-0.8,0.99
1486,-0.8,0.99
1487,-0.79,0.99
1488,-0.79,0.99
1489,-0.79,0.99
1490,-0.79,0.99
1491,-0.79,0.99
1492,-0.79,0.99
1493,-0.79,0.99
1494,-0.78,0.99
1495,-0.79,0.99
1496,-0.78,0.99
1497,-0.78,0.99
1498,-0.77,0.99
1499,-0.77,0.99
1500,-0.77,0.99
1501,-0.77,0.99
1502,-0.77,0.99
1503,-0.77,0.99
1504,-0.77,0.99
1505,-0.77,0.99
1506,-0.76,0.99
1507,-0.76,0.99
1508,-0.76,0.99
1509,-0.76,0.99
1510,-0.75,0.99
1511,-0.75,0.99
1512,-0.75,0.99
1513,-0.75,0.99
1514,-0.75,0.99
1515,-0.75,0.99
1516,-0.74,0.99
1517,-0.74,0.99
1518,-0.74,0.99
1519,-0.74,0.99
1520,-0.73,0.99
1521,-0.74,0.99
1522,-0.73,0.99
1523,-0.73,0.99
1524,-0.73,0.99
1525,-0.73,0.99
1526,-0.73,0.99
1527,-0.73,0.99
1528,-0.73,0.99
1529,-0.72,0.99
1530,-0.72,0.99
1531,-0.72,0.99
1532,-0.71,0.99
1533,-0.71,0.99
1534,-0.71,0.99
1535,-0.71,0.99
1536,-0.71,0.99
1537,-0.71,0.99
1538,-0.71,0.99
1539,-0.71,0.99
1540,-0.7,0.99
1541,-0.7,0.99
1542,-0.7,0.99
1543,-0.69,0.99
1544,-0.69,0.99
1545,-0.69,0.99
1546,-0.69,0.99
1547,-0.69,0.99
1548,-0.69,0.99
1549,-0.69,0.99
1550,-0.68,0.99
1551,-0.69,0.99
1552,-0.68,0.99
1553,-0.68,0.99
1554,-0.67,0.99
1555,-0.68,0.99
1556,-0.67,0.99
1557,-0.67,0.99
1558,-0.67,0.99
1559,-0.67,0.99
1560,-0.67,0.99
1561,-0.67,0.99
1562,-0.66,0.99
1563,-0.66,0.99
1564,-0.66,0.99
1565,-0.65,0.99
1566,-0.65,0.99
1567,-0.65,0.99
1568,-0.65,0.99
1569,-0.65,0.99
1570,-0.65,0.99
1571,-0.65,0.99
1572,-0.65,0.99
1573,-0.64,0.99
1574,-0.64,0.99
1575,-0.64,0.99
1576,-0.64,0.99
1577,-0.64,0.99
1578,-0.63,0.99
1579,-0.64,0.99
1580,-0.63,0.99
1581,-0.63,0.99
1582,-0.62,0.99
1583,-0.62,0.99
1584,-0.62,0.99
1585,-0.62,0.99
1586,-0.62,0.99
1587,-0.62,0.99
1588,-0.61,0.99
1589,-0.62,0.99
1590,-0.61,0.99
1591,-0.6,0.99
1592,-0.61,0.99
1593,-0.6,0.99
1594,-0.6,0.99
1595,-0.6,0.99
1596,-0.6,0.99
1597,-0.6,0.99
1598,-0.59,0.99
1599,-0.59,0.99
1600,-0.59,0.99
1601,-0.59,0.99
1602,-0.59,0.99
1603,-0.58,0.99
1604,-0.58,0.99
1605,-0.58,0.99
1606,-0.58,0.99
1607,-0.58,0.99
1608,-0.58,0.99
1609,-0.57,0.99
1610,-0.57,0.99
1611,-0.57,0.99
1612,-0.56,0.99
1613,-0.56,0.99
1614,-0.56,0.99
1615,-0.56,0.99
1616,-0.56,0.99
1617,-0.56,0.99
1618,-0.56,0.99
1619,-0.56,0.99
1620,-0.55,0.99
1621,-0.55,0.99
1622,-0.54,0.99
1623,-0.55,0.99
1624,-0.54,0.99
1625,-0.54,0.99
1626,-0.54,0.99
1627,-0.54,0.99
1628,-0.54,0.99
1629,-0.54,0.99
1630,-0.53,0.99
1631,-0.53,0.99
1632,-0.53,0.99
1633,-0.53,0.99
1634,-0.52,0.99
1635,-0.52,0.99
1636,-0.52,0.99
1637,-0.52,0.99
1638,-0.52,0.99
1639,-0.52,0.99
1640,-0.52,0.99
1641,-0.51,0.99
1642,-0.51,0.99
1643,-0.51,0.99
1644,-0.51,0.99
1645,-0.51,0.99
1646,-0.51,0.99
1647,-0.5,0.99
1648,-0.51,0.99
1649,-0.5,0.99
1650,-0.5,0.99
1651,-0.5,0.99
1652,-0.49,0.99
1653,-0.49,0.99
1654,-0.49,0.99
1655,-0.49,0.99
1656,-0.49,0.99
1657,-0.49,0.99
1658,-0.48,0.99
1659,-0.49,0.99
1660,-0.47,0.99
1661,-0.47,0.99
1662,-0.47,0.99
1663,-0.47,0.99
1664,-0.47,0.99
1665,-0.47,0.99
1666,-0.46,0.99
1667,-0.46,0.99
1668,-0.46,0.99
1669,-0.46,0.99
1670,-0.45,0.99
1671,-0.45,0.99
1672,-0.45,0.99
1673,-0.45,0.99
1674,-0.45,0.99
1675,-0.45,0.99
1676,-0.45,0.99
1677,-0.45,0.99
1678,-0.44,0.99
1679,-0.44,0.99
1680,-0.43,0.99
1681,-0.43,0.99
1682,-0.43,0.99
1683,-0.43,0.99
1684,-0.43,0.99
1685,-0.43,0.99
1686,-0.43,0.99
1687,-0.42,0.99
1688,-0.42,0.99
1689,-0.42,0.99
1690,-0.41,0.99
1691,-0.41,0.99
1692,-0.41,0.99
1693,-0.41,0.99
1694,-0.41,0.99
1695,-0.41,0.99
1696,-0.4,0.99
1697,-0.4,0.99
1698,-0.4,0.99
1699,-0.39,0.99
1700,-0.39,0.99
1701,-0.39,0.99
1702,-0.39,0.99
1703,-0.39,0.99
1704,-0.39,0.99
1705,-0.39,0.99
1706,-0.38,0.99
1707,-0.38,0.99
1708,-0.37,0.99
1709,-0.37,0.99
1710,-0.37,0.99
1711,-0.37,0.99
1712,-0.37,0.99
1713,-0.37,0.99
1714,-0.37,0.99
1715,-0.37,0.99
1716,-0.36,0.99
1717,-0.36,0.99
1718,-0.36,0.99
1719,-0.36,0.99
1720,-0.36,0.99
1721,-0.36,0.99
1722,-0.35,0.99
1723,-0.35,0.99
1724,-0.34,0.99
1725,-0.34,0.99
1726,-0.34,0.99
1727,-0.34,0.99
1728,-0.34,0.99
1729,-0.34,0.99
1730,-0.33,0.99
1731,-0.33,0.99
1732,-0.33,0.99
1733,-0.33,0.99
1734,-0.32,0.99
1735,-0.32,0.99
1736,-0.32,0.99
1737,-0.32,0.99
1738,-0.32,0.99
1739,-0.32,0.99
1740,-0.31,0.99
1741,-0.31,0.99
1742,-0.31,0.99
1743,-0.3,0.99
1744,-0.3,0.99
1745,-0.3,0.99
1746,-0.3,0.99
1747,-0.3,0.99
1748,-0.3,0.99
1749,-0.29,0.99
1750,-0.29,0.99
1751,-0.29,0.99
1752,-0.28,0.99
1753,-0.28,0.99
1754,-0.28,0.99
1755,-0.28,0.99
1756,-0.28,0.99
1757,-0.28,0.99
1758,-0.27,0.99
1759,-0.27,0.99
1760,-0.26,0.99
1761,-0.26,0.99
1762,-0.26,0.99
1763,-0.26,0.99
1764,-0.26,0.99
1765,-0.26,0.99
1766,-0.25,0.99
1767,-0.25,0.99
1768,-0.25,0.99
1769,-0.24,0.99
1770,-0.24,0.99
1771,-0.24,0.99
1772,-0.24,0.99
1773,-0.24,0.99
1774,-0.24,0.99
1775,-0.24,0.99
1776,-0.23,0.99
1777,-0.23,0.99
1778,-0.23,0.99
1779,-0.23,0.99
1780,-0.22,0.99
1781,-0.22,0.99
1782,-0.22,0.99
1783,-0.22,0.99
1784,-0.22,0.99
1785,-0.21,0.99
1786,-0.21,0.99
1787,-0.21,0.99
1788,-0.21,0.99
1789,-0.21,0.99
1790,-0.2,0.99
1791,-0.2,0.99
1792,-0.19,0.99
1793,-0.19,0.99
1794,-0.19,0.99
1795,-0.19,0.99
1796,-0.19,0.99
1797,-0.19,0.99
1798,-0.18,0.99
1799,-0.18,0.99
1800,-0.18,0.99
1801,-0.18,0.99
1802,-0.17,0.99
1803,-0.17,0.99
1804,-0.17,0.99
1805,-0.17,1.0
1806,-0.17,1.02
1807,-0.16,1.04
1808,-0.16,1.06
1809,-0.15,1.09
1810,-0.15,1.11
1811,-0.15,1.15
1812,-0.15,1.18
1813,-0.15,1.21
1814,-0.15,1.25
1815,-0.15,1.28
1816,-0.14,1.31
1817,-0.14,1.35
1818,-0.13,1.38
1819,-0.13,1.42
1820,-0.13,1.45
1821,-0.13,1.48
1822,-0.13,1.51
1823,-0.13,1.54
1824,-0.13,1.56
1825,-0.13,1.59
1826,-0.12,1.61
1827,-0.12,1.64
1828,-0.11,1.66
1829,-0.11,1.68
1830,-0.11,1.7
1831,-0.11,1.72
1832,-0.11,1.74
1833,-0.11,1.76
1834,-0.11,1.78
1835,-0.1,1.79
1836,-0.11,1.81
1837,-0.1,1.82
1838,-0.09,1.84
1839,-0.09,1.85
1840,-0.09,1.86
1841,-0.09,1.87
1842,-0.09,1.88
1843,-0.09,1.89
1844,-0.09,1.9
1845,-0.09,1.91
1846,-0.08,1.92
1847,-0.08,1.93
1848,-0.08,1.94
1849,-0.07,1.95
1850,-0.07,1.96
1851,-0.07,1.97
1852,-0.07,1.98
1853,-0.07,1.99
1854,-0.07,2.0
1855,-0.06,2.02
1856,-0.06,2.03
1857,-0.06,2.05
1858,-0.06,2.06
1859,-0.06,2.08
1860,-0.06,2.1
1861,-0.06,2.12
1862,-0.05,2.14
1863,-0.04,2.16
1864,-0.05,2.19
1865,-0.05,2.21
1866,-0.04,2.23
1867,-0.04,2.26
1868,-0.04,2.28
1869,-0.04,2.3
1870,-0.04,2.33
1871,-0.03,2.35
1872,-0.04,2.38
1873,-0.03,2.4
1874,-0.03,2.42
1875,-0.03,2.44
1876,-0.02,2.47
1877,-0.02,2.49
1878,-0.02,2.5
1879,-0.02,2.52
1880,-0.02,2.54
1881,-0.02,2.56
1882,-0.01,2.57
1883,-0.01,2.58
1884,-0.01,2.6
1885,-0.01,2.61
1886,-0.0,2.62
1887,-0.0,2.63
1888,-0.0,2.63
1889,0.0,2.64
1890,0.01,2.65
1891,0.0,2.65
1892,0.01,2.66
1893,0.01,2.66
1894,0.01,2.67
1895,0.02,2.67
1896,0.02,2.68
1897,0.02,2.68
1898,0.02,2.68
1899,0.02,2.69
1900,0.02,2.69
1901,0.02,2.69
1902,0.03,2.7
1903,0.03,2.7
1904,0.03,2.7
1905,0.03,2.71
1906,0.03,2.71
1907,0.04,2.72
1908,0.04,2.72
1909,0.04,2.73
1910,0.04,2.73
1911,0.04,2.74
1912,0.04,2.75
1913,0.04,2.75
1914,0.05,2.76
1915,0.06,2.77
1916,0.06,2.78
1917,0.06,2.79
1918,0.06,2.8
1919,0.06,2.81
1920,0.06,2.81
1921,0.06,2.82
1922,0.07,2.83
1923,0.07,2.84
1924,0.07,2.85
1925,0.07,2.86
1926,0.07,2.87
1927,0.07,2.88
1928,0.07,2.89
1929,0.08,2.9
1930,0.08,2.91
1931,0.08,2.92
1932,0.09,2.93
1933,0.09,2.93
1934,0.09,2.94
1935,0.09,2.95
1936,0.09,2.96
1937,0.09,2.97
1938,0.09,2.97
1939,0.1,2.98
1940,0.1,2.98
1941,0.11,2.99
1942,0.11,2.99
1943,0.11,3.0
1944,0.11,3.0
1945,0.11,3.01
1946,0.11,3.01
1947,0.11,3.01
1948,0.12,3.02
1949,0.12,3.02
1950,0.12,3.03
1951,0.12,3.03
1952,0.13,3.04
1953,0.13,3.04
1954,0.13,3.05
1955,0.13,3.05
1956,0.13,3.06
1957,0.13,3.07
1958,0.14,3.07
1959,0.14,3.08
1960,0.13,3.08
1961,0.14,3.09
1962,0.14,3.1
1963,0.15,3.1
1964,0.15,3.11
1965,0.15,3.12
1966,0.15,3.12
1967,0.15,3.13
1968,0.16,3.14
1969,0.16,3.14
1970,0.16,3.15
1971,0.16,3.15
1972,0.17,3.16
1973,0.17,3.16
1974,0.17,3.17
1975,0.17,3.17
1976,0.17,3.17
1977,0.17,3.18
1978,0.18,3.18
1979,0.17,3.18
1980,0.18,3.19
1981,0.18,3.19
1982,0.19,3.19
1983,0.19,3.19
1984,0.19,3.2
1985,0.19,3.2
1986,0.19,3.2
1987,0.19,3.2
1988,0.2,3.21
1989,0.19,3.21
1990,0.2,3.21
1991,0.2,3.22
1992,0.21,3.22
1993,0.21,3.23
1994,0.21,3.23
1995,0.21,3.23
1996,0.21,3.24
1997,0.22,3.24
1998,0.21,3.25
1999,0.21,3.26
2000,0.22,3.26
2001,0.22,3.27
2002,0.22,3.28
2003,0.22,3.28
2004,0.22,3.29
2005,0.22,3.3
2006,0.22,3.31
2007,0.23,3.32
2008,0.23,3.33
2009,0.23,3.33
2010,0.24,3.34
2011,0.24,3.35
2012,0.24,3.36
2013,0.24,3.37
2014,0.24,3.38
2015,0.24,3.39
2016,0.25,3.4
2017,0.25,3.41
2018,0.25,3.42
2019,0.26,3.43
2020,0.26,3.44
2021,0.26,3.45
2022,0.26,3.46
2023,0.26,3.47
2024,0.26,3.48
2025,0.26,3.49
2026,0.27,3.5
2027,0.27,3.51
2028,0.27,3.52
2029,0.28,3.53
2030,0.27,3.54
2031,0.28,3.55
2032,0.28,3.56
2033,0.28,3.57
2034,0.28,3.58
2035,0.28,3.58
2036,0.29,3.59
2037,0.29,3.6
2038,0.29,3.61
2039,0.29,3.61
2040,0.3,3.62
2041,0.3,3.63
2042,0.3,3.63
2043,0.3,3.64
2044,0.3,3.65
2045,0.3,3.66
2046,0.3,3.66
2047,0.31,3.67
2048,0.31,3.68
2049,0.31,3.69
2050,0.32,3.69
2051,0.32,3.7
2052,0.32,3.71
2053,0.32,3.72
2054,0.32,3.72
2055,0.32,3.73
2056,0.32,3.74
2057,0.32,3.74
2058,0.33,3.75
2059,0.33,3.75
2060,0.34,3.76
2061,0.34,3.76
2062,0.34,3.77
2063,0.34,3.77
2064,0.34,3.78
2065,0.34,3.78
2066,0.34,3.79
2067,0.34,3.79
2068,0.35,3.8
2069,0.36,3.8
2070,0.36,3.81
2071,0.36,3.81
2072,0.36,3.82
2073,0.36,3.82
2074,0.36,3.83
2075,0.36,3.84
2076,0.37,3.84
2077,0.37,3.85
2078,0.37,3.85
2079,0.37,3.86
2080,0.37,3.87
2081,0.37,3.87
2082,0.37,3.88
2083,0.37,3.89
2084,0.38,3.89
2085,0.38,3.9
2086,0.38,3.91
2087,0.38,3.91
2088,0.39,3.92
2089,0.39,3.92
2090,0.39,3.93
2091,0.39,3.94
2092,0.39,3.94
2093,0.39,3.95
2094,0.39,3.96
2095,0.4,3.96
2096,0.4,3.97
2097,0.41,3.98
2098,0.4,3.99
2099,0.41,3.99
2100,0.41,4.0
2101,0.41,4.01
2102,0.41,4.02
2103,0.41,4.02
2104,0.42,4.03
2105,0.42,4.04
2106,0.42,4.05
2107,0.42,4.06
2108,0.43,4.06
2109,0.43,4.07
2110,0.43,4.08
2111,0.43,4.08
2112,0.43,4.09
2113,0.44,4.1
2114,0.43,4.1
2115,0.44,4.11
2116,0.44,4.12
2117,0.44,4.12
2118,0.45,4.13
2119,0.45,4.13
2120,0.45,4.13
2121,0.45,4.14
2122,0.45,4.14
2123,0.45,4.15
2124,0.46,4.15
2125,0.46,4.15
2126,0.46,4.16
2127,0.46,4.16
2128,0.47,4.17
2129,0.47,4.17
2130,0.47,4.17
2131,0.47,4.18
2132,0.47,4.18
2133,0.47,4.19
2134,0.47,4.19
2135,0.48,4.2
2136,0.48,4.21
2137,0.48,4.21
2138,0.48,4.22
2139,0.49,4.23
2140,0.49,4.24
2141,0.49,4.24
2142,0.49,4.25
2143,0.49,4.26
2144,0.49,4.27
2145,0.5,4.27
2146,0.5,4.28
2147,0.5,4.29
2148,0.5,4.3
2149,0.51,4.31
2150,0.51,4.31
2151,0.51,4.32
2152,0.51,4.33
2153,0.51,4.34
2154,0.51,4.35
2155,0.51,4.35
2156,0.51,4.36
2157,0.52,4.37
2158,0.52,4.37
2159,0.52,4.38
2160,0.52,4.39
2161,0.52,4.39
2162,0.52,4.4
2163,0.53,4.4
2164,0.53,4.41
2165,0.53,4.41
2166,0.54,4.42
2167,0.53,4.42
2168,0.54,4.43
2169,0.54,4.43
2170,0.54,4.44
2171,0.54,4.44
2172,0.54,4.45
2173,0.54,4.45
2174,0.54,4.45
2175,0.55,4.46
2176,0.55,4.46
2177,0.56,4.47
2178,0.56,4.47
2179,0.56,4.47
2180,0.56,4.47
2181,0.56,4.48
2182,0.56,4.48
2183,0.56,4.48
2184,0.56,4.48
2185,0.57,4.49
2186,0.57,4.49
2187,0.57,4.49
2188,0.58,4.49
2189,0.58,4.49
2190,0.58,4.5
2191,0.58,4.5
2192,0.58,4.5
2193,0.58,4.5
2194,0.59,4.51
2195,0.58,4.51
2196,0.59,4.51
2197,0.59,4.52
2198,0.59,4.52
2199,0.6,4.53
2200,0.6,4.54
2201,0.6,4.54
2202,0.6,4.55
2203,0.6,4.56
2204,0.61,4.57
2205,0.6,4.58
2206,0.61,4.59
2207,0.61,4.6
2208,0.61,4.61
2209,0.62,4.62
2210,0.62,4.63
2211,0.62,4.64
2212,0.62,4.65
2213,0.62,4.66
2214,0.62,4.68
2215,0.62,4.69
2216,0.62,4.7
2217,0.63,4.71
2218,0.63,4.72
2219,0.63,4.74
2220,0.64,4.75
2221,0.64,4.76
2222,0.64,4.77
2223,0.64,4.78
2224,0.64,4.79
2225,0.64,4.8
2226,0.64,4.81
2227,0.64,4.83
2228,0.65,4.84
2229,0.65,4.85
2230,0.65,4.86
2231,0.65,4.87
2232,0.65,4.88
2233,0.65,4.89
2234,0.66,4.9
2235,0.66,4.91
2236,0.66,4.93
2237,0.67,4.94
2238,0.67,4.95
2239,0.67,4.96
2240,0.67,4.97
2241,0.67,4.98
2242,0.67,4.99
2243,0.67,4.99
2244,0.67,5.0
2245,0.68,5.01
2246,0.68,5.02
2247,0.68,5.03
2248,0.68,5.04
2249,0.69,5.04
2250,0.69,5.05
2251,0.69,5.06
2252,0.69,5.06
2253,0.69,5.07
2254,0.69,5.07
2255,0.7,5.08
2256,0.7,5.08
2257,0.7,5.08
2258,0.71,5.09
2259,0.71,5.09
2260,0.71,5.1
2261,0.71,5.1
2262,0.71,5.1
2263,0.71,5.11
2264,0.71,5.11
2265,0.71,5.11
2266,0.72,5.12
2267,0.72,5.12
2268,0.72,5.13
2269,0.72,5.13
2270,0.73,5.14
2271,0.72,5.14
2272,0.73,5.15
2273,0.73,5.16
2274,0.73,5.16
2275,0.73,5.17
2276,0.73,5.18
2277,0.73,5.19
2278,0.74,5.2
2279,0.74,5.21
2280,0.74,5.22
2281,0.75,5.23
2282,0.75,5.24
2283,0.75,5.25
2284,0.75,5.26
2285,0.75,5.27
2286,0.75,5.29
2287,0.76,5.3
2288,0.76,5.32
2289,0.76,5.33
2290,0.76,5.35
2291,0.76,5.37
2292,0.77,5.39
2293,0.76,5.4
2294,0.77,5.42
2295,0.77,5.44
2296,0.77,5.46
2297,0.77,5.48
2298,0.77,5.5
2299,0.77,5.51
2300,0.77,5.53
2301,0.78,5.55
2302,0.78,5.57
2303,0.78,5.59
2304,0.79,5.61
2305,0.79,5.62
2306,0.79,5.64
2307,0.79,5.66
2308,0.79,5.67
2309,0.79,5.69
2310,0.79,5.7
2311,0.79,5.72
2312,0.8,5.73
2313,0.8,5.75
2314,0.8,5.77
2315,0.8,5.78
2316,0.8,5.8
2317,0.8,5.81
2318,0.8,5.82
2319,0.81,5.84
2320,0.81,5.85
2321,0.81,5.87
2322,0.81,5.88
2323,0.81,5.9
2324,0.81,5.91
2325,0.82,5.93
2326,0.82,5.94
2327,0.82,5.96
2328,0.82,5.97
2329,0.82,5.98
2330,0.82,6.0
2331,0.82,6.02
2332,0.82,6.03
2333,0.82,6.05
2334,0.83,6.06
2335,0.83,6.08
2336,0.84,6.09
2337,0.84,6.11
2338,0.84,6.12
2339,0.84,6.14
2340,0.84,6.15
2341,0.84,6.17
2342,0.84,6.19
2343,0.84,6.2
2344,0.84,6.22
2345,0.85,6.23
2346,0.85,6.25
2347,0.85,6.26
2348,0.85,6.28
2349,0.85,6.3
2350,0.86,6.32
2351,0.86,6.34
2352,0.86,6.35
2353,0.86,6.37
2354,0.86,6.39
2355,0.86,6.41
2356,0.86,6.43
2357,0.86,6.45
2358,0.87,6.47
2359,0.87,6.49
2360,0.88,6.51
2361,0.88,6.53
2362,0.87,6.55
2363,0.88,6.57
2364,0.88,6.6
2365,0.88,6.62
2366,0.88,6.64
2367,0.88,6.66
2368,0.88,6.68
2369,0.88,6.7
2370,0.89,6.72
2371,0.89,6.74
2372,0.89,6.76
2373,0.89,6.77
2374,0.89,6.79
2375,0.9,6.81
2376,0.9,6.82
2377,0.9,6.84
2378,0.9,6.86
2379,0.9,6.88
2380,0.9,6.89
2381,0.9,6.91
2382,0.9,6.92
2383,0.9,6.94
2384,0.9,6.95
2385,0.91,6.96
2386,0.91,6.98
2387,0.91,6.99
2388,0.91,7.01
2389,0.92,7.02
2390,0.92,7.03
2391,0.92,7.04
2392,0.92,7.06
2393,0.92,7.07
2394,0.92,7.08
2395,0.92,7.09
2396,0.93,7.1
2397,0.93,7.11
2398,0.93,7.12
2399,0.93,7.13
2400,0.93,7.13
2401,0.94,7.14
2402,0.94,7.15
2403,0.94,7.16
2404,0.94,7.17
2405,0.94,7.17
2406,0.94,7.18
2407,0.94,7.19
2408,0.94,7.2
2409,0.94,7.21
2410,0.95,7.22
2411,0.94,7.23
2412,0.95,7.23
2413,0.95,7.24
2414,0.95,7.25
2415,0.95,7.26
2416,0.95,7.28
2417,0.95,7.28
2418,0.95,7.3
2419,0.96,7.31
2420,0.95,7.32
2421,0.95,7.34
2422,0.96,7.35
2423,0.96,7.37
2424,0.97,7.38
2425,0.97,7.4
2426,0.97,7.42
2427,0.97,7.43
2428,0.97,7.45
2429,0.97,7.47
2430,0.97,7.48
2431,0.97,7.5
2432,0.97,7.52
2433,0.97,7.54
2434,0.97,7.56
2435,0.98,7.58
2436,0.98,7.6
2437,0.98,7.62
2438,0.98,7.64
2439,0.99,7.66
2440,0.99,7.68
2441,0.99,7.7
2442,0.99,7.72
2443,0.99,7.75
2444,0.99,7.77
2445,0.99,7.79
2446,0.99,7.81
2447,1.0,7.83
2448,0.99,7.86
2449,0.99,7.88
2450,1.0,7.9
2451,1.0,7.91
2452,1.0,7.93
2453,1.01,7.95
2454,1.01,7.97
2455,1.01,7.98
2456,1.01,8.0
2457,1.01,8.01
2458,1.01,8.03
2459,1.01,8.04
2460,1.01,8.05
2461,1.01,8.06
2462,1.01,8.07
2463,1.02,8.08
2464,1.01,8.09
2465,1.01,8.1
2466,1.02,8.11
2467,1.02,8.11
2468,1.02,8.12
2469,1.03,8.12
2470,1.03,8.13
2471,1.03,8.13
2472,1.02,8.14
2473,1.03,8.14
2474,1.03,8.14
2475,1.03,8.15
2476,1.03,8.15
2477,1.03,8.15
2478,1.03,8.16
2479,1.03,8.16
2480,1.03,8.16
2481,1.03,8.17
2482,1.04,8.17
2483,1.04,8.18
2484,1.04,8.18
2485,1.04,8.19
2486,1.05,8.19
2487,1.05,8.2
2488,1.05,8.2
2489,1.05,8.21
2490,1.05,8.22
2491,1.05,8.23
2492,1.05,8.24
2493,1.05,8.25
2494,1.05,8.26
2495,1.05,8.27
2496,1.05,8.29
2497,1.06,8.3
2498,1.07,8.31
2499,1.06,8.33
2500,1.07,8.35
2501,1.07,8.36
2502,1.07,8.38
2503,1.07,8.4
2504,1.07,8.41
2505,1.07,8.43
2506,1.07,8.45
2507,1.07,8.47
2508,1.07,8.49
2509,1.07,8.51
2510,1.07,8.53
2511,1.08,8.56
2512,1.08,8.58
2513,1.08,8.59
2514,1.08,8.61
2515,1.08,8.63
2516,1.09,8.65
2517,1.09,8.67
2518,1.09,8.69
2519,1.09,8.71
2520,1.09,8.73
2521,1.09,8.75
2522,1.09,8.77
2523,1.09,8.78
2524,1.09,8.8
2525,1.09,8.81
2526,1.09,8.83
2527,1.1,8.85
2528,1.09,8.86
2529,1.1,8.88
2530,1.1,8.89
2531,1.1,8.91
2532,1.1,8.92
2533,1.1,8.93
2534,1.1,8.94
2535,1.1,8.95
2536,1.1,8.96
2537,1.1,8.97
2538,1.1,8.98
2539,1.1,8.99
2540,1.11,8.99
2541,1.11,9.0
2542,1.11,9.0
2543,1.11,9.01
2544,1.11,9.02
2545,1.12,9.02
2546,1.11,9.03
2547,1.12,9.03
2548,1.12,9.04
2549,1.12,9.04
2550,1.12,9.05
2551,1.12,9.05
2552,1.12,9.05
2553,1.12,9.06
2554,1.12,9.06
2555,1.12,9.07
2556,1.12,9.08
2557,1.13,9.08
2558,1.12,9.09
2559,1.13,9.09
2560,1.13,9.1
2561,1.13,9.11
2562,1.13,9.12
2563,1.14,9.13
2564,1.14,9.13
2565,1.14,9.15
2566,1.14,9.16
2567,1.14,9.17
2568,1.14,9.19
2569,1.14,9.2
2570,1.14,9.21
2571,1.14,9.23
2572,1.14,9.24
2573,1.15,9.26
2574,1.15,9.28
2575,1.14,9.3
2576,1.15,9.32
2577,1.15,9.34
2578,1.14,9.37
2579,1.15,9.39
2580,1.15,9.41
2581,1.16,9.44
2582,1.15,9.46
2583,1.16,9.48
2584,1.16,9.51
2585,1.16,9.54
2586,1.16,9.56
2587,1.16,9.59
2588,1.16,9.62
2589,1.16,9.64
2590,1.16,9.67
2591,1.16,9.69
2592,1.16,9.71
2593,1.16,9.74
2594,1.16,9.76
2595,1.17,9.78
2596,1.16,9.8
2597,1.16,9.83
2598,1.17,9.85
2599,1.17,9.86
2600,1.17,9.88
2601,1.18,9.9
2602,1.17,9.92
2603,1.18,9.93
2604,1.18,9.95
2605,1.18,9.96
2606,1.18,9.98
2607,1.18,9.99
2608,1.18,10.0
2609,1.18,10.01
2610,1.18,10.02
2611,1.18,10.03
2612,1.18,10.04
2613,1.18,10.05
2614,1.18,10.06
2615,1.18,10.07
2616,1.18,10.08
2617,1.18,10.08
2618,1.18,10.09
2619,1.18,10.09
2620,1.19,10.1
2621,1.19,10.11
2622,1.19,10.11
2623,1.19,10.12
2624,1.19,10.12
2625,1.19,10.13
2626,1.2,10.13
2627,1.2,10.13
2628,1.2,10.14
2629,1.2,10.15
2630,1.2,10.15
2631,1.2,10.16
2632,1.2,10.17
2633,1.2,10.17
2634,1.2,10.17
2635,1.2,10.18
2636,1.2,10.18
2637,1.2,10.19
2638,1.2,10.19
2639,1.2,10.19
2640,1.21,10.2
2641,1.2,10.21
2642,1.21,10.21
2643,1.2,10.22
2644,1.21,10.22
2645,1.21,10.23
2646,1.22,10.24
2647,1.21,10.25
2648,1.22,10.25
2649,1.22,10.26
2650,1.22,10.27
2651,1.22,10.28
2652,1.22,10.29
2653,1.22,10.3
2654,1.22,10.31
2655,1.22,10.32
2656,1.22,10.33
2657,1.22,10.34
2658,1.22,10.35
2659,1.22,10.36
2660,1.22,10.37
2661,1.22,10.38
2662,1.22,10.39
2663,1.23,10.41
2664,1.23,10.42
2665,1.23,10.43
2666,1.22,10.45
2667,1.23,10.46
2668,1.23,10.48
2669,1.23,10.49
2670,1.23,10.51
2671,1.23,10.53
2672,1.23,10.54
2673,1.23,10.56
2674,1.23,10.57
2675,1.23,10.59
2676,1.23,10.61
2677,1.23,10.63
2678,1.23,10.64
2679,1.23,10.66
2680,1.23,10.68
2681,1.24,10.69
2682,1.24,10.7
2683,1.24,10.72
2684,1.24,10.73
2685,1.24,10.74
2686,1.24,10.75
2687,1.24,10.76
2688,1.24,10.76
2689,1.25,10.77
2690,1.24,10.78
2691,1.25,10.79
2692,1.24,10.8
2693,1.25,10.8
2694,1.25,10.81
2695,1.25,10.81
2696,1.25,10.82
2697,1.25,10.83
2698,1.25,10.83
2699,1.25,10.84
2700,1.25,10.84
2701,1.25,10.85
2702,1.25,10.86
2703,1.25,10.86
2704,1.25,10.86
2705,1.25,10.87
2706,1.25,10.88
2707,1.25,10.88
2708,1.25,10.89
2709,1.25,10.9
2710,1.25,10.91
2711,1.26,10.92
2712,1.26,10.92
2713,1.25,10.93
2714,1.26,10.94
2715,1.26,10.95
2716,1.26,10.97
2717,1.26,10.98
2718,1.26,10.99
2719,1.26,11.0
2720,1.27,11.01
2721,1.27,11.03
2722,1.27,11.04
2723,1.27,11.05
2724,1.27,11.07
2725,1.27,11.09
2726,1.27,11.1
2727,1.27,11.11
2728,1.27,11.13
2729,1.27,11.14
2730,1.27,11.16
2731,1.27,11.17
2732,1.27,11.18
2733,1.27,11.2
2734,1.27,11.21
2735,1.27,11.22
2736,1.27,11.24
2737,1.28,11.25
2738,1.27,11.26
2739,1.28,11.27
2740,1.27,11.28
2741,1.27,11.29
2742,1.28,11.3
2743,1.27,11.31
2744,1.28,11.32
2745,1.28,11.33
2746,1.28,11.34
2747,1.28,11.34
2748,1.28,11.35
2749,1.28,11.36
2750,1.28,11.37
2751,1.29,11.38
2752,1.28,11.39
2753,1.28,11.4
2754,1.28,11.41
2755,1.28,11.41
2756,1.29,11.43
2757,1.29,11.44
2758,1.28,11.45
2759,1.29,11.46
2760,1.29,11.46
2761,1.29,11.47
2762,1.29,11.48
2763,1.29,11.49
2764,1.29,11.5
2765,1.29,11.5
2766,1.29,11.51
2767,1.29,11.52
2768,1.29,11.52
2769,1.29,11.53
2770,1.29,11.53
2771,1.29,11.53
2772,1.29,11.54
2773,1.29,11.54
2774,1.29,11.55
2775,1.29,11.55
2776,1.29,11.56
2777,1.29,11.56
2778,1.29,11.56
2779,1.3,11.57
2780,1.29,11.57
2781,1.3,11.57
2782,1.3,11.58
2783,1.3,11.58
2784,1.3,11.59
2785,1.3,11.59
2786,1.3,11.59
2787,1.3,11.6
2788,1.29,11.6
2789,1.3,11.61
2790,1.3,11.61
2791,1.3,11.61
2792,1.3,11.62
2793,1.3,11.63
2794,1.3,11.63
2795,1.3,11.65
2796,1.3,11.66
2797,1.31,11.67
2798,1.31,11.67
2799,1.31,11.69
2800,1.31,11.7
2801,1.31,11.71
2802,1.31,11.72
2803,1.31,11.73
2804,1.31,11.74
2805,1.31,11.75
2806,1.31,11.76
2807,1.31,11.77
2808,1.31,11.79
2809,1.31,11.8
2810,1.31,11.81
2811,1.31,11.82
2812,1.31,11.83
2813,1.31,11.84
2814,1.31,11.84
2815,1.31,11.86
2816,1.31,11.86
2817,1.31,11.87
2818,1.31,11.88
2819,1.31,11.89
2820,1.31,11.9
2821,1.31,11.91
2822,1.31,11.91
2823,1.32,11.92
2824,1.32,11.92
2825,1.31,11.93
2826,1.31,11.93
2827,1.32,11.94
2828,1.32,11.94
2829,1.32,11.95
2830,1.32,11.95
2831,1.32,11.96
2832,1.32,11.97
2833,1.32,11.97
2834,1.31,11.98
2835,1.32,11.98
2836,1.32,11.99
2837,1.31,11.99
2838,1.32,12.0
2839,1.31,12.0
2840,1.32,12.01
2841,1.32,12.01
2842,1.32,12.01
2843,1.32,12.02
2844,1.32,12.02
2845,1.32,12.03
2846,1.32,12.03
2847,1.32,12.04
2848,1.32,12.04
2849,1.32,12.05
2850,1.33,12.05
2851,1.32,12.05
2852,1.32,12.06
2853,1.32,12.07
2854,1.33,12.07
2855,1.32,12.07
2856,1.33,12.07
2857,1.33,12.07
2858,1.33,12.08
2859,1.33,12.08
2860,1.33,12.08
2861,1.33,12.09
2862,1.33,12.09
2863,1.33,12.09
2864,1.33,12.09
2865,1.33,12.09
2866,1.33,12.1
2867,1.33,12.1
2868,1.33,12.1
2869,1.33,12.1
2870,1.33,12.11
2871,1.33,12.1
2872,1.33,12.1
2873,1.33,12.1
2874,1.33,12.1
2875,1.33,12.11
2876,1.33,12.11
2877,1.33,12.11
2878,1.33,12.11
2879,1.33,12.11
2880,1.33,12.11
2881,1.33,12.12
2882,1.33,12.12
2883,1.33,12.12
2884,1.33,12.12
2885,1.33,12.11
2886,1.33,12.11
2887,1.33,12.11
2888,1.33,12.11
2889,1.34,12.11
2890,1.33,12.1
2891,1.33,12.11
2892,1.33,12.11
2893,1.33,12.11
2894,1.33,12.1
2895,1.33,12.1
2896,1.33,12.1
2897,1.33,12.11
2898,1.34,12.11
2899,1.34,12.11
2900,1.34,12.11
2901,1.34,12.11
2902,1.34,12.11
2903,1.35,12.11
2904,1.34,12.11
2905,1.34,12.11
2906,1.34,12.12
2907,1.34,12.13
2908,1.34,12.13
2909,1.34,12.14
2910,1.34,12.14
2911,1.34,12.15
2912,1.34,12.17
2913,1.34,12.18
2914,1.34,12.19
2915,1.34,12.2
2916,1.33,12.21
2917,1.34,12.22
2918,1.34,12.23
2919,1.34,12.24
2920,1.34,12.26
2921,1.34,12.28
2922,1.34,12.29
2923,1.34,12.3
2924,1.34,12.32
2925,1.34,12.33
2926,1.34,12.35
2927,1.34,12.37
2928,1.34,12.38
2929,1.34,12.4
2930,1.34,12.41
2931,1.34,12.43
2932,1.34,12.45
2933,1.34,12.46
2934,1.34,12.48
2935,1.34,12.49
2936,1.34,12.51
2937,1.34,12.53
2938,1.34,12.54
2939,1.34,12.56
2940,1.34,12.58
2941,1.34,12.59
2942,1.34,12.6
2943,1.34,12.61
2944,1.34,12.63
2945,1.34,12.64
2946,1.34,12.65
2947,1.34,12.66
2948,1.33,12.66
2949,1.35,12.67
2950,1.34,12.69
2951,1.34,12.69
2952,1.34,12.7
2953,1.33,12.7
2954,1.33,12.7
2955,1.34,12.7
2956,1.34,12.71
2957,1.34,12.71
2958,1.33,12.71
2959,1.34,12.72
2960,1.34,12.73
2961,1.34,12.73
2962,1.34,12.73
2963,1.34,12.73
2964,1.34,12.73
2965,1.34,12.73
2966,1.34,12.73
2967,1.34,12.73
2968,1.34,12.73
2969,1.34,12.74
2970,1.34,12.74
2971,1.34,12.74
2972,1.34,12.75
2973,1.34,12.75
2974,1.34,12.75
2975,1.34,12.75
2976,1.34,12.75
2977,1.34,12.75
2978,1.34,12.76
2979,1.34,12.76
2980,1.34,12.77
2981,1.34,12.77
2982,1.34,12.78
2983,1.34,12.79
2984,1.34,12.8
2985,1.34,12.81
2986,1.34,12.82
2987,1.34,12.83
2988,1.34,12.83
2989,1.33,12.84
2990,1.34,12.85
2991,1.34,12.86
2992,1.34,12.87
2993,1.33,12.87
2994,1.34,12.88
2995,1.33,12.89
2996,1.34,12.91
2997,1.34,12.92
2998,1.33,12.93
2999,1.33,12.94
3000,1.34,12.95
3001,1.34,12.97
3002,1.34,12.98
3003,1.33,12.99
3004,1.33,13.0
3005,1.33,13.01
3006,1.33,13.02
3007,1.33,13.04
3008,1.33,13.05
3009,1.33,13.06
3010,1.33,13.07
3011,1.33,13.08
3012,1.33,13.1
3013,1.33,13.1
3014,1.33,13.11
3015,1.33,13.12
3016,1.33,13.13
3017,1.33,13.14
3018,1.33,13.14
3019,1.33,13.15
3020,1.33,13.16
3021,1.33,13.18
3022,1.33,13.18
3023,1.33,13.19
3024,1.33,13.2
3025,1.33,13.21
3026,1.33,13.21
3027,1.33,13.22
3028,1.33,13.23
3029,1.33,13.24
3030,1.33,13.24
3031,1.33,13.25
3032,1.33,13.26
3033,1.33,13.27
3034,1.33,13.27
3035,1.33,13.27
3036,1.33,13.28
3037,1.33,13.29
3038,1.33,13.29
3039,1.33,13.29
3040,1.32,13.3
3041,1.33,13.31
3042,1.33,13.31
3043,1.33,13.31
3044,1.33,13.32
3045,1.32,13.32
3046,1.32,13.32
3047,1.33,13.32
3048,1.33,13.32
3049,1.33,13.33
3050,1.33,13.33
3051,1.32,13.33
3052,1.32,13.33
3053,1.32,13.33
3054,1.32,13.33
3055,1.32,13.33
3056,1.32,13.33
3057,1.32,13.34
3058,1.32,13.34
3059,1.32,13.34
3060,1.32,13.35
3061,1.32,13.35
3062,1.32,13.36
3063,1.32,13.36
3064,1.32,13.37
3065,1.32,13.37
3066,1.31,13.38
3067,1.32,13.38
3068,1.32,13.39
3069,1.32,13.39
3070,1.31,13.4
3071,1.32,13.4
3072,1.31,13.4
3073,1.31,13.41
3074,1.32,13.41
3075,1.32,13.41
3076,1.31,13.41
3077,1.31,13.42
3078,1.31,13.42
3079,1.31,13.42
3080,1.31,13.42
3081,1.31,13.42
3082,1.31,13.42
3083,1.31,13.42
3084,1.31,13.43
3085,1.31,13.43
3086,1.31,13.43
3087,1.31,13.43
3088,1.31,13.43
3089,1.31,13.43
3090,1.31,13.43
3091,1.31,13.43
3092,1.31,13.43
3093,1.31,13.43
3094,1.31,13.43
3095,1.31,13.43
3096,1.31,13.43
3097,1.31,13.43
3098,1.31,13.43
3099,1.31,13.43
3100,1.31,13.43
3101,1.31,13.43
3102,1.31,13.43
3103,1.31,13.43
3104,1.3,13.43
3105,1.31,13.43
3106,1.31,13.43
3107,1.3,13.43
3108,1.31,13.43
3109,1.3,13.43
3110,1.3,13.43
3111,1.3,13.43
3112,1.3,13.43
3113,1.3,13.43
3114,1.3,13.43
3115,1.3,13.43
3116,1.3,13.43
3117,1.3,13.43
3118,1.3,13.43
3119,1.29,13.43
3120,1.3,13.43
3121,1.29,13.43
3122,1.29,13.43
3123,1.29,13.43
3124,1.3,13.43
3125,1.3,13.43
3126,1.29,13.43
3127,1.29,13.43
3128,1.29,13.43
3129,1.29,13.43
3130,1.29,13.43
3131,1.29,13.43
3132,1.29,13.43
3133,1.29,13.43
3134,1.29,13.43
3135,1.29,13.43
3136,1.29,13.43
3137,1.29,13.43
3138,1.29,13.43
3139,1.29,13.43
3140,1.29,13.43
3141,1.29,13.43
3142,1.29,13.43
3143,1.29,13.43
3144,1.29,13.43
3145,1.29,13.43
3146,1.29,13.43
3147,1.28,13.43
3148,1.28,13.43
3149,1.29,13.43
3150,1.28,13.43
3151,1.28,13.43
3152,1.28,13.43
3153,1.28,13.43
3154,1.28,13.43
3155,1.28,13.43
3156,1.28,13.43
3157,1.28,13.43
3158,1.28,13.43
3159,1.28,13.43
3160,1.28,13.43
3161,1.27,13.43
3162,1.28,13.43
3163,1.27,13.43
3164,1.28,13.43
3165,1.28,13.43
3166,1.27,13.43
3167,1.27,13.43
3168,1.27,13.43
3169,1.27,13.43
3170,1.27,13.43
3171,1.27,13.43
3172,1.27,13.43
3173,1.27,13.43
3174,1.27,13.43
3175,1.27,13.43
3176,1.27,13.43
3177,1.27,13.43
3178,1.27,13.43
3179,1.27,13.43
3180,1.27,13.43
3181,1.27,13.43
3182,1.27,13.43
3183,1.27,13.43
3184,1.27,13.43
3185,1.27,13.43
3186,1.27,13.43
3187,1.26,13.43
3188,1.26,13.43
3189,1.26,13.43
3190,1.26,13.43
3191,1.26,13.43
3192,1.26,13.43
3193,1.26,13.43
3194,1.26,13.43
3195,1.25,13.43
3196,1.26,13.43
3197,1.26,13.43
3198,1.25,13.43
3199,1.25,13.43
3200,1.25,13.43
3201,1.25,13.43
3202,1.25,13.43
3203,1.25,13.43
3204,1.25,13.43
3205,1.25,13.43
3206,1.25,13.43
3207,1.25,13.43
3208,1.25,13.43
3209,1.25,13.43
3210,1.25,13.43
3211,1.25,13.43
3212,1.25,13.43
3213,1.25,13.43
3214,1.24,13.43
3215,1.25,13.43
3216,1.25,13.43
3217,1.24,13.43
3218,1.25,13.43
3219,1.24,13.43
3220,1.24,13.43
3221,1.24,13.43
3222,1.24,13.43
3223,1.24,13.43
3224,1.23,13.43
3225,1.23,13.43
3226,1.23,13.43
3227,1.24,13.43
3228,1.23,13.43
3229,1.23,13.43
3230,1.23,13.43
3231,1.23,13.43
3232,1.23,13.43
3233,1.23,13.43
3234,1.23,13.43
3235,1.23,13.43
3236,1.23,13.43
3237,1.23,13.43
3238,1.23,13.43
3239,1.23,13.43
3240,1.23,13.43
3241,1.23,13.43
3242,1.23,13.43
3243,1.23,13.43
3244,1.22,13.43
3245,1.23,13.43
3246,1.22,13.43
3247,1.22,13.43
3248,1.22,13.43
3249,1.22,13.43
3250,1.22,13.43
3251,1.22,13.43
3252,1.22,13.43
3253,1.22,13.43
3254,1.22,13.43
3255,1.22,13.43
3256,1.22,13.43
3257,1.22,13.43
3258,1.22,13.43
3259,1.21,13.43
3260,1.22,13.43
3261,1.22,13.43
3262,1.22,13.43
3263,1.21,13.43
3264,1.22,13.43
3265,1.21,13.43
3266,1.21,13.43
3267,1.21,13.43
3268,1.21,13.43
3269,1.21,13.43
3270,1.21,13.43
3271,1.2,13.43
3272,1.21,13.43
3273,1.2,13.43
3274,1.21,13.43
3275,1.2,13.43
3276,1.2,13.43
3277,1.2,13.43
3278,1.2,13.43
3279,1.2,13.43
3280,1.2,13.43
3281,1.2,13.43
3282,1.2,13.43
3283,1.2,13.43
3284,1.2,13.43
3285,1.19,13.43
3286,1.2,13.43
3287,1.19,13.43
3288,1.19,13.43
3289,1.19,13.43
3290,1.19,13.43
3291,1.19,13.43
3292,1.19,13.43
3293,1.19,13.43
3294,1.19,13.43
3295,1.19,13.43
3296,1.18,13.43
3297,1.18,13.43
3298,1.18,13.43
3299,1.18,13.43
3300,1.18,13.43
3301,1.18,13.43
3302,1.18,13.43
3303,1.18,13.43
3304,1.18,13.43
3305,1.18,13.43
3306,1.18,13.43
3307,1.18,13.43
3308,1.18,13.43
3309,1.17,13.43
3310,1.18,13.43
3311,1.17,13.43
3312,1.17,13.43
3313,1.17,13.43
3314,1.17,13.43
3315,1.16,13.43
3316,1.17,13.43
3317,1.16,13.43
3318,1.16,13.43
3319,1.16,13.43
3320,1.16,13.43
3321,1.16,13.43
3322,1.16,13.43
3323,1.16,13.43
3324,1.16,13.43
3325,1.16,13.43
3326,1.16,13.43
3327,1.16,13.43
3328,1.15,13.43
3329,1.16,13.43
3330,1.15,13.43
3331,1.15,13.43
3332,1.15,13.43
3333,1.15,13.43
3334,1.15,13.43
3335,1.15,13.43
3336,1.15,13.43
3337,1.14,13.43
3338,1.14,13.43
3339,1.14,13.43
3340,1.14,13.43
3341,1.14,13.43
3342,1.14,13.43
3343,1.14,13.43
3344,1.14,13.43
3345,1.14,13.43
3346,1.14,13.43
3347,1.14,13.43
3348,1.14,13.43
3349,1.14,13.43
3350,1.13,13.43
3351,1.13,13.43
3352,1.14,13.43
3353,1.13,13.43
3354,1.13,13.43
3355,1.13,13.43
3356,1.13,13.43
3357,1.12,13.43
3358,1.12,13.43
3359,1.12,13.43
3360,1.12,13.43
3361,1.12,13.43
3362,1.12,13.43
3363,1.12,13.43
3364,1.12,13.43
3365,1.12,13.43
3366,1.12,13.43
3367,1.12,13.43
3368,1.12,13.43
3369,1.12,13.43
3370,1.12,13.43
3371,1.11,13.43
3372,1.11,13.43
3373,1.11,13.43
3374,1.11,13.43
3375,1.1,13.43
3376,1.1,13.43
3377,1.11,13.43
3378,1.1,13.43
3379,1.1,13.43
3380,1.1,13.43
3381,1.1,13.43
3382,1.1,13.43
3383,1.1,13.43
3384,1.1,13.43
3385,1.1,13.43
3386,1.1,13.43
3387,1.09,13.43
3388,1.1,13.43
3389,1.09,13.43
3390,1.09,13.43
3391,1.09,13.43
3392,1.09,13.43
3393,1.09,13.43
3394,1.09,13.43
3395,1.09,13.43
3396,1.09,13.43
3397,1.09,13.43
3398,1.09,13.43
3399,1.08,13.43
3400,1.08,13.43
3401,1.08,13.43
3402,1.08,13.43
3403,1.08,13.43
3404,1.08,13.43
3405,1.07,13.43
3406,1.08,13.43
3407,1.07,13.43
3408,1.07,13.43
3409,1.07,13.43
3410,1.07,13.43
3411,1.07,13.43
3412,1.07,13.43
3413,1.07,13.43
3414,1.07,13.43
3415,1.07,13.43
3416,1.07,13.43
3417,1.07,13.43
3418,1.06,13.43
3419,1.06,13.43
3420,1.06,13.43
3421,1.06,13.43
3422,1.06,13.43
3423,1.05,13.43
3424,1.05,13.43
3425,1.05,13.43
3426,1.05,13.43
3427,1.05,13.43
3428,1.05,13.43
3429,1.05,13.43
3430,1.05,13.43
3431,1.05,13.43
3432,1.05,13.43
3433,1.05,13.43
3434,1.04,13.43
3435,1.04,13.43
3436,1.04,13.43
3437,1.03,13.43
3438,1.04,13.43
3439,1.03,13.43
3440,1.03,13.43
3441,1.03,13.43
3442,1.03,13.43
3443,1.03,13.43
3444,1.03,13.43
3445,1.03,13.43
3446,1.03,13.43
3447,1.03,13.43
3448,1.03,13.43
3449,1.02,13.43
3450,1.03,13.43
3451,1.02,13.43
3452,1.02,13.43
3453,1.02,13.43
3454,1.02,13.43
3455,1.01,13.43
3456,1.01,13.43
3457,1.01,13.43
3458,1.01,13.43
3459,1.01,13.43
3460,1.01,13.43
3461,1.01,13.43
3462,1.01,13.43
3463,1.01,13.43
3464,1.0,13.43
3465,1.01,13.43
3466,1.0,13.43
3467,1.0,13.43
3468,1.0,13.43
3469,1.0,13.43
3470,1.0,13.43
3471,1.0,13.43
3472,1.0,13.43
3473,0.99,13.43
3474,0.99,13.43
3475,0.99,13.43
3476,0.99,13.43
3477,0.99,13.43
3478,0.99,13.43
3479,0.99,13.43
3480,0.99,13.43
3481,0.98,13.43
3482,0.98,13.43
3483,0.98,13.43
3484,0.97,13.43
3485,0.98,13.43
3486,0.97,13.43
3487,0.97,13.43
3488,0.97,13.43
3489,0.97,13.43
3490,0.97,13.43
3491,0.97,13.43
3492,0.97,13.43
3493,0.97,13.43
3494,0.97,13.43
3495,0.96,13.43
3496,0.96,13.43
3497,0.96,13.43
3498,0.95,13.43
3499,0.96,13.43
3500,0.95,13.43
3501,0.95,13.43
3502,0.95,13.43
3503,0.95,13.43
3504,0.95,13.43
3505,0.95,13.43
3506,0.95,13.43
3507,0.95,13.43
3508,0.94,13.43
3509,0.94,13.43
3510,0.95,13.43
3511,0.94,13.43
3512,0.94,13.43
3513,0.94,13.43
3514,0.94,13.43
3515,0.94,13.43
3516,0.94,13.43
3517,0.94,13.43
3518,0.94,13.43
3519,0.93,13.43
3520,0.93,13.43
3521,0.93,13.43
3522,0.93,13.43
3523,0.92,13.43
3524,0.92,13.43
3525,0.92,13.43
3526,0.92,13.43
3527,0.92,13.43
3528,0.92,13.43
3529,0.92,13.43
3530,0.92,13.43
3531,0.92,13.43
3532,0.91,13.43
3533,0.91,13.43
3534,0.91,13.43
3535,0.91,13.43
3536,0.91,13.43
3537,0.9,13.43
3538,0.9,13.43
3539,0.9,13.43
3540,0.9,13.43
3541,0.9,13.43
3542,0.9,13.43
3543,0.9,13.43
3544,0.9,13.43
3545,0.89,13.43
3546,0.89,13.43
3547,0.9,13.43
3548,0.89,13.43
3549,0.89,13.43
3550,0.89,13.43
3551,0.89,13.43
3552,0.88,13.43
3553,0.88,13.43
3554,0.88,13.43
3555,0.88,13.43
3556,0.88,13.43
3557,0.88,13.43
3558,0.88,13.43
3559,0.87,13.43
3560,0.87,13.43
3561,0.87,13.43
3562,0.87,13.43
3563,0.87,13.43
3564,0.86,13.43
3565,0.86,13.43
3566,0.86,13.43
3567,0.86,13.43
3568,0.86,13.43
3569,0.86,13.43
3570,0.86,13.43
3571,0.86,13.43
3572,0.85,13.43
3573,0.85,13.43
3574,0.85,13.43
3575,0.85,13.43
3576,0.84,13.43
3577,0.84,13.43
3578,0.84,13.43
3579,0.84,13.43
3580,0.84,13.43
3581,0.84,13.43
3582,0.84,13.43
3583,0.84,13.43
3584,0.84,13.43
3585,0.84,13.43
3586,0.83,13.43
3587,0.83,13.43
3588,0.82,13.43
3589,0.82,13.43
3590,0.82,13.43
3591,0.82,13.43
3592,0.82,13.43
3593,0.82,13.43
3594,0.82,13.43
3595,0.82,13.43
3596,0.82,13.43
3597,0.81,13.43
3598,0.81,13.43
3599,0.81,13.43
3600,0.81,13.43
3601,0.81,13.43
3602,0.81,13.43
3603,0.8,13.43
3604,0.8,13.43
3605,0.8,13.43
3606,0.8,13.43
3607,0.8,13.43
3608,0.8,13.43
3609,0.8,13.43
3610,0.8,13.43
3611,0.8,13.43
3612,0.79,13.43
3613,0.79,13.43
3614,0.79,13.43
3615,0.79,13.43
3616,0.79,13.43
3617,0.79,13.43
3618,0.78,13.43
3619,0.78,13.42
3620,0.78,13.4
3621,0.78,13.38
3622,0.77,13.35
3623,0.77,13.32
3624,0.77,13.29
3625,0.77,13.25
3626,0.77,13.22
3627,0.77,13.18
3628,0.76,13.15
3629,0.76,13.11
3630,0.76,13.08
3631,0.76,13.05
3632,0.76,13.01
3633,0.76,12.99
3634,0.75,12.97
3635,0.75,12.94
3636,0.75,12.92
3637,0.75,12.9
3638,0.75,12.88
3639,0.75,12.86
3640,0.75,12.85
3641,0.75,12.84
3642,0.74,12.82
3643,0.74,12.81
3644,0.75,12.8
3645,0.74,12.78
3646,0.73,12.77
3647,0.73,12.75
3648,0.73,12.74
3649,0.73,12.73
3650,0.73,12.71
3651,0.73,12.7
3652,0.73,12.69
3653,0.73,12.67
3654,0.73,12.65
3655,0.73,12.63
3656,0.73,12.61
3657,0.72,12.59
3658,0.73,12.56
3659,0.72,12.54
3660,0.72,12.51
3661,0.72,12.49
3662,0.71,12.46
3663,0.71,12.44
3664,0.71,12.41
3665,0.71,12.38
3666,0.71,12.35
3667,0.71,12.32
3668,0.71,12.29
3669,0.71,12.26
3670,0.71,12.22
3671,0.7,12.19
3672,0.7,12.16
3673,0.7,12.12
3674,0.7,12.08
3675,0.7,12.05
3676,0.69,12.01
3677,0.69,11.97
3678,0.69,11.93
3679,0.69,11.89
3680,0.69,11.86
3681,0.69,11.82
3682,0.69,11.79
3683,0.69,11.75
3684,0.69,11.72
3685,0.69,11.69
3686,0.68,11.65
3687,0.69,11.63
3688,0.68,11.6
3689,0.68,11.57
3690,0.68,11.55
3691,0.68,11.52
3692,0.67,11.5
3693,0.67,11.48
3694,0.67,11.46
3695,0.67,11.44
3696,0.67,11.42
3697,0.67,11.41
3698,0.67,11.4
3699,0.67,11.38
3700,0.66,11.37
3701,0.65,11.35
3702,0.67,11.35
3703,0.66,11.34
3704,0.66,11.33
3705,0.65,11.33
3706,0.65,11.32
3707,0.65,11.32
3708,0.65,11.31
3709,0.65,11.31
3710,0.65,11.31
3711,0.65,11.31
3712,0.65,11.31
3713,0.65,11.31
3714,0.65,11.31
3715,0.64,11.3
3716,0.64,11.3
3717,0.64,11.29
3718,0.64,11.29
3719,0.64,11.28
3720,0.64,11.28
3721,0.64,11.27
3722,0.64,11.27
3723,0.63,11.26
3724,0.63,11.25
3725,0.63,11.25
3726,0.63,11.24
3727,0.63,11.22
3728,0.62,11.22
3729,0.62,11.21
3730,0.62,11.19
3731,0.62,11.18
3732,0.62,11.17
3733,0.62,11.16
3734,0.62,11.15
3735,0.61,11.14
3736,0.61,11.13
3737,0.61,11.12
3738,0.61,11.11
3739,0.61,11.1
3740,0.6,11.09
3741,0.6,11.08
3742,0.6,11.07
3743,0.6,11.05
3744,0.6,11.04
3745,0.6,11.03
3746,0.6,11.02
3747,0.6,11.0
3748,0.6,11.0
3749,0.59,10.98
3750,0.59,10.98
3751,0.59,10.97
3752,0.58,10.96
3753,0.58,10.95
3754,0.58,10.94
3755,0.58,10.93
3756,0.58,10.92
3757,0.58,10.91
3758,0.58,10.9
3759,0.58,10.89
3760,0.57,10.87
3761,0.58,10.86
3762,0.58,10.86
3763,0.57,10.85
3764,0.57,10.84
3765,0.57,10.83
3766,0.56,10.82
3767,0.56,10.81
3768,0.56,10.8
3769,0.56,10.79
3770,0.56,10.79
3771,0.56,10.78
3772,0.56,10.77
3773,0.56,10.76
3774,0.56,10.74
3775,0.55,10.74
3776,0.56,10.73
3777,0.55,10.72
3778,0.55,10.71
3779,0.54,10.7
3780,0.54,10.69
3781,0.54,10.68
3782,0.54,10.67
3783,0.54,10.65
3784,0.54,10.65
3785,0.54,10.64
3786,0.54,10.63
3787,0.53,10.62
3788,0.53,10.6
3789,0.53,10.59
3790,0.53,10.58
3791,0.52,10.57
3792,0.52,10.55
3793,0.52,10.54
3794,0.52,10.53
3795,0.52,10.51
3796,0.52,10.5
3797,0.52,10.48
3798,0.52,10.47
3799,0.52,10.45
3800,0.52,10.44
3801,0.51,10.43
3802,0.51,10.42
3803,0.51,10.41
3804,0.51,10.4
3805,0.51,10.38
3806,0.51,10.37
3807,0.5,10.36
3808,0.51,10.35
3809,0.5,10.35
3810,0.5,10.34
3811,0.5,10.33
3812,0.49,10.32
3813,0.49,10.31
3814,0.49,10.3
3815,0.49,10.29
3816,0.49,10.29
3817,0.49,10.28
3818,0.49,10.27
3819,0.49,10.26
3820,0.49,10.26
3821,0.49,10.25
3822,0.48,10.24
3823,0.48,10.24
3824,0.48,10.23
3825,0.48,10.22
3826,0.47,10.21
3827,0.47,10.21
3828,0.47,10.2
3829,0.47,10.19
3830,0.47,10.18
3831,0.47,10.18
3832,0.47,10.17
3833,0.47,10.16
3834,0.46,10.16
3835,0.47,10.15
3836,0.46,10.13
3837,0.46,10.13
3838,0.45,10.12
3839,0.45,10.11
3840,0.45,10.1
3841,0.45,10.09
3842,0.45,10.08
3843,0.45,10.07
3844,0.45,10.07
3845,0.44,10.06
3846,0.44,10.05
3847,0.44,10.05
3848,0.44,10.04
3849,0.44,10.03
3850,0.44,10.02
3851,0.43,10.02
3852,0.43,10.01
3853,0.43,10.0
3854,0.43,10.0
3855,0.43,9.99
3856,0.43,9.99
3857,0.43,9.98
3858,0.42,9.97
3859,0.43,9.97
3860,0.42,9.96
3861,0.42,9.96
3862,0.42,9.95
3863,0.42,9.94
3864,0.41,9.94
3865,0.41,9.93
3866,0.41,9.92
3867,0.41,9.92
3868,0.41,9.91
3869,0.41,9.9
3870,0.41,9.89
3871,0.4,9.88
3872,0.4,9.87
3873,0.39,9.86
3874,0.4,9.85
3875,0.4,9.84
3876,0.39,9.83
3877,0.39,9.82
3878,0.39,9.81
3879,0.39,9.8
3880,0.39,9.8
3881,0.39,9.79
3882,0.39,9.79
3883,0.39,9.78
3884,0.38,9.77
3885,0.38,9.77
3886,0.38,9.76
3887,0.38,9.75
3888,0.37,9.75
3889,0.37,9.74
3890,0.37,9.74
3891,0.37,9.74
3892,0.37,9.74
3893,0.37,9.74
3894,0.37,9.73
3895,0.36,9.72
3896,0.36,9.72
3897,0.36,9.72
3898,0.36,9.71
3899,0.36,9.71
3900,0.36,9.7
3901,0.36,9.7
3902,0.36,9.69
3903,0.36,9.68
3904,0.35,9.67
3905,0.35,9.66
3906,0.35,9.66
3907,0.34,9.65
3908,0.34,9.64
3909,0.34,9.63
3910,0.34,9.62
3911,0.34,9.61
3912,0.34,9.6
3913,0.34,9.59
3914,0.34,9.57
3915,0.33,9.56
3916,0.34,9.54
3917,0.33,9.53
3918,0.33,9.52
3919,0.33,9.5
3920,0.32,9.49
3921,0.32,9.48
3922,0.32,9.46
3923,0.32,9.45
3924,0.32,9.43
3925,0.32,9.42
3926,0.32,9.4
3927,0.32,9.39
3928,0.32,9.38
3929,0.31,9.37
3930,0.3,9.36
3931,0.31,9.35
3932,0.3,9.34
3933,0.3,9.33
3934,0.3,9.32
3935,0.3,9.31
3936,0.3,9.3
3937,0.3,9.3
3938,0.3,9.29
3939,0.3,9.29
3940,0.29,9.28
3941,0.29,9.28
3942,0.29,9.27
3943,0.29,9.27
3944,0.28,9.26
3945,0.29,9.26
3946,0.28,9.25
3947,0.28,9.24
3948,0.28,9.24
3949,0.28,9.23
3950,0.28,9.22
3951,0.28,9.22
3952,0.27,9.21
3953,0.28,9.2
3954,0.28,9.19
3955,0.27,9.18
3956,0.27,9.16
3957,0.27,9.15
3958,0.26,9.14
3959,0.26,9.13
3960,0.26,9.11
3961,0.26,9.1
3962,0.26,9.08
3963,0.26,9.07
3964,0.26,9.05
3965,0.25,9.04
3966,0.26,9.03
3967,0.25,9.02
3968,0.25,9.0
3969,0.24,8.99
3970,0.25,8.98
3971,0.24,8.97
3972,0.24,8.96
3973,0.24,8.95
3974,0.24,8.94
3975,0.24,8.93
3976,0.24,8.92
3977,0.23,8.91
3978,0.23,8.9
3979,0.24,8.89
3980,0.23,8.88
3981,0.23,8.87
3982,0.22,8.86
3983,0.23,8.86
3984,0.22,8.85
3985,0.22,8.85
3986,0.22,8.84
3987,0.22,8.84
3988,0.22,8.83
3989,0.21,8.83
3990,0.22,8.83
3991,0.21,8.82
3992,0.21,8.82
3993,0.21,8.81
3994,0.21,8.8
3995,0.21,8.79
3996,0.21,8.78
3997,0.21,8.77
3998,0.21,8.76
3999,0.2,8.75
4000,0.2,8.74
4001,0.2,8.73
4002,0.19,8.72
4003,0.19,8.71
4004,0.19,8.7
4005,0.19,8.69
4006,0.19,8.68
4007,0.19,8.66
4008,0.19,8.65
4009,0.19,8.64
4010,0.19,8.63
4011,0.19,8.62
4012,0.18,8.61
4013,0.18,8.6
4014,0.18,8.59
4015,0.18,8.58
4016,0.17,8.57
4017,0.17,8.56
4018,0.17,8.55
4019,0.17,8.54
4020,0.17,8.53
4021,0.17,8.52
4022,0.16,8.51
4023,0.17,8.5
4024,0.16,8.49
4025,0.16,8.48
4026,0.16,8.48
4027,0.15,8.47
4028,0.16,8.46
4029,0.15,8.45
4030,0.15,8.44
4031,0.15,8.43
4032,0.15,8.42
4033,0.15,8.41
4034,0.15,8.4
4035,0.14,8.39
4036,0.15,8.38
4037,0.14,8.36
4038,0.14,8.35
4039,0.14,8.34
4040,0.14,8.32
4041,0.13,8.31
4042,0.13,8.29
4043,0.13,8.28
4044,0.13,8.26
4045,0.13,8.25
4046,0.13,8.23
4047,0.13,8.22
4048,0.13,8.2
4049,0.12,8.18
4050,0.12,8.17
4051,0.12,8.15
4052,0.12,8.14
4053,0.11,8.12
4054,0.11,8.1
4055,0.11,8.09
4056,0.11,8.07
4057,0.11,8.06
4058,0.11,8.04
4059,0.11,8.03
4060,0.11,8.02
4061,0.11,8.0
4062,0.11,7.99
4063,0.1,7.97
4064,0.1,7.96
4065,0.09,7.95
4066,0.09,7.94
4067,0.09,7.92
4068,0.09,7.91
4069,0.09,7.9
4070,0.09,7.89
4071,0.09,7.87
4072,0.09,7.86
4073,0.09,7.84
4074,0.08,7.84
4075,0.08,7.82
4076,0.09,7.81
4077,0.08,7.8
4078,0.08,7.79
4079,0.07,7.78
4080,0.07,7.77
4081,0.07,7.76
4082,0.07,7.75
4083,0.07,7.73
4084,0.07,7.72
4085,0.07,7.71
4086,0.07,7.7
4087,0.06,7.69
4088,0.06,7.67
4089,0.06,7.66
4090,0.06,7.65
4091,0.06,7.64
4092,0.06,7.62
4093,0.06,7.61
4094,0.06,7.6
4095,0.06,7.59
4096,0.06,7.58
4097,0.06,7.57
4098,0.05,7.56
4099,0.05,7.56
4100,0.04,7.55
4101,0.04,7.54
4102,0.04,7.53
4103,0.04,7.52
4104,0.04,7.52
4105,0.04,7.51
4106,0.04,7.5
4107,0.04,7.49
4108,0.04,7.48
4109,0.04,7.47
4110,0.03,7.46
4111,0.03,7.45
4112,0.02,7.44
4113,0.02,7.44
4114,0.02,7.43
4115,0.02,7.42
4116,0.02,7.41
4117,0.02,7.4
4118,0.02,7.39
4119,0.02,7.38
4120,0.02,7.37
4121,0.02,7.36
4122,0.02,7.35
4123,0.01,7.34
4124,0.01,7.33
4125,0.01,7.32
4126,0.01,7.32
4127,0.01,7.31
4128,0.0,7.3
4129,0.0,7.29
4130,-0.0,7.28
4131,0.0,7.28
4132,-0.0,7.27
4133,-0.0,7.26
4134,-0.0,7.26
4135,-0.01,7.25
4136,-0.01,7.25
4137,-0.01,7.24
4138,-0.01,7.24
4139,-0.02,7.23
4140,-0.02,7.23
4141,-0.02,7.23
4142,-0.02,7.22
4143,-0.02,7.22
4144,-0.02,7.22
4145,-0.02,7.22
4146,-0.02,7.22
4147,-0.02,7.22
4148,-0.03,7.21
4149,-0.03,7.21
4150,-0.03,7.21
4151,-0.04,7.21
4152,-0.03,7.21
4153,-0.04,7.21
4154,-0.04,7.21
4155,-0.04,7.21
4156,-0.04,7.2
4157,-0.04,7.2
4158,-0.04,7.2
4159,-0.04,7.2
4160,-0.05,7.2
4161,-0.05,7.19
4162,-0.05,7.19
4163,-0.06,7.19
4164,-0.06,7.18
4165,-0.05,7.18
4166,-0.06,7.18
4167,-0.06,7.17
4168,-0.06,7.17
4169,-0.06,7.16
4170,-0.06,7.16
4171,-0.06,7.16
4172,-0.06,7.15
4173,-0.07,7.15
4174,-0.07,7.14
4175,-0.07,7.14
4176,-0.07,7.14
4177,-0.07,7.13
4178,-0.08,7.13
4179,-0.08,7.13
4180,-0.07,7.12
4181,-0.08,7.12
4182,-0.08,7.12
4183,-0.08,7.11
4184,-0.09,7.11
4185,-0.09,7.11
4186,-0.09,7.1
4187,-0.09,7.1
4188,-0.09,7.09
4189,-0.09,7.09
4190,-0.09,7.08
4191,-0.09,7.08
4192,-0.09,7.07
4193,-0.09,7.07
4194,-0.1,7.06
4195,-0.1,7.06
4196,-0.11,7.06
4197,-0.11,7.05
4198,-0.11,7.04
4199,-0.11,7.04
4200,-0.11,7.04
4201,-0.11,7.03
4202,-0.11,7.02
4203,-0.11,7.02
4204,-0.11,7.02
4205,-0.12,7.01
4206,-0.12,7.01
4207,-0.11,7.01
4208,-0.12,7.0
4209,-0.12,6.99
4210,-0.12,6.99
4211,-0.13,6.98
4212,-0.13,6.98
4213,-0.13,6.97
4214,-0.13,6.96
4215,-0.13,6.96
4216,-0.13,6.95
4217,-0.13,6.95
4218,-0.13,6.94
4219,-0.14,6.93
4220,-0.14,6.93
4221,-0.14,6.92
4222,-0.14,6.91
4223,-0.15,6.91
4224,-0.15,6.9
4225,-0.15,6.9
4226,-0.15,6.89
4227,-0.15,6.89
4228,-0.15,6.88
4229,-0.15,6.88
4230,-0.15,6.87
4231,-0.16,6.87
4232,-0.15,6.87
4233,-0.16,6.86
4234,-0.16,6.86
4235,-0.16,6.86
4236,-0.16,6.85
4237,-0.16,6.85
4238,-0.17,6.84
4239,-0.17,6.84
4240,-0.17,6.84
4241,-0.17,6.84
4242,-0.17,6.84
4243,-0.17,6.83
4244,-0.18,6.83
4245,-0.18,6.83
4246,-0.18,6.83
4247,-0.18,6.83
4248,-0.19,6.83
4249,-0.19,6.82
4250,-0.19,6.82
4251,-0.19,6.82
4252,-0.19,6.82
4253,-0.19,6.82
4254,-0.19,6.81
4255,-0.19,6.81
4256,-0.19,6.81
4257,-0.19,6.8
4258,-0.2,6.8
4259,-0.2,6.79
4260,-0.2,6.79
4261,-0.2,6.78
4262,-0.21,6.78
4263,-0.21,6.77
4264,-0.21,6.77
4265,-0.21,6.76
4266,-0.21,6.75
4267,-0.21,6.75
4268,-0.22,6.74
4269,-0.22,6.73
4270,-0.21,6.72
4271,-0.21,6.71
4272,-0.22,6.7
4273,-0.22,6.7
4274,-0.22,6.69
4275,-0.22,6.68
4276,-0.22,6.67
4277,-0.22,6.66
4278,-0.22,6.65
4279,-0.22,6.64
4280,-0.23,6.64
4281,-0.23,6.63
4282,-0.23,6.62
4283,-0.23,6.61
4284,-0.24,6.61
4285,-0.24,6.6
4286,-0.24,6.59
4287,-0.24,6.59
4288,-0.24,6.58
4289,-0.24,6.58
4290,-0.24,6.58
4291,-0.25,6.58
4292,-0.24,6.57
4293,-0.25,6.57
4294,-0.24,6.57
4295,-0.25,6.56
4296,-0.25,6.56
4297,-0.25,6.56
4298,-0.25,6.56
4299,-0.26,6.56
4300,-0.26,6.55
4301,-0.26,6.55
4302,-0.26,6.55
4303,-0.26,6.55
4304,-0.26,6.55
4305,-0.26,6.55
4306,-0.27,6.54
4307,-0.26,6.54
4308,-0.27,6.54
4309,-0.27,6.53
4310,-0.27,6.53
4311,-0.28,6.53
4312,-0.28,6.52
4313,-0.28,6.52
4314,-0.28,6.51
4315,-0.28,6.51
4316,-0.28,6.5
4317,-0.28,6.49
4318,-0.28,6.49
4319,-0.29,6.48
4320,-0.29,6.47
4321,-0.29,6.47
4322,-0.29,6.46
4323,-0.3,6.46
4324,-0.29,6.45
4325,-0.3,6.44
4326,-0.3,6.44
4327,-0.3,6.43
4328,-0.3,6.43
4329,-0.3,6.42
4330,-0.31,6.41
4331,-0.3,6.41
4332,-0.3,6.4
4333,-0.3,6.4
4334,-0.31,6.39
4335,-0.31,6.39
4336,-0.31,6.38
4337,-0.31,6.38
4338,-0.31,6.37
4339,-0.32,6.37
4340,-0.32,6.36
4341,-0.32,6.36
4342,-0.32,6.36
4343,-0.32,6.35
4344,-0.32,6.35
4345,-0.32,6.35
4346,-0.33,6.35
4347,-0.33,6.35
4348,-0.33,6.35
4349,-0.34,6.35
4350,-0.33,6.35
4351,-0.34,6.35
4352,-0.34,6.35
4353,-0.34,6.35
4354,-0.34,6.35
4355,-0.34,6.35
4356,-0.34,6.35
4357,-0.34,6.35
4358,-0.34,6.35
4359,-0.35,6.35
4360,-0.35,6.35
4361,-0.35,6.36
4362,-0.36,6.36
4363,-0.36,6.36
4364,-0.36,6.36
4365,-0.36,6.36
4366,-0.36,6.36
4367,-0.36,6.36
4368,-0.36,6.36
4369,-0.36,6.36
4370,-0.36,6.36
4371,-0.36,6.35
4372,-0.37,6.35
4373,-0.37,6.35
4374,-0.37,6.35
4375,-0.37,6.34
4376,-0.37,6.34
4377,-0.37,6.34
4378,-0.37,6.33
4379,-0.37,6.33
4380,-0.38,6.32
4381,-0.38,6.32
4382,-0.39,6.32
4383,-0.38,6.31
4384,-0.38,6.31
4385,-0.39,6.31
4386,-0.39,6.31
4387,-0.39,6.3
4388,-0.39,6.3
4389,-0.39,6.3
4390,-0.39,6.3
4391,-0.39,6.3
4392,-0.4,6.3
4393,-0.4,6.3
4394,-0.4,6.3
4395,-0.4,6.3
4396,-0.41,6.3
4397,-0.41,6.31
4398,-0.41,6.31
4399,-0.41,6.31
4400,-0.41,6.31
4401,-0.41,6.31
4402,-0.41,6.32
4403,-0.41,6.32
4404,-0.42,6.32
4405,-0.42,6.32
4406,-0.42,6.32
4407,-0.42,6.33
4408,-0.43,6.33
4409,-0.43,6.33
4410,-0.43,6.33
4411,-0.43,6.33
4412,-0.43,6.33
4413,-0.43,6.33
4414,-0.43,6.33
4415,-0.43,6.33
4416,-0.43,6.33
4417,-0.44,6.33
4418,-0.44,6.33
4419,-0.44,6.32
4420,-0.44,6.32
4421,-0.45,6.32
4422,-0.45,6.32
4423,-0.45,6.32
4424,-0.45,6.31
4425,-0.45,6.31
4426,-0.45,6.31
4427,-0.45,6.3
4428,-0.46,6.3
4429,-0.46,6.3
4430,-0.46,6.3
4431,-0.46,6.3
4432,-0.47,6.3
4433,-0.47,6.29
4434,-0.47,6.29
4435,-0.47,6.29
4436,-0.47,6.29
4437,-0.47,6.29
4438,-0.47,6.29
4439,-0.47,6.29
4440,-0.47,6.29
4441,-0.47,6.29
4442,-0.48,6.29
4443,-0.48,6.29
4444,-0.48,6.29
4445,-0.48,6.29
4446,-0.49,6.3
4447,-0.49,6.3
4448,-0.49,6.3
4449,-0.49,6.3
4450,-0.49,6.3
4451,-0.49,6.3
4452,-0.49,6.31
4453,-0.5,6.31
4454,-0.49,6.31
4455,-0.5,6.31
4456,-0.5,6.31
4457,-0.51,6.31
4458,-0.51,6.31
4459,-0.51,6.31
4460,-0.51,6.31
4461,-0.51,6.31
4462,-0.51,6.3
4463,-0.51,6.3
4464,-0.51,6.3
4465,-0.51,6.3
4466,-0.52,6.29
4467,-0.52,6.29
4468,-0.52,6.29
4469,-0.52,6.29
4470,-0.52,6.28
4471,-0.52,6.28
4472,-0.52,6.28
4473,-0.52,6.27
4474,-0.52,6.27
4475,-0.53,6.27
4476,-0.53,6.27
4477,-0.53,6.26
4478,-0.54,6.26
4479,-0.54,6.26
4480,-0.54,6.26
4481,-0.54,6.26
4482,-0.54,6.25
4483,-0.54,6.25
4484,-0.54,6.25
4485,-0.54,6.25
4486,-0.54,6.25
4487,-0.55,6.25
4488,-0.55,6.25
4489,-0.55,6.25
4490,-0.56,6.24
4491,-0.55,6.24
4492,-0.56,6.24
4493,-0.56,6.24
4494,-0.56,6.24
4495,-0.56,6.23
4496,-0.56,6.23
4497,-0.56,6.23
4498,-0.56,6.23
4499,-0.57,6.23
4500,-0.57,6.22
4501,-0.57,6.22
4502,-0.58,6.22
4503,-0.58,6.22
4504,-0.58,6.21
4505,-0.58,6.21
4506,-0.58,6.21
4507,-0.58,6.21
4508,-0.58,6.21
4509,-0.58,6.21
4510,-0.58,6.21
4511,-0.59,6.21
4512,-0.59,6.21
4513,-0.59,6.2
4514,-0.59,6.2
4515,-0.59,6.21
4516,-0.6,6.2
4517,-0.6,6.2
4518,-0.6,6.2
4519,-0.6,6.2
4520,-0.6,6.2
4521,-0.6,6.2
4522,-0.6,6.2
4523,-0.61,6.2
4524,-0.61,6.2
4525,-0.61,6.2
4526,-0.61,6.2
4527,-0.62,6.2
4528,-0.62,6.2
4529,-0.62,6.2
4530,-0.62,6.2
4531,-0.62,6.2
4532,-0.62,6.2
4533,-0.62,6.21
4534,-0.63,6.21
4535,-0.63,6.21
4536,-0.63,6.21
4537,-0.63,6.21
4538,-0.63,6.21
4539,-0.64,6.21
4540,-0.64,6.21
4541,-0.64,6.21
4542,-0.64,6.21
4543,-0.64,6.21
4544,-0.64,6.21
4545,-0.64,6.21
4546,-0.65,6.21
4547,-0.65,6.21
4548,-0.64,6.21
4549,-0.65,6.21
4550,-0.65,6.21
4551,-0.65,6.21
4552,-0.65,6.21
4553,-0.65,6.21
4554,-0.65,6.21
4555,-0.66,6.21
4556,-0.66,6.21
4557,-0.66,6.21
4558,-0.66,6.21
4559,-0.66,6.21
4560,-0.67,6.21
4561,-0.67,6.21
4562,-0.67,6.21
4563,-0.67,6.2
4564,-0.67,6.2
4565,-0.67,6.2
4566,-0.68,6.2
4567,-0.68,6.2
4568,-0.68,6.2
4569,-0.68,6.2
4570,-0.69,6.2
4571,-0.68,6.2
4572,-0.69,6.2
4573,-0.69,6.2
4574,-0.69,6.2
4575,-0.69,6.2
4576,-0.69,6.2
4577,-0.69,6.21
4578,-0.7,6.2
4579,-0.7,6.21
4580,-0.7,6.21
4581,-0.71,6.21
4582,-0.7,6.21
4583,-0.7,6.21
4584,-0.71,6.21
4585,-0.71,6.21
4586,-0.71,6.21
4587,-0.71,6.21
4588,-0.71,6.21
4589,-0.71,6.21
4590,-0.71,6.21
4591,-0.72,6.21
4592,-0.72,6.21
4593,-0.72,6.21
4594,-0.72,6.21
4595,-0.72,6.21
4596,-0.73,6.21
4597,-0.73,6.21
4598,-0.73,6.2
4599,-0.73,6.21
4600,-0.73,6.2
4601,-0.73,6.2
4602,-0.73,6.2
4603,-0.74,6.2
4604,-0.74,6.21
4605,-0.74,6.21
4606,-0.74,6.21
4607,-0.75,6.21
4608,-0.75,6.21
4609,-0.75,6.21
4610,-0.75,6.21
4611,-0.75,6.21
4612,-0.75,6.21
4613,-0.75,6.21
4614,-0.75,6.21
4615,-0.75,6.22
4616,-0.76,6.22
4617,-0.76,6.22
4618,-0.76,6.22
4619,-0.77,6.22
4620,-0.77,6.23
4621,-0.77,6.23
4622,-0.77,6.23
4623,-0.77,6.24
4624,-0.77,6.24
4625,-0.77,6.25
4626,-0.77,6.25
4627,-0.77,6.26
4628,-0.78,6.27
4629,-0.78,6.27
4630,-0.78,6.28
4631,-0.78,6.28
4632,-0.78,6.28
4633,-0.79,6.29
4634,-0.79,6.29
4635,-0.79,6.29
4636,-0.79,6.29
4637,-0.79,6.3
4638,-0.79,6.3
4639,-0.79,6.3
4640,-0.8,6.3
4641,-0.8,6.29
4642,-0.8,6.29
4643,-0.8,6.29
4644,-0.8,6.29
4645,-0.8,6.28
4646,-0.8,6.28
4647,-0.8,6.27
4648,-0.81,6.26
4649,-0.81,6.26
4650,-0.81,6.25
4651,-0.81,6.24
4652,-0.82,6.24
4653,-0.82,6.23
4654,-0.82,6.22
4655,-0.82,6.21
4656,-0.82,6.2
4657,-0.82,6.2
4658,-0.82,6.19
4659,-0.83,6.18
4660,-0.83,6.17
4661,-0.83,6.17
4662,-0.84,6.16
4663,-0.83,6.15
4664,-0.83,6.15
4665,-0.84,6.14
4666,-0.84,6.14
4667,-0.84,6.13
4668,-0.84,6.13
4669,-0.84,6.13
4670,-0.84,6.12
4671,-0.84,6.12
4672,-0.85,6.12
4673,-0.85,6.12
4674,-0.85,6.11
4675,-0.85,6.11
4676,-0.86,6.11
4677,-0.86,6.11
4678,-0.86,6.11
4679,-0.86,6.11
4680,-0.86,6.11
4681,-0.86,6.1
4682,-0.86,6.1
4683,-0.86,6.1
4684,-0.86,6.1
4685,-0.87,6.1
4686,-0.87,6.1
4687,-0.87,6.1
4688,-0.88,6.09
4689,-0.87,6.09
4690,-0.88,6.09
4691,-0.88,6.08
4692,-0.88,6.08
4693,-0.88,6.08
4694,-0.88,6.08
4695,-0.88,6.07
4696,-0.88,6.07
4697,-0.89,6.06
4698,-0.89,6.06
4699,-0.89,6.06
4700,-0.89,6.05
4701,-0.89,6.05
4702,-0.9,6.04
4703,-0.9,6.04
4704,-0.9,6.03
4705,-0.9,6.03
4706,-0.9,6.02
4707,-0.9,6.01
4708,-0.9,6.01
4709,-0.9,6.0
4710,-0.9,6.0
4711,-0.91,5.99
4712,-0.91,5.98
4713,-0.91,5.98
4714,-0.92,5.97
4715,-0.92,5.97
4716,-0.92,5.96
4717,-0.92,5.96
4718,-0.92,5.95
4719,-0.92,5.95
4720,-0.92,5.94
4721,-0.92,5.94
4722,-0.93,5.94
4723,-0.94,5.93
4724,-0.93,5.93
4725,-0.93,5.93
4726,-0.93,5.92
4727,-0.94,5.92
4728,-0.94,5.92
4729,-0.94,5.91
4730,-0.94,5.91
4731,-0.94,5.91
4732,-0.94,5.91
4733,-0.94,5.9
4734,-0.94,5.9
4735,-0.94,5.9
4736,-0.95,5.9
4737,-0.95,5.89
4738,-0.95,5.89
4739,-0.95,5.89
4740,-0.95,5.88
4741,-0.95,5.88
4742,-0.95,5.88
4743,-0.96,5.88
4744,-0.96,5.87
4745,-0.96,5.87
4746,-0.96,5.87
4747,-0.96,5.86
4748,-0.97,5.86
4749,-0.97,5.85
4750,-0.97,5.85
4751,-0.97,5.85
4752,-0.97,5.84
4753,-0.97,5.84
4754,-0.97,5.84
4755,-0.97,5.83
4756,-0.98,5.83
4757,-0.98,5.82
4758,-0.98,5.82
4759,-0.98,5.81
4760,-0.98,5.81
4761,-0.98,5.8
4762,-0.99,5.8
4763,-0.99,5.79
4764,-0.99,5.79
4765,-0.99,5.78
4766,-0.99,5.78
4767,-0.99,5.77
4768,-1.0,5.77
4769,-1.0,5.76
4770,-1.0,5.76
4771,-1.0,5.75
4772,-1.0,5.75
4773,-1.01,5.75
4774,-1.01,5.74
4775,-1.01,5.74
4776,-1.01,5.74
4777,-1.01,5.73
4778,-1.01,5.73
4779,-1.01,5.73
4780,-1.01,5.72
4781,-1.01,5.72
4782,-1.02,5.72
4783,-1.02,5.72
4784,-1.02,5.72
4785,-1.03,5.71
4786,-1.02,5.71
4787,-1.02,5.71
4788,-1.03,5.71
4789,-1.03,5.71
4790,-1.03,5.7
4791,-1.03,5.7
4792,-1.03,5.7
4793,-1.03,5.69
4794,-1.03,5.69
4795,-1.04,5.69
4796,-1.04,5.68
4797,-1.04,5.68
4798,-1.05,5.68
4799,-1.05,5.68
4800,-1.05,5.67
4801,-1.05,5.67
4802,-1.05,5.67
4803,-1.05,5.66
4804,-1.05,5.66
4805,-1.05,5.66
4806,-1.05,5.65
4807,-1.05,5.65
4808,-1.05,5.64
4809,-1.06,5.64
4810,-1.07,5.63
4811,-1.06,5.63
4812,-1.07,5.62
4813,-1.07,5.62
4814,-1.07,5.61
4815,-1.07,5.61
4816,-1.07,5.6
4817,-1.07,5.59
4818,-1.07,5.59
4819,-1.07,5.58
4820,-1.07,5.58
4821,-1.08,5.57
4822,-1.08,5.56
4823,-1.08,5.56
4824,-1.08,5.55
4825,-1.08,5.55
4826,-1.08,5.54
4827,-1.09,5.54
4828,-1.09,5.53
4829,-1.09,5.53
4830,-1.09,5.52
4831,-1.09,5.52
4832,-1.09,5.52
4833,-1.09,5.51
4834,-1.1,5.51
4835,-1.1,5.51
4836,-1.1,5.5
4837,-1.1,5.5
4838,-1.1,5.5
4839,-1.1,5.49
4840,-1.1,5.49
4841,-1.1,5.49
4842,-1.1,5.49
4843,-1.1,5.48
4844,-1.11,5.48
4845,-1.11,5.48
4846,-1.11,5.48
4847,-1.12,5.47
4848,-1.12,5.47
4849,-1.12,5.47
4850,-1.12,5.46
4851,-1.12,5.46
4852,-1.12,5.45
4853,-1.12,5.45
4854,-1.12,5.45
4855,-1.13,5.44
4856,-1.12,5.44
4857,-1.13,5.43
4858,-1.13,5.42
4859,-1.13,5.42
4860,-1.13,5.41
4861,-1.14,5.4
4862,-1.14,5.4
4863,-1.14,5.39
4864,-1.14,5.39
4865,-1.14,5.38
4866,-1.14,5.38
4867,-1.14,5.37
4868,-1.14,5.36
4869,-1.15,5.36
4870,-1.15,5.35
4871,-1.15,5.35
4872,-1.15,5.34
4873,-1.15,5.34
4874,-1.16,5.33
4875,-1.15,5.33
4876,-1.15,5.32
4877,-1.16,5.32
4878,-1.16,5.31
4879,-1.16,5.31
4880,-1.16,5.3
4881,-1.16,5.3
4882,-1.16,5.29
4883,-1.16,5.29
4884,-1.16,5.28
4885,-1.17,5.28
4886,-1.17,5.28
4887,-1.17,5.27
4888,-1.17,5.27
4889,-1.18,5.27
4890,-1.18,5.26
4891,-1.18,5.26
4892,-1.18,5.25
4893,-1.18,5.25
4894,-1.18,5.24
4895,-1.18,5.24
4896,-1.18,5.24
4897,-1.19,5.23
4898,-1.18,5.23
4899,-1.19,5.23
4900,-1.19,5.22
4901,-1.19,5.22
4902,-1.2,5.21
4903,-1.2,5.21
4904,-1.2,5.21
4905,-1.2,5.2
4906,-1.2,5.2
4907,-1.2,5.19
4908,-1.2,5.19
4909,-1.2,5.19
4910,-1.21,5.18
4911,-1.21,5.18
4912,-1.21,5.17
4913,-1.21,5.17
4914,-1.21,5.17
4915,-1.21,5.16
4916,-1.21,5.16
4917,-1.22,5.15
4918,-1.22,5.15
4919,-1.22,5.15
4920,-1.22,5.14
4921,-1.22,5.14
4922,-1.22,5.13
4923,-1.22,5.13
4924,-1.22,5.12
4925,-1.23,5.12
4926,-1.23,5.11
4927,-1.23,5.11
4928,-1.23,5.1
4929,-1.23,5.1
4930,-1.23,5.1
4931,-1.23,5.09
4932,-1.23,5.09
4933,-1.24,5.08
4934,-1.23,5.08
4935,-1.24,5.08
4936,-1.24,5.07
4937,-1.24,5.07
4938,-1.24,5.07
4939,-1.25,5.07
4940,-1.25,5.06
4941,-1.25,5.06
4942,-1.25,5.06
4943,-1.25,5.05
4944,-1.25,5.05
4945,-1.25,5.05
4946,-1.25,5.05
4947,-1.25,5.05
4948,-1.26,5.05
4949,-1.26,5.04
4950,-1.26,5.04
4951,-1.26,5.04
4952,-1.27,5.04
4953,-1.27,5.03
4954,-1.27,5.03
4955,-1.27,5.03
4956,-1.27,5.03
4957,-1.27,5.02
4958,-1.27,5.02
4959,-1.27,5.02
4960,-1.27,5.01
4961,-1.27,5.01
4962,-1.27,5.0
4963,-1.28,5.0
4964,-1.28,5.0
4965,-1.28,4.99
4966,-1.28,4.98
4967,-1.28,4.98
4968,-1.28,4.97
4969,-1.29,4.97
4970,-1.29,4.96
4971,-1.29,4.95
4972,-1.29,4.95
4973,-1.29,4.94
4974,-1.29,4.94
4975,-1.29,4.93
4976,-1.29,4.93
4977,-1.29,4.92
4978,-1.3,4.92
4979,-1.3,4.91
4980,-1.3,4.91
4981,-1.3,4.9
4982,-1.31,4.9
4983,-1.31,4.9
4984,-1.31,4.89
4985,-1.31,4.89
4986,-1.31,4.88
4987,-1.31,4.88
4988,-1.31,4.87
4989,-1.31,4.87
4990,-1.31,4.86
4991,-1.32,4.86
4992,-1.32,4.85
4993,-1.32,4.85
4994,-1.32,4.84
4995,-1.32,4.84
4996,-1.33,4.83
4997,-1.33,4.83
4998,-1.33,4.82
4999,-1.33,4.82
5000,-1.33,4.81
5001,-1.33,4.81
5002,-1.33,4.8
5003,-1.33,4.8
5004,-1.33,4.79
5005,-1.33,4.79
5006,-1.33,4.78
5007,-1.34,4.78
5008,-1.34,4.77
5009,-1.34,4.76
5010,-1.35,4.76
5011,-1.34,4.76
5012,-1.35,4.75
5013,-1.35,4.75
5014,-1.35,4.74
5015,-1.35,4.74
5016,-1.35,4.73
5017,-1.35,4.73
5018,-1.35,4.72
5019,-1.35,4.72
5020,-1.35,4.72
5021,-1.35,4.71
5022,-1.35,4.71
5023,-1.36,4.7
5024,-1.36,4.7
5025,-1.36,4.69
5026,-1.37,4.69
5027,-1.37,4.68
5028,-1.37,4.68
5029,-1.37,4.67
5030,-1.37,4.67
5031,-1.37,4.66
5032,-1.37,4.66
5033,-1.37,4.65
5034,-1.37,4.65
5035,-1.37,4.64
5036,-1.37,4.64
5037,-1.38,4.63
5038,-1.38,4.63
5039,-1.38,4.62
5040,-1.38,4.62
5041,-1.38,4.61
5042,-1.38,4.6
5043,-1.38,4.6
5044,-1.38,4.59
5045,-1.38,4.59
5046,-1.38,4.58
5047,-1.38,4.58
5048,-1.38,4.58
5049,-1.39,4.57
5050,-1.39,4.57
5051,-1.4,4.56
5052,-1.4,4.56
5053,-1.39,4.56
5054,-1.4,4.55
5055,-1.4,4.55
5056,-1.4,4.54
5057,-1.4,4.54
5058,-1.4,4.54
5059,-1.4,4.53
5060,-1.4,4.53
5061,-1.4,4.53
5062,-1.4,4.52
5063,-1.41,4.52
5064,-1.41,4.52
5065,-1.42,4.51
5066,-1.42,4.51
5067,-1.42,4.5
5068,-1.42,4.5
5069,-1.42,4.49
5070,-1.42,4.49
5071,-1.41,4.49
5072,-1.42,4.48
5073,-1.42,4.48
5074,-1.42,4.47
5075,-1.43,4.47
5076,-1.43,4.47
5077,-1.43,4.46
5078,-1.43,4.46
5079,-1.43,4.45
5080,-1.43,4.45
5081,-1.43,4.44
5082,-1.43,4.44
5083,-1.43,4.43
5084,-1.44,4.43
5085,-1.44,4.42
5086,-1.44,4.42
5087,-1.44,4.42
5088,-1.44,4.41
5089,-1.44,4.41
5090,-1.44,4.41
5091,-1.44,4.4
5092,-1.45,4.4
5093,-1.45,4.4
5094,-1.44,4.39
5095,-1.45,4.39
5096,-1.45,4.39
5097,-1.45,4.38
5098,-1.46,4.38
5099,-1.46,4.37
5100,-1.46,4.37
5101,-1.46,4.37
5102,-1.46,4.36
5103,-1.46,4.36
5104,-1.46,4.36
5105,-1.46,4.35
5106,-1.46,4.35
5107,-1.46,4.35
5108,-1.46,4.34
5109,-1.47,4.34
5110,-1.47,4.33
5111,-1.47,4.33
5112,-1.47,4.33
5113,-1.48,4.32
5114,-1.48,4.32
5115,-1.48,4.31
5116,-1.48,4.31
5117,-1.48,4.3
5118,-1.48,4.3
5119,-1.48,4.29
5120,-1.48,4.28
5121,-1.48,4.28
5122,-1.48,4.27
5123,-1.48,4.27
5124,-1.48,4.26
5125,-1.49,4.26
5126,-1.49,4.25
5127,-1.48,4.25
5128,-1.49,4.24
5129,-1.49,4.23
5130,-1.5,4.23
5131,-1.49,4.23
5132,-1.5,4.22
5133,-1.5,4.22
5134,-1.5,4.21
5135,-1.5,4.21
5136,-1.5,4.2
5137,-1.5,4.2
5138,-1.5,4.2
5139,-1.5,4.19
5140,-1.5,4.19
5141,-1.5,4.18
5142,-1.51,4.18
5143,-1.51,4.18
5144,-1.51,4.17
5145,-1.51,4.17
5146,-1.51,4.17
5147,-1.51,4.16
5148,-1.52,4.16
5149,-1.52,4.16
5150,-1.52,4.16
5151,-1.52,4.15
5152,-1.52,4.15
5153,-1.52,4.15
5154,-1.52,4.15
5155,-1.52,4.15
5156,-1.52,4.14
5157,-1.52,4.14
5158,-1.53,4.14
5159,-1.53,4.14
5160,-1.53,4.13
5161,-1.53,4.13
5162,-1.53,4.13
5163,-1.53,4.13
5164,-1.53,4.13
5165,-1.53,4.12
5166,-1.53,4.12
5167,-1.53,4.12
5168,-1.53,4.12
5169,-1.54,4.12
5170,-1.54,4.11
5171,-1.54,4.11
5172,-1.54,4.11
5173,-1.54,4.1
5174,-1.55,4.1
5175,-1.55,4.1
5176,-1.55,4.09
5177,-1.55,4.09
5178,-1.55,4.09
5179,-1.55,4.09
5180,-1.55,4.09
5181,-1.55,4.08
5182,-1.55,4.08
5183,-1.55,4.08
5184,-1.56,4.08
5185,-1.56,4.07
5186,-1.56,4.07
5187,-1.56,4.07
5188,-1.56,4.06
5189,-1.56,4.06
5190,-1.56,4.06
5191,-1.56,4.06
5192,-1.57,4.05
5193,-1.57,4.05
5194,-1.57,4.05
5195,-1.57,4.04
5196,-1.57,4.04
5197,-1.57,4.04
5198,-1.57,4.03
5199,-1.57,4.03
5200,-1.57,4.03
5201,-1.57,4.02
5202,-1.58,4.02
5203,-1.58,4.02
5204,-1.58,4.01
5205,-1.57,4.01
5206,-1.58,4.01
5207,-1.58,4.0
5208,-1.58,4.0
5209,-1.58,3.99
5210,-1.58,3.99
5211,-1.59,3.99
5212,-1.59,3.98
5213,-1.59,3.98
5214,-1.59,3.97
5215,-1.59,3.97
5216,-1.59,3.97
5217,-1.59,3.97
5218,-1.59,3.96
5219,-1.59,3.96
5220,-1.6,3.96
5221,-1.6,3.95
5222,-1.6,3.95
5223,-1.6,3.95
5224,-1.6,3.95
5225,-1.6,3.94
5226,-1.6,3.94
5227,-1.61,3.94
5228,-1.61,3.94
5229,-1.61,3.94
5230,-1.61,3.94
5231,-1.61,3.93
5232,-1.61,3.93
5233,-1.61,3.93
5234,-1.61,3.93
5235,-1.61,3.93
5236,-1.61,3.93
5237,-1.61,3.92
5238,-1.61,3.92
5239,-1.62,3.92
5240,-1.61,3.92
5241,-1.62,3.92
5242,-1.62,3.91
5243,-1.62,3.91
5244,-1.62,3.91
5245,-1.62,3.9
5246,-1.63,3.9
5247,-1.63,3.9
5248,-1.63,3.89
5249,-1.63,3.89
5250,-1.63,3.88
5251,-1.63,3.88
5252,-1.63,3.88
5253,-1.63,3.87
5254,-1.63,3.87
5255,-1.63,3.86
5256,-1.64,3.86
5257,-1.64,3.85
5258,-1.64,3.85
5259,-1.64,3.84
5260,-1.64,3.84
5261,-1.64,3.84
5262,-1.64,3.83
5263,-1.65,3.83
5264,-1.65,3.83
5265,-1.65,3.82
5266,-1.65,3.82
5267,-1.65,3.82
5268,-1.65,3.81
5269,-1.65,3.81
5270,-1.65,3.81
5271,-1.65,3.81
5272,-1.65,3.81
5273,-1.65,3.81
5274,-1.65,3.8
5275,-1.66,3.8
5276,-1.66,3.8
5277,-1.66,3.8
5278,-1.66,3.8
5279,-1.66,3.8
5280,-1.66,3.79
5281,-1.67,3.79
5282,-1.67,3.79
5283,-1.67,3.79
5284,-1.67,3.79
5285,-1.67,3.78
5286,-1.67,3.78
5287,-1.67,3.78
5288,-1.67,3.78
5289,-1.67,3.77
5290,-1.67,3.77
5291,-1.67,3.77
5292,-1.67,3.77
5293,-1.68,3.76
5294,-1.67,3.76
5295,-1.68,3.76
5296,-1.68,3.76
5297,-1.68,3.75
5298,-1.68,3.75
5299,-1.68,3.75
5300,-1.68,3.75
5301,-1.68,3.74
5302,-1.68,3.74
5303,-1.68,3.74
5304,-1.69,3.74
5305,-1.68,3.74
5306,-1.69,3.74
5307,-1.69,3.73
5308,-1.69,3.73
5309,-1.69,3.73
5310,-1.69,3.73
5311,-1.69,3.73
5312,-1.7,3.72
5313,-1.7,3.72
5314,-1.7,3.72
5315,-1.7,3.72
5316,-1.7,3.71
5317,-1.7,3.71
5318,-1.7,3.71
5319,-1.7,3.71
5320,-1.7,3.7
5321,-1.7,3.7
5322,-1.7,3.7
5323,-1.7,3.69
5324,-1.7,3.69
5325,-1.7,3.68
5326,-1.7,3.68
5327,-1.71,3.67
5328,-1.71,3.67
5329,-1.71,3.66
5330,-1.71,3.65
5331,-1.71,3.65
5332,-1.72,3.64
5333,-1.72,3.64
5334,-1.72,3.63
5335,-1.72,3.62
5336,-1.72,3.62
5337,-1.72,3.61
5338,-1.72,3.6
5339,-1.72,3.59
5340,-1.72,3.59
5341,-1.72,3.58
5342,-1.72,3.57
5343,-1.72,3.56
5344,-1.73,3.55
5345,-1.73,3.55
5346,-1.73,3.54
5347,-1.73,3.54
5348,-1.73,3.53
5349,-1.73,3.52
5350,-1.74,3.52
5351,-1.73,3.51
5352,-1.74,3.51
5353,-1.74,3.51
5354,-1.74,3.5
5355,-1.74,3.5
5356,-1.74,3.5
5357,-1.74,3.49
5358,-1.74,3.49
5359,-1.74,3.48
5360,-1.74,3.48
5361,-1.74,3.48
5362,-1.74,3.47
5363,-1.74,3.47
5364,-1.74,3.47
5365,-1.74,3.46
5366,-1.75,3.46
5367,-1.75,3.45
5368,-1.75,3.45
5369,-1.75,3.44
5370,-1.75,3.44
5371,-1.75,3.43
5372,-1.75,3.43
5373,-1.76,3.42
5374,-1.76,3.42
5375,-1.76,3.41
5376,-1.76,3.41
5377,-1.76,3.4
5378,-1.76,3.4
5379,-1.76,3.39
5380,-1.76,3.39
5381,-1.76,3.38
5382,-1.76,3.38
5383,-1.76,3.37
5384,-1.76,3.37
5385,-1.76,3.36
5386,-1.76,3.36
5387,-1.76,3.35
5388,-1.77,3.35
5389,-1.77,3.35
5390,-1.78,3.34
5391,-1.77,3.34
5392,-1.78,3.33
5393,-1.77,3.33
5394,-1.78,3.33
5395,-1.78,3.32
5396,-1.78,3.32
5397,-1.78,3.32
5398,-1.78,3.31
5399,-1.78,3.31
5400,-1.78,3.3
5401,-1.78,3.3
5402,-1.78,3.3
5403,-1.78,3.29
5404,-1.78,3.29
5405,-1.78,3.29
5406,-1.78,3.28
5407,-1.79,3.28
5408,-1.78,3.27
5409,-1.79,3.27
5410,-1.79,3.27
5411,-1.79,3.26
5412,-1.79,3.26
5413,-1.79,3.26
5414,-1.79,3.25
5415,-1.79,3.25
5416,-1.79,3.24
5417,-1.8,3.24
5418,-1.8,3.23
5419,-1.8,3.23
5420,-1.8,3.22
5421,-1.8,3.22
5422,-1.8,3.22
5423,-1.8,3.21
5424,-1.8,3.21
5425,-1.8,3.2
5426,-1.8,3.2
5427,-1.81,3.19
5428,-1.8,3.19
5429,-1.8,3.18
5430,-1.8,3.18
5431,-1.81,3.18
5432,-1.81,3.17
5433,-1.81,3.17
5434,-1.81,3.17
5435,-1.81,3.16
5436,-1.81,3.16
5437,-1.81,3.16
5438,-1.81,3.16
5439,-1.81,3.15
5440,-1.81,3.15
5441,-1.81,3.15
5442,-1.81,3.15
5443,-1.81,3.15
5444,-1.81,3.14
5445,-1.81,3.14
5446,-1.82,3.14
5447,-1.81,3.14
5448,-1.82,3.14
5449,-1.82,3.14
5450,-1.82,3.13
5451,-1.82,3.13
5452,-1.82,3.13
5453,-1.82,3.13
5454,-1.82,3.12
5455,-1.83,3.12
5456,-1.83,3.12
5457,-1.83,3.12
5458,-1.83,3.11
5459,-1.83,3.11
5460,-1.83,3.11
5461,-1.83,3.1
5462,-1.83,3.1
5463,-1.83,3.09
5464,-1.83,3.09
5465,-1.83,3.08
5466,-1.83,3.08
5467,-1.83,3.08
5468,-1.84,3.07
5469,-1.83,3.07
5470,-1.84,3.06
5471,-1.84,3.06
5472,-1.84,3.06
5473,-1.84,3.05
5474,-1.85,3.05
5475,-1.84,3.05
5476,-1.84,3.04
5477,-1.84,3.04
5478,-1.84,3.04
5479,-1.85,3.04
5480,-1.84,3.03
5481,-1.85,3.03
5482,-1.85,3.03
5483,-1.85,3.03
5484,-1.85,3.02
5485,-1.85,3.02
5486,-1.85,3.02
5487,-1.85,3.02
5488,-1.85,3.01
5489,-1.85,3.01
5490,-1.85,3.01
5491,-1.85,3.01
5492,-1.86,3.01
5493,-1.86,3.0
5494,-1.85,3.0
5495,-1.86,3.0
5496,-1.86,2.99
5497,-1.86,2.99
5498,-1.86,2.99
5499,-1.86,2.99
5500,-1.86,2.98
5501,-1.86,2.98
5502,-1.86,2.98
5503,-1.87,2.97
5504,-1.86,2.97
5505,-1.87,2.97
5506,-1.87,2.97
5507,-1.87,2.96
5508,-1.87,2.96
5509,-1.87,2.96
5510,-1.87,2.96
5511,-1.87,2.95
5512,-1.87,2.95
5513,-1.87,2.95
5514,-1.87,2.95
5515,-1.87,2.95
5516,-1.87,2.94
5517,-1.87,2.94
5518,-1.87,2.94
5519,-1.88,2.94
5520,-1.87,2.93
5521,-1.87,2.93
5522,-1.88,2.93
5523,-1.88,2.92
5524,-1.88,2.92
5525,-1.88,2.92
5526,-1.88,2.91
5527,-1.88,2.91
5528,-1.88,2.9
5529,-1.89,2.9
5530,-1.89,2.89
5531,-1.89,2.88
5532,-1.89,2.88
5533,-1.89,2.87
5534,-1.89,2.87
5535,-1.89,2.86
5536,-1.89,2.85
5537,-1.89,2.84
5538,-1.89,2.84
5539,-1.89,2.83
5540,-1.89,2.82
5541,-1.89,2.82
5542,-1.89,2.81
5543,-1.89,2.81
5544,-1.89,2.8
5545,-1.89,2.8
5546,-1.89,2.79
5547,-1.9,2.79
5548,-1.9,2.78
5549,-1.9,2.78
5550,-1.9,2.77
5551,-1.9,2.77
5552,-1.91,2.77
5553,-1.9,2.77
5554,-1.9,2.76
5555,-1.9,2.76
5556,-1.9,2.76
5557,-1.9,2.75
5558,-1.91,2.75
5559,-1.91,2.75
5560,-1.91,2.75
5561,-1.91,2.75
5562,-1.91,2.75
5563,-1.91,2.75
5564,-1.91,2.74
5565,-1.91,2.74
5566,-1.91,2.74
5567,-1.91,2.74
5568,-1.91,2.74
5569,-1.91,2.74
5570,-1.91,2.74
5571,-1.91,2.74
5572,-1.91,2.74
5573,-1.91,2.74
5574,-1.91,2.74
5575,-1.92,2.74
5576,-1.92,2.73
5577,-1.92,2.73
5578,-1.92,2.73
5579,-1.92,2.73
5580,-1.93,2.73
5581,-1.92,2.73
5582,-1.92,2.73
5583,-1.92,2.73
5584,-1.93,2.73
5585,-1.92,2.72
5586,-1.93,2.72
5587,-1.93,2.72
5588,-1.92,2.72
5589,-1.93,2.72
5590,-1.93,2.71
5591,-1.93,2.71
5592,-1.93,2.71
5593,-1.93,2.7
5594,-1.93,2.7
5595,-1.93,2.7
5596,-1.93,2.69
5597,-1.93,2.69
5598,-1.93,2.69
5599,-1.93,2.68
5600,-1.93,2.68
5601,-1.93,2.68
5602,-1.93,2.67
5603,-1.93,2.67
5604,-1.93,2.66
5605,-1.93,2.66
5606,-1.94,2.65
5607,-1.94,2.65
5608,-1.93,2.64
5609,-1.94,2.64
5610,-1.94,2.63
5611,-1.94,2.62
5612,-1.94,2.62
5613,-1.94,2.61
5614,-1.94,2.61
5615,-1.95,2.6
5616,-1.94,2.59
5617,-1.95,2.59
5618,-1.95,2.58
5619,-1.95,2.57
5620,-1.95,2.56
5621,-1.95,2.56
5622,-1.95,2.55
5623,-1.95,2.54
5624,-1.95,2.53
5625,-1.95,2.52
5626,-1.95,2.51
5627,-1.95,2.51
5628,-1.95,2.5
5629,-1.95,2.49
5630,-1.95,2.48
5631,-1.95,2.47
5632,-1.95,2.46
5633,-1.95,2.45
5634,-1.95,2.44
5635,-1.95,2.43
5636,-1.95,2.42
5637,-1.95,2.41
5638,-1.96,2.4
5639,-1.95,2.39
5640,-1.96,2.38
5641,-1.95,2.37
5642,-1.96,2.36
5643,-1.96,2.35
5644,-1.95,2.34
5645,-1.96,2.33
5646,-1.96,2.32
5647,-1.96,2.31
5648,-1.96,2.3
5649,-1.96,2.29
5650,-1.96,2.28
5651,-1.96,2.27
5652,-1.96,2.26
5653,-1.96,2.25
5654,-1.96,2.24
5655,-1.96,2.23
5656,-1.96,2.22
5657,-1.96,2.21
5658,-1.96,2.2
5659,-1.96,2.19
5660,-1.96,2.18
5661,-1.96,2.18
5662,-1.96,2.17
5663,-1.96,2.16
5664,-1.96,2.15
5665,-1.97,2.14
5666,-1.96,2.13
5667,-1.97,2.12
5668,-1.97,2.11
5669,-1.97,2.1
5670,-1.97,2.09
5671,-1.96,2.08
5672,-1.97,2.07
5673,-1.97,2.07
5674,-1.97,2.06
5675,-1.97,2.06
5676,-1.97,2.05
5677,-1.97,2.05
5678,-1.97,2.04
5679,-1.98,2.04
5680,-1.98,2.04
5681,-1.97,2.04
5682,-1.98,2.04
5683,-1.97,2.03
5684,-1.98,2.03
5685,-1.97,2.03
5686,-1.98,2.03
5687,-1.98,2.03
5688,-1.98,2.03
5689,-1.98,2.03
5690,-1.98,2.03
5691,-1.98,2.03
5692,-1.98,2.03
5693,-1.98,2.03
5694,-1.98,2.03
5695,-1.98,2.03
5696,-1.98,2.03
5697,-1.98,2.03
5698,-1.98,2.03
5699,-1.98,2.03
5700,-1.98,2.03
5701,-1.98,2.02
5702,-1.98,2.02
5703,-1.98,2.02
5704,-1.98,2.01
5705,-1.98,2.01
5706,-1.98,2.0
5707,-1.98,2.0
5708,-1.98,1.99
5709,-1.98,1.99
5710,-1.99,1.98
5711,-1.98,1.98
5712,-1.99,1.97
5713,-1.99,1.96
5714,-1.99,1.96
5715,-1.99,1.95
5716,-1.99,1.95
5717,-1.99,1.94
5718,-1.99,1.94
5719,-1.99,1.93
5720,-1.99,1.93
5721,-2.0,1.92
5722,-1.99,1.92
5723,-1.99,1.92
5724,-2.0,1.91
5725,-1.99,1.91
5726,-1.99,1.91
5727,-1.99,1.91
5728,-2.0,1.91
5729,-2.0,1.9
5730,-2.0,1.9
5731,-2.0,1.91
5732,-2.0,1.91
5733,-2.0,1.91
5734,-2.0,1.91
5735,-2.0,1.91
5736,-2.0,1.91
5737,-2.0,1.91
5738,-2.0,1.92
5739,-2.0,1.92
5740,-2.0,1.92
5741,-2.0,1.92
5742,-2.0,1.92
5743,-2.0,1.93
5744,-2.0,1.93
5745,-2.0,1.93
5746,-2.0,1.93
5747,-2.0,1.93
5748,-2.0,1.93
5749,-2.0,1.93
5750,-2.0,1.93
5751,-2.0,1.92
5752,-2.0,1.92
5753,-2.0,1.92
5754,-2.0,1.92
5755,-2.0,1.92
5756,-2.0,1.91
5757,-2.01,1.91
5758,-2.01,1.91
5759,-2.01,1.91
5760,-2.01,1.9
5761,-2.0,1.9
5762,-2.01,1.9
5763,-2.01,1.89
5764,-2.01,1.89
5765,-2.01,1.88
5766,-2.01,1.88
5767,-2.01,1.88
5768,-2.01,1.88
5769,-2.01,1.87
5770,-2.01,1.87
5771,-2.01,1.87
5772,-2.01,1.86
5773,-2.01,1.86
5774,-2.01,1.86
5775,-2.01,1.86
5776,-2.01,1.85
5777,-2.01,1.85
5778,-2.01,1.84
5779,-2.01,1.84
5780,-2.01,1.84
5781,-2.01,1.83
5782,-2.01,1.83
5783,-2.01,1.82
5784,-2.01,1.82
5785,-2.01,1.82
5786,-2.01,1.81
5787,-2.01,1.81
5788,-2.02,1.8
5789,-2.01,1.8
5790,-2.01,1.79
5791,-2.01,1.79
5792,-2.01,1.78
5793,-2.01,1.78
5794,-2.01,1.77
5795,-2.01,1.77
5796,-2.01,1.76
5797,-2.01,1.76
5798,-2.01,1.75
5799,-2.0,1.75
5800,-2.01,1.74
5801,-2.0,1.74
5802,-2.0,1.73
5803,-2.0,1.73
5804,-2.0,1.73
5805,-2.0,1.72
5806,-2.01,1.72
5807,-2.0,1.71
5808,-2.0,1.7
5809,-2.0,1.7
5810,-2.0,1.69
5811,-2.0,1.69
5812,-2.0,1.68
5813,-2.0,1.67
5814,-2.0,1.66
5815,-2.0,1.65
5816,-2.0,1.65
5817,-2.0,1.64
5818,-2.0,1.63
5819,-2.0,1.62
5820,-2.0,1.62
5821,-2.0,1.61
5822,-2.0,1.6
5823,-2.0,1.6
5824,-2.0,1.59
5825,-2.0,1.58
5826,-2.0,1.58
5827,-2.0,1.58
5828,-2.0,1.57
5829,-2.0,1.57
5830,-2.0,1.57
5831,-2.0,1.56
5832,-2.0,1.56
5833,-2.0,1.56
5834,-2.0,1.55
5835,-2.0,1.55
5836,-2.0,1.54
5837,-2.0,1.54
5838,-2.0,1.54
5839,-2.0,1.53
5840,-2.0,1.53
5841,-2.0,1.53
5842,-2.0,1.53
5843,-1.99,1.53
5844,-2.0,1.52
5845,-1.98,1.52
5846,-1.99,1.52
5847,-1.99,1.52
5848,-1.99,1.52
5849,-1.99,1.52
5850,-1.99,1.52
5851,-1.99,1.52
5852,-1.98,1.52
5853,-1.99,1.52
5854,-1.99,1.52
5855,-1.99,1.52
5856,-1.99,1.52
5857,-1.98,1.52
5858,-1.98,1.52
5859,-1.98,1.51
5860,-1.99,1.51
5861,-1.99,1.51
5862,-1.98,1.51
5863,-1.98,1.51
5864,-1.98,1.51
5865,-1.98,1.51
5866,-1.98,1.5
5867,-1.98,1.5
5868,-1.98,1.5
5869,-1.98,1.5
5870,-1.98,1.5
5871,-1.98,1.5
5872,-1.98,1.5
5873,-1.98,1.5
5874,-1.98,1.5
5875,-1.98,1.5
5876,-1.98,1.5
5877,-1.98,1.5
5878,-1.98,1.5
5879,-1.98,1.5
5880,-1.98,1.5
5881,-1.98,1.5
5882,-1.98,1.5
5883,-1.98,1.5
5884,-1.98,1.5
5885,-1.98,1.5
5886,-1.98,1.5
5887,-1.98,1.5
5888,-1.97,1.5
5889,-1.98,1.5
5890,-1.98,1.5
5891,-1.98,1.5
5892,-1.97,1.5
5893,-1.98,1.51
5894,-1.98,1.51
5895,-1.98,1.51
5896,-1.97,1.51
5897,-1.98,1.51
5898,-1.97,1.51
5899,-1.97,1.51
5900,-1.97,1.51
5901,-1.97,1.51
5902,-1.98,1.51
5903,-1.98,1.51
5904,-1.97,1.51
5905,-1.97,1.51
5906,-1.97,1.51
5907,-1.97,1.51
5908,-1.97,1.51
5909,-1.97,1.51
5910,-1.98,1.5
5911,-1.97,1.5
5912,-1.97,1.5
5913,-1.97,1.5
5914,-1.97,1.5
5915,-1.97,1.49
5916,-1.96,1.49
5917,-1.97,1.49
5918,-1.96,1.49
5919,-1.96,1.48
5920,-1.96,1.48
5921,-1.96,1.48
5922,-1.96,1.48
5923,-1.96,1.48
5924,-1.96,1.48
5925,-1.96,1.48
5926,-1.96,1.48
5927,-1.96,1.48
5928,-1.96,1.48
5929,-1.96,1.48
5930,-1.96,1.48
5931,-1.96,1.49
5932,-1.96,1.49
5933,-1.96,1.49
5934,-1.96,1.49
5935,-1.96,1.49
5936,-1.96,1.5
5937,-1.96,1.5
5938,-1.96,1.5
5939,-1.96,1.5
5940,-1.96,1.5
5941,-1.96,1.5
5942,-1.96,1.5
5943,-1.96,1.5
5944,-1.96,1.5
5945,-1.96,1.5
5946,-1.96,1.5
5947,-1.96,1.5
5948,-1.96,1.5
5949,-1.96,1.5
5950,-1.96,1.5
5951,-1.96,1.5
5952,-1.96,1.49
5953,-1.96,1.49
5954,-1.95,1.49
5955,-1.95,1.49
5956,-1.95,1.49
5957,-1.96,1.49
5958,-1.95,1.49
5959,-1.95,1.49
5960,-1.95,1.49
5961,-1.95,1.49
5962,-1.95,1.49
5963,-1.95,1.49
5964,-1.95,1.49
5965,-1.95,1.49
5966,-1.95,1.49
5967,-1.95,1.49
5968,-1.95,1.49
5969,-1.95,1.49
5970,-1.95,1.49
5971,-1.95,1.5
5972,-1.95,1.5
5973,-1.95,1.5
5974,-1.95,1.5
5975,-1.95,1.5
5976,-1.95,1.51
5977,-1.95,1.51
5978,-1.95,1.51
5979,-1.95,1.51
5980,-1.95,1.52
5981,-1.95,1.52
5982,-1.94,1.52
5983,-1.95,1.52
5984,-1.95,1.52
5985,-1.95,1.52
5986,-1.95,1.52
5987,-1.95,1.52
5988,-1.95,1.52
5989,-1.95,1.52
5990,-1.95,1.52
5991,-1.95,1.52
5992,-1.94,1.52
5993,-1.94,1.52
5994,-1.95,1.52
5995,-1.94,1.52
5996,-1.94,1.52
5997,-1.94,1.51
5998,-1.94,1.51
5999,-1.95,1.51
6000,-1.94,1.51
6001,-1.94,1.5
6002,-1.94,1.5
6003,-1.94,1.5
6004,-1.94,1.49
6005,-1.95,1.49
6006,-1.94,1.49
6007,-1.93,1.48
6008,-1.94,1.48
6009,-1.94,1.48
6010,-1.94,1.47
6011,-1.94,1.47
6012,-1.93,1.46
6013,-1.93,1.46
6014,-1.93,1.45
6015,-1.93,1.45
6016,-1.93,1.44
6017,-1.93,1.43
6018,-1.93,1.43
6019,-1.93,1.42
6020,-1.93,1.41
6021,-1.93,1.41
6022,-1.93,1.4
6023,-1.93,1.4
6024,-1.93,1.39
6025,-1.93,1.39
6026,-1.93,1.38
6027,-1.93,1.38
6028,-1.93,1.37
6029,-1.93,1.37
6030,-1.93,1.36
6031,-1.93,1.36
6032,-1.93,1.36
6033,-1.93,1.35
6034,-1.93,1.35
6035,-1.93,1.35
6036,-1.93,1.34
6037,-1.93,1.34
6038,-1.93,1.33
6039,-1.93,1.33
6040,-1.93,1.33
6041,-1.92,1.32
6042,-1.93,1.32
6043,-1.93,1.31
6044,-1.92,1.31
6045,-1.92,1.3
6046,-1.93,1.3
6047,-1.93,1.29
6048,-1.93,1.29
6049,-1.92,1.29
6050,-1.93,1.28
6051,-1.92,1.28
6052,-1.92,1.27
6053,-1.92,1.27
6054,-1.92,1.26
6055,-1.92,1.26
6056,-1.92,1.26
6057,-1.91,1.25
6058,-1.92,1.25
6059,-1.91,1.24
6060,-1.92,1.24
6061,-1.91,1.23
6062,-1.91,1.23
6063,-1.91,1.22
6064,-1.92,1.21
6065,-1.91,1.21
6066,-1.92,1.2
6067,-1.92,1.19
6068,-1.91,1.18
6069,-1.91,1.18
6070,-1.91,1.17
6071,-1.91,1.16
6072,-1.91,1.15
6073,-1.91,1.14
6074,-1.91,1.14
6075,-1.91,1.13
6076,-1.91,1.12
6077,-1.91,1.11
6078,-1.91,1.11
6079,-1.91,1.1
6080,-1.91,1.09
6081,-1.91,1.09
6082,-1.91,1.08
6083,-1.91,1.08
6084,-1.91,1.08
6085,-1.91,1.07
6086,-1.91,1.07
6087,-1.91,1.07
6088,-1.91,1.07
6089,-1.91,1.08
6090,-1.91,1.08
6091,-1.9,1.08
6092,-1.91,1.09
6093,-1.9,1.09
6094,-1.91,1.1
6095,-1.91,1.11
6096,-1.9,1.11
6097,-1.9,1.12
6098,-1.9,1.13
6099,-1.9,1.13
6100,-1.9,1.14
6101,-1.9,1.15
6102,-1.9,1.15
6103,-1.9,1.16
6104,-1.9,1.17
6105,-1.9,1.18
6106,-1.9,1.18
6107,-1.9,1.19
6108,-1.89,1.19
6109,-1.9,1.2
6110,-1.9,1.2
6111,-1.9,1.2
6112,-1.89,1.21
6113,-1.9,1.21
6114,-1.9,1.21
6115,-1.89,1.21
6116,-1.89,1.2
6117,-1.89,1.2
6118,-1.89,1.2
6119,-1.9,1.2
6120,-1.89,1.19
6121,-1.89,1.19
6122,-1.89,1.18
6123,-1.89,1.18
6124,-1.89,1.17
6125,-1.89,1.16
6126,-1.89,1.16
6127,-1.89,1.15
6128,-1.89,1.14
6129,-1.89,1.13
6130,-1.89,1.12
6131,-1.89,1.11
6132,-1.89,1.1
6133,-1.89,1.1
6134,-1.89,1.09
6135,-1.89,1.08
6136,-1.89,1.07
6137,-1.89,1.07
6138,-1.89,1.06
6139,-1.89,1.06
6140,-1.89,1.05
6141,-1.88,1.04
6142,-1.89,1.04
6143,-1.89,1.04
6144,-1.89,1.03
6145,-1.89,1.03
6146,-1.89,1.03
6147,-1.89,1.03
6148,-1.88,1.03
6149,-1.88,1.03
6150,-1.88,1.03
6151,-1.88,1.03
6152,-1.88,1.03
6153,-1.88,1.04
6154,-1.88,1.04
6155,-1.88,1.04
6156,-1.88,1.04
6157,-1.88,1.04
6158,-1.88,1.04
6159,-1.88,1.04
6160,-1.88,1.04
6161,-1.87,1.04
6162,-1.87,1.05
6163,-1.88,1.05
6164,-1.88,1.05
6165,-1.87,1.05
6166,-1.87,1.05
6167,-1.88,1.05
6168,-1.87,1.05
6169,-1.87,1.04
6170,-1.88,1.04
6171,-1.87,1.04
6172,-1.87,1.04
6173,-1.87,1.04
6174,-1.87,1.04
6175,-1.87,1.03
6176,-1.87,1.03
6177,-1.87,1.03
6178,-1.87,1.02
6179,-1.87,1.02
6180,-1.87,1.02
6181,-1.87,1.01
6182,-1.87,1.01
6183,-1.87,1.01
6184,-1.87,1.01
6185,-1.87,1.01
6186,-1.87,1.01
6187,-1.87,1.0
6188,-1.87,1.0
6189,-1.87,1.0
6190,-1.87,1.0
6191,-1.87,1.0
6192,-1.87,1.0
6193,-1.87,1.0
6194,-1.87,1.0
6195,-1.87,1.0
6196,-1.87,1.0
6197,-1.87,1.0
6198,-1.87,1.0
6199,-1.87,1.0
6200,-1.86,1.0
6201,-1.86,1.0
6202,-1.86,1.0
6203,-1.86,1.0
6204,-1.86,1.0
6205,-1.86,0.99
6206,-1.86,0.99
6207,-1.86,0.99
6208,-1.86,0.99
6209,-1.86,0.99
6210,-1.86,0.99
6211,-1.86,0.99
6212,-1.86,0.99
6213,-1.86,0.99
6214,-1.86,0.99
6215,-1.85,0.99
6216,-1.85,0.99
6217,-1.85,0.99
6218,-1.85,0.99
6219,-1.85,0.99
6220,-1.85,0.99
6221,-1.85,0.99
6222,-1.85,0.99
6223,-1.85,0.99
6224,-1.85,0.99
6225,-1.85,0.99
6226,-1.85,0.99
6227,-1.85,0.99
6228,-1.85,0.99
6229,-1.85,0.99
6230,-1.85,0.99
6231,-1.85,0.99
6232,-1.85,0.99
6233,-1.85,0.99
6234,-1.85,0.99
6235,-1.85,0.99
6236,-1.85,0.99
6237,-1.85,0.99
6238,-1.85,0.99
6239,-1.85,0.99
6240,-1.85,0.99
6241,-1.85,0.99
6242,-1.85,0.99
6243,-1.85,0.99
6244,-1.85,0.99
6245,-1.85,0.99
6246,-1.85,0.99
6247,-1.84,0.99
6248,-1.84,0.99
6249,-1.84,0.99
6250,-1.84,0.99
6251,-1.84,0.99
6252,-1.84,0.99
6253,-1.85,0.99
6254,-1.84,0.99
6255,-1.85,0.99
6256,-1.84,0.99
6257,-1.84,0.99
6258,-1.84,0.99
6259,-1.84,0.99
6260,-1.84,0.99
6261,-1.84,0.99
6262,-1.83,0.99
6263,-1.84,0.99
6264,-1.83,0.99
6265,-1.84,0.99
6266,-1.83,0.99
6267,-1.83,0.99
6268,-1.83,0.99
6269,-1.83,0.99
6270,-1.83,0.99
6271,-1.84,0.99
6272,-1.83,0.99
6273,-1.83,0.99
6274,-1.83,0.99
6275,-1.83,0.99
6276,-1.83,0.99
6277,-1.83,0.99
6278,-1.83,0.99
6279,-1.83,0.99
6280,-1.83,0.99
6281,-1.83,0.99
6282,-1.83,0.99
6283,-1.83,0.99
6284,-1.83,0.99
6285,-1.83,0.99
6286,-1.83,0.99
6287,-1.83,0.99
6288,-1.82,0.99
6289,-1.82,0.99
6290,-1.83,0.99
6291,-1.82,0.99
6292,-1.83,0.99
6293,-1.82,0.99
6294,-1.83,0.99
6295,-1.82,0.99
6296,-1.82,0.99
6297,-1.82,0.99
6298,-1.82,0.99
6299,-1.82,0.99
6300,-1.82,0.99
6301,-1.82,0.99
6302,-1.82,0.99
6303,-1.82,0.99
6304,-1.81,0.99
6305,-1.82,0.99
6306,-1.81,0.99
6307,-1.81,0.99
6308,-1.82,0.99
6309,-1.81,0.99
6310,-1.81,0.99
6311,-1.81,0.99
6312,-1.81,0.99
6313,-1.81,0.99
6314,-1.81,0.99
6315,-1.81,0.99
6316,-1.81,0.99
6317,-1.81,0.99
6318,-1.81,0.99
6319,-1.81,0.99
6320,-1.81,0.99
6321,-1.81,0.99
6322,-1.81,0.99
6323,-1.81,0.99
6324,-1.81,0.99
6325,-1.81,0.99
6326,-1.81,0.99
6327,-1.81,0.99
6328,-1.81,0.99
6329,-1.81,0.99
6330,-1.81,0.99
6331,-1.8,0.99
6332,-1.8,0.99
6333,-1.8,0.99
6334,-1.81,0.99
6335,-1.81,0.99
6336,-1.81,0.99
6337,-1.8,0.99
6338,-1.8,0.99
6339,-1.8,0.99
6340,-1.8,0.99
6341,-1.8,0.99
6342,-1.8,0.99
6343,-1.8,0.99
6344,-1.8,0.99
6345,-1.8,0.99
6346,-1.8,0.99
6347,-1.8,0.99
6348,-1.8,0.99
6349,-1.8,0.99
6350,-1.8,0.99
6351,-1.8,0.99
6352,-1.8,0.99
6353,-1.8,0.99
6354,-1.8,0.99
6355,-1.8,0.99
6356,-1.8,0.99
6357,-1.79,0.99
6358,-1.79,0.99
6359,-1.79,0.99
6360,-1.79,0.99
6361,-1.79,0.99
6362,-1.79,0.99
6363,-1.79,0.99
6364,-1.79,0.99
6365,-1.79,0.99
6366,-1.79,0.99
6367,-1.79,0.99
6368,-1.79,0.99
6369,-1.79,0.99
6370,-1.79,0.99
6371,-1.78,0.99
6372,-1.79,0.99
6373,-1.78,0.99
6374,-1.78,0.99
6375,-1.78,0.99
6376,-1.78,0.99
6377,-1.78,0.99
6378,-1.78,0.99
6379,-1.78,0.99
6380,-1.78,0.99
6381,-1.78,0.99
6382,-1.78,0.99
6383,-1.78,0.99
6384,-1.78,0.99
6385,-1.78,0.99
6386,-1.78,0.99
6387,-1.78,0.99
6388,-1.78,0.99
6389,-1.78,0.99
6390,-1.77,0.99
6391,-1.77,0.99
6392,-1.78,0.99
6393,-1.77,0.99
6394,-1.77,0.99
6395,-1.77,0.99
6396,-1.77,0.99
6397,-1.77,0.99
6398,-1.76,0.99
6399,-1.77,0.99
6400,-1.77,0.99
6401,-1.76,0.99
6402,-1.77,0.99
6403,-1.76,0.99
6404,-1.76,0.99
6405,-1.76,0.99
6406,-1.76,0.99
6407,-1.76,0.99
6408,-1.76,0.99
6409,-1.76,0.99
6410,-1.76,0.99
6411,-1.76,0.99
6412,-1.76,0.99
6413,-1.76,0.99
6414,-1.76,0.99
6415,-1.76,0.99
6416,-1.76,0.99
6417,-1.76,0.99
6418,-1.76,0.99
6419,-1.76,0.99
6420,-1.76,0.99
6421,-1.76,0.99
6422,-1.76,0.99
6423,-1.76,0.99
6424,-1.76,0.99
6425,-1.75,0.99
6426,-1.75,0.99
6427,-1.75,0.99
6428,-1.75,0.99
6429,-1.75,0.99
6430,-1.75,0.99
6431,-1.74,0.99
6432,-1.75,0.99
6433,-1.75,0.99
6434,-1.75,0.99
6435,-1.74,0.99
6436,-1.74,0.99
6437,-1.74,0.99
6438,-1.74,0.99
6439,-1.74,0.99
6440,-1.74,0.99
6441,-1.74,0.99
6442,-1.74,0.99
6443,-1.74,0.99
6444,-1.74,0.99
6445,-1.74,0.99
6446,-1.74,0.99
6447,-1.74,0.99
6448,-1.74,0.99
6449,-1.74,0.99
6450,-1.74,0.99
6451,-1.74,0.99
6452,-1.74,0.99
6453,-1.73,0.99
6454,-1.73,0.99
6455,-1.73,0.99
6456,-1.73,0.99
6457,-1.73,0.99
6458,-1.73,0.99
6459,-1.73,0.99
6460,-1.73,0.99
6461,-1.72,0.99
6462,-1.73,0.99
6463,-1.72,0.99
6464,-1.72,0.99
6465,-1.72,0.99
6466,-1.72,0.99
6467,-1.72,0.99
6468,-1.72,0.99
6469,-1.72,0.99
6470,-1.72,0.99
6471,-1.72,0.99
6472,-1.72,0.99
6473,-1.72,0.99
6474,-1.72,0.99
6475,-1.72,0.99
6476,-1.71,0.99
6477,-1.72,0.99
6478,-1.71,0.99
6479,-1.72,0.99
6480,-1.71,0.99
6481,-1.71,0.99
6482,-1.71,0.99
6483,-1.71,0.99
6484,-1.71,0.99
6485,-1.71,0.99
6486,-1.7,0.99
6487,-1.71,0.99
6488,-1.71,0.99
6489,-1.7,0.99
6490,-1.71,0.99
6491,-1.7,0.99
6492,-1.7,0.99
6493,-1.7,0.99
6494,-1.7,0.99
6495,-1.7,0.99
6496,-1.7,0.99
6497,-1.7,0.99
6498,-1.7,0.99
6499,-1.7,0.99
6500,-1.7,0.99
6501,-1.7,0.99
6502,-1.7,0.99
6503,-1.7,0.99
6504,-1.7,0.99
6505,-1.69,0.99
6506,-1.69,0.99
6507,-1.69,0.99
6508,-1.69,0.99
6509,-1.69,0.99
6510,-1.69,0.99
6511,-1.68,0.99
6512,-1.69,0.99
6513,-1.69,0.99
6514,-1.68,0.99
6515,-1.68,0.99
6516,-1.68,0.99
6517,-1.68,0.99
6518,-1.68,0.99
6519,-1.68,0.99
6520,-1.68,0.99
6521,-1.68,0.99
6522,-1.68,0.99
6523,-1.68,0.99
6524,-1.68,0.99
6525,-1.68,0.99
6526,-1.68,0.99
6527,-1.68,0.99
6528,-1.67,0.99
6529,-1.67,0.99
6530,-1.67,0.99
6531,-1.67,0.99
6532,-1.67,0.99
6533,-1.67,0.99
6534,-1.67,0.99
6535,-1.67,0.99
6536,-1.67,0.99
6537,-1.67,0.99
6538,-1.67,0.99
6539,-1.67,0.99
6540,-1.67,0.99
6541,-1.66,0.99
6542,-1.67,0.99
6543,-1.67,0.99
6544,-1.66,0.99
6545,-1.66,0.99
6546,-1.66,0.99
6547,-1.66,0.99
6548,-1.66,0.99
6549,-1.66,0.99
6550,-1.65,0.99
6551,-1.65,0.99
6552,-1.66,0.99
6553,-1.66,0.99
6554,-1.65,0.99
6555,-1.65,0.99
6556,-1.65,0.99
6557,-1.65,0.99
6558,-1.65,0.99
6559,-1.65,0.99
6560,-1.65,0.99
6561,-1.65,0.99
6562,-1.65,0.99
6563,-1.65,0.99
6564,-1.65,0.99
6565,-1.64,0.99
6566,-1.65,0.99
6567,-1.64,0.99
6568,-1.65,0.99
6569,-1.64,0.99
6570,-1.64,0.99
6571,-1.64,0.99
6572,-1.64,0.99
6573,-1.64,0.99
6574,-1.63,0.99
6575,-1.63,0.99
6576,-1.63,0.99
6577,-1.63,0.99
6578,-1.63,0.99
6579,-1.63,0.99
6580,-1.63,0.99
6581,-1.63,0.99
6582,-1.63,0.99
6583,-1.63,0.99
6584,-1.63,0.99
6585,-1.63,0.99
6586,-1.63,0.99
6587,-1.63,0.99
6588,-1.62,0.99
6589,-1.62,0.99
6590,-1.62,0.99
6591,-1.62,0.99
6592,-1.62,0.99
6593,-1.62,0.99
6594,-1.62,0.99
6595,-1.61,0.99
6596,-1.62,0.99
6597,-1.61,0.99
6598,-1.61,0.99
6599,-1.61,0.99
6600,-1.61,0.99
6601,-1.61,0.99
6602,-1.61,0.99
6603,-1.61,0.99
6604,-1.61,0.99
6605,-1.61,0.99
6606,-1.61,0.99
6607,-1.61,0.99
6608,-1.6,0.99
6609,-1.6,0.99
6610,-1.61,0.99
6611,-1.6,0.99
6612,-1.6,0.99
6613,-1.6,0.99
6614,-1.6,0.99
6615,-1.59,0.99
6616,-1.6,0.99
6617,-1.59,0.99
6618,-1.59,0.99
6619,-1.59,0.99
6620,-1.59,0.99
6621,-1.59,0.99
6622,-1.59,0.99
6623,-1.59,0.99
6624,-1.59,0.99
6625,-1.59,0.99
6626,-1.59,0.99
6627,-1.59,0.99
6628,-1.59,0.99
6629,-1.59,0.99
6630,-1.59,0.99
6631,-1.58,0.99
6632,-1.58,0.99
6633,-1.58,0.99
6634,-1.58,0.99
6635,-1.57,0.99
6636,-1.57,0.99
6637,-1.57,0.99
6638,-1.57,0.99
6639,-1.57,0.99
6640,-1.57,0.99
6641,-1.57,0.99
6642,-1.57,0.99
6643,-1.57,0.99
6644,-1.57,0.99
6645,-1.57,0.99
6646,-1.57,0.99
6647,-1.56,0.99
6648,-1.56,0.99
6649,-1.57,0.99
6650,-1.56,0.99
6651,-1.56,0.99
6652,-1.56,0.99
6653,-1.56,0.99
6654,-1.56,0.99
6655,-1.56,0.99
6656,-1.56,0.99
6657,-1.55,0.99
6658,-1.55,0.99
6659,-1.55,0.99
6660,-1.55,0.99
6661,-1.55,0.99
6662,-1.55,0.99
6663,-1.55,0.99
6664,-1.55,0.99
6665,-1.55,0.99
6666,-1.54,0.99
6667,-1.55,0.99
6668,-1.54,0.99
6669,-1.54,0.99
6670,-1.54,0.99
6671,-1.54,0.99
6672,-1.54,0.99
6673,-1.53,0.99
6674,-1.54,0.99
6675,-1.53,0.99
6676,-1.53,0.99
6677,-1.53,0.99
6678,-1.53,0.99
6679,-1.53,0.99
6680,-1.53,0.99
6681,-1.53,0.99
6682,-1.53,0.99
6683,-1.53,0.99
6684,-1.53,0.99
6685,-1.53,0.99
6686,-1.53,0.99
6687,-1.52,0.99
6688,-1.52,0.99
6689,-1.53,0.99
6690,-1.52,0.99
6691,-1.52,0.99
6692,-1.52,0.99
6693,-1.52,0.99
6694,-1.52,0.99
6695,-1.51,0.99
6696,-1.52,0.99
6697,-1.52,0.99
6698,-1.51,0.99
6699,-1.51,0.99
6700,-1.51,0.99
6701,-1.51,0.99
6702,-1.51,0.99
6703,-1.51,0.99
6704,-1.51,0.99
6705,-1.51,0.99
6706,-1.5,0.99
6707,-1.5,0.99
6708,-1.5,0.99
6709,-1.5,0.99
6710,-1.5,0.99
6711,-1.5,0.99
6712,-1.5,0.99
6713,-1.5,0.99
6714,-1.49,0.99
6715,-1.5,0.99
6716,-1.49,0.99
6717,-1.5,0.99
6718,-1.49,0.99
6719,-1.49,0.99
6720,-1.49,0.99
6721,-1.49,0.99
6722,-1.49,0.99
6723,-1.48,0.99
6724,-1.48,0.99
6725,-1.48,0.99
6726,-1.48,0.99
6727,-1.48,0.99
6728,-1.48,0.99
6729,-1.48,0.99
6730,-1.48,0.99
6731,-1.48,0.99
6732,-1.48,0.99
6733,-1.48,0.99
6734,-1.48,0.99
6735,-1.47,0.99
6736,-1.48,0.99
6737,-1.47,0.99
6738,-1.47,0.99
6739,-1.46,0.99
6740,-1.46,0.99
6741,-1.46,0.99
6742,-1.46,0.99
6743,-1.46,0.99
6744,-1.46,0.99
6745,-1.46,0.99
6746,-1.46,0.99
6747,-1.46,0.99
6748,-1.46,0.99
6749,-1.46,0.99
6750,-1.46,0.99
6751,-1.45,0.99
6752,-1.46,0.99
6753,-1.45,0.99
6754,-1.45,0.99
6755,-1.45,0.99
6756,-1.45,0.99
6757,-1.45,0.99
6758,-1.44,0.99
6759,-1.44,0.99
6760,-1.44,0.99
6761,-1.44,0.99
6762,-1.44,0.99
6763,-1.44,0.99
6764,-1.44,0.99
6765,-1.44,0.99
6766,-1.44,0.99
6767,-1.44,0.99
6768,-1.43,0.99
6769,-1.44,0.99
6770,-1.43,0.99
6771,-1.43,0.99
6772,-1.43,0.99
6773,-1.42,0.99
6774,-1.43,0.99
6775,-1.42,0.99
6776,-1.42,0.99
6777,-1.42,0.99
6778,-1.42,0.99
6779,-1.42,0.99
6780,-1.42,0.99
6781,-1.42,0.99
6782,-1.42,0.99
6783,-1.42,0.99
6784,-1.41,0.99
6785,-1.41,0.99
6786,-1.41,0.99
6787,-1.41,0.99
6788,-1.41,0.99
6789,-1.41,0.99
6790,-1.41,0.99
6791,-1.4,0.99
6792,-1.4,0.99
6793,-1.41,0.99
6794,-1.4,0.99
6795,-1.4,0.99
6796,-1.4,0.99
6797,-1.4,0.99
6798,-1.4,0.99
6799,-1.4,0.99
6800,-1.39,0.99
6801,-1.39,0.99
6802,-1.39,0.99
6803,-1.39,0.99
6804,-1.39,0.99
6805,-1.38,0.99
6806,-1.38,0.99
6807,-1.38,0.99
6808,-1.38,0.99
6809,-1.38,0.99
6810,-1.38,0.99
6811,-1.38,0.99
6812,-1.38,0.99
6813,-1.38,0.99
6814,-1.37,0.99
6815,-1.38,0.99
6816,-1.37,0.99
6817,-1.37,0.99
6818,-1.37,0.99
6819,-1.37,0.99
6820,-1.37,0.99
6821,-1.37,0.99
6822,-1.37,0.99
6823,-1.37,0.99
6824,-1.37,0.99
6825,-1.37,0.99
6826,-1.36,0.99
6827,-1.36,0.99
6828,-1.36,0.99
6829,-1.36,0.99
6830,-1.36,0.99
6831,-1.36,0.99
6832,-1.35,0.99
6833,-1.35,0.99
6834,-1.35,0.99
6835,-1.35,0.99
6836,-1.35,0.99
6837,-1.35,0.99
6838,-1.35,0.99
6839,-1.34,0.99
6840,-1.35,0.99
6841,-1.35,0.99
6842,-1.35,0.99
6843,-1.34,0.99
6844,-1.34,0.99
6845,-1.34,0.99
6846,-1.33,0.99
6847,-1.33,0.99
6848,-1.33,0.99
6849,-1.33,0.99
6850,-1.33,0.99
6851,-1.33,0.99
6852,-1.33,0.99
6853,-1.33,0.99
6854,-1.33,0.99
6855,-1.32,0.99
6856,-1.33,0.99
6857,-1.33,0.99
6858,-1.32,0.99
6859,-1.32,0.99
6860,-1.32,0.99
6861,-1.31,0.99
6862,-1.31,0.99
6863,-1.31,0.99
6864,-1.31,0.99
6865,-1.31,0.99
6866,-1.31,0.99
6867,-1.31,0.99
6868,-1.31,0.99
6869,-1.31,0.99
6870,-1.31,0.99
6871,-1.3,0.99
6872,-1.3,0.99
6873,-1.3,0.99
6874,-1.3,0.99
6875,-1.29,0.99
6876,-1.29,0.99
6877,-1.29,0.99
6878,-1.29,0.99
6879,-1.29,0.99
6880,-1.29,0.99
6881,-1.29,0.99
6882,-1.29,0.99
6883,-1.29,0.99
6884,-1.29,0.99
6885,-1.29,0.99
6886,-1.28,0.99
6887,-1.28,0.99
6888,-1.27,0.99
6889,-1.28,0.99
6890,-1.27,0.99
6891,-1.27,0.99
6892,-1.27,0.99
6893,-1.27,0.99
6894,-1.27,0.99
6895,-1.27,0.99
6896,-1.27,0.99
6897,-1.27,0.99
6898,-1.27,0.99
6899,-1.27,0.99
6900,-1.26,0.99
6901,-1.26,0.99
6902,-1.26,0.99
6903,-1.26,0.99
6904,-1.25,0.99
6905,-1.25,0.99
6906,-1.25,0.99
6907,-1.25,0.99
6908,-1.25,0.99
6909,-1.25,0.99
6910,-1.25,0.99
6911,-1.25,0.99
6912,-1.25,0.99
6913,-1.25,0.99
6914,-1.25,0.99
6915,-1.25,0.99
6916,-1.24,0.99
6917,-1.24,0.99
6918,-1.24,0.99
6919,-1.23,0.99
6920,-1.23,0.99
6921,-1.23,0.99
6922,-1.23,0.99
6923,-1.23,0.99
6924,-1.23,0.99
6925,-1.23,0.99
6926,-1.23,0.99
6927,-1.23,0.99
6928,-1.23,0.99
6929,-1.22,0.99
6930,-1.22,0.99
6931,-1.22,0.99
6932,-1.22,0.99
6933,-1.22,0.99
6934,-1.21,0.99
6935,-1.21,0.99
6936,-1.21,0.99
6937,-1.21,0.99
6938,-1.21,0.99
6939,-1.21,0.99
6940,-1.21,0.99
6941,-1.21,0.99
6942,-1.2,0.99
6943,-1.2,0.99
6944,-1.2,0.99
6945,-1.2,0.99
6946,-1.2,0.99
6947,-1.2,0.99
6948,-1.2,0.99
6949,-1.19,0.99
6950,-1.19,0.99
6951,-1.19,0.99
6952,-1.18,0.99
6953,-1.19,0.99
6954,-1.18,0.99
6955,-1.18,0.99
6956,-1.18,0.99
6957,-1.18,0.99
6958,-1.18,0.99
6959,-1.18,0.99
6960,-1.18,0.99
6961,-1.18,0.99
6962,-1.17,0.99
6963,-1.17,0.99
6964,-1.17,0.99
6965,-1.17,0.99
6966,-1.17,0.99
6967,-1.17,0.99
6968,-1.16,0.99
6969,-1.16,0.99
6970,-1.16,0.99
6971,-1.16,0.99
6972,-1.16,0.99
6973,-1.16,0.99
6974,-1.16,0.99
6975,-1.16,0.99
6976,-1.15,0.99
6977,-1.16,0.99
6978,-1.14,0.99
6979,-1.14,0.99
6980,-1.14,0.99
6981,-1.14,0.99
6982,-1.14,0.99
6983,-1.14,0.99
6984,-1.14,0.99
6985,-1.14,0.99
6986,-1.14,0.99
6987,-1.14,0.99
6988,-1.14,0.99
6989,-1.13,0.99
6990,-1.13,0.99
6991,-1.13,0.99
6992,-1.12,0.99
6993,-1.13,0.99
6994,-1.12,0.99
6995,-1.12,0.99
6996,-1.12,0.99
6997,-1.12,0.99
6998,-1.12,0.99
6999,-1.12,0.99
7000,-1.12,0.99
7001,-1.12,0.99
7002,-1.11,0.99
7003,-1.11,0.99
7004,-1.11,0.99
7005,-1.1,0.99
7006,-1.11,0.99
7007,-1.1,0.99
7008,-1.1,0.99
7009,-1.1,0.99
7010,-1.1,0.99
7011,-1.1,0.99
7012,-1.1,0.99
7013,-1.1,0.99
7014,-1.1,0.99
7015,-1.09,0.99
7016,-1.09,0.99
7017,-1.09,0.99
7018,-1.09,0.99
7019,-1.09,0.99
7020,-1.08,0.99
7021,-1.09,0.99
7022,-1.08,0.99
7023,-1.08,0.99
7024,-1.08,0.99
7025,-1.08,0.99
7026,-1.08,0.99
7027,-1.07,0.99
7028,-1.07,0.99
7029,-1.07,0.99
7030,-1.07,0.99
7031,-1.07,0.99
7032,-1.07,0.99
7033,-1.07,0.99
7034,-1.06,0.99
7035,-1.06,0.99
7036,-1.06,0.99
7037,-1.06,0.99
7038,-1.06,0.99
7039,-1.06,0.99
7040,-1.05,0.99
7041,-1.05,0.99
7042,-1.05,0.99
7043,-1.05,0.99
7044,-1.05,0.99
7045,-1.05,0.99
7046,-1.04,0.99
7047,-1.04,0.99
7048,-1.04,0.99
7049,-1.04,0.99
7050,-1.04,0.99
7051,-1.03,0.99
7052,-1.03,0.99
7053,-1.03,0.99
7054,-1.03,0.99
7055,-1.03,0.99
7056,-1.03,0.99
7057,-1.03,0.99
7058,-1.03,0.99
7059,-1.02,0.99
7060,-1.02,0.99
7061,-1.01,0.99
7062,-1.01,0.99
7063,-1.01,0.99
7064,-1.01,0.99
7065,-1.01,0.99
7066,-1.01,0.99
7067,-1.01,0.99
7068,-1.01,0.99
7069,-1.01,0.99
7070,-1.0,0.99
7071,-1.0,0.99
7072,-1.0,0.99
7073,-1.0,0.99
7074,-0.99,0.99
7075,-0.99,0.99
7076,-0.99,0.99
7077,-0.99,0.99
7078,-0.99,0.99
7079,-0.99,0.99
7080,-0.98,0.99
7081,-0.99,0.99
7082,-0.98,0.99
7083,-0.97,0.99
7084,-0.98,0.99
7085,-0.98,0.99
7086,-0.97,0.99
7087,-0.97,0.99
7088,-0.97,0.99
7089,-0.97,0.99
7090,-0.97,0.99
7091,-0.96,0.99
7092,-0.97,0.99
7093,-0.97,0.99
7094,-0.96,0.99
7095,-0.95,0.99
7096,-0.95,0.99
7097,-0.96,0.99
7098,-0.95,0.99
7099,-0.95,0.99
7100,-0.95,0.99
7101,-0.95,0.99
7102,-0.95,0.99
7103,-0.94,0.99
7104,-0.95,0.99
7105,-0.94,0.99
7106,-0.94,0.99
7107,-0.94,0.99
7108,-0.94,0.99
7109,-0.94,0.99
7110,-0.93,0.99
7111,-0.94,0.99
7112,-0.94,0.99
7113,-0.94,0.99
7114,-0.93,0.99
7115,-0.92,0.99
7116,-0.92,0.99
7117,-0.92,0.99
7118,-0.92,0.99
7119,-0.92,0.99
7120,-0.92,0.99
7121,-0.92,0.99
7122,-0.92,0.99
7123,-0.91,0.99
7124,-0.92,0.99
7125,-0.91,0.99
7126,-0.91,0.99
7127,-0.9,0.99
7128,-0.9,0.99
7129,-0.9,0.99
7130,-0.9,0.99
7131,-0.9,0.99
7132,-0.9,0.99
7133,-0.9,0.99
7134,-0.89,0.99
7135,-0.89,0.99
7136,-0.89,0.99
7137,-0.89,0.99
7138,-0.88,0.99
7139,-0.88,0.99
7140,-0.88,0.99
7141,-0.88,0.99
7142,-0.88,0.99
7143,-0.88,0.99
7144,-0.88,0.99
7145,-0.88,0.99
7146,-0.87,0.99
7147,-0.87,0.99
7148,-0.87,0.99
7149,-0.86,0.99
7150,-0.86,0.99
7151,-0.86,0.99
7152,-0.86,0.99
7153,-0.86,0.99
7154,-0.86,0.99
7155,-0.86,0.99
7156,-0.86,0.99
7157,-0.85,0.99
7158,-0.85,0.99
7159,-0.85,0.99
7160,-0.84,0.99
7161,-0.84,0.99
7162,-0.84,0.99
7163,-0.84,0.99
7164,-0.84,0.99
7165,-0.84,0.99
7166,-0.84,0.99
7167,-0.83,0.99
7168,-0.83,0.99
7169,-0.83,0.99
7170,-0.83,0.99
7171,-0.82,0.99
7172,-0.82,0.99
7173,-0.82,0.99
7174,-0.82,0.99
7175,-0.82,0.99
7176,-0.82,0.99
7177,-0.82,0.99
7178,-0.81,0.99
7179,-0.81,0.99
7180,-0.8,0.99
7181,-0.81,0.99
7182,-0.8,0.99
7183,-0.8,0.99
7184,-0.8,0.99
7185,-0.8,0.99
7186,-0.8,0.99
7187,-0.8,0.99
7188,-0.79,0.99
7189,-0.79,0.99
7190,-0.79,0.99
7191,-0.79,0.99
7192,-0.79,0.99
7193,-0.79,0.99
7194,-0.78,0.99
7195,-0.78,0.99
7196,-0.78,0.99
7197,-0.78,0.99
7198,-0.78,0.99
7199,-0.77,0.99
7200,-0.77,0.99
7201,-0.77,0.99
7202,-0.77,0.99
7203,-0.77,0.99
7204,-0.77,0.99
7205,-0.76,0.99
7206,-0.77,0.99
7207,-0.76,0.99
7208,-0.76,0.99
7209,-0.75,0.99
7210,-0.75,0.99
7211,-0.75,0.99
7212,-0.75,0.99
7213,-0.75,0.99
7214,-0.75,0.99
7215,-0.74,0.99
7216,-0.74,0.99
7217,-0.74,0.99
7218,-0.74,0.99
7219,-0.73,0.99
7220,-0.73,0.99
7221,-0.73,0.99
7222,-0.73,0.99
7223,-0.73,0.99
7224,-0.73,0.99
7225,-0.73,0.99
7226,-0.73,0.99
7227,-0.72,0.99
7228,-0.72,0.99
7229,-0.72,0.99
7230,-0.71,0.99
7231,-0.72,0.99
7232,-0.71,0.99
7233,-0.71,0.99
7234,-0.71,0.99
7235,-0.71,0.99
7236,-0.71,0.99
7237,-0.7,0.99
7238,-0.7,0.99
7239,-0.69,0.99
7240,-0.69,0.99
7241,-0.69,0.99
7242,-0.69,0.99
7243,-0.69,0.99
7244,-0.69,0.99
7245,-0.69,0.99
7246,-0.69,0.99
7247,-0.68,0.99
7248,-0.68,0.99
7249,-0.68,0.99
7250,-0.68,0.99
7251,-0.68,0.99
7252,-0.67,0.99
7253,-0.67,0.99
7254,-0.67,0.99
7255,-0.67,0.99
7256,-0.66,0.99
7257,-0.67,0.99
7258,-0.66,0.99
7259,-0.65,0.99
7260,-0.65,0.99
7261,-0.65,0.99
7262,-0.65,0.99
7263,-0.65,0.99
7264,-0.65,0.99
7265,-0.65,0.99
7266,-0.64,0.99
7267,-0.64,0.99
7268,-0.64,0.99
7269,-0.64,0.99
7270,-0.64,0.99
7271,-0.64,0.99
7272,-0.64,0.99
7273,-0.64,0.99
7274,-0.64,0.99
7275,-0.63,0.99
7276,-0.62,0.99
7277,-0.63,0.99
7278,-0.62,0.99
7279,-0.62,0.99
7280,-0.62,0.99
7281,-0.62,0.99
7282,-0.62,0.99
7283,-0.62,0.99
7284,-0.61,0.99
7285,-0.61,0.99
7286,-0.61,0.99
7287,-0.6,0.99
7288,-0.6,0.99
7289,-0.6,0.99
7290,-0.6,0.99
7291,-0.6,0.99
7292,-0.6,1.0
7293,-0.59,1.0
7294,-0.59,1.01
7295,-0.59,1.03
7296,-0.58,1.04
7297,-0.58,1.05
7298,-0.58,1.07
7299,-0.58,1.08
7300,-0.58,1.09
7301,-0.58,1.1
7302,-0.58,1.11
7303,-0.56,1.11
7304,-0.57,1.12
7305,-0.57,1.12
7306,-0.56,1.12
7307,-0.56,1.12
7308,-0.56,1.12
7309,-0.56,1.12
7310,-0.56,1.11
7311,-0.56,1.11
7312,-0.56,1.11
7313,-0.55,1.11
7314,-0.55,1.11
7315,-0.55,1.11
7316,-0.54,1.12
7317,-0.54,1.13
7318,-0.54,1.14
7319,-0.54,1.15
7320,-0.54,1.16
7321,-0.54,1.17
7322,-0.54,1.19
7323,-0.52,1.2
7324,-0.52,1.22
7325,-0.52,1.24
7326,-0.52,1.26
7327,-0.52,1.28
7328,-0.52,1.3
7329,-0.52,1.31
7330,-0.52,1.33
7331,-0.51,1.35
7332,-0.51,1.37
7333,-0.51,1.38
7334,-0.51,1.39
7335,-0.51,1.41
7336,-0.51,1.42
7337,-0.51,1.43
7338,-0.51,1.44
7339,-0.5,1.45
7340,-0.5,1.46
7341,-0.49,1.47
7342,-0.49,1.47
7343,-0.49,1.48
7344,-0.49,1.49
7345,-0.49,1.5
7346,-0.49,1.5
7347,-0.49,1.51
7348,-0.49,1.52
7349,-0.49,1.53
7350,-0.48,1.54
7351,-0.47,1.55
7352,-0.47,1.56
7353,-0.47,1.57
7354,-0.47,1.57
7355,-0.47,1.58
7356,-0.47,1.59
7357,-0.47,1.6
7358,-0.46,1.61
7359,-0.46,1.61
7360,-0.46,1.62
7361,-0.46,1.62
7362,-0.45,1.63
7363,-0.45,1.63
7364,-0.45,1.64
7365,-0.45,1.64
7366,-0.45,1.64
7367,-0.44,1.65
7368,-0.44,1.65
7369,-0.44,1.65
7370,-0.44,1.65
7371,-0.44,1.66
7372,-0.43,1.66
7373,-0.43,1.66
7374,-0.43,1.66
7375,-0.43,1.66
7376,-0.43,1.66
7377,-0.43,1.67
7378,-0.43,1.67
7379,-0.42,1.67
7380,-0.42,1.67
7381,-0.42,1.67
7382,-0.41,1.67
7383,-0.41,1.67
7384,-0.41,1.67
7385,-0.41,1.67
7386,-0.41,1.67
7387,-0.4,1.67
7388,-0.4,1.68
7389,-0.4,1.68
7390,-0.39,1.68
7391,-0.39,1.68
7392,-0.39,1.68
7393,-0.39,1.68
7394,-0.39,1.68
7395,-0.39,1.68
7396,-0.39,1.68
7397,-0.38,1.68
7398,-0.38,1.69
7399,-0.38,1.69
7400,-0.37,1.69
7401,-0.37,1.69
7402,-0.37,1.7
7403,-0.37,1.7
7404,-0.37,1.71
7405,-0.37,1.72
7406,-0.36,1.72
7407,-0.36,1.73
7408,-0.36,1.74
7409,-0.36,1.74
7410,-0.36,1.75
7411,-0.36,1.76
7412,-0.36,1.77
7413,-0.36,1.78
7414,-0.35,1.8
7415,-0.34,1.81
7416,-0.34,1.82
7417,-0.34,1.83
7418,-0.34,1.84
7419,-0.34,1.85
7420,-0.34,1.86
7421,-0.34,1.87
7422,-0.33,1.88
7423,-0.33,1.89
7424,-0.33,1.9
7425,-0.33,1.9
7426,-0.33,1.91
7427,-0.32,1.92
7428,-0.32,1.93
7429,-0.32,1.93
7430,-0.32,1.94
7431,-0.32,1.94
7432,-0.31,1.95
7433,-0.31,1.96
7434,-0.31,1.96
7435,-0.3,1.97
7436,-0.3,1.97
7437,-0.3,1.98
7438,-0.3,1.98
7439,-0.3,1.99
7440,-0.3,1.99
7441,-0.3,2.0
7442,-0.29,2.0
7443,-0.29,2.01
7444,-0.29,2.01
7445,-0.28,2.02
7446,-0.28,2.02
7447,-0.28,2.02
7448,-0.28,2.03
7449,-0.27,2.03
7450,-0.27,2.03
7451,-0.27,2.03
7452,-0.27,2.03
7453,-0.26,2.03
7454,-0.26,2.03
7455,-0.26,2.03
7456,-0.26,2.03
7457,-0.26,2.03
7458,-0.26,2.03
7459,-0.26,2.02
7460,-0.25,2.02
7461,-0.24,2.02
7462,-0.25,2.02
7463,-0.24,2.02
7464,-0.24,2.02
7465,-0.24,2.02
7466,-0.24,2.02
7467,-0.23,2.02
7468,-0.23,2.02
7469,-0.23,2.03
7470,-0.23,2.03
7471,-0.22,2.04
7472,-0.22,2.04
7473,-0.22,2.05
7474,-0.22,2.06
7475,-0.22,2.07
7476,-0.21,2.07
7477,-0.21,2.08
7478,-0.21,2.09
7479,-0.21,2.1
7480,-0.21,2.11
7481,-0.21,2.12
7482,-0.21,2.12
7483,-0.2,2.13
7484,-0.2,2.14
7485,-0.2,2.14
7486,-0.19,2.15
7487,-0.19,2.15
7488,-0.19,2.16
7489,-0.19,2.16
7490,-0.19,2.17
7491,-0.19,2.17
7492,-0.18,2.17
7493,-0.18,2.18
7494,-0.18,2.18
7495,-0.17,2.18
7496,-0.17,2.18
7497,-0.17,2.19
7498,-0.17,2.19
7499,-0.16,2.19
7500,-0.16,2.19
7501,-0.16,2.19
7502,-0.16,2.19
7503,-0.16,2.19
7504,-0.15,2.19
7505,-0.15,2.19
7506,-0.15,2.19
7507,-0.15,2.19
7508,-0.15,2.19
7509,-0.14,2.19
7510,-0.14,2.19
7511,-0.14,2.19
7512,-0.13,2.19
7513,-0.13,2.19
7514,-0.13,2.2
7515,-0.13,2.2
7516,-0.13,2.2
7517,-0.13,2.2
7518,-0.12,2.2
7519,-0.12,2.21
7520,-0.12,2.21
7521,-0.11,2.21
7522,-0.11,2.22
7523,-0.11,2.22
7524,-0.11,2.22
7525,-0.11,2.23
7526,-0.11,2.23
7527,-0.11,2.24
7528,-0.1,2.24
7529,-0.1,2.25
7530,-0.09,2.25
7531,-0.09,2.26
7532,-0.09,2.26
7533,-0.09,2.27
7534,-0.09,2.28
7535,-0.09,2.28
7536,-0.09,2.29
7537,-0.08,2.29
7538,-0.08,2.3
7539,-0.07,2.31
7540,-0.07,2.31
7541,-0.07,2.32
7542,-0.07,2.32
7543,-0.07,2.33
7544,-0.07,2.33
7545,-0.06,2.34
7546,-0.06,2.34
7547,-0.06,2.34
7548,-0.06,2.35
7549,-0.06,2.35
7550,-0.06,2.35
7551,-0.06,2.35
7552,-0.05,2.35
7553,-0.05,2.36
7554,-0.05,2.36
7555,-0.04,2.36
7556,-0.04,2.36
7557,-0.04,2.36
7558,-0.04,2.36
7559,-0.03,2.36
7560,-0.03,2.37
7561,-0.03,2.37
7562,-0.03,2.37
7563,-0.02,2.38
7564,-0.02,2.38
7565,-0.02,2.39
7566,-0.02,2.39
7567,-0.02,2.4
7568,-0.02,2.4
7569,-0.02,2.41
7570,-0.01,2.41
7571,-0.01,2.42
7572,-0.01,2.42
7573,-0.0,2.43
7574,-0.0,2.43
7575,0.0,2.44
7576,0.0,2.44
7577,0.0,2.45
7578,0.01,2.45
7579,0.01,2.46
7580,0.02,2.46
7581,0.02,2.46
7582,0.02,2.47
7583,0.02,2.47
7584,0.02,2.48
7585,0.02,2.48
7586,0.02,2.49
7587,0.03,2.49
7588,0.03,2.5
7589,0.03,2.5
7590,0.03,2.5
7591,0.04,2.51
7592,0.04,2.51
7593,0.04,2.52
7594,0.04,2.52
7595,0.04,2.52
7596,0.04,2.52
7597,0.05,2.53
7598,0.05,2.53
7599,0.05,2.53
7600,0.06,2.53
7601,0.06,2.53
7602,0.06,2.54
7603,0.06,2.54
7604,0.06,2.54
7605,0.06,2.54
7606,0.06,2.54
7607,0.07,2.54
7608,0.07,2.55
7609,0.07,2.55
7610,0.07,2.55
7611,0.08,2.55
7612,0.08,2.56
7613,0.08,2.56
7614,0.08,2.57
7615,0.08,2.57
7616,0.09,2.58
7617,0.09,2.58
7618,0.09,2.59
7619,0.09,2.59
7620,0.09,2.6
7621,0.09,2.61
7622,0.1,2.61
7623,0.1,2.62
7624,0.1,2.63
7625,0.11,2.63
7626,0.11,2.64
7627,0.11,2.64
7628,0.11,2.65
7629,0.11,2.66
7630,0.11,2.66
7631,0.12,2.66
7632,0.12,2.67
7633,0.12,2.67
7634,0.13,2.68
7635,0.13,2.68
7636,0.13,2.69
7637,0.13,2.69
7638,0.13,2.69
7639,0.13,2.7
7640,0.13,2.7
7641,0.14,2.71
7642,0.14,2.71
7643,0.14,2.71
7644,0.15,2.72
7645,0.15,2.72
7646,0.15,2.73
7647,0.15,2.73
7648,0.15,2.73
7649,0.16,2.74
7650,0.16,2.74
7651,0.16,2.74
7652,0.17,2.74
7653,0.17,2.75
7654,0.17,2.75
7655,0.17,2.75
7656,0.17,2.76
7657,0.17,2.76
7658,0.17,2.76
7659,0.17,2.77
7660,0.18,2.77
7661,0.18,2.78
7662,0.18,2.78
7663,0.19,2.78
7664,0.19,2.79
7665,0.19,2.79
7666,0.19,2.8
7667,0.19,2.8
7668,0.19,2.8
7669,0.2,2.81
7670,0.21,2.81
7671,0.2,2.82
7672,0.21,2.82
7673,0.21,2.82
7674,0.21,2.83
7675,0.21,2.83
7676,0.21,2.83
7677,0.21,2.84
7678,0.21,2.84
7679,0.22,2.84
7680,0.22,2.84
7681,0.22,2.85
7682,0.22,2.85
7683,0.23,2.85
7684,0.22,2.85
7685,0.23,2.85
7686,0.23,2.85
7687,0.24,2.85
7688,0.24,2.85
7689,0.24,2.86
7690,0.24,2.86
7691,0.24,2.86
7692,0.24,2.86
7693,0.25,2.86
7694,0.25,2.87
7695,0.25,2.87
7696,0.26,2.87
7697,0.26,2.88
7698,0.26,2.88
7699,0.26,2.89
7700,0.26,2.89
7701,0.26,2.9
7702,0.26,2.9
7703,0.27,2.91
7704,0.28,2.91
7705,0.28,2.91
7706,0.28,2.92
7707,0.28,2.92
7708,0.28,2.93
7709,0.28,2.93
7710,0.28,2.94
7711,0.29,2.94
7712,0.29,2.95
7713,0.29,2.95
7714,0.29,2.96
7715,0.29,2.97
7716,0.3,2.97
7717,0.3,2.98
7718,0.3,2.98
7719,0.3,2.99
7720,0.3,2.99
7721,0.3,3.0
7722,0.31,3.01
7723,0.31,3.01
7724,0.31,3.02
7725,0.32,3.02
7726,0.32,3.03
7727,0.32,3.03
7728,0.32,3.04
7729,0.32,3.04
7730,0.32,3.05
7731,0.33,3.05
7732,0.33,3.06
7733,0.34,3.06
7734,0.34,3.06
7735,0.34,3.07
7736,0.34,3.07
7737,0.34,3.07
7738,0.34,3.08
7739,0.34,3.08
7740,0.35,3.08
7741,0.36,3.09
7742,0.36,3.09
7743,0.36,3.1
7744,0.36,3.1
7745,0.36,3.1
7746,0.36,3.11
7747,0.36,3.11
7748,0.36,3.11
7749,0.37,3.12
7750,0.37,3.12
7751,0.37,3.13
7752,0.37,3.13
7753,0.37,3.14
7754,0.37,3.14
7755,0.38,3.14
7756,0.38,3.15
7757,0.38,3.15
7758,0.38,3.16
7759,0.39,3.16
7760,0.39,3.17
7761,0.39,3.17
7762,0.4,3.18
7763,0.39,3.18
7764,0.39,3.19
7765,0.4,3.19
7766,0.4,3.2
7767,0.41,3.2
7768,0.4,3.21
7769,0.41,3.21
7770,0.41,3.22
7771,0.41,3.23
7772,0.41,3.23
7773,0.42,3.24
7774,0.42,3.25
7775,0.42,3.25
7776,0.42,3.26
7777,0.43,3.27
7778,0.43,3.27
7779,0.43,3.28
7780,0.43,3.28
7781,0.43,3.29
7782,0.43,3.3
7783,0.44,3.3
7784,0.44,3.31
7785,0.44,3.32
7786,0.45,3.32
7787,0.45,3.33
7788,0.45,3.33
7789,0.45,3.34
7790,0.45,3.34
7791,0.46,3.35
7792,0.45,3.35
7793,0.45,3.36
7794,0.46,3.36
7795,0.47,3.37
7796,0.47,3.37
7797,0.47,3.37
7798,0.47,3.38
7799,0.47,3.38
7800,0.47,3.39
7801,0.48,3.39
7802,0.47,3.39
7803,0.48,3.39
7804,0.49,3.4
7805,0.49,3.4
7806,0.49,3.4
7807,0.49,3.41
7808,0.49,3.41
7809,0.49,3.41
7810,0.49,3.42
7811,0.5,3.42
7812,0.51,3.42
7813,0.51,3.42
7814,0.51,3.43
7815,0.51,3.43
7816,0.51,3.43
7817,0.51,3.43
7818,0.52,3.44
7819,0.52,3.44
7820,0.52,3.44
7821,0.52,3.45
7822,0.52,3.45
7823,0.52,3.45
7824,0.52,3.46
7825,0.52,3.46
7826,0.52,3.46
7827,0.53,3.47
7828,0.53,3.47
7829,0.54,3.47
7830,0.54,3.48
7831,0.54,3.48
7832,0.54,3.48
7833,0.54,3.49
7834,0.54,3.49
7835,0.54,3.49
7836,0.55,3.5
7837,0.56,3.5
7838,0.56,3.51
7839,0.56,3.51
7840,0.56,3.51
7841,0.56,3.51
7842,0.56,3.52
7843,0.56,3.52
7844,0.56,3.52
7845,0.57,3.53
7846,0.58,3.53
7847,0.58,3.53
7848,0.58,3.54
7849,0.58,3.54
7850,0.58,3.54
7851,0.58,3.55
7852,0.58,3.55
7853,0.58,3.55
7854,0.59,3.56
7855,0.59,3.56
7856,0.6,3.57
7857,0.6,3.57
7858,0.6,3.57
7859,0.6,3.58
7860,0.6,3.58
7861,0.6,3.59
7862,0.6,3.59
7863,0.61,3.6
7864,0.61,3.6
7865,0.62,3.61
7866,0.61,3.61
7867,0.62,3.62
7868,0.62,3.62
7869,0.62,3.63
7870,0.62,3.63
7871,0.62,3.64
7872,0.62,3.64
7873,0.63,3.65
7874,0.63,3.65
7875,0.64,3.65
7876,0.64,3.66
7877,0.64,3.66
7878,0.64,3.67
7879,0.64,3.67
7880,0.64,3.68
7881,0.64,3.68
7882,0.65,3.68
7883,0.65,3.69
7884,0.65,3.69
7885,0.65,3.69
7886,0.65,3.69
7887,0.65,3.7
7888,0.66,3.7
7889,0.66,3.7
7890,0.66,3.7
7891,0.66,3.7
7892,0.67,3.7
7893,0.67,3.71
7894,0.67,3.71
7895,0.67,3.71
7896,0.68,3.71
7897,0.67,3.71
7898,0.68,3.71
7899,0.68,3.72
7900,0.68,3.72
7901,0.69,3.72
7902,0.69,3.73
7903,0.69,3.73
7904,0.69,3.74
7905,0.69,3.74
7906,0.7,3.74
7907,0.7,3.75
7908,0.71,3.76
7909,0.71,3.76
7910,0.71,3.77
7911,0.71,3.77
7912,0.71,3.78
7913,0.71,3.79
7914,0.71,3.79
7915,0.71,3.8
7916,0.72,3.81
7917,0.72,3.81
7918,0.72,3.82
7919,0.73,3.83
7920,0.73,3.84
7921,0.73,3.84
7922,0.73,3.85
7923,0.73,3.86
7924,0.74,3.87
7925,0.74,3.87
7926,0.74,3.88
7927,0.74,3.89
7928,0.75,3.9
7929,0.75,3.9
7930,0.75,3.91
7931,0.75,3.92
7932,0.75,3.92
7933,0.75,3.93
7934,0.76,3.94
7935,0.76,3.94
7936,0.76,3.95
7937,0.77,3.95
7938,0.77,3.96
7939,0.77,3.96
7940,0.77,3.96
7941,0.77,3.97
7942,0.77,3.97
7943,0.78,3.97
7944,0.78,3.98
7945,0.78,3.98
7946,0.79,3.98
7947,0.79,3.99
7948,0.79,3.99
7949,0.79,3.99
7950,0.79,4.0
7951,0.79,4.0
7952,0.8,4.01
7953,0.79,4.01
7954,0.8,4.01
7955,0.8,4.02
7956,0.8,4.02
7957,0.8,4.03
7958,0.81,4.03
7959,0.81,4.04
7960,0.81,4.04
7961,0.81,4.05
7962,0.81,4.05
7963,0.82,4.06
7964,0.82,4.06
7965,0.82,4.07
7966,0.82,4.08
7967,0.82,4.08
7968,0.82,4.09
7969,0.83,4.09
7970,0.83,4.1
7971,0.84,4.11
7972,0.84,4.11
7973,0.84,4.12
7974,0.84,4.13
7975,0.84,4.14
7976,0.84,4.14
7977,0.84,4.15
7978,0.85,4.16
7979,0.85,4.17
7980,0.85,4.18
7981,0.85,4.19
7982,0.86,4.19
7983,0.86,4.2
7984,0.86,4.21
7985,0.86,4.22
7986,0.86,4.23
7987,0.86,4.24
7988,0.87,4.25
7989,0.87,4.26
7990,0.87,4.27
7991,0.87,4.28
7992,0.88,4.3
7993,0.88,4.31
7994,0.88,4.32
7995,0.88,4.33
7996,0.88,4.34
7997,0.89,4.35
7998,0.89,4.36
7999,0.89,4.38
8000,0.9,4.39
8001,0.9,4.4
8002,0.9,4.42
8003,0.9,4.43
8004,0.9,4.44
8005,0.9,4.45
8006,0.9,4.47
8007,0.91,4.48
8008,0.91,4.49
8009,0.92,4.5
8010,0.91,4.52
8011,0.92,4.53
8012,0.92,4.54
8013,0.92,4.55
8014,0.92,4.57
8015,0.92,4.58
8016,0.92,4.59
8017,0.93,4.6
8018,0.93,4.61
8019,0.93,4.62
8020,0.94,4.64
8021,0.94,4.65
8022,0.94,4.66
8023,0.94,4.67
8024,0.94,4.68
8025,0.94,4.69
8026,0.95,4.71
8027,0.95,4.72
8028,0.95,4.73
8029,0.95,4.74
8030,0.95,4.75
8031,0.95,4.76
8032,0.95,4.77
8033,0.96,4.78
8034,0.96,4.79
8035,0.96,4.8
8036,0.97,4.81
8037,0.97,4.81
8038,0.97,4.82
8039,0.97,4.83
8040,0.97,4.84
8041,0.97,4.85
8042,0.98,4.86
8043,0.97,4.87
8044,0.98,4.88
8045,0.98,4.89
8046,0.98,4.9
8047,0.99,4.91
8048,0.99,4.92
8049,0.99,4.93
8050,0.99,4.94
8051,0.99,4.96
8052,0.99,4.97
8053,1.0,4.98
8054,1.0,4.99
8055,1.0,5.0
8056,1.01,5.01
8057,1.01,5.03
8058,1.01,5.04
8059,1.01,5.05
8060,1.01,5.07
8061,1.01,5.08
8062,1.02,5.09
8063,1.02,5.11
8064,1.01,5.12
8065,1.02,5.13
8066,1.03,5.15
8067,1.03,5.16
8068,1.03,5.18
8069,1.03,5.19
8070,1.03,5.21
8071,1.03,5.22
8072,1.03,5.23
8073,1.04,5.24
8074,1.04,5.26
8075,1.05,5.27
8076,1.04,5.28
8077,1.05,5.3
8078,1.05,5.31
8079,1.05,5.32
8080,1.05,5.33
8081,1.05,5.34
8082,1.05,5.35
8083,1.05,5.35
8084,1.06,5.36
8085,1.06,5.38
8086,1.06,5.38
8087,1.07,5.39
8088,1.07,5.4
8089,1.07,5.41
8090,1.07,5.42
8091,1.07,5.43
8092,1.07,5.44
8093,1.08,5.45
8094,1.08,5.46
8095,1.08,5.48
8096,1.08,5.49
8097,1.08,5.5
8098,1.09,5.51
8099,1.09,5.52
8100,1.09,5.54
8101,1.09,5.55
8102,1.09,5.57
8103,1.09,5.58
8104,1.09,5.6
8105,1.1,5.61
8106,1.1,5.63
8107,1.1,5.65
8108,1.1,5.66
8109,1.1,5.68
8110,1.1,5.7
8111,1.1,5.72
8112,1.11,5.74
8113,1.11,5.76
8114,1.11,5.78
8115,1.11,5.8
8116,1.12,5.82
8117,1.12,5.84
8118,1.12,5.86
8119,1.12,5.88
8120,1.12,5.91
8121,1.12,5.93
8122,1.12,5.95
8123,1.12,5.97
8124,1.12,6.0
8125,1.13,6.02
8126,1.14,6.04
8127,1.14,6.06
8128,1.14,6.09
8129,1.14,6.11
8130,1.14,6.13
8131,1.14,6.15
8132,1.14,6.17
8133,1.14,6.19
8134,1.14,6.2
8135,1.15,6.22
8136,1.15,6.24
8137,1.15,6.25
8138,1.16,6.27
8139,1.16,6.28
8140,1.16,6.29
8141,1.16,6.3
8142,1.16,6.32
8143,1.16,6.33
8144,1.16,6.34
8145,1.17,6.35
8146,1.17,6.36
8147,1.17,6.37
8148,1.17,6.38
8149,1.17,6.39
8150,1.17,6.4
8151,1.18,6.41
8152,1.18,6.42
8153,1.18,6.43
8154,1.18,6.44
8155,1.18,6.46
8156,1.18,6.47
8157,1.19,6.48
8158,1.19,6.5
8159,1.19,6.51
8160,1.19,6.53
8161,1.19,6.54
8162,1.2,6.56
8163,1.2,6.58
8164,1.2,6.59
8165,1.2,6.61
8166,1.2,6.62
8167,1.2,6.64
8168,1.2,6.66
8169,1.2,6.67
8170,1.21,6.69
8171,1.21,6.71
8172,1.21,6.72
8173,1.22,6.74
8174,1.22,6.76
8175,1.22,6.78
8176,1.22,6.79
8177,1.22,6.81
8178,1.22,6.83
8179,1.22,6.85
8180,1.23,6.87
8181,1.22,6.88
8182,1.23,6.9
8183,1.23,6.92
8184,1.23,6.94
8185,1.23,6.96
8186,1.23,6.98
8187,1.23,7.0
8188,1.23,7.02
8189,1.24,7.04
8190,1.24,7.06
8191,1.24,7.08
8192,1.25,7.1
8193,1.25,7.13
8194,1.24,7.15
8195,1.25,7.16
8196,1.25,7.18
8197,1.25,7.2
8198,1.25,7.22
8199,1.25,7.24
8200,1.25,7.25
8201,1.25,7.27
8202,1.26,7.29
8203,1.26,7.3
8204,1.26,7.32
8205,1.26,7.33
8206,1.26,7.35
8207,1.27,7.36
8208,1.27,7.37
8209,1.27,7.39
8210,1.27,7.4
8211,1.27,7.42
8212,1.27,7.43
8213,1.27,7.45
8214,1.28,7.47
8215,1.27,7.49
8216,1.28,7.5
8217,1.28,7.52
8218,1.28,7.54
8219,1.28,7.56
8220,1.28,7.58
8221,1.29,7.6
8222,1.29,7.62
8223,1.29,7.64
8224,1.29,7.66
8225,1.29,7.68
8226,1.29,7.69
8227,1.3,7.71
8228,1.3,7.73
8229,1.3,7.75
8230,1.3,7.77
8231,1.31,7.79
8232,1.31,7.81
8233,1.31,7.82
8234,1.31,7.84
8235,1.31,7.86
8236,1.31,7.87
8237,1.31,7.89
8238,1.31,7.9
8239,1.31,7.92
8240,1.31,7.93
8241,1.32,7.94
8242,1.32,7.95
8243,1.32,7.97
8244,1.33,7.98
8245,1.33,8.0
8246,1.33,8.01
8247,1.33,8.03
8248,1.33,8.04
8249,1.33,8.06
8250,1.33,8.07
8251,1.33,8.09
8252,1.33,8.1
8253,1.34,8.11
8254,1.33,8.13
8255,1.33,8.14
8256,1.34,8.16
8257,1.34,8.18
8258,1.34,8.19
8259,1.35,8.21
8260,1.35,8.23
8261,1.35,8.24
8262,1.35,8.26
8263,1.35,8.28
8264,1.35,8.3
8265,1.35,8.31
8266,1.35,8.33
8267,1.35,8.35
8268,1.35,8.36
8269,1.36,8.38
8270,1.36,8.4
8271,1.36,8.42
8272,1.36,8.45
8273,1.37,8.47
8274,1.37,8.49
8275,1.37,8.51
8276,1.37,8.54
8277,1.37,8.56
8278,1.37,8.59
8279,1.37,8.61
8280,1.37,8.64
8281,1.37,8.67
8282,1.37,8.7
8283,1.37,8.73
8284,1.37,8.77
8285,1.38,8.8
8286,1.38,8.83
8287,1.38,8.86
8288,1.38,8.9
8289,1.38,8.93
8290,1.38,8.96
8291,1.38,8.99
8292,1.38,9.02
8293,1.38,9.06
8294,1.38,9.1
8295,1.38,9.13
8296,1.39,9.17
8297,1.38,9.21
8298,1.39,9.25
8299,1.39,9.28
8300,1.39,9.32
8301,1.4,9.36
8302,1.4,9.39
8303,1.4,9.43
8304,1.4,9.46
8305,1.4,9.5
8306,1.4,9.53
8307,1.4,9.57
8308,1.4,9.61
8309,1.4,9.64
8310,1.4,9.68
8311,1.4,9.71
8312,1.4,9.75
8313,1.4,9.79
8314,1.4,9.82
8315,1.41,9.85
8316,1.41,9.89
8317,1.41,9.92
8318,1.41,9.95
8319,1.41,9.98
8320,1.41,10.01
8321,1.42,10.05
8322,1.42,10.07
8323,1.42,10.1
8324,1.42,10.14
8325,1.42,10.16
8326,1.42,10.19
8327,1.42,10.22
8328,1.42,10.24
8329,1.42,10.27
8330,1.42,10.29
8331,1.42,10.32
8332,1.42,10.34
8333,1.42,10.37
8334,1.43,10.39
8335,1.42,10.41
8336,1.43,10.43
8337,1.42,10.45
8338,1.43,10.47
8339,1.43,10.49
8340,1.43,10.5
8341,1.44,10.52
8342,1.44,10.53
8343,1.44,10.55
8344,1.44,10.57
8345,1.44,10.59
8346,1.43,10.61
8347,1.43,10.63
8348,1.44,10.65
8349,1.44,10.67
8350,1.44,10.7
8351,1.44,10.73
8352,1.44,10.76
8353,1.44,10.8
8354,1.44,10.83
8355,1.44,10.87
8356,1.44,10.91
8357,1.44,10.96
8358,1.44,11.0
8359,1.45,11.05
8360,1.45,11.1
8361,1.45,11.14
8362,1.45,11.19
8363,1.45,11.24
8364,1.45,11.29
8365,1.45,11.34
8366,1.45,11.39
8367,1.45,11.43
8368,1.46,11.48
8369,1.46,11.53
8370,1.46,11.57
8371,1.46,11.61
8372,1.46,11.65
8373,1.46,11.69
8374,1.46,11.72
8375,1.46,11.75
8376,1.46,11.78
8377,1.46,11.8
8378,1.46,11.83
8379,1.46,11.86
8380,1.46,11.88
8381,1.46,11.9
8382,1.46,11.92
8383,1.46,11.94
8384,1.46,11.96
8385,1.46,11.98
8386,1.46,12.0
8387,1.47,12.02
8388,1.47,12.04
8389,1.46,12.06
8390,1.47,12.08
8391,1.47,12.1
8392,1.46,12.12
8393,1.47,12.14
8394,1.47,12.16
8395,1.47,12.19
8396,1.47,12.22
8397,1.47,12.24
8398,1.47,12.27
8399,1.48,12.3
8400,1.48,12.33
8401,1.48,12.37
8402,1.47,12.4
8403,1.48,12.44
8404,1.48,12.48
8405,1.48,12.51
8406,1.48,12.56
8407,1.48,12.6
8408,1.48,12.65
8409,1.48,12.69
8410,1.48,12.74
8411,1.48,12.78
8412,1.48,12.83
8413,1.48,12.88
8414,1.48,12.92
8415,1.48,12.97
8416,1.48,13.01
8417,1.48,13.05
8418,1.48,13.08
8419,1.48,13.11
8420,1.48,13.15
8421,1.48,13.18
8422,1.48,13.2
8423,1.49,13.22
8424,1.49,13.25
8425,1.48,13.26
8426,1.48,13.28
8427,1.48,13.3
8428,1.48,13.31
8429,1.49,13.32
8430,1.49,13.33
8431,1.48,13.34
8432,1.48,13.35
8433,1.49,13.36
8434,1.49,13.37
8435,1.49,13.37
8436,1.49,13.38
8437,1.49,13.39
8438,1.49,13.39
8439,1.49,13.39
8440,1.5,13.4
8441,1.49,13.4
8442,1.5,13.41
8443,1.49,13.41
8444,1.5,13.41
8445,1.5,13.41
8446,1.5,13.41
8447,1.49,13.42
8448,1.5,13.42
8449,1.5,13.42
8450,1.5,13.42
8451,1.5,13.42
8452,1.5,13.42
8453,1.5,13.42
8454,1.5,13.43
8455,1.5,13.43
8456,1.5,13.43
8457,1.5,13.43
8458,1.5,13.43
8459,1.5,13.43
8460,1.5,13.43
8461,1.5,13.43
8462,1.5,13.43
8463,1.5,13.43
8464,1.5,13.43
8465,1.5,13.43
8466,1.5,13.43
8467,1.51,13.43
8468,1.51,13.43
8469,1.5,13.43
8470,1.5,13.43
8471,1.5,13.43
8472,1.51,13.43
8473,1.51,13.43
8474,1.51,13.43
8475,1.51,13.43
8476,1.51,13.43
8477,1.51,13.43
8478,1.52,13.43
8479,1.52,13.43
8480,1.51,13.43
8481,1.51,13.43
8482,1.52,13.43
8483,1.52,13.43
8484,1.52,13.43
8485,1.52,13.43
8486,1.52,13.43
8487,1.52,13.43
8488,1.52,13.43
8489,1.52,13.43
8490,1.52,13.43
8491,1.52,13.43
8492,1.52,13.43
8493,1.52,13.43
8494,1.52,13.43
8495,1.52,13.43
8496,1.52,13.43
8497,1.52,13.43
8498,1.52,13.43
8499,1.52,13.43
8500,1.52,13.43
8501,1.52,13.43
8502,1.52,13.43
8503,1.53,13.43
8504,1.52,13.43
8505,1.52,13.43
8506,1.52,13.43
8507,1.52,13.43
8508,1.52,13.43
8509,1.52,13.43
8510,1.53,13.43
8511,1.53,13.43
8512,1.53,13.43
8513,1.53,13.43
8514,1.53,13.43
8515,1.53,13.43
8516,1.53,13.43
8517,1.53,13.43
8518,1.53,13.43
8519,1.53,13.43
8520,1.53,13.43
8521,1.53,13.43
8522,1.53,13.43
8523,1.53,13.43
8524,1.53,13.43
8525,1.53,13.43
8526,1.53,13.43
8527,1.53,13.43
8528,1.53,13.43
8529,1.53,13.43
8530,1.53,13.43
8531,1.54,13.43
8532,1.53,13.43
8533,1.53,13.43
8534,1.53,13.43
8535,1.53,13.43
8536,1.53,13.43
8537,1.54,13.43
8538,1.53,13.43
8539,1.54,13.43
8540,1.54,13.43
8541,1.54,13.43
8542,1.54,13.43
8543,1.54,13.43
8544,1.54,13.43
8545,1.54,13.43
8546,1.54,13.43
8547,1.53,13.43
8548,1.54,13.43
8549,1.54,13.43
8550,1.54,13.43
8551,1.55,13.43
8552,1.54,13.43
8553,1.54,13.43
8554,1.55,13.43
8555,1.54,13.43
8556,1.55,13.43
8557,1.55,13.43
8558,1.55,13.43
8559,1.55,13.43
8560,1.55,13.43
8561,1.55,13.43
8562,1.55,13.43
8563,1.54,13.43
8564,1.55,13.43
8565,1.55,13.43
8566,1.55,13.43
8567,1.55,13.43
8568,1.55,13.43
8569,1.55,13.43
8570,1.55,13.43
8571,1.55,13.43
8572,1.55,13.43
8573,1.55,13.43
8574,1.55,13.43
8575,1.55,13.43
8576,1.55,13.43
8577,1.55,13.43
8578,1.55,13.43
8579,1.55,13.43
8580,1.55,13.43
8581,1.55,13.43
8582,1.55,13.43
8583,1.55,13.43
8584,1.55,13.43
8585,1.55,13.43
8586,1.55,13.43
8587,1.55,13.43
8588,1.55,13.43
8589,1.55,13.43
8590,1.55,13.43
8591,1.55,13.43
8592,1.55,13.43
8593,1.55,13.43
8594,1.55,13.43
8595,1.55,13.43
8596,1.56,13.43
8597,1.55,13.43
8598,1.55,13.43
8599,1.55,13.43
8600,1.56,13.43
8601,1.56,13.43
8602,1.56,13.43
8603,1.55,13.43
8604,1.56,13.43
8605,1.56,13.43
8606,1.56,13.43
8607,1.56,13.43
8608,1.55,13.43
8609,1.55,13.43
8610,1.55,13.43
8611,1.56,13.43
8612,1.56,13.43
8613,1.56,13.43
8614,1.56,13.43
8615,1.56,13.43
8616,1.55,13.43
8617,1.57,13.43
8618,1.56,13.43
8619,1.56,13.43
8620,1.56,13.43
8621,1.56,13.43
8622,1.56,13.43
8623,1.56,13.43
8624,1.56,13.43
8625,1.56,13.43
8626,1.56,13.43
8627,1.56,13.43
8628,1.56,13.43
8629,1.56,13.43
8630,1.56,13.43
8631,1.56,13.43
8632,1.56,13.43
8633,1.56,13.43
8634,1.57,13.43
8635,1.56,13.43
8636,1.56,13.43
8637,1.56,13.43
8638,1.56,13.43
8639,1.56,13.43
8640,1.57,13.43
8641,1.56,13.43
8642,1.57,13.43
8643,1.56,13.43
8644,1.56,13.43
8645,1.56,13.43
8646,1.56,13.43
8647,1.56,13.43
8648,1.56,13.43
8649,1.57,13.43
8650,1.56,13.43
8651,1.57,13.43
8652,1.57,13.43
8653,1.56,13.43
8654,1.57,13.43
8655,1.57,13.43
8656,1.57,13.43
8657,1.57,13.43
8658,1.57,13.43
8659,1.57,13.43
8660,1.57,13.43
8661,1.57,13.43
8662,1.57,13.43
8663,1.57,13.43
8664,1.57,13.43
8665,1.57,13.43
8666,1.57,13.43
8667,1.57,13.43
8668,1.56,13.43
8669,1.57,13.43
8670,1.57,13.43
8671,1.57,13.43
8672,1.57,13.43
8673,1.57,13.43
8674,1.57,13.43
8675,1.57,13.43
8676,1.57,13.43
8677,1.57,13.43
8678,1.57,13.43
8679,1.57,13.43
8680,1.57,13.43
8681,1.57,13.43
8682,1.57,13.43
8683,1.57,13.43
8684,1.57,13.43
8685,1.57,13.43
8686,1.57,13.43
8687,1.57,13.43
8688,1.57,13.43
8689,1.57,13.43
8690,1.57,13.43
8691,1.57,13.43
8692,1.57,13.43
8693,1.57,13.43
8694,1.57,13.43
8695,1.57,13.43
8696,1.57,13.43
8697,1.57,13.43
8698,1.57,13.43
8699,1.57,13.43
8700,1.57,13.43
8701,1.57,13.43
8702,1.57,13.43
8703,1.57,13.43
8704,1.57,13.43
8705,1.57,13.43
8706,1.57,13.43
8707,1.57,13.43
8708,1.57,13.43
8709,1.57,13.43
8710,1.57,13.43
8711,1.57,13.43
8712,1.57,13.43
8713,1.57,13.43
8714,1.57,13.43
8715,1.57,13.43
8716,1.57,13.43
8717,1.57,13.43
8718,1.57,13.43
8719,1.57,13.43
8720,1.57,13.43
8721,1.57,13.43
8722,1.57,13.43
8723,1.57,13.43
8724,1.57,13.43
8725,1.57,13.43
8726,1.57,13.43
8727,1.57,13.43
8728,1.57,13.43
8729,1.57,13.43
8730,1.57,13.43
8731,1.57,13.43
8732,1.57,13.43
8733,1.57,13.43
8734,1.56,13.43
8735,1.56,13.43
8736,1.56,13.43
8737,1.56,13.43
8738,1.56,13.43
8739,1.56,13.43
8740,1.56,13.43
8741,1.56,13.43
8742,1.56,13.43
8743,1.56,13.43
8744,1.55,13.43
8745,1.56,13.43
8746,1.55,13.43
8747,1.56,13.43
8748,1.55,13.43
8749,1.55,13.43
8750,1.55,13.43
8751,1.55,13.43
8752,1.55,13.43
8753,1.55,13.43
8754,1.55,13.43
8755,1.55,13.43
8756,1.55,13.43
8757,1.55,13.43
8758,1.55,13.43
8759,1.55,13.43
8760,1.54,13.43
8761,1.55,13.43
8762,1.55,13.43
8763,1.55,13.43
8764,1.54,13.43
8765,1.54,13.43
8766,1.54,13.43
8767,1.54,13.43
8768,1.54,13.43
8769,1.54,13.43
8770,1.54,13.43
8771,1.54,13.43
8772,1.54,13.43
8773,1.53,13.43
8774,1.54,13.43
8775,1.54,13.43
8776,1.53,13.43
8777,1.53,13.43
8778,1.53,13.43
8779,1.53,13.43
8780,1.53,13.43
8781,1.53,13.43
8782,1.53,13.43
8783,1.53,13.43
8784,1.53,13.43
8785,1.53,13.43
8786,1.53,13.43
8787,1.53,13.43
8788,1.53,13.43
8789,1.53,13.43
8790,1.53,13.43
8791,1.53,13.43
8792,1.53,13.43
8793,1.53,13.43
8794,1.52,13.43
8795,1.52,13.43
8796,1.53,13.43
8797,1.52,13.43
8798,1.52,13.43
8799,1.52,13.43
8800,1.52,13.43
8801,1.52,13.43
8802,1.52,13.43
8803,1.52,13.43
8804,1.52,13.43
8805,1.52,13.43
8806,1.52,13.43
8807,1.52,13.43
8808,1.52,13.43
8809,1.52,13.43
8810,1.52,13.43
8811,1.52,13.43
8812,1.51,13.43
8813,1.51,13.43
8814,1.51,13.43
8815,1.52,13.43
8816,1.51,13.43
8817,1.51,13.43
8818,1.51,13.43
8819,1.51,13.43
8820,1.51,13.43
8821,1.51,13.43
8822,1.51,13.43
8823,1.51,13.43
8824,1.51,13.43
8825,1.5,13.43
8826,1.5,13.43
8827,1.5,13.43
8828,1.51,13.43
8829,1.5,13.43
8830,1.5,13.43
8831,1.5,13.43
8832,1.5,13.43
8833,1.5,13.43
8834,1.5,13.43
8835,1.5,13.43
8836,1.5,13.43
8837,1.5,13.43
8838,1.5,13.43
8839,1.5,13.43
8840,1.5,13.43
8841,1.5,13.43
8842,1.5,13.43
8843,1.5,13.43
8844,1.5,13.43
8845,1.49,13.43
8846,1.49,13.43
8847,1.5,13.43
8848,1.49,13.43
8849,1.49,13.43
8850,1.49,13.43
8851,1.49,13.43
8852,1.49,13.43
8853,1.49,13.43
8854,1.49,13.43
8855,1.49,13.43
8856,1.49,13.43
8857,1.48,13.43
8858,1.49,13.43
8859,1.48,13.43
8860,1.48,13.43
8861,1.48,13.43
8862,1.48,13.43
8863,1.48,13.43
8864,1.48,13.43
8865,1.48,13.43
8866,1.48,13.43
8867,1.48,13.43
8868,1.48,13.43
8869,1.48,13.43
8870,1.48,13.43
8871,1.48,13.43
8872,1.48,13.43
8873,1.48,13.43
8874,1.48,13.43
8875,1.47,13.43
8876,1.48,13.43
8877,1.48,13.43
8878,1.48,13.43
8879,1.47,13.43
8880,1.48,13.43
8881,1.47,13.43
8882,1.47,13.43
8883,1.47,13.43
8884,1.47,13.43
8885,1.47,13.43
8886,1.47,13.43
8887,1.47,13.43
8888,1.47,13.43
8889,1.46,13.43
8890,1.46,13.43
8891,1.46,13.43
8892,1.46,13.43
8893,1.46,13.43
8894,1.46,13.43
8895,1.46,13.43
8896,1.46,13.43
8897,1.46,13.43
8898,1.46,13.43
8899,1.46,13.43
8900,1.46,13.43
8901,1.46,13.43
8902,1.46,13.43
8903,1.46,13.43
8904,1.46,13.43
8905,1.46,13.43
8906,1.45,13.43
8907,1.46,13.43
8908,1.46,13.43
8909,1.45,13.43
8910,1.45,13.43
8911,1.45,13.43
8912,1.45,13.43
8913,1.45,13.43
8914,1.45,13.43
8915,1.45,13.43
8916,1.45,13.43
8917,1.44,13.43
8918,1.44,13.43
8919,1.45,13.43
8920,1.45,13.43
8921,1.45,13.43
8922,1.44,13.43
8923,1.44,13.43
8924,1.44,13.43
8925,1.44,13.43
8926,1.44,13.43
8927,1.44,13.43
8928,1.44,13.43
8929,1.44,13.43
8930,1.44,13.43
8931,1.44,13.43
8932,1.44,13.43
8933,1.44,13.43
8934,1.44,13.43
8935,1.44,13.43
8936,1.44,13.43
8937,1.44,13.43
8938,1.44,13.43
8939,1.43,13.43
8940,1.44,13.43
8941,1.44,13.43
8942,1.43,13.43
8943,1.43,13.43
8944,1.43,13.43
8945,1.43,13.43
8946,1.43,13.43
8947,1.43,13.43
8948,1.43,13.43
8949,1.43,13.43
8950,1.43,13.43
8951,1.43,13.43
8952,1.43,13.43
8953,1.43,13.43
8954,1.42,13.43
8955,1.42,13.43
8956,1.42,13.43
8957,1.42,13.43
8958,1.42,13.43
8959,1.42,13.43
8960,1.42,13.43
8961,1.42,13.43
8962,1.42,13.43
8963,1.42,13.43
8964,1.42,13.43
8965,1.42,13.43
8966,1.42,13.43
8967,1.42,13.43
8968,1.42,13.43
8969,1.42,13.43
8970,1.42,13.43
8971,1.41,13.43
8972,1.41,13.43
8973,1.41,13.43
8974,1.41,13.43
8975,1.41,13.43
8976,1.41,13.43
8977,1.41,13.43
8978,1.41,13.43
8979,1.41,13.43
8980,1.4,13.43
8981,1.4,13.43
8982,1.4,13.43
8983,1.41,13.43
8984,1.41,13.43
8985,1.4,13.43
8986,1.4,13.43
8987,1.4,13.43
8988,1.4,13.43
8989,1.4,13.43
8990,1.4,13.43
8991,1.4,13.43
8992,1.4,13.43
8993,1.4,13.43
8994,1.4,13.43
8995,1.4,13.43
8996,1.4,13.43
8997,1.4,13.43
8998,1.4,13.43
8999,1.4,13.43
9000,1.39,13.43
9001,1.39,13.43
9002,1.39,13.43
9003,1.39,13.43
9004,1.39,13.43
9005,1.38,13.43
9006,1.39,13.43
9007,1.38,13.43
9008,1.39,13.43
9009,1.38,13.43
9010,1.38,13.43
9011,1.38,13.43
9012,1.38,13.43
9013,1.38,13.43
9014,1.38,13.43
9015,1.38,13.43
9016,1.38,13.43
9017,1.38,13.43
9018,1.38,13.43
9019,1.38,13.43
9020,1.37,13.43
9021,1.38,13.43
9022,1.38,13.43
9023,1.37,13.43
9024,1.37,13.43
9025,1.37,13.43
9026,1.37,13.43
9027,1.38,13.43
9028,1.37,13.43
9029,1.37,13.43
9030,1.37,13.43
9031,1.37,13.43
9032,1.37,13.43
9033,1.37,13.43
9034,1.37,13.43
9035,1.37,13.43
9036,1.37,13.43
9037,1.37,13.43
9038,1.37,13.43
9039,1.36,13.43
9040,1.37,13.43
9041,1.36,13.43
9042,1.36,13.43
9043,1.36,13.43
9044,1.36,13.43
9045,1.35,13.43
9046,1.35,13.43
9047,1.36,13.43
9048,1.35,13.43
9049,1.35,13.43
9050,1.35,13.43
9051,1.35,13.43
9052,1.35,13.43
9053,1.35,13.43
9054,1.35,13.43
9055,1.35,13.43
9056,1.35,13.43
9057,1.35,13.43
9058,1.35,13.43
9059,1.35,13.43
9060,1.35,13.43
9061,1.35,13.43
9062,1.34,13.43
9063,1.34,13.43
9064,1.34,13.43
9065,1.34,13.43
9066,1.34,13.43
9067,1.34,13.43
9068,1.33,13.43
9069,1.34,13.43
9070,1.33,13.43
9071,1.34,13.43
9072,1.33,13.43
9073,1.33,13.43
9074,1.33,13.43
9075,1.33,13.43
9076,1.33,13.43
9077,1.33,13.43
9078,1.33,13.43
9079,1.33,13.43
9080,1.33,13.43
9081,1.33,13.43
9082,1.33,13.43
9083,1.33,13.43
9084,1.33,13.43
9085,1.32,13.43
9086,1.32,13.43
9087,1.32,13.43
9088,1.32,13.43
9089,1.32,13.43
9090,1.32,13.43
9091,1.31,13.43
9092,1.31,13.43
9093,1.32,13.43
9094,1.31,13.43
9095,1.31,13.43
9096,1.31,13.43
9097,1.31,13.42
9098,1.31,13.4
9099,1.31,13.38
9100,1.31,13.36
9101,1.31,13.34
9102,1.31,13.31
9103,1.31,13.28
9104,1.31,13.25
9105,1.3,13.22
9106,1.3,13.18
9107,1.3,13.15
9108,1.3,13.12
9109,1.3,13.08
9110,1.3,13.05
9111,1.29,13.01
9112,1.29,12.98
9113,1.29,12.95
9114,1.29,12.92
9115,1.29,12.89
9116,1.29,12.86
9117,1.29,12.83
9118,1.29,12.8
9119,1.29,12.78
9120,1.29,12.75
9121,1.29,12.73
9122,1.29,12.71
9123,1.29,12.68
9124,1.29,12.66
9125,1.29,12.64
9126,1.29,12.62
9127,1.29,12.61
9128,1.28,12.59
9129,1.28,12.58
9130,1.28,12.56
9131,1.28,12.55
9132,1.28,12.53
9133,1.28,12.52
9134,1.28,12.51
9135,1.28,12.5
9136,1.28,12.49
9137,1.28,12.48
9138,1.28,12.46
9139,1.28,12.45
9140,1.27,12.44
9141,1.27,12.43
9142,1.27,12.42
9143,1.27,12.41
9144,1.27,12.4
9145,1.27,12.4
9146,1.27,12.38
9147,1.27,12.37
9148,1.27,12.36
9149,1.27,12.34
9150,1.27,12.33
9151,1.27,12.32
9152,1.26,12.31
9153,1.26,12.29
9154,1.26,12.28
9155,1.26,12.27
9156,1.26,12.25
9157,1.26,12.24
9158,1.26,12.22
9159,1.26,12.2
9160,1.26,12.18
9161,1.26,12.17
9162,1.25,12.15
9163,1.25,12.13
9164,1.25,12.11
9165,1.25,12.09
9166,1.25,12.07
9167,1.25,12.04
9168,1.25,12.02
9169,1.25,12.0
9170,1.25,11.98
9171,1.25,11.96
9172,1.25,11.94
9173,1.25,11.92
9174,1.25,11.9
9175,1.25,11.89
9176,1.25,11.87
9177,1.25,11.85
9178,1.25,11.83
9179,1.25,11.82
9180,1.24,11.8
9181,1.24,11.78
9182,1.24,11.77
9183,1.25,11.75
9184,1.24,11.73
9185,1.23,11.72
9186,1.23,11.7
9187,1.23,11.68
9188,1.23,11.67
9189,1.23,11.66
9190,1.23,11.64
9191,1.23,11.63
9192,1.23,11.62
9193,1.23,11.6
9194,1.23,11.59
9195,1.23,11.58
9196,1.23,11.56
9197,1.23,11.55
9198,1.23,11.54
9199,1.23,11.52
9200,1.23,11.51
9201,1.23,11.5
9202,1.22,11.48
9203,1.22,11.47
9204,1.22,11.45
9205,1.22,11.44
9206,1.22,11.42
9207,1.22,11.41
9208,1.22,11.39
9209,1.22,11.37
9210,1.22,11.36
9211,1.22,11.34
9212,1.22,11.33
9213,1.22,11.31
9214,1.22,11.29
9215,1.22,11.27
9216,1.22,11.25
9217,1.22,11.23
9218,1.22,11.21
9219,1.21,11.19
9220,1.22,11.17
9221,1.21,11.15
9222,1.21,11.13
9223,1.21,11.1
9224,1.21,11.08
9225,1.21,11.06
9226,1.21,11.03
9227,1.21,11.01
9228,1.21,10.98
9229,1.2,10.96
9230,1.2,10.94
9231,1.2,10.92
9232,1.2,10.89
9233,1.2,10.87
9234,1.2,10.85
9235,1.2,10.83
9236,1.2,10.81
9237,1.2,10.79
9238,1.2,10.77
9239,1.2,10.75
9240,1.2,10.73
9241,1.2,10.7
9242,1.2,10.68
9243,1.2,10.66
9244,1.2,10.64
9245,1.2,10.62
9246,1.2,10.6
9247,1.19,10.58
9248,1.19,10.56
9249,1.19,10.54
9250,1.19,10.52
9251,1.19,10.5
9252,1.19,10.48
9253,1.18,10.46
9254,1.18,10.44
9255,1.18,10.42
9256,1.18,10.4
9257,1.18,10.39
9258,1.18,10.37
9259,1.18,10.35
9260,1.18,10.33
9261,1.18,10.31
9262,1.18,10.3
9263,1.18,10.28
9264,1.18,10.26
9265,1.18,10.24
9266,1.18,10.22
9267,1.18,10.2
9268,1.18,10.18
9269,1.18,10.16
9270,1.18,10.13
9271,1.17,10.11
9272,1.18,10.09
9273,1.18,10.06
9274,1.17,10.04
9275,1.18,10.01
9276,1.17,9.99
9277,1.17,9.96
9278,1.16,9.93
9279,1.17,9.91
9280,1.17,9.88
9281,1.16,9.86
9282,1.16,9.83
9283,1.16,9.81
9284,1.16,9.78
9285,1.16,9.76
9286,1.16,9.73
9287,1.16,9.71
9288,1.16,9.69
9289,1.16,9.67
9290,1.16,9.65
9291,1.16,9.62
9292,1.16,9.61
9293,1.16,9.59
9294,1.16,9.57
9295,1.16,9.55
9296,1.16,9.54
9297,1.16,9.52
9298,1.16,9.5
9299,1.16,9.49
9300,1.16,9.47
9301,1.16,9.45
9302,1.15,9.44
9303,1.15,9.42
9304,1.15,9.41
9305,1.15,9.39
9306,1.15,9.38
9307,1.15,9.36
9308,1.15,9.34
9309,1.14,9.33
9310,1.14,9.33
9311,1.15,9.31
9312,1.14,9.3
9313,1.14,9.29
9314,1.14,9.28
9315,1.14,9.26
9316,1.14,9.25
9317,1.14,9.24
9318,1.14,9.23
9319,1.14,9.22
9320,1.14,9.22
9321,1.14,9.21
9322,1.14,9.2
9323,1.14,9.19
9324,1.13,9.19
9325,1.14,9.18
9326,1.14,9.17
9327,1.14,9.16
9328,1.13,9.15
9329,1.13,9.15
9330,1.13,9.14
9331,1.13,9.13
9332,1.13,9.12
9333,1.13,9.12
9334,1.13,9.1
9335,1.13,9.09
9336,1.13,9.08
9337,1.13,9.07
9338,1.12,9.06
9339,1.12,9.05
9340,1.12,9.04
9341,1.12,9.03
9342,1.12,9.01
9343,1.12,9.0
9344,1.12,8.99
9345,1.12,8.97
9346,1.12,8.96
9347,1.12,8.95
9348,1.12,8.94
9349,1.12,8.92
9350,1.12,8.91
9351,1.12,8.89
9352,1.11,8.88
9353,1.12,8.86
9354,1.11,8.85
9355,1.11,8.84
9356,1.11,8.82
9357,1.11,8.8
9358,1.11,8.79
9359,1.11,8.78
9360,1.11,8.76
9361,1.1,8.75
9362,1.1,8.74
9363,1.11,8.73
9364,1.1,8.71
9365,1.1,8.71
9366,1.1,8.7
9367,1.1,8.69
9368,1.1,8.68
9369,1.1,8.67
9370,1.1,8.66
9371,1.1,8.65
9372,1.1,8.64
9373,1.1,8.63
9374,1.1,8.62
9375,1.1,8.62
9376,1.1,8.61
9377,1.1,8.6
9378,1.1,8.6
9379,1.09,8.59
9380,1.1,8.58
9381,1.09,8.57
9382,1.09,8.56
9383,1.09,8.56
9384,1.09,8.56
9385,1.09,8.55
9386,1.09,8.55
9387,1.09,8.54
9388,1.09,8.53
9389,1.09,8.53
9390,1.09,8.52
9391,1.09,8.52
9392,1.09,8.52
9393,1.09,8.51
9394,1.09,8.51
9395,1.08,8.5
9396,1.09,8.5
9397,1.08,8.49
9398,1.08,8.49
9399,1.08,8.48
9400,1.08,8.47
9401,1.08,8.47
9402,1.08,8.45
9403,1.08,8.45
9404,1.07,8.44
9405,1.08,8.43
9406,1.07,8.42
9407,1.07,8.41
9408,1.07,8.4
9409,1.07,8.4
9410,1.07,8.39
9411,1.07,8.38
9412,1.07,8.38
9413,1.07,8.37
9414,1.07,8.36
9415,1.07,8.35
9416,1.07,8.34
9417,1.07,8.33
9418,1.07,8.31
9419,1.06,8.3
9420,1.07,8.29
9421,1.06,8.28
9422,1.06,8.27
9423,1.06,8.26
9424,1.06,8.25
9425,1.06,8.23
9426,1.06,8.22
9427,1.06,8.21
9428,1.06,8.2
9429,1.05,8.19
9430,1.05,8.18
9431,1.05,8.17
9432,1.05,8.16
9433,1.05,8.15
9434,1.05,8.14
9435,1.05,8.13
9436,1.05,8.13
9437,1.05,8.12
9438,1.05,8.11
9439,1.05,8.1
9440,1.05,8.09
9441,1.05,8.09
9442,1.05,8.08
9443,1.05,8.07
9444,1.05,8.06
9445,1.05,8.06
9446,1.05,8.05
9447,1.05,8.04
9448,1.05,8.04
9449,1.04,8.03
9450,1.04,8.03
9451,1.04,8.02
9452,1.04,8.01
9453,1.04,8.01
9454,1.04,8.0
9455,1.03,7.99
9456,1.04,7.98
9457,1.03,7.97
9458,1.03,7.97
9459,1.03,7.96
9460,1.03,7.95
9461,1.03,7.94
9462,1.03,7.94
9463,1.03,7.93
9464,1.03,7.93
9465,1.03,7.93
9466,1.03,7.92
9467,1.03,7.92
9468,1.03,7.92
9469,1.02,7.92
9470,1.02,7.92
9471,1.03,7.91
9472,1.02,7.91
9473,1.03,7.91
9474,1.02,7.91
9475,1.02,7.91
9476,1.02,7.91
9477,1.02,7.91
9478,1.02,7.91
9479,1.02,7.9
9480,1.01,7.9
9481,1.01,7.9
9482,1.01,7.9
9483,1.01,7.9
9484,1.01,7.9
9485,1.01,7.9
9486,1.01,7.89
9487,1.01,7.89
9488,1.01,7.89
9489,1.01,7.89
9490,1.01,7.88
9491,1.01,7.88
9492,1.01,7.88
9493,1.01,7.87
9494,1.01,7.86
9495,1.01,7.86
9496,1.0,7.85
9497,1.0,7.84
9498,1.0,7.84
9499,1.0,7.83
9500,1.0,7.83
9501,0.99,7.82
9502,1.0,7.81
9503,0.99,7.8
9504,0.99,7.8
9505,0.99,7.79
9506,0.99,7.78
9507,0.99,7.77
9508,0.99,7.76
9509,0.99,7.75
9510,0.99,7.75
9511,0.99,7.74
9512,0.99,7.74
9513,0.99,7.73
9514,0.99,7.72
9515,0.99,7.71
9516,0.99,7.71
9517,0.99,7.7
9518,0.98,7.7
9519,0.98,7.69
9520,0.98,7.68
9521,0.99,7.68
9522,0.98,7.68
9523,0.99,7.67
9524,0.98,7.67
9525,0.98,7.67
9526,0.98,7.67
9527,0.98,7.67
9528,0.98,7.66
9529,0.97,7.66
9530,0.97,7.66
9531,0.97,7.66
9532,0.97,7.66
9533,0.97,7.66
9534,0.97,7.66
9535,0.97,7.66
9536,0.97,7.65
9537,0.97,7.65
9538,0.97,7.65
9539,0.97,7.65
9540,0.97,7.64
9541,0.97,7.64
9542,0.96,7.64
9543,0.97,7.64
9544,0.97,7.64
9545,0.97,7.64
9546,0.96,7.63
9547,0.96,7.63
9548,0.96,7.63
9549,0.96,7.63
9550,0.96,7.63
9551,0.95,7.63
9552,0.95,7.63
9553,0.95,7.62
9554,0.95,7.62
9555,0.95,7.62
9556,0.95,7.62
9557,0.95,7.61
9558,0.95,7.61
9559,0.95,7.61
9560,0.95,7.61
9561,0.95,7.6
9562,0.95,7.6
9563,0.95,7.59
9564,0.94,7.59
9565,0.95,7.58
9566,0.94,7.58
9567,0.95,7.57
9568,0.95,7.56
9569,0.94,7.56
9570,0.94,7.55
9571,0.94,7.55
9572,0.94,7.54
9573,0.94,7.54
9574,0.94,7.53
9575,0.94,7.52
9576,0.94,7.51
9577,0.94,7.51
9578,0.94,7.5
9579,0.94,7.5
9580,0.94,7.5
9581,0.94,7.49
9582,0.94,7.49
9583,0.93,7.48
9584,0.93,7.48
9585,0.93,7.47
9586,0.93,7.46
9587,0.93,7.46
9588,0.93,7.46
9589,0.93,7.45
9590,0.92,7.45
9591,0.92,7.45
9592,0.92,7.45
9593,0.92,7.45
9594,0.92,7.44
9595,0.92,7.44
9596,0.92,7.45
9597,0.92,7.45
9598,0.92,7.45
9599,0.92,7.44
9600,0.92,7.45
9601,0.92,7.45
9602,0.92,7.45
9603,0.92,7.45
9604,0.91,7.45
9605,0.92,7.45
9606,0.91,7.45
9607,0.91,7.45
9608,0.92,7.45
9609,0.91,7.45
9610,0.91,7.45
9611,0.91,7.45
9612,0.91,7.44
9613,0.9,7.44
9614,0.91,7.44
9615,0.91,7.44
9616,0.9,7.43
9617,0.9,7.43
9618,0.9,7.42
9619,0.9,7.41
9620,0.9,7.41
9621,0.9,7.41
9622,0.9,7.4
9623,0.9,7.4
9624,0.9,7.4
9625,0.9,7.39
9626,0.89,7.38
9627,0.89,7.38
9628,0.9,7.37
9629,0.89,7.37
9630,0.89,7.36
9631,0.89,7.36
9632,0.89,7.36
9633,0.89,7.35
9634,0.89,7.35
9635,0.89,7.35
9636,0.89,7.34
9637,0.88,7.34
9638,0.88,7.33
9639,0.88,7.33
9640,0.88,7.33
9641,0.88,7.33
9642,0.88,7.33
9643,0.88,7.32
9644,0.88,7.32
9645,0.88,7.32
9646,0.88,7.32
9647,0.88,7.32
9648,0.88,7.32
9649,0.88,7.32
9650,0.87,7.32
9651,0.88,7.32
9652,0.87,7.32
9653,0.87,7.32
9654,0.87,7.32
9655,0.87,7.32
9656,0.87,7.32
9657,0.86,7.33
9658,0.86,7.32
9659,0.87,7.32
9660,0.86,7.32
9661,0.86,7.32
9662,0.86,7.33
9663,0.86,7.33
9664,0.86,7.33
9665,0.86,7.33
9666,0.86,7.33
9667,0.86,7.33
9668,0.86,7.32
9669,0.86,7.32
9670,0.85,7.32
9671,0.86,7.32
9672,0.85,7.31
9673,0.85,7.31
9674,0.85,7.31
9675,0.85,7.3
9676,0.85,7.3
9677,0.85,7.3
9678,0.85,7.29
9679,0.85,7.29
9680,0.84,7.29
9681,0.85,7.29
9682,0.84,7.28
9683,0.84,7.28
9684,0.84,7.27
9685,0.84,7.27
9686,0.84,7.27
9687,0.84,7.27
9688,0.84,7.27
9689,0.84,7.27
9690,0.84,7.27
9691,0.84,7.26
9692,0.84,7.26
9693,0.83,7.26
9694,0.84,7.26
9695,0.83,7.26
9696,0.84,7.26
9697,0.83,7.26
9698,0.83,7.26
9699,0.83,7.25
9700,0.83,7.25
9701,0.83,7.25
9702,0.83,7.25
9703,0.83,7.25
9704,0.82,7.25
9705,0.82,7.25
9706,0.82,7.25
9707,0.82,7.24
9708,0.82,7.24
9709,0.82,7.24
9710,0.82,7.24
9711,0.82,7.24
9712,0.82,7.24
9713,0.82,7.24
9714,0.82,7.24
9715,0.82,7.24
9716,0.82,7.24
9717,0.82,7.24
9718,0.82,7.24
9719,0.82,7.24
9720,0.81,7.25
9721,0.81,7.25
9722,0.81,7.25
9723,0.81,7.25
9724,0.8,7.25
9725,0.81,7.25
9726,0.8,7.25
9727,0.8,7.26
9728,0.8,7.26
9729,0.8,7.26
9730,0.8,7.27
9731,0.8,7.27
9732,0.8,7.27
9733,0.8,7.27
9734,0.8,7.28
9735,0.8,7.28
9736,0.8,7.28
9737,0.79,7.28
9738,0.8,7.29
9739,0.79,7.29
9740,0.79,7.3
9741,0.79,7.3
9742,0.79,7.3
9743,0.79,7.3
9744,0.79,7.3
9745,0.79,7.3
9746,0.79,7.3
9747,0.79,7.31
9748,0.79,7.31
9749,0.79,7.31
9750,0.78,7.31
9751,0.79,7.32
9752,0.78,7.32
9753,0.78,7.32
9754,0.78,7.32
9755,0.78,7.32
9756,0.78,7.33
9757,0.78,7.33
9758,0.78,7.33
9759,0.78,7.33
9760,0.77,7.33
9761,0.78,7.34
9762,0.77,7.34
9763,0.77,7.34
9764,0.77,7.34
9765,0.77,7.34
9766,0.77,7.35
9767,0.77,7.35
9768,0.77,7.35
9769,0.77,7.35
9770,0.77,7.36
9771,0.77,7.36
9772,0.76,7.37
9773,0.76,7.37
9774,0.76,7.38
9775,0.76,7.38
9776,0.76,7.38
9777,0.75,7.39
9778,0.75,7.4
9779,0.75,7.4
9780,0.75,7.41
9781,0.75,7.42
9782,0.75,7.43
9783,0.75,7.44
9784,0.75,7.45
9785,0.75,7.45
9786,0.75,7.46
9787,0.75,7.47
9788,0.75,7.48
9789,0.74,7.49
9790,0.75,7.5
9791,0.75,7.5
9792,0.74,7.51
9793,0.74,7.52
9794,0.74,7.52
9795,0.74,7.53
9796,0.73,7.54
9797,0.74,7.54
9798,0.73,7.55
9799,0.73,7.55
9800,0.73,7.56
9801,0.73,7.56
9802,0.73,7.56
9803,0.73,7.57
9804,0.73,7.57
9805,0.73,7.57
9806,0.73,7.57
9807,0.73,7.58
9808,0.73,7.58
9809,0.73,7.58
9810,0.73,7.59
9811,0.73,7.59
9812,0.72,7.59
9813,0.72,7.59
9814,0.72,7.59
9815,0.72,7.59
9816,0.71,7.59
9817,0.71,7.58
9818,0.71,7.58
9819,0.71,7.58
9820,0.71,7.58
9821,0.71,7.58
9822,0.71,7.57
9823,0.71,7.57
9824,0.71,7.57
9825,0.71,7.57
9826,0.71,7.56
9827,0.71,7.56
9828,0.71,7.56
9829,0.71,7.56
9830,0.7,7.55
9831,0.7,7.55
9832,0.7,7.55
9833,0.7,7.55
9834,0.7,7.54
9835,0.7,7.54
9836,0.7,7.54
9837,0.7,7.53
9838,0.69,7.53
9839,0.69,7.53
9840,0.69,7.52
9841,0.69,7.52
9842,0.69,7.52
9843,0.69,7.52
9844,0.69,7.51
9845,0.69,7.51
9846,0.69,7.51
9847,0.69,7.51
9848,0.69,7.51
9849,0.69,7.51
9850,0.68,7.51
9851,0.68,7.51
9852,0.68,7.51
9853,0.68,7.51
9854,0.68,7.51
9855,0.68,7.51
9856,0.67,7.51
9857,0.67,7.51
9858,0.67,7.51
9859,0.67,7.51
9860,0.67,7.51
9861,0.67,7.51
9862,0.67,7.51
9863,0.67,7.51
9864,0.67,7.51
9865,0.67,7.51
9866,0.67,7.51
9867,0.66,7.51
9868,0.67,7.51
9869,0.66,7.51
9870,0.66,7.51
9871,0.66,7.51
9872,0.65,7.51
9873,0.66,7.51
9874,0.66,7.51
9875,0.65,7.51
9876,0.65,7.51
9877,0.65,7.51
9878,0.65,7.51
9879,0.65,7.51
9880,0.65,7.51
9881,0.65,7.51
9882,0.65,7.51
9883,0.65,7.52
9884,0.65,7.52
9885,0.65,7.52
9886,0.64,7.52
9887,0.65,7.52
9888,0.65,7.52
9889,0.64,7.52
9890,0.64,7.53
9891,0.64,7.53
9892,0.64,7.53
9893,0.64,7.53
9894,0.64,7.53
9895,0.64,7.53
9896,0.64,7.54
9897,0.64,7.54
9898,0.64,7.54
9899,0.63,7.54
9900,0.64,7.54
9901,0.63,7.54
9902,0.63,7.54
9903,0.63,7.54
9904,0.63,7.55
9905,0.62,7.54
9906,0.62,7.54
9907,0.63,7.55
9908,0.62,7.55
9909,0.62,7.55
9910,0.62,7.55
9911,0.62,7.55
9912,0.62,7.55
9913,0.62,7.55
9914,0.62,7.55
9915,0.62,7.55
9916,0.62,7.55
9917,0.62,7.55
9918,0.61,7.55
9919,0.62,7.55
9920,0.61,7.55
9921,0.61,7.55
9922,0.61,7.54
9923,0.6,7.54
9924,0.61,7.54
9925,0.61,7.54
9926,0.6,7.54
9927,0.6,7.54
9928,0.6,7.54
9929,0.6,7.54
9930,0.6,7.54
9931,0.6,7.54
9932,0.6,7.54
9933,0.6,7.53
9934,0.6,7.53
9935,0.6,7.53
9936,0.6,7.53
9937,0.59,7.53
9938,0.59,7.52
9939,0.59,7.52
9940,0.59,7.53
9941,0.58,7.53
9942,0.59,7.53
9943,0.58,7.52
9944,0.58,7.52
9945,0.58,7.53
9946,0.58,7.53
9947,0.58,7.53
9948,0.58,7.53
9949,0.58,7.53
9950,0.58,7.53
9951,0.58,7.53
9952,0.58,7.53
9953,0.58,7.53
9954,0.58,7.53
9955,0.57,7.53
9956,0.57,7.53
9957,0.57,7.53
9958,0.57,7.53
9959,0.57,7.53
9960,0.56,7.53
9961,0.57,7.53
9962,0.56,7.52
9963,0.56,7.52
9964,0.56,7.52
9965,0.56,7.52
9966,0.56,7.52
9967,0.56,7.51
9968,0.56,7.51
9969,0.56,7.51
9970,0.56,7.5
9971,0.56,7.5
9972,0.56,7.49
9973,0.56,7.49
9974,0.56,7.49
9975,0.55,7.48
9976,0.55,7.48
9977,0.55,7.47
9978,0.55,7.47
9979,0.55,7.46
9980,0.54,7.46
9981,0.54,7.45
9982,0.54,7.45
9983,0.54,7.45
9984,0.54,7.44
9985,0.54,7.44
9986,0.54,7.43
9987,0.54,7.43
9988,0.54,7.43
9989,0.54,7.43
9990,0.54,7.43
9991,0.54,7.43
9992,0.54,7.43
9993,0.54,7.43
9994,0.53,7.43
9995,0.53,7.42
9996,0.53,7.42
9997,0.53,7.42
9998,0.53,7.42
9999,0.52,7.41
