Sample,Pose,Courant
0,5.25,0.52
1,5.25,0.52
2,5.25,0.52
3,5.25,0.52
4,5.25,0.52
5,5.25,0.52
6,5.25,0.52
7,5.25,0.52
8,5.25,0.52
9,5.25,0.52
10,5.25,0.52
11,5.25,0.52
12,5.25,0.52
13,5.25,0.52
14,5.25,0.52
15,5.25,0.52
16,5.25,0.52
17,5.25,0.52
18,5.25,0.52
19,5.25,0.52
20,5.25,0.52
21,5.25,0.52
22,5.25,0.52
23,5.25,0.52
24,5.25,0.52
25,5.25,0.52
26,5.25,0.52
27,5.25,0.52
28,5.25,0.52
29,5.25,0.52
30,5.25,0.52
31,5.25,0.52
32,5.25,0.52
33,5.25,0.52
34,5.25,0.52
35,5.25,0.52
36,5.26,0.52
37,5.26,0.52
38,5.26,0.52
39,5.26,0.52
40,5.26,0.52
41,5.26,0.52
42,5.26,0.52
43,5.26,0.52
44,5.26,0.53
45,5.26,0.52
46,5.26,0.52
47,5.26,0.52
48,5.26,0.52
49,5.26,0.52
50,5.26,0.52
51,5.26,0.52
52,5.26,0.52
53,5.26,0.52
54,5.26,0.52
55,5.26,0.52
56,5.26,0.52
57,5.26,0.52
58,5.26,0.52
59,5.26,0.52
60,5.26,0.52
61,5.26,0.52
62,5.26,0.52
63,5.26,0.52
64,5.26,0.52
65,5.26,0.52
66,5.26,0.52
67,5.26,0.52
68,5.26,0.52
69,5.26,0.53
70,5.26,0.53
71,5.26,0.52
72,5.26,0.53
73,5.26,0.53
74,5.26,0.53
75,5.26,0.53
76,5.26,0.53
77,5.26,0.52
78,5.26,0.53
79,5.26,0.52
80,5.26,0.53
81,5.26,0.53
82,5.26,0.53
83,5.26,0.53
84,5.26,0.52
85,5.26,0.53
86,5.26,0.54
87,5.26,0.53
88,5.26,0.53
89,5.26,0.53
90,5.26,0.53
91,5.26,0.53
92,5.26,0.53
93,5.26,0.53
94,5.26,0.53
95,5.26,0.53
96,5.26,0.53
97,5.26,0.53
98,5.27,0.53
99,5.27,0.54
100,5.27,0.53
101,5.27,0.53
102,5.27,0.53
103,5.27,0.53
104,5.27,0.53
105,5.27,0.53
106,5.27,0.53
107,5.27,0.53
108,5.27,0.53
109,5.27,0.53
110,5.27,0.53
111,5.27,0.53
112,5.27,0.53
113,5.27,0.53
114,5.27,0.53
115,5.27,0.53
116,5.27,0.53
117,5.27,0.53
118,5.27,0.53
119,5.27,0.53
120,5.27,0.53
121,5.27,0.53
122,5.27,0.53
123,5.27,0.53
124,5.27,0.53
125,5.27,0.53
126,5.27,0.53
127,5.27,0.53
128,5.27,0.53
129,5.27,0.53
130,5.27,0.53
131,5.27,0.53
132,5.27,0.53
133,5.27,0.53
134,5.27,0.53
135,5.27,0.53
136,5.27,0.53
137,5.27,0.53
138,5.27,0.53
139,5.27,0.53
140,5.27,0.53
141,5.27,0.53
142,5.27,0.53
143,5.27,0.53
144,5.27,0.54
145,5.27,0.53
146,5.27,0.53
147,5.27,0.53
148,5.27,0.53
149,5.27,0.53
150,5.27,0.53
151,5.27,0.53
152,5.27,0.53
153,5.27,0.54
154,5.27,0.54
155,5.27,0.53
156,5.27,0.54
157,5.27,0.54
158,5.27,0.53
159,5.27,0.54
160,5.28,0.54
161,5.28,0.53
162,5.28,0.54
163,5.28,0.54
164,5.28,0.54
165,5.28,0.54
166,5.28,0.54
167,5.28,0.54
168,5.28,0.54
169,5.28,0.54
170,5.28,0.54
171,5.28,0.54
172,5.28,0.54
173,5.28,0.54
174,5.28,0.54
175,5.28,0.54
176,5.28,0.54
177,5.28,0.54
178,5.28,0.54
179,5.28,0.54
180,5.28,0.54
181,5.28,0.54
182,5.28,0.54
183,5.28,0.54
184,5.28,0.54
185,5.28,0.54
186,5.28,0.54
187,5.28,0.54
188,5.28,0.54
189,5.28,0.54
190,5.28,0.54
191,5.28,0.54
192,5.28,0.54
193,5.28,0.54
194,5.28,0.54
195,5.28,0.54
196,5.28,0.54
197,5.28,0.54
198,5.28,0.53
199,5.28,0.54
200,5.28,0.54
201,5.28,0.54
202,5.28,0.54
203,5.28,0.54
204,5.29,0.54
205,5.29,0.54
206,5.29,0.54
207,5.28,0.54
208,5.29,0.54
209,5.29,0.54
210,5.28,0.54
211,5.29,0.54
212,5.29,0.54
213,5.28,0.53
214,5.29,0.54
215,5.29,0.54
216,5.29,0.54
217,5.29,0.54
218,5.29,0.54
219,5.29,0.54
220,5.29,0.54
221,5.29,0.54
222,5.29,0.54
223,5.29,0.54
224,5.29,0.54
225,5.29,0.54
226,5.29,0.54
227,5.29,0.54
228,5.29,0.54
229,5.29,0.54
230,5.29,0.54
231,5.29,0.54
232,5.29,0.54
233,5.29,0.54
234,5.29,0.54
235,5.29,0.54
236,5.29,0.54
237,5.29,0.54
238,5.29,0.54
239,5.29,0.54
240,5.29,0.54
241,5.29,0.54
242,5.29,0.54
243,5.29,0.54
244,5.29,0.54
245,5.29,0.54
246,5.29,0.54
247,5.29,0.54
248,5.29,0.54
249,5.29,0.54
250,5.29,0.54
251,5.29,0.54
252,5.29,0.54
253,5.29,0.54
254,5.29,0.54
255,5.29,0.54
256,5.29,0.54
257,5.29,0.54
258,5.29,0.54
259,5.29,0.54
260,5.29,0.54
261,5.29,0.54
262,5.3,0.54
263,5.36,0.55
264,5.36,0.56
265,5.36,0.56
266,5.35,0.56
267,5.35,0.56
268,5.35,0.56
269,5.35,0.56
270,5.35,0.56
271,5.35,0.56
272,5.34,0.56
273,5.34,0.56
274,5.34,0.56
275,5.34,0.56
276,5.34,0.56
277,5.34,0.56
278,5.34,0.56
279,5.34,0.56
280,5.34,0.56
281,5.34,0.56
282,5.34,0.56
283,5.34,0.56
284,5.34,0.56
285,5.35,0.56
286,5.35,0.56
287,5.35,0.56
288,5.35,0.56
289,5.35,0.56
290,5.36,0.56
291,5.36,0.56
292,5.36,0.56
293,5.36,0.56
294,5.36,0.56
295,5.37,0.56
296,5.37,0.56
297,5.37,0.56
298,5.37,0.56
299,5.37,0.56
300,5.37,0.56
301,5.37,0.56
302,5.37,0.56
303,5.37,0.56
304,5.37,0.56
305,5.37,0.56
306,5.37,0.56
307,5.37,0.56
308,5.37,0.56
309,5.37,0.56
310,5.37,0.56
311,5.37,0.56
312,5.37,0.56
313,5.37,0.56
314,5.36,0.56
315,5.36,0.56
316,5.36,0.56
317,5.36,0.56
318,5.36,0.56
319,5.35,0.56
320,5.35,0.56
321,5.35,0.56
322,5.35,0.56
323,5.35,0.56
324,5.34,0.56
325,5.34,0.56
326,5.34,0.56
327,5.34,0.56
328,5.34,0.56
329,5.34,0.56
330,5.34,0.56
331,5.34,0.56
332,5.34,0.56
333,5.34,0.56
334,5.34,0.56
335,5.34,0.56
336,5.34,0.56
337,5.34,0.56
338,5.35,0.56
339,5.35,0.56
340,5.35,0.56
341,5.35,0.56
342,5.35,0.56
343,5.36,0.56
344,5.36,0.56
345,5.36,0.56
346,5.36,0.56
347,5.36,0.56
348,5.37,0.56
349,5.37,0.56
350,5.37,0.56
351,5.37,0.56
352,5.37,0.56
353,5.37,0.56
354,5.37,0.56
355,5.37,0.56
356,5.37,0.56
357,5.37,0.56
358,5.37,0.56
359,5.37,0.56
360,5.37,0.56
361,5.37,0.56
362,5.37,0.56
363,5.37,0.56
364,5.37,0.56
365,5.37,0.56
366,5.37,0.56
367,5.37,0.56
368,5.36,0.56
369,5.36,0.56
370,5.36,0.56
371,5.36,0.56
372,5.36,0.56
373,5.35,0.56
374,5.35,0.56
375,5.35,0.56
376,5.35,0.56
377,5.35,0.56
378,5.35,0.56
379,5.35,0.56
380,5.34,0.56
381,5.34,0.56
382,5.34,0.56
383,5.34,0.56
384,5.34,0.56
385,5.34,0.56
386,5.34,0.56
387,5.34,0.56
388,5.35,0.56
389,5.35,0.56
390,5.35,0.56
391,5.35,0.56
392,5.35,0.56
393,5.35,0.56
394,5.35,0.56
395,5.36,0.56
396,5.36,0.56
397,5.36,0.56
398,5.36,0.56
399,5.36,0.56
400,5.37,0.56
401,5.37,0.56
402,5.37,0.56
403,5.37,0.56
404,5.37,0.56
405,5.37,0.56
406,5.37,0.56
407,5.37,0.56
408,5.38,0.56
409,5.38,0.56
410,5.38,0.56
411,5.38,0.56
412,5.38,0.56
413,5.38,0.56
414,5.38,0.56
415,5.37,0.56
416,5.37,0.56
417,5.37,0.56
418,5.37,0.56
419,5.37,0.56
420,5.37,0.56
421,5.37,0.56
422,5.36,0.56
423,5.36,0.56
424,5.36,0.56
425,5.36,0.56
426,5.36,0.56
427,5.35,0.56
428,5.35,0.56
429,5.35,0.56
430,5.35,0.56
431,5.35,0.56
432,5.35,0.56
433,5.35,0.56
434,5.35,0.56
435,5.35,0.56
436,5.35,0.56
437,5.35,0.56
438,5.35,0.56
439,5.35,0.56
440,5.35,0.56
441,5.35,0.56
442,5.35,0.56
443,5.35,0.56
444,5.35,0.56
445,5.35,0.56
446,5.36,0.56
447,5.36,0.56
448,5.36,0.56
449,5.36,0.56
450,5.36,0.56
451,5.37,0.56
452,5.37,0.56
453,5.37,0.56
454,5.37,0.56
455,5.37,0.56
456,5.37,0.56
457,5.37,0.56
458,5.37,0.56
459,5.38,0.56
460,5.38,0.56
461,5.38,0.56
462,5.38,0.56
463,5.38,0.56
464,5.38,0.56
465,5.38,0.56
466,5.38,0.56
467,5.37,0.56
468,5.37,0.56
469,5.37,0.56
470,5.37,0.56
471,5.37,0.56
472,5.37,0.56
473,5.37,0.56
474,5.36,0.56
475,5.36,0.56
476,5.36,0.56
477,5.36,0.56
478,5.36,0.56
479,5.36,0.56
480,5.35,0.56
481,5.35,0.56
482,5.35,0.56
483,5.35,0.56
484,5.35,0.56
485,5.35,0.56
486,5.35,0.56
487,5.35,0.56
488,5.35,0.56
489,5.35,0.56
490,5.35,0.56
491,5.35,0.56
492,5.35,0.56
493,5.35,0.56
494,5.35,0.56
495,5.35,0.56
496,5.35,0.56
497,5.35,0.56
498,5.35,0.56
499,5.36,0.56
500,5.36,0.56
501,5.36,0.56
502,5.36,0.56
503,5.36,0.56
504,5.36,0.56
505,5.37,0.56
506,5.37,0.56
507,5.37,0.56
508,5.37,0.56
509,5.37,0.56
510,5.37,0.56
511,5.37,0.56
512,5.37,0.56
513,5.37,0.56
514,5.37,0.56
515,5.37,0.56
516,5.37,0.56
517,5.37,0.56
518,5.37,0.56
519,5.37,0.56
520,5.37,0.56
521,5.37,0.56
522,5.37,0.56
523,5.37,0.56
524,5.37,0.56
525,5.37,0.56
526,5.36,0.56
527,5.36,0.56
528,5.36,0.56
529,5.36,0.56
530,5.36,0.56
531,5.36,0.56
532,5.35,0.56
533,5.35,0.56
534,5.35,0.56
535,5.35,0.56
536,5.35,0.56
537,5.35,0.56
538,5.35,0.56
539,5.35,0.56
540,5.35,0.56
541,5.35,0.56
542,5.35,0.56
543,5.35,0.56
544,5.35,0.56
545,5.35,0.56
546,5.35,0.56
547,5.35,0.56
548,5.35,0.56
549,5.35,0.56
550,5.35,0.56
551,5.35,0.56
552,5.35,0.56
553,5.36,0.56
554,5.36,0.56
555,5.36,0.56
556,5.36,0.56
557,5.36,0.56
558,5.36,0.56
559,5.37,0.56
560,5.37,0.56
561,5.37,0.56
562,5.37,0.56
563,5.37,0.56
564,5.37,0.56
565,5.37,0.56
566,5.37,0.56
567,5.37,0.56
568,5.37,0.56
569,5.37,0.56
570,5.37,0.56
571,5.37,0.56
572,5.37,0.56
573,5.37,0.56
574,5.37,0.56
575,5.37,0.56
576,5.37,0.56
577,5.37,0.56
578,5.36,0.56
579,5.36,0.56
580,5.36,0.56
581,5.36,0.56
582,5.36,0.56
583,5.36,0.56
584,5.35,0.56
585,5.35,0.56
586,5.35,0.56
587,5.35,0.56
588,5.35,0.56
589,5.35,0.56
590,5.35,0.56
591,5.35,0.56
592,5.35,0.56
593,5.35,0.56
594,5.35,0.56
595,5.35,0.56
596,5.35,0.56
597,5.35,0.56
598,5.35,0.56
599,5.35,0.56
600,5.35,0.56
601,5.35,0.56
602,5.35,0.56
603,5.35,0.56
604,5.35,0.56
605,5.35,0.56
606,5.36,0.56
607,5.36,0.56
608,5.36,0.56
609,5.36,0.56
610,5.36,0.56
611,5.36,0.56
612,5.37,0.56
613,5.37,0.56
614,5.37,0.56
615,5.37,0.56
616,5.37,0.56
617,5.37,0.56
618,5.37,0.56
619,5.37,0.56
620,5.37,0.56
621,5.37,0.56
622,5.37,0.56
623,5.37,0.56
624,5.37,0.56
625,5.37,0.56
626,5.37,0.56
627,5.37,0.56
628,5.37,0.56
629,5.37,0.56
630,5.37,0.56
631,5.36,0.56
632,5.36,0.56
633,5.36,0.56
634,5.36,0.56
635,5.36,0.56
636,5.36,0.56
637,5.36,0.56
638,5.35,0.56
639,5.35,0.56
640,5.35,0.56
641,5.35,0.56
642,5.35,0.56
643,5.35,0.56
644,5.35,0.56
645,5.35,0.56
646,5.35,0.56
647,5.35,0.56
648,5.35,0.56
649,5.35,0.56
650,5.35,0.56
651,5.35,0.56
652,5.35,0.56
653,5.35,0.56
654,5.35,0.56
655,5.35,0.56
656,5.35,0.56
657,5.36,0.56
658,5.36,0.56
659,5.36,0.56
660,5.36,0.56
661,5.36,0.57
662,5.36,0.56
663,5.36,0.56
664,5.37,0.56
665,5.37,0.56
666,5.37,0.56
667,5.37,0.56
668,5.37,0.56
669,5.37,0.56
670,5.37,0.56
671,5.37,0.56
672,5.37,0.56
673,5.37,0.56
674,5.37,0.56
675,5.37,0.56
676,5.37,0.56
677,5.37,0.56
678,5.37,0.56
679,5.37,0.56
680,5.37,0.56
681,5.37,0.56
682,5.37,0.56
683,5.37,0.56
684,5.36,0.56
685,5.36,0.56
686,5.36,0.56
687,5.36,0.56
688,5.36,0.56
689,5.36,0.56
690,5.36,0.56
691,5.35,0.56
692,5.35,0.56
693,5.35,0.56
694,5.35,0.56
695,5.35,0.56
696,5.35,0.56
697,5.35,0.56
698,5.35,0.56
699,5.35,0.56
700,5.35,0.56
701,5.35,0.56
702,5.35,0.56
703,5.35,0.56
704,5.35,0.56
705,5.35,0.56
706,5.35,0.56
707,5.35,0.56
708,5.36,0.56
709,5.36,0.56
710,5.36,0.56
711,5.36,0.56
712,5.36,0.56
713,5.36,0.56
714,5.36,0.56
715,5.36,0.56
716,5.37,0.56
717,5.37,0.56
718,5.37,0.56
719,5.37,0.56
720,5.37,0.56
721,5.37,0.56
722,5.37,0.56
723,5.37,0.56
724,5.37,0.56
725,5.37,0.56
726,5.37,0.56
727,5.37,0.56
728,5.37,0.56
729,5.37,0.56
730,5.37,0.56
731,5.37,0.56
732,5.37,0.56
733,5.37,0.56
734,5.37,0.56
735,5.37,0.56
736,5.36,0.56
737,5.36,0.56
738,5.36,0.56
739,5.36,0.56
740,5.36,0.56
741,5.36,0.56
742,5.36,0.56
743,5.36,0.56
744,5.36,0.56
745,5.35,0.56
746,5.35,0.56
747,5.35,0.56
748,5.35,0.56
749,5.35,0.56
750,5.35,0.56
751,5.35,0.56
752,5.35,0.56
753,5.35,0.56
754,5.35,0.56
755,5.35,0.56
756,5.35,0.56
757,5.35,0.56
758,5.35,0.56
759,5.35,0.56
760,5.36,0.56
761,5.36,0.56
762,5.36,0.56
763,5.36,0.56
764,5.36,0.56
765,5.36,0.56
766,5.36,0.56
767,5.36,0.56
768,5.37,0.56
769,5.37,0.56
770,5.37,0.56
771,5.37,0.56
772,5.37,0.56
773,5.37,0.56
774,5.37,0.57
775,5.37,0.56
776,5.37,0.56
777,5.37,0.56
778,5.37,0.56
779,5.37,0.56
780,5.37,0.56
781,5.37,0.56
782,5.37,0.56
783,5.37,0.56
784,5.37,0.56
785,5.37,0.56
786,5.37,0.56
787,5.37,0.56
788,5.37,0.56
789,5.36,0.56
790,5.36,0.56
791,5.36,0.56
792,5.36,0.56
793,5.36,0.56
794,5.36,0.56
795,5.36,0.56
796,5.36,0.56
797,5.36,0.56
798,5.35,0.56
799,5.35,0.56
800,5.35,0.56
801,5.35,0.56
802,5.35,0.56
803,5.35,0.56
804,5.35,0.56
805,5.35,0.56
806,5.35,0.56
807,5.35,0.56
808,5.35,0.56
809,5.35,0.56
810,5.35,0.56
811,5.36,0.56
812,5.36,0.56
813,5.36,0.56
814,5.36,0.56
815,5.36,0.56
816,5.36,0.56
817,5.36,0.56
818,5.36,0.56
819,5.36,0.56
820,5.37,0.56
821,5.37,0.56
822,5.37,0.56
823,5.37,0.56
824,5.37,0.56
825,5.37,0.56
826,5.37,0.56
827,5.37,0.56
828,5.37,0.56
829,5.37,0.56
830,5.37,0.56
831,5.37,0.56
832,5.37,0.56
833,5.37,0.56
834,5.37,0.56
835,5.37,0.56
836,5.37,0.56
837,5.37,0.56
838,5.37,0.56
839,5.37,0.56
840,5.37,0.56
841,5.37,0.56
842,5.36,0.56
843,5.36,0.56
844,5.36,0.56
845,5.36,0.56
846,5.36,0.56
847,5.36,0.56
848,5.36,0.56
849,5.36,0.56
850,5.36,0.56
851,5.35,0.56
852,5.35,0.56
853,5.35,0.56
854,5.35,0.56
855,5.35,0.56
856,5.35,0.56
857,5.35,0.56
858,5.35,0.56
859,5.35,0.56
860,5.35,0.56
861,5.35,0.56
862,5.35,0.56
863,5.35,0.56
864,5.36,0.56
865,5.36,0.56
866,5.36,0.56
867,5.36,0.56
868,5.36,0.56
869,5.36,0.56
870,5.36,0.56
871,5.36,0.56
872,5.36,0.56
873,5.37,0.56
874,5.37,0.56
875,5.37,0.56
876,5.37,0.56
877,5.37,0.56
878,5.37,0.56
879,5.37,0.56
880,5.37,0.56
881,5.37,0.56
882,5.37,0.56
883,5.37,0.56
884,5.37,0.56
885,5.37,0.56
886,5.37,0.56
887,5.37,0.56
888,5.37,0.56
889,5.37,0.56
890,5.37,0.56
891,5.37,0.56
892,5.37,0.56
893,5.37,0.56
894,5.36,0.56
895,5.36,0.56
896,5.36,0.56
897,5.36,0.56
898,5.36,0.56
899,5.36,0.56
900,5.36,0.56
901,5.36,0.56
902,5.36,0.56
903,5.35,0.56
904,5.35,0.56
905,5.35,0.56
906,5.35,0.56
907,5.35,0.56
908,5.35,0.56
909,5.35,0.56
910,5.35,0.56
911,5.35,0.56
912,5.35,0.56
913,5.35,0.56
914,5.35,0.56
915,5.35,0.56
916,5.35,0.56
917,5.35,0.56
918,5.36,0.56
919,5.36,0.56
920,5.36,0.56
921,5.36,0.56
922,5.36,0.56
923,5.36,0.56
924,5.36,0.56
925,5.36,0.56
926,5.36,0.56
927,5.37,0.56
928,5.37,0.56
929,5.37,0.56
930,5.37,0.56
931,5.37,0.56
932,5.37,0.56
933,5.37,0.56
934,5.37,0.56
935,5.37,0.56
936,5.37,0.56
937,5.37,0.56
938,5.37,0.56
939,5.37,0.56
940,5.37,0.56
941,5.37,0.56
942,5.37,0.56
943,5.37,0.56
944,5.37,0.56
945,5.37,0.56
946,5.37,0.56
947,5.36,0.56
948,5.36,0.56
949,5.36,0.56
950,5.36,0.56
951,5.36,0.56
952,5.36,0.56
953,5.36,0.56
954,5.36,0.56
955,5.36,0.56
956,5.35,0.56
957,5.35,0.56
958,5.35,0.56
959,5.35,0.56
960,5.35,0.56
961,5.35,0.56
962,5.35,0.56
963,5.35,0.56
964,5.35,0.56
965,5.35,0.56
966,5.35,0.56
967,5.35,0.56
968,5.36,0.56
969,5.36,0.56
970,5.36,0.56
971,5.36,0.56
972,5.36,0.56
973,5.36,0.56
974,5.36,0.56
975,5.36,0.56
976,5.36,0.56
977,5.36,0.56
978,5.37,0.56
979,5.37,0.56
980,5.37,0.56
981,5.37,0.56
982,5.37,0.56
983,5.37,0.56
984,5.37,0.56
985,5.37,0.56
986,5.37,0.56
987,5.37,0.56
988,5.37,0.56
989,5.37,0.56
990,5.37,0.56
991,5.37,0.56
992,5.37,0.56
993,5.37,0.56
994,5.37,0.56
995,5.37,0.56
996,5.37,0.56
997,5.37,0.56
998,5.37,0.56
999,5.37,0.56
1000,5.37,0.56
1001,5.36,0.56
1002,5.36,0.56
1003,5.36,0.56
1004,5.36,0.56
1005,5.36,0.56
1006,5.36,0.56
1007,5.36,0.56
1008,5.36,0.56
1009,5.36,0.56
1010,5.36,0.56
1011,5.35,0.56
1012,5.35,0.56
1013,5.35,0.56
1014,5.35,0.56
1015,5.35,0.56
1016,5.35,0.56
1017,5.35,0.56
1018,5.35,0.56
1019,5.35,0.56
1020,5.35,0.56
1021,5.36,0.56
1022,5.36,0.56
1023,5.36,0.56
1024,5.36,0.56
1025,5.36,0.56
1026,5.36,0.56
1027,5.36,0.56
1028,5.36,0.56
1029,5.36,0.56
1030,5.37,0.56
1031,5.37,0.56
1032,5.37,0.56
1033,5.37,0.56
1034,5.37,0.56
1035,5.37,0.56
1036,5.37,0.56
1037,5.37,0.56
1038,5.37,0.56
1039,5.37,0.56
1040,5.37,0.56
1041,5.37,0.56
1042,5.37,0.56
1043,5.37,0.56
1044,5.37,0.56
1045,5.37,0.56
1046,5.37,0.56
1047,5.37,0.56
1048,5.37,0.56
1049,5.37,0.56
1050,5.37,0.56
1051,5.37,0.56
1052,5.37,0.56
1053,5.36,0.56
1054,5.36,0.56
1055,5.36,0.56
1056,5.36,0.56
1057,5.36,0.56
1058,5.36,0.56
1059,5.36,0.56
1060,5.36,0.56
1061,5.36,0.56
1062,5.35,0.56
1063,5.35,0.56
1064,5.35,0.56
1065,5.35,0.56
1066,5.35,0.56
1067,5.35,0.56
1068,5.35,0.56
1069,5.35,0.56
1070,5.35,0.56
1071,5.35,0.56
1072,5.35,0.56
1073,5.35,0.56
1074,5.35,0.56
1075,5.36,0.56
1076,5.36,0.56
1077,5.36,0.56
1078,5.36,0.56
1079,5.36,0.56
1080,5.36,0.56
1081,5.36,0.56
1082,5.36,0.56
1083,5.36,0.56
1084,5.37,0.56
1085,5.37,0.56
1086,5.37,0.56
1087,5.37,0.56
1088,5.37,0.56
1089,5.37,0.56
1090,5.37,0.56
1091,5.37,0.56
1092,5.37,0.56
1093,5.37,0.56
1094,5.37,0.56
1095,5.37,0.56
1096,5.37,0.56
1097,5.37,0.56
1098,5.37,0.56
1099,5.37,0.56
1100,5.37,0.56
1101,5.37,0.56
1102,5.37,0.56
1103,5.37,0.56
1104,5.37,0.56
1105,5.36,0.56
1106,5.36,0.56
1107,5.36,0.56
1108,5.36,0.56
1109,5.36,0.56
1110,5.36,0.56
1111,5.36,0.56
1112,5.36,0.56
1113,5.36,0.56
1114,5.35,0.56
1115,5.35,0.56
1116,5.35,0.56
1117,5.35,0.56
1118,5.35,0.56
1119,5.35,0.56
1120,5.35,0.56
1121,5.35,0.56
1122,5.35,0.56
1123,5.35,0.56
1124,5.35,0.56
1125,5.35,0.56
1126,5.35,0.56
1127,5.35,0.56
1128,5.35,0.56
1129,5.35,0.56
1130,5.36,0.56
1131,5.36,0.56
1132,5.36,0.56
1133,5.36,0.56
1134,5.36,0.56
1135,5.36,0.56
1136,5.36,0.56
1137,5.36,0.56
1138,5.37,0.56
1139,5.37,0.56
1140,5.37,0.56
1141,5.37,0.56
1142,5.37,0.57
1143,5.37,0.56
1144,5.37,0.56
1145,5.37,0.56
1146,5.37,0.56
1147,5.37,0.56
1148,5.37,0.56
1149,5.37,0.56
1150,5.37,0.56
1151,5.37,0.56
1152,5.37,0.56
1153,5.37,0.56
1154,5.37,0.56
1155,5.37,0.56
1156,5.37,0.56
1157,5.37,0.56
1158,5.36,0.56
1159,5.36,0.56
1160,5.36,0.56
1161,5.36,0.56
1162,5.36,0.56
1163,5.36,0.56
1164,5.36,0.56
1165,5.36,0.56
1166,5.36,0.56
1167,5.35,0.56
1168,5.35,0.56
1169,5.35,0.56
1170,5.35,0.56
1171,5.35,0.56
1172,5.35,0.56
1173,5.35,0.56
1174,5.35,0.56
1175,5.35,0.56
1176,5.35,0.56
1177,5.35,0.56
1178,5.35,0.56
1179,5.35,0.56
1180,5.35,0.56
1181,5.36,0.56
1182,5.36,0.56
1183,5.36,0.56
1184,5.36,0.56
1185,5.36,0.56
1186,5.36,0.56
1187,5.36,0.56
1188,5.36,0.56
1189,5.37,0.56
1190,5.37,0.56
1191,5.37,0.56
1192,5.37,0.56
1193,5.37,0.56
1194,5.37,0.56
1195,5.37,0.56
1196,5.37,0.56
1197,5.37,0.56
1198,5.37,0.56
1199,5.37,0.56
1200,5.37,0.56
1201,5.37,0.56
1202,5.37,0.56
1203,5.37,0.56
1204,5.37,0.56
1205,5.37,0.56
1206,5.37,0.56
1207,5.37,0.56
1208,5.37,0.56
1209,5.37,0.56
1210,5.37,0.56
1211,5.37,0.56
1212,5.36,0.56
1213,5.36,0.56
1214,5.36,0.56
1215,5.36,0.56
1216,5.36,0.56
1217,5.36,0.56
1218,5.36,0.56
1219,5.36,0.56
1220,5.35,0.56
1221,5.35,0.56
1222,5.35,0.56
1223,5.35,0.56
1224,5.35,0.56
1225,5.35,0.56
1226,5.35,0.56
1227,5.35,0.56
1228,5.35,0.56
1229,5.35,0.56
1230,5.35,0.56
1231,5.35,0.56
1232,5.35,0.56
1233,5.35,0.56
1234,5.36,0.56
1235,5.36,0.56
1236,5.36,0.56
1237,5.36,0.56
1238,5.36,0.56
1239,5.36,0.56
1240,5.36,0.56
1241,5.37,0.56
1242,5.37,0.56
1243,5.37,0.56
1244,5.37,0.56
1245,5.37,0.56
1246,5.37,0.56
1247,5.37,0.56
1248,5.37,0.56
1249,5.37,0.56
1250,5.37,0.56
1251,5.38,0.56
1252,5.38,0.56
1253,5.38,0.56
1254,5.38,0.56
1255,5.37,0.56
1256,5.37,0.56
1257,5.37,0.56
1258,5.37,0.56
1259,5.37,0.56
1260,5.37,0.56
1261,5.37,0.56
1262,5.37,0.56
1263,5.37,0.56
1264,5.37,0.56
1265,5.36,0.56
1266,5.36,0.56
1267,5.36,0.56
1268,5.36,0.56
1269,5.36,0.56
1270,5.36,0.56
1271,5.36,0.56
1272,5.35,0.56
1273,5.35,0.56
1274,5.35,0.56
1275,5.35,0.56
1276,5.35,0.56
1277,5.35,0.56
1278,5.35,0.56
1279,5.35,0.56
1280,5.35,0.56
1281,5.35,0.56
1282,5.35,0.56
1283,5.35,0.56
1284,5.35,0.56
1285,5.35,0.56
1286,5.35,0.56
1287,5.35,0.56
1288,5.36,0.56
1289,5.36,0.56
1290,5.36,0.56
1291,5.36,0.56
1292,5.36,0.56
1293,5.36,0.56
1294,5.36,0.56
1295,5.37,0.56
1296,5.37,0.56
1297,5.37,0.56
1298,5.37,0.56
1299,5.37,0.56
1300,5.37,0.56
1301,5.37,0.56
1302,5.37,0.56
1303,5.37,0.56
1304,5.37,0.56
1305,5.37,0.56
1306,5.37,0.56
1307,5.37,0.56
1308,5.37,0.56
1309,5.37,0.56
1310,5.37,0.56
1311,5.37,0.56
1312,5.37,0.56
1313,5.37,0.56
1314,5.37,0.56
1315,5.37,0.56
1316,5.37,0.56
1317,5.37,0.56
1318,5.36,0.56
1319,5.36,0.56
1320,5.36,0.56
1321,5.36,0.56
1322,5.36,0.56
1323,5.36,0.56
1324,5.35,0.56
1325,5.35,0.56
1326,5.35,0.56
1327,5.35,0.56
1328,5.35,0.56
1329,5.35,0.56
1330,5.35,0.56
1331,5.35,0.56
1332,5.35,0.56
1333,5.35,0.56
1334,5.35,0.56
1335,5.35,0.56
1336,5.35,0.56
1337,5.35,0.56
1338,5.35,0.56
1339,5.35,0.56
1340,5.35,0.56
1341,5.35,0.56
1342,5.35,0.56
1343,5.36,0.56
1344,5.36,0.56
1345,5.36,0.56
1346,5.36,0.56
1347,5.36,0.56
1348,5.36,0.56
1349,5.36,0.56
1350,5.37,0.56
1351,5.37,0.56
1352,5.37,0.56
1353,5.37,0.56
1354,5.37,0.56
1355,5.37,0.56
1356,5.37,0.56
1357,5.37,0.56
1358,5.37,0.56
1359,5.37,0.56
1360,5.37,0.56
1361,5.37,0.56
1362,5.37,0.56
1363,5.37,0.56
1364,5.37,0.56
1365,5.37,0.56
1366,5.37,0.56
1367,5.37,0.56
1368,5.37,0.56
1369,5.37,0.56
1370,5.36,0.56
1371,5.36,0.56
1372,5.36,0.56
1373,5.36,0.56
1374,5.36,0.56
1375,5.36,0.56
1376,5.35,0.56
1377,5.35,0.56
1378,5.35,0.56
1379,5.35,0.56
1380,5.35,0.56
1381,5.35,0.56
1382,5.35,0.56
1383,5.35,0.56
1384,5.35,0.56
1385,5.35,0.56
1386,5.35,0.56
1387,5.35,0.56
1388,5.35,0.56
1389,5.35,0.56
1390,5.35,0.56
1391,5.35,0.56
1392,5.35,0.56
1393,5.35,0.56
1394,5.35,0.56
1395,5.35,0.56
1396,5.35,0.56
1397,5.36,0.56
1398,5.36,0.56
1399,5.36,0.56
1400,5.36,0.56
1401,5.36,0.56
1402,5.36,0.56
1403,5.37,0.56
1404,5.37,0.56
1405,5.37,0.56
1406,5.37,0.56
1407,5.37,0.56
1408,5.37,0.56
1409,5.37,0.56
1410,5.37,0.56
1411,5.37,0.56
1412,5.37,0.56
1413,5.37,0.56
1414,5.37,0.56
1415,5.37,0.56
1416,5.37,0.56
1417,5.37,0.56
1418,5.37,0.56
1419,5.37,0.56
1420,5.37,0.56
1421,5.37,0.56
1422,5.37,0.56
1423,5.36,0.56
1424,5.36,0.56
1425,5.36,0.56
1426,5.36,0.56
1427,5.36,0.56
1428,5.36,0.56
1429,5.35,0.56
1430,5.35,0.56
1431,5.35,0.56
1432,5.35,0.56
1433,5.35,0.56
1434,5.35,0.56
1435,5.35,0.56
1436,5.35,0.56
1437,5.34,0.56
1438,5.34,0.56
1439,5.34,0.56
1440,5.34,0.56
1441,5.34,0.56
1442,5.34,0.56
1443,5.35,0.56
1444,5.35,0.56
1445,5.35,0.56
1446,5.35,0.56
1447,5.35,0.56
1448,5.35,0.56
1449,5.35,0.56
1450,5.35,0.56
1451,5.36,0.56
1452,5.36,0.56
1453,5.36,0.56
1454,5.36,0.56
1455,5.36,0.56
1456,5.36,0.56
1457,5.37,0.56
1458,5.37,0.56
1459,5.37,0.56
1460,5.37,0.56
1461,5.37,0.56
1462,5.37,0.56
1463,5.37,0.56
1464,5.37,0.56
1465,5.37,0.56
1466,5.37,0.56
1467,5.37,0.56
1468,5.37,0.56
1469,5.37,0.56
1470,5.37,0.56
1471,5.37,0.56
1472,5.37,0.56
1473,5.37,0.56
1474,5.37,0.56
1475,5.36,0.56
1476,5.36,0.56
1477,5.36,0.56
1478,5.36,0.56
1479,5.36,0.56
1480,5.36,0.56
1481,5.35,0.56
1482,5.35,0.56
1483,5.35,0.56
1484,5.35,0.56
1485,5.35,0.56
1486,5.35,0.56
1487,5.34,0.56
1488,5.34,0.56
1489,5.34,0.56
1490,5.34,0.56
1491,5.34,0.56
1492,5.34,0.56
1493,5.34,0.56
1494,5.34,0.56
1495,5.34,0.56
1496,5.34,0.56
1497,5.34,0.56
1498,5.35,0.56
1499,5.35,0.56
1500,5.35,0.56
1501,5.35,0.56
1502,5.35,0.56
1503,5.35,0.56
1504,5.35,0.56
1505,5.36,0.56
1506,5.36,0.56
1507,5.36,0.56
1508,5.36,0.56
1509,5.36,0.56
1510,5.37,0.56
1511,5.37,0.56
1512,5.37,0.56
1513,5.37,0.56
1514,5.37,0.56
1515,5.37,0.56
1516,5.37,0.56
1517,5.37,0.56
1518,5.37,0.56
1519,5.37,0.56
1520,5.37,0.56
1521,5.37,0.56
1522,5.37,0.56
1523,5.37,0.56
1524,5.37,0.56
1525,5.37,0.56
1526,5.37,0.56
1527,5.37,0.56
1528,5.37,0.56
1529,5.36,0.56
1530,5.36,0.56
1531,5.36,0.56
1532,5.36,0.56
1533,5.36,0.56
1534,5.35,0.56
1535,5.35,0.56
1536,5.35,0.56
1537,5.35,0.56
1538,5.35,0.56
1539,5.35,0.56
1540,5.35,0.56
1541,5.34,0.56
1542,5.34,0.56
1543,5.34,0.56
1544,5.34,0.56
1545,5.34,0.56
1546,5.34,0.56
1547,5.34,0.56
1548,5.34,0.56
1549,5.34,0.56
1550,5.35,0.56
1551,5.35,0.56
1552,5.35,0.56
1553,5.35,0.56
1554,5.35,0.56
1555,5.35,0.56
1556,5.35,0.56
1557,5.36,0.56
1558,5.36,0.56
1559,5.36,0.56
1560,5.36,0.56
1561,5.36,0.56
1562,5.36,0.56
1563,5.37,0.56
1564,5.37,0.56
1565,5.37,0.56
1566,5.37,0.56
1567,5.37,0.56
1568,5.37,0.56
1569,5.37,0.56
1570,5.37,0.56
1571,5.37,0.56
1572,5.37,0.56
1573,5.37,0.56
1574,5.37,0.56
1575,5.37,0.56
1576,5.37,0.56
1577,5.37,0.56
1578,5.37,0.56
1579,5.37,0.56
1580,5.37,0.56
1581,5.37,0.56
1582,5.36,0.56
1583,5.36,0.56
1584,5.36,0.56
1585,5.36,0.56
1586,5.36,0.56
1587,5.36,0.56
1588,5.35,0.56
1589,5.35,0.56
1590,5.35,0.56
1591,5.35,0.56
1592,5.35,0.56
1593,5.35,0.56
1594,5.35,0.56
1595,5.34,0.56
1596,5.34,0.56
1597,5.34,0.56
1598,5.34,0.56
1599,5.34,0.56
1600,5.34,0.56
1601,5.34,0.56
1602,5.35,0.56
1603,5.35,0.56
1604,5.35,0.56
1605,5.35,0.56
1606,5.35,0.56
1607,5.35,0.56
1608,5.35,0.56
1609,5.35,0.56
1610,5.36,0.56
1611,5.36,0.56
1612,5.36,0.56
1613,5.36,0.56
1614,5.36,0.56
1615,5.37,0.56
1616,5.37,0.56
1617,5.37,0.56
1618,5.37,0.56
1619,5.37,0.56
1620,5.37,0.56
1621,5.37,0.56
1622,5.37,0.56
1623,5.38,0.56
1624,5.38,0.56
1625,5.38,0.56
1626,5.38,0.56
1627,5.37,0.56
1628,5.37,0.56
1629,5.37,0.56
1630,5.37,0.56
1631,5.37,0.56
1632,5.37,0.56
1633,5.37,0.56
1634,5.37,0.56
1635,5.37,0.56
1636,5.36,0.56
1637,5.36,0.56
1638,5.36,0.56
1639,5.36,0.56
1640,5.36,0.56
1641,5.35,0.56
1642,5.35,0.56
1643,5.35,0.56
1644,5.35,0.56
1645,5.35,0.56
1646,5.35,0.56
1647,5.35,0.56
1648,5.34,0.56
1649,5.34,0.56
1650,5.34,0.56
1651,5.34,0.56
1652,5.34,0.56
1653,5.34,0.56
1654,5.34,0.56
1655,5.35,0.56
1656,5.35,0.56
1657,5.35,0.56
1658,5.35,0.56
1659,5.35,0.56
1660,5.35,0.56
1661,5.35,0.56
1662,5.35,0.56
1663,5.36,0.56
1664,5.36,0.56
1665,5.36,0.56
1666,5.36,0.56
1667,5.36,0.56
1668,5.37,0.56
1669,5.37,0.56
1670,5.37,0.56
1671,5.37,0.56
1672,5.37,0.56
1673,5.37,0.56
1674,5.37,0.56
1675,5.37,0.56
1676,5.38,0.56
1677,5.38,0.56
1678,5.38,0.56
1679,5.38,0.56
1680,5.37,0.56
1681,5.37,0.56
1682,5.37,0.56
1683,5.37,0.56
1684,5.37,0.56
1685,5.37,0.56
1686,5.37,0.56
1687,5.37,0.56
1688,5.36,0.56
1689,5.36,0.56
1690,5.36,0.56
1691,5.36,0.56
1692,5.36,0.56
1693,5.35,0.56
1694,5.35,0.56
1695,5.35,0.56
1696,5.35,0.56
1697,5.35,0.56
1698,5.35,0.56
1699,5.35,0.56
1700,5.34,0.56
1701,5.34,0.56
1702,5.34,0.56
1703,5.34,0.56
1704,5.34,0.56
1705,5.34,0.56
1706,5.34,0.56
1707,5.34,0.56
1708,5.34,0.56
1709,5.35,0.56
1710,5.35,0.56
1711,5.35,0.56
1712,5.35,0.56
1713,5.35,0.56
1714,5.35,0.56
1715,5.35,0.56
1716,5.36,0.56
1717,5.36,0.56
1718,5.36,0.56
1719,5.36,0.56
1720,5.36,0.56
1721,5.37,0.56
1722,5.37,0.56
1723,5.37,0.56
1724,5.37,0.56
1725,5.37,0.56
1726,5.37,0.56
1727,5.37,0.56
1728,5.38,0.56
1729,5.38,0.56
1730,5.38,0.56
1731,5.38,0.56
1732,5.38,0.56
1733,5.38,0.56
1734,5.37,0.56
1735,5.37,0.56
1736,5.37,0.56
1737,5.37,0.56
1738,5.37,0.56
1739,5.37,0.56
1740,5.37,0.56
1741,5.36,0.56
1742,5.36,0.56
1743,5.36,0.56
1744,5.36,0.56
1745,5.36,0.56
1746,5.35,0.56
1747,5.35,0.56
1748,5.35,0.56
1749,5.35,0.56
1750,5.35,0.56
1751,5.35,0.56
1752,5.34,0.56
1753,5.34,0.56
1754,5.34,0.56
1755,5.34,0.56
1756,5.34,0.56
1757,5.34,0.56
1758,5.34,0.56
1759,5.34,0.56
1760,5.34,0.56
1761,5.34,0.56
1762,5.34,0.56
1763,5.34,0.56
1764,5.35,0.56
1765,5.35,0.56
1766,5.35,0.56
1767,5.35,0.56
1768,5.35,0.56
1769,5.35,0.56
1770,5.36,0.56
1771,5.36,0.56
1772,5.36,0.56
1773,5.36,0.56
1774,5.36,0.56
1775,5.37,0.56
1776,5.37,0.56
1777,5.37,0.56
1778,5.37,0.56
1779,5.37,0.56
1780,5.37,0.56
1781,5.37,0.56
1782,5.37,0.56
1783,5.37,0.56
1784,5.37,0.56
1785,5.37,0.56
1786,5.37,0.56
1787,5.37,0.56
1788,5.37,0.56
1789,5.37,0.56
1790,5.37,0.56
1791,5.37,0.56
1792,5.37,0.56
1793,5.36,0.56
1794,5.36,0.56
1795,5.36,0.56
1796,5.36,0.56
1797,5.36,0.56
1798,5.35,0.56
1799,5.35,0.56
1800,5.35,0.56
1801,5.35,0.56
1802,5.35,0.56
1803,5.35,0.56
1804,5.34,0.56
1805,5.34,0.56
1806,5.34,0.56
1807,5.34,0.56
1808,5.34,0.56
1809,5.34,0.56
1810,5.34,0.56
1811,5.34,0.56
1812,5.34,0.56
1813,5.34,0.56
1814,5.34,0.56
1815,5.34,0.56
1816,5.34,0.56
1817,5.35,0.56
1818,5.35,0.56
1819,5.35,0.56
1820,5.35,0.56
1821,5.35,0.56
1822,5.36,0.56
1823,5.36,0.56
1824,5.36,0.56
1825,5.36,0.56
1826,5.36,0.56
1827,5.37,0.57
1828,5.37,0.56
1829,5.37,0.56
1830,5.37,0.56
1831,5.37,0.56
1832,5.37,0.56
1833,5.37,0.56
1834,5.37,0.56
1835,5.37,0.56
1836,5.37,0.56
1837,5.37,0.56
1838,5.37,0.56
1839,5.37,0.56
1840,5.37,0.56
1841,5.37,0.56
1842,5.37,0.56
1843,5.37,0.56
1844,5.37,0.56
1845,5.37,0.56
1846,5.37,0.56
1847,5.36,0.56
1848,5.36,0.56
1849,5.36,0.56
1850,5.36,0.56
1851,5.36,0.56
1852,5.35,0.56
1853,5.35,0.56
1854,5.35,0.56
1855,5.35,0.56
1856,5.35,0.56
1857,5.35,0.56
1858,5.34,0.56
1859,5.34,0.56
1860,5.34,0.56
1861,5.34,0.56
1862,5.34,0.56
1863,5.34,0.56
1864,5.34,0.56
1865,5.34,0.56
1866,5.34,0.56
1867,5.34,0.56
1868,5.34,0.56
1869,5.35,0.56
1870,5.35,0.56
1871,5.35,0.56
1872,5.35,0.56
1873,5.35,0.56
1874,5.35,0.56
1875,5.36,0.56
1876,5.36,0.56
1877,5.36,0.56
1878,5.36,0.56
1879,5.36,0.56
1880,5.37,0.56
1881,5.37,0.56
1882,5.37,0.56
1883,5.37,0.56
1884,5.37,0.56
1885,5.37,0.56
1886,5.37,0.56
1887,5.37,0.56
1888,5.37,0.56
1889,5.37,0.56
1890,5.37,0.56
1891,5.37,0.56
1892,5.37,0.56
1893,5.37,0.56
1894,5.37,0.56
1895,5.37,0.56
1896,5.37,0.56
1897,5.37,0.56
1898,5.37,0.56
1899,5.37,0.56
1900,5.36,0.56
1901,5.36,0.56
1902,5.36,0.56
1903,5.36,0.56
1904,5.36,0.56
1905,5.35,0.56
1906,5.35,0.56
1907,5.35,0.56
1908,5.35,0.56
1909,5.35,0.56
1910,5.35,0.56
1911,5.35,0.56
1912,5.34,0.56
1913,5.34,0.56
1914,5.34,0.56
1915,5.34,0.56
1916,5.34,0.56
1917,5.34,0.56
1918,5.34,0.56
1919,5.34,0.56
1920,5.35,0.56
1921,5.35,0.56
1922,5.35,0.56
1923,5.35,0.56
1924,5.35,0.56
1925,5.35,0.56
1926,5.35,0.56
1927,5.36,0.56
1928,5.36,0.56
1929,5.36,0.56
1930,5.36,0.56
1931,5.36,0.56
1932,5.36,0.56
1933,5.37,0.56
1934,5.37,0.56
1935,5.37,0.56
1936,5.37,0.56
1937,5.37,0.56
1938,5.37,0.56
1939,5.37,0.56
1940,5.37,0.56
1941,5.37,0.56
1942,5.38,0.56
1943,5.38,0.56
1944,5.37,0.56
1945,5.37,0.56
1946,5.37,0.56
1947,5.37,0.56
1948,5.37,0.56
1949,5.37,0.56
1950,5.37,0.56
1951,5.37,0.56
1952,5.37,0.56
1953,5.36,0.56
1954,5.36,0.56
1955,5.36,0.56
1956,5.36,0.56
1957,5.36,0.56
1958,5.35,0.56
1959,5.35,0.56
1960,5.35,0.56
1961,5.35,0.56
1962,5.35,0.56
1963,5.35,0.56
1964,5.35,0.56
1965,5.35,0.56
1966,5.34,0.56
1967,5.34,0.56
1968,5.34,0.56
1969,5.34,0.56
1970,5.34,0.56
1971,5.34,0.56
1972,5.35,0.56
1973,5.35,0.56
1974,5.35,0.56
1975,5.35,0.56
1976,5.35,0.56
1977,5.35,0.56
1978,5.35,0.56
1979,5.35,0.56
1980,5.36,0.56
1981,5.36,0.56
1982,5.36,0.56
1983,5.36,0.56
1984,5.36,0.56
1985,5.37,0.56
1986,5.37,0.56
1987,5.37,0.56
1988,5.37,0.56
1989,5.37,0.56
1990,5.37,0.56
1991,5.37,0.56
1992,5.37,0.56
1993,5.38,0.56
1994,5.38,0.56
1995,5.38,0.56
1996,5.38,0.56
1997,5.38,0.56
1998,5.38,0.56
1999,5.37,0.56
2000,5.37,0.56
2001,5.37,0.56
2002,5.37,0.56
2003,5.37,0.56
2004,5.37,0.56
2005,5.37,0.56
2006,5.36,0.56
2007,5.36,0.56
2008,5.36,0.56
2009,5.36,0.56
2010,5.36,0.56
2011,5.36,0.56
2012,5.35,0.56
2013,5.35,0.56
2014,5.35,0.56
2015,5.35,0.56
2016,5.35,0.56
2017,5.35,0.56
2018,5.35,0.56
2019,5.35,0.56
2020,5.34,0.56
2021,5.34,0.56
2022,5.34,0.56
2023,5.34,0.56
2024,5.34,0.56
2025,5.35,0.56
2026,5.35,0.56
2027,5.35,0.56
2028,5.35,0.56
2029,5.35,0.56
2030,5.35,0.56
2031,5.35,0.56
2032,5.35,0.56
2033,5.36,0.56
2034,5.36,0.56
2035,5.36,0.56
2036,5.36,0.56
2037,5.36,0.56
2038,5.37,0.56
2039,5.37,0.56
2040,5.37,0.56
2041,5.37,0.56
2042,5.37,0.56
2043,5.37,0.56
2044,5.37,0.56
2045,5.37,0.56
2046,5.38,0.56
2047,5.38,0.56
2048,5.38,0.56
2049,5.38,0.56
2050,5.38,0.56
2051,5.38,0.56
2052,5.37,0.56
2053,5.37,0.56
2054,5.37,0.56
2055,5.37,0.56
2056,5.37,0.56
2057,5.37,0.56
2058,5.37,0.56
2059,5.36,0.56
2060,5.36,0.56
2061,5.36,0.56
2062,5.36,0.56
2063,5.36,0.56
2064,5.36,0.56
2065,5.35,0.56
2066,5.35,0.56
2067,5.35,0.56
2068,5.35,0.56
2069,5.35,0.56
2070,5.35,0.56
2071,5.35,0.56
2072,5.35,0.56
2073,5.35,0.56
2074,5.35,0.56
2075,5.35,0.56
2076,5.35,0.56
2077,5.35,0.56
2078,5.35,0.56
2079,5.35,0.56
2080,5.35,0.56
2081,5.35,0.56
2082,5.35,0.56
2083,5.35,0.56
2084,5.35,0.56
2085,5.36,0.56
2086,5.36,0.56
2087,5.36,0.56
2088,5.36,0.56
2089,5.36,0.56
2090,5.36,0.56
2091,5.37,0.56
2092,5.37,0.56
2093,5.37,0.56
2094,5.37,0.56
2095,5.37,0.56
2096,5.37,0.56
2097,5.37,0.56
2098,5.37,0.56
2099,5.38,0.56
2100,5.38,0.56
2101,5.38,0.56
2102,5.38,0.56
2103,5.38,0.56
2104,5.38,0.56
2105,5.37,0.56
2106,5.37,0.56
2107,5.37,0.56
2108,5.37,0.56
2109,5.37,0.56
2110,5.37,0.56
2111,5.37,0.56
2112,5.36,0.56
2113,5.36,0.56
2114,5.36,0.56
2115,5.36,0.56
2116,5.36,0.56
2117,5.36,0.56
2118,5.35,0.56
2119,5.35,0.56
2120,5.35,0.56
2121,5.35,0.56
2122,5.35,0.56
2123,5.35,0.56
2124,5.35,0.56
2125,5.35,0.56
2126,5.35,0.56
2127,5.34,0.56
2128,5.34,0.56
2129,5.35,0.56
2130,5.35,0.56
2131,5.35,0.56
2132,5.35,0.56
2133,5.35,0.56
2134,5.35,0.56
2135,5.35,0.56
2136,5.35,0.56
2137,5.35,0.56
2138,5.36,0.56
2139,5.36,0.56
2140,5.36,0.56
2141,5.36,0.56
2142,5.36,0.56
2143,5.36,0.56
2144,5.37,0.56
2145,5.37,0.56
2146,5.37,0.56
2147,5.37,0.56
2148,5.37,0.56
2149,5.37,0.56
2150,5.37,0.56
2151,5.37,0.56
2152,5.38,0.56
2153,5.38,0.56
2154,5.38,0.56
2155,5.38,0.56
2156,5.38,0.56
2157,5.38,0.56
2158,5.37,0.56
2159,5.37,0.56
2160,5.37,0.56
2161,5.37,0.56
2162,5.37,0.56
2163,5.37,0.56
2164,5.37,0.56
2165,5.36,0.56
2166,5.36,0.56
2167,5.36,0.56
2168,5.36,0.56
2169,5.36,0.56
2170,5.36,0.56
2171,5.35,0.56
2172,5.35,0.56
2173,5.35,0.56
2174,5.35,0.56
2175,5.35,0.56
2176,5.35,0.56
2177,5.35,0.56
2178,5.35,0.56
2179,5.35,0.56
2180,5.35,0.56
2181,5.35,0.56
2182,5.35,0.56
2183,5.35,0.56
2184,5.35,0.56
2185,5.35,0.56
2186,5.35,0.56
2187,5.35,0.56
2188,5.35,0.56
2189,5.35,0.56
2190,5.35,0.56
2191,5.36,0.56
2192,5.36,0.56
2193,5.36,0.56
2194,5.36,0.56
2195,5.36,0.56
2196,5.37,0.56
2197,5.37,0.56
2198,5.37,0.56
2199,5.37,0.56
2200,5.37,0.56
2201,5.37,0.56
2202,5.37,0.56
2203,5.37,0.56
2204,5.38,0.56
2205,5.38,0.56
2206,5.38,0.56
2207,5.38,0.56
2208,5.38,0.56
2209,5.38,0.56
2210,5.38,0.56
2211,5.37,0.56
2212,5.37,0.56
2213,5.37,0.56
2214,5.37,0.56
2215,5.37,0.56
2216,5.37,0.56
2217,5.37,0.56
2218,5.36,0.56
2219,5.36,0.56
2220,5.36,0.56
2221,5.36,0.56
2222,5.36,0.56
2223,5.35,0.56
2224,5.35,0.56
2225,5.35,0.56
2226,5.35,0.56
2227,5.35,0.56
2228,5.35,0.56
2229,5.35,0.56
2230,5.34,0.56
2231,5.34,0.56
2232,5.34,0.56
2233,5.34,0.56
2234,5.34,0.56
2235,5.34,0.56
2236,5.34,0.56
2237,5.35,0.56
2238,5.35,0.56
2239,5.35,0.56
2240,5.35,0.56
2241,5.35,0.56
2242,5.35,0.56
2243,5.35,0.56
2244,5.36,0.56
2245,5.36,0.56
2246,5.36,0.56
2247,5.36,0.56
2248,5.36,0.56
2249,5.36,0.56
2250,5.37,0.56
2251,5.37,0.56
2252,5.37,0.56
2253,5.37,0.56
2254,5.37,0.56
2255,5.37,0.56
2256,5.37,0.56
2257,5.37,0.56
2258,5.38,0.56
2259,5.38,0.56
2260,5.38,0.56
2261,5.38,0.56
2262,5.38,0.56
2263,5.37,0.56
2264,5.37,0.56
2265,5.37,0.56
2266,5.37,0.56
2267,5.37,0.56
2268,5.37,0.56
2269,5.37,0.56
2270,5.37,0.56
2271,5.36,0.56
2272,5.36,0.56
2273,5.36,0.56
2274,5.36,0.56
2275,5.36,0.56
2276,5.36,0.56
2277,5.35,0.56
2278,5.35,0.56
2279,5.35,0.56
2280,5.35,0.56
2281,5.35,0.56
2282,5.35,0.56
2283,5.35,0.56
2284,5.35,0.56
2285,5.35,0.56
2286,5.35,0.56
2287,5.35,0.56
2288,5.35,0.56
2289,5.35,0.56
2290,5.35,0.56
2291,5.35,0.56
2292,5.35,0.56
2293,5.35,0.56
2294,5.35,0.56
2295,5.35,0.56
2296,5.35,0.56
2297,5.36,0.56
2298,5.36,0.56
2299,5.36,0.56
2300,5.36,0.56
2301,5.36,0.56
2302,5.36,0.56
2303,5.37,0.56
2304,5.37,0.56
2305,5.37,0.56
2306,5.37,0.56
2307,5.37,0.56
2308,5.37,0.56
2309,5.37,0.56
2310,5.38,0.56
2311,5.38,0.56
2312,5.38,0.56
2313,5.38,0.56
2314,5.38,0.56
2315,5.38,0.56
2316,5.37,0.56
2317,5.37,0.56
2318,5.37,0.56
2319,5.37,0.56
2320,5.37,0.56
2321,5.37,0.56
2322,5.37,0.56
2323,5.37,0.56
2324,5.36,0.56
2325,5.36,0.56
2326,5.36,0.56
2327,5.36,0.56
2328,5.36,0.56
2329,5.36,0.56
2330,5.35,0.56
2331,5.35,0.56
2332,5.35,0.56
2333,5.35,0.56
2334,5.35,0.56
2335,5.35,0.56
2336,5.35,0.56
2337,5.35,0.56
2338,5.35,0.56
2339,5.35,0.56
2340,5.35,0.56
2341,5.35,0.56
2342,5.35,0.56
2343,5.35,0.56
2344,5.35,0.56
2345,5.35,0.56
2346,5.35,0.56
2347,5.35,0.56
2348,5.35,0.56
2349,5.35,0.56
2350,5.36,0.56
2351,5.36,0.56
2352,5.36,0.56
2353,5.36,0.56
2354,5.36,0.56
2355,5.37,0.56
2356,5.37,0.56
2357,5.37,0.56
2358,5.37,0.56
2359,5.37,0.56
2360,5.37,0.56
2361,5.37,0.56
2362,5.37,0.56
2363,5.37,0.56
2364,5.38,0.56
2365,5.38,0.56
2366,5.38,0.56
2367,5.37,0.56
2368,5.37,0.56
2369,5.37,0.56
2370,5.37,0.56
2371,5.37,0.56
2372,5.37,0.56
2373,5.37,0.56
2374,5.37,0.56
2375,5.37,0.56
2376,5.36,0.56
2377,5.36,0.56
2378,5.36,0.56
2379,5.36,0.56
2380,5.36,0.56
2381,5.36,0.56
2382,5.35,0.56
2383,5.35,0.56
2384,5.35,0.56
2385,5.35,0.56
2386,5.35,0.56
2387,5.35,0.56
2388,5.35,0.56
2389,5.35,0.56
2390,5.34,0.56
2391,5.34,0.56
2392,5.34,0.56
2393,5.34,0.56
2394,5.35,0.56
2395,5.35,0.56
2396,5.35,0.56
2397,5.35,0.56
2398,5.35,0.56
2399,5.35,0.56
2400,5.35,0.56
2401,5.35,0.56
2402,5.35,0.56
2403,5.36,0.56
2404,5.36,0.57
2405,5.36,0.56
2406,5.36,0.56
2407,5.36,0.56
2408,5.36,0.56
2409,5.37,0.56
2410,5.37,0.56
2411,5.37,0.56
2412,5.37,0.56
2413,5.37,0.56
2414,5.37,0.56
2415,5.37,0.56
2416,5.37,0.56
2417,5.38,0.56
2418,5.38,0.56
2419,5.38,0.56
2420,5.38,0.56
2421,5.38,0.56
2422,5.37,0.56
2423,5.37,0.56
2424,5.37,0.56
2425,5.37,0.56
2426,5.37,0.56
2427,5.37,0.56
2428,5.37,0.56
2429,5.37,0.56
2430,5.36,0.56
2431,5.36,0.56
2432,5.36,0.56
2433,5.36,0.56
2434,5.36,0.56
2435,5.35,0.56
2436,5.35,0.56
2437,5.35,0.56
2438,5.35,0.56
2439,5.35,0.56
2440,5.35,0.56
2441,5.35,0.56
2442,5.35,0.56
2443,5.35,0.56
2444,5.35,0.56
2445,5.35,0.56
2446,5.35,0.56
2447,5.35,0.56
2448,5.35,0.56
2449,5.35,0.56
2450,5.35,0.56
2451,5.35,0.56
2452,5.35,0.56
2453,5.35,0.56
2454,5.35,0.56
2455,5.36,0.56
2456,5.36,0.56
2457,5.36,0.56
2458,5.36,0.56
2459,5.36,0.56
2460,5.36,0.56
2461,5.37,0.56
2462,5.37,0.56
2463,5.37,0.56
2464,5.37,0.56
2465,5.37,0.56
2466,5.37,0.56
2467,5.37,0.56
2468,5.37,0.56
2469,5.37,0.56
2470,5.38,0.56
2471,5.38,0.56
2472,5.38,0.56
2473,5.38,0.56
2474,5.37,0.56
2475,5.37,0.56
2476,5.37,0.56
2477,5.37,0.56
2478,5.37,0.56
2479,5.37,0.56
2480,5.37,0.56
2481,5.37,0.56
2482,5.36,0.56
2483,5.36,0.56
2484,5.36,0.56
2485,5.36,0.56
2486,5.36,0.56
2487,5.36,0.56
2488,5.35,0.56
2489,5.35,0.56
2490,5.35,0.56
2491,5.35,0.56
2492,5.35,0.56
2493,5.35,0.56
2494,5.35,0.56
2495,5.35,0.56
2496,5.35,0.56
2497,5.35,0.56
2498,5.35,0.56
2499,5.35,0.56
2500,5.35,0.56
2501,5.35,0.56
2502,5.35,0.56
2503,5.35,0.56
2504,5.35,0.56
2505,5.35,0.56
2506,5.35,0.56
2507,5.35,0.56
2508,5.36,0.56
2509,5.36,0.56
2510,5.36,0.56
2511,5.36,0.56
2512,5.36,0.56
2513,5.36,0.56
2514,5.37,0.56
2515,5.37,0.56
2516,5.37,0.56
2517,5.37,0.56
2518,5.37,0.56
2519,5.37,0.56
2520,5.37,0.56
2521,5.37,0.56
2522,5.38,0.56
2523,5.38,0.56
2524,5.38,0.56
2525,5.38,0.56
2526,5.38,0.56
2527,5.38,0.56
2528,5.37,0.56
2529,5.37,0.56
2530,5.37,0.56
2531,5.37,0.56
2532,5.37,0.56
2533,5.37,0.56
2534,5.37,0.56
2535,5.36,0.56
2536,5.36,0.56
2537,5.36,0.56
2538,5.36,0.56
2539,5.36,0.56
2540,5.36,0.56
2541,5.35,0.56
2542,5.35,0.56
2543,5.35,0.56
2544,5.35,0.56
2545,5.35,0.56
2546,5.35,0.56
2547,5.35,0.56
2548,5.35,0.56
2549,5.34,0.56
2550,5.34,0.56
2551,5.35,0.56
2552,5.35,0.56
2553,5.35,0.56
2554,5.35,0.56
2555,5.35,0.56
2556,5.35,0.56
2557,5.35,0.56
2558,5.35,0.56
2559,5.35,0.56
2560,5.35,0.56
2561,5.36,0.56
2562,5.36,0.56
2563,5.36,0.56
2564,5.36,0.56
2565,5.36,0.56
2566,5.36,0.56
2567,5.37,0.56
2568,5.37,0.56
2569,5.37,0.56
2570,5.37,0.56
2571,5.37,0.56
2572,5.37,0.56
2573,5.37,0.56
2574,5.37,0.56
2575,5.38,0.56
2576,5.38,0.56
2577,5.38,0.56
2578,5.38,0.56
2579,5.38,0.56
2580,5.37,0.56
2581,5.37,0.56
2582,5.37,0.56
2583,5.37,0.56
2584,5.37,0.56
2585,5.37,0.56
2586,5.37,0.56
2587,5.37,0.56
2588,5.36,0.56
2589,5.36,0.56
2590,5.36,0.56
2591,5.36,0.56
2592,5.36,0.56
2593,5.36,0.56
2594,5.35,0.56
2595,5.35,0.56
2596,5.35,0.56
2597,5.35,0.56
2598,5.35,0.56
2599,5.35,0.56
2600,5.35,0.56
2601,5.35,0.56
2602,5.34,0.56
2603,5.34,0.56
2604,5.34,0.56
2605,5.34,0.56
2606,5.34,0.56
2607,5.35,0.56
2608,5.35,0.56
2609,5.35,0.56
2610,5.35,0.56
2611,5.35,0.56
2612,5.35,0.56
2613,5.35,0.56
2614,5.35,0.56
2615,5.36,0.56
2616,5.36,0.56
2617,5.36,0.56
2618,5.36,0.56
2619,5.36,0.56
2620,5.36,0.56
2621,5.37,0.56
2622,5.37,0.56
2623,5.37,0.56
2624,5.37,0.56
2625,5.37,0.56
2626,5.37,0.56
2627,5.37,0.56
2628,5.37,0.56
2629,5.37,0.56
2630,5.37,0.56
2631,5.37,0.56
2632,5.37,0.56
2633,5.37,0.56
2634,5.37,0.56
2635,5.37,0.56
2636,5.37,0.56
2637,5.37,0.56
2638,5.37,0.56
2639,5.37,0.56
2640,5.37,0.56
2641,5.36,0.56
2642,5.36,0.56
2643,5.36,0.56
2644,5.36,0.56
2645,5.36,0.56
2646,5.36,0.56
2647,5.35,0.56
2648,5.35,0.56
2649,5.35,0.56
2650,5.35,0.56
2651,5.35,0.56
2652,5.35,0.56
2653,5.35,0.56
2654,5.35,0.56
2655,5.35,0.56
2656,5.35,0.56
2657,5.35,0.56
2658,5.35,0.56
2659,5.35,0.56
2660,5.35,0.56
2661,5.35,0.56
2662,5.35,0.56
2663,5.35,0.56
2664,5.35,0.56
2665,5.35,0.56
2666,5.35,0.56
2667,5.36,0.56
2668,5.36,0.56
2669,5.36,0.56
2670,5.36,0.56
2671,5.36,0.56
2672,5.36,0.56
2673,5.37,0.56
2674,5.37,0.56
2675,5.37,0.56
2676,5.37,0.56
2677,5.37,0.56
2678,5.37,0.56
2679,5.37,0.56
2680,5.37,0.56
2681,5.37,0.56
2682,5.38,0.56
2683,5.38,0.56
2684,5.38,0.56
2685,5.37,0.56
2686,5.37,0.56
2687,5.37,0.56
2688,5.37,0.56
2689,5.37,0.56
2690,5.37,0.56
2691,5.37,0.56
2692,5.37,0.56
2693,5.37,0.56
2694,5.36,0.56
2695,5.36,0.56
2696,5.36,0.56
2697,5.36,0.56
2698,5.36,0.56
2699,5.36,0.56
2700,5.35,0.56
2701,5.35,0.56
2702,5.35,0.56
2703,5.35,0.56
2704,5.35,0.56
2705,5.35,0.56
2706,5.35,0.56
2707,5.35,0.56
2708,5.35,0.56
2709,5.35,0.56
2710,5.35,0.56
2711,5.35,0.56
2712,5.35,0.56
2713,5.35,0.56
2714,5.35,0.56
2715,5.35,0.56
2716,5.35,0.56
2717,5.35,0.56
2718,5.35,0.56
2719,5.36,0.56
2720,5.36,0.56
2721,5.36,0.56
2722,5.36,0.56
2723,5.36,0.56
2724,5.36,0.56
2725,5.36,0.56
2726,5.37,0.56
2727,5.37,0.57
2728,5.37,0.56
2729,5.37,0.56
2730,5.37,0.56
2731,5.37,0.56
2732,5.37,0.56
2733,5.37,0.56
2734,5.37,0.56
2735,5.37,0.56
2736,5.38,0.56
2737,5.37,0.56
2738,5.37,0.56
2739,5.37,0.56
2740,5.37,0.56
2741,5.37,0.56
2742,5.37,0.56
2743,5.37,0.56
2744,5.37,0.56
2745,5.37,0.56
2746,5.37,0.56
2747,5.36,0.56
2748,5.36,0.56
2749,5.36,0.56
2750,5.36,0.56
2751,5.36,0.56
2752,5.36,0.56
2753,5.35,0.56
2754,5.35,0.56
2755,5.35,0.56
2756,5.35,0.56
2757,5.35,0.56
2758,5.35,0.56
2759,5.35,0.56
2760,5.35,0.56
2761,5.35,0.56
2762,5.35,0.56
2763,5.35,0.56
2764,5.35,0.56
2765,5.35,0.56
2766,5.35,0.56
2767,5.35,0.56
2768,5.35,0.56
2769,5.35,0.56
2770,5.35,0.56
2771,5.35,0.56
2772,5.36,0.56
2773,5.36,0.56
2774,5.36,0.56
2775,5.36,0.56
2776,5.36,0.56
2777,5.37,0.56
2778,5.37,0.56
2779,5.37,0.56
2780,5.37,0.56
2781,5.37,0.56
2782,5.37,0.56
2783,5.37,0.56
2784,5.38,0.56
2785,5.38,0.56
2786,5.38,0.56
2787,5.38,0.56
2788,5.38,0.56
2789,5.38,0.56
2790,5.38,0.56
2791,5.38,0.56
2792,5.38,0.56
2793,5.37,0.56
2794,5.37,0.56
2795,5.37,0.56
2796,5.37,0.56
2797,5.37,0.56
2798,5.37,0.56
2799,5.37,0.56
2800,5.36,0.56
2801,5.36,0.56
2802,5.36,0.56
2803,5.36,0.56
2804,5.36,0.56
2805,5.35,0.56
2806,5.35,0.56
2807,5.35,0.56
2808,5.35,0.56
2809,5.35,0.56
2810,5.35,0.56
2811,5.35,0.56
2812,5.35,0.56
2813,5.35,0.56
2814,5.35,0.56
2815,5.35,0.56
2816,5.35,0.56
2817,5.35,0.56
2818,5.35,0.56
2819,5.35,0.56
2820,5.35,0.56
2821,5.35,0.56
2822,5.35,0.56
2823,5.35,0.56
2824,5.35,0.56
2825,5.36,0.56
2826,5.36,0.56
2827,5.36,0.56
2828,5.36,0.56
2829,5.36,0.56
2830,5.36,0.56
2831,5.37,0.56
2832,5.37,0.56
2833,5.37,0.56
2834,5.37,0.56
2835,5.37,0.56
2836,5.37,0.56
2837,5.37,0.56
2838,5.38,0.56
2839,5.38,0.56
2840,5.38,0.56
2841,5.38,0.56
2842,5.38,0.56
2843,5.38,0.56
2844,5.38,0.56
2845,5.37,0.56
2846,5.37,0.56
2847,5.37,0.56
2848,5.37,0.56
2849,5.37,0.56
2850,5.37,0.56
2851,5.37,0.56
2852,5.37,0.56
2853,5.36,0.56
2854,5.36,0.56
2855,5.36,0.56
2856,5.36,0.56
2857,5.36,0.56
2858,5.35,0.56
2859,5.35,0.56
2860,5.35,0.56
2861,5.35,0.56
2862,5.35,0.56
2863,5.35,0.56
2864,5.35,0.56
2865,5.35,0.56
2866,5.35,0.56
2867,5.34,0.56
2868,5.34,0.56
2869,5.35,0.56
2870,5.35,0.56
2871,5.35,0.56
2872,5.35,0.56
2873,5.35,0.56
2874,5.35,0.56
2875,5.35,0.56
2876,5.35,0.56
2877,5.35,0.56
2878,5.36,0.56
2879,5.36,0.56
2880,5.36,0.56
2881,5.36,0.56
2882,5.36,0.56
2883,5.36,0.56
2884,5.37,0.56
2885,5.37,0.56
2886,5.37,0.56
2887,5.37,0.56
2888,5.37,0.56
2889,5.37,0.56
2890,5.37,0.56
2891,5.37,0.56
2892,5.38,0.56
2893,5.38,0.56
2894,5.38,0.56
2895,5.38,0.56
2896,5.38,0.56
2897,5.38,0.56
2898,5.38,0.56
2899,5.37,0.56
2900,5.37,0.56
2901,5.37,0.56
2902,5.37,0.56
2903,5.37,0.56
2904,5.37,0.56
2905,5.37,0.56
2906,5.36,0.56
2907,5.36,0.56
2908,5.36,0.56
2909,5.36,0.56
2910,5.36,0.56
2911,5.35,0.56
2912,5.35,0.56
2913,5.35,0.56
2914,5.35,0.56
2915,5.35,0.56
2916,5.35,0.56
2917,5.35,0.56
2918,5.35,0.56
2919,5.35,0.56
2920,5.35,0.56
2921,5.35,0.56
2922,5.35,0.56
2923,5.35,0.56
2924,5.35,0.56
2925,5.35,0.56
2926,5.35,0.56
2927,5.35,0.56
2928,5.35,0.56
2929,5.35,0.56
2930,5.35,0.56
2931,5.36,0.56
2932,5.36,0.56
2933,5.36,0.56
2934,5.36,0.56
2935,5.36,0.56
2936,5.37,0.56
2937,5.37,0.56
2938,5.37,0.56
2939,5.37,0.56
2940,5.37,0.56
2941,5.37,0.56
2942,5.37,0.56
2943,5.38,0.56
2944,5.38,0.56
2945,5.38,0.56
2946,5.38,0.56
2947,5.38,0.56
2948,5.38,0.56
2949,5.38,0.56
2950,5.38,0.56
2951,5.38,0.56
2952,5.38,0.56
2953,5.37,0.56
2954,5.37,0.56
2955,5.37,0.56
2956,5.37,0.56
2957,5.37,0.56
2958,5.37,0.56
2959,5.36,0.56
2960,5.36,0.56
2961,5.36,0.56
2962,5.36,0.56
2963,5.36,0.56
2964,5.35,0.56
2965,5.35,0.56
2966,5.35,0.56
2967,5.35,0.56
2968,5.35,0.56
2969,5.35,0.56
2970,5.35,0.56
2971,5.35,0.56
2972,5.35,0.56
2973,5.34,0.56
2974,5.34,0.56
2975,5.35,0.56
2976,5.35,0.56
2977,5.35,0.56
2978,5.35,0.56
2979,5.35,0.56
2980,5.35,0.56
2981,5.35,0.56
2982,5.35,0.56
2983,5.35,0.56
2984,5.35,0.56
2985,5.36,0.56
2986,5.36,0.56
2987,5.36,0.56
2988,5.36,0.56
2989,5.36,0.56
2990,5.37,0.56
2991,5.37,0.56
2992,5.37,0.56
2993,5.37,0.56
2994,5.37,0.56
2995,5.37,0.56
2996,5.37,0.56
2997,5.38,0.56
2998,5.38,0.56
2999,5.38,0.56
3000,5.38,0.56
3001,5.38,0.56
3002,5.38,0.56
3003,5.38,0.56
3004,5.38,0.56
3005,5.37,0.56
3006,5.37,0.56
3007,5.37,0.56
3008,5.37,0.56
3009,5.37,0.56
3010,5.37,0.56
3011,5.37,0.56
3012,5.36,0.56
3013,5.36,0.56
3014,5.36,0.56
3015,5.36,0.56
3016,5.36,0.56
3017,5.35,0.56
3018,5.35,0.56
3019,5.35,0.56
3020,5.35,0.56
3021,5.35,0.56
3022,5.35,0.56
3023,5.35,0.56
3024,5.35,0.56
3025,5.35,0.56
3026,5.34,0.56
3027,5.34,0.56
3028,5.34,0.56
3029,5.35,0.56
3030,5.35,0.56
3031,5.35,0.56
3032,5.35,0.56
3033,5.35,0.56
3034,5.35,0.56
3035,5.35,0.56
3036,5.35,0.56
3037,5.36,0.56
3038,5.36,0.56
3039,5.36,0.56
3040,5.36,0.56
3041,5.36,0.57
3042,5.37,0.56
3043,5.37,0.56
3044,5.37,0.56
3045,5.37,0.56
3046,5.37,0.56
3047,5.37,0.56
3048,5.38,0.56
3049,5.38,0.56
3050,5.38,0.56
3051,5.38,0.56
3052,5.38,0.56
3053,5.38,0.56
3054,5.38,0.56
3055,5.38,0.56
3056,5.38,0.56
3057,5.38,0.56
3058,5.38,0.56
3059,5.37,0.56
3060,5.37,0.56
3061,5.37,0.56
3062,5.37,0.56
3063,5.37,0.56
3064,5.37,0.56
3065,5.36,0.56
3066,5.36,0.56
3067,5.36,0.56
3068,5.36,0.56
3069,5.36,0.56
3070,5.36,0.56
3071,5.35,0.56
3072,5.35,0.56
3073,5.35,0.56
3074,5.35,0.56
3075,5.35,0.56
3076,5.35,0.56
3077,5.35,0.56
3078,5.35,0.56
3079,5.35,0.56
3080,5.35,0.56
3081,5.35,0.56
3082,5.35,0.56
3083,5.35,0.56
3084,5.35,0.56
3085,5.35,0.56
3086,5.35,0.56
3087,5.35,0.56
3088,5.35,0.56
3089,5.35,0.56
3090,5.36,0.56
3091,5.36,0.56
3092,5.36,0.56
3093,5.36,0.56
3094,5.36,0.56
3095,5.37,0.56
3096,5.37,0.56
3097,5.37,0.56
3098,5.37,0.56
3099,5.37,0.56
3100,5.37,0.56
3101,5.38,0.56
3102,5.38,0.56
3103,5.38,0.56
3104,5.38,0.56
3105,5.38,0.56
3106,5.38,0.56
3107,5.38,0.56
3108,5.38,0.56
3109,5.38,0.56
3110,5.38,0.56
3111,5.38,0.55
3112,5.38,0.56
3113,5.37,0.56
3114,5.37,0.56
3115,5.37,0.56
3116,5.37,0.56
3117,5.37,0.56
3118,5.37,0.56
3119,5.36,0.56
3120,5.36,0.56
3121,5.36,0.56
3122,5.36,0.56
3123,5.36,0.56
3124,5.35,0.56
3125,5.35,0.56
3126,5.35,0.56
3127,5.35,0.56
3128,5.35,0.56
3129,5.35,0.56
3130,5.35,0.56
3131,5.35,0.56
3132,5.35,0.56
3133,5.35,0.56
3134,5.35,0.56
3135,5.35,0.56
3136,5.35,0.56
3137,5.35,0.56
3138,5.35,0.56
3139,5.35,0.56
3140,5.35,0.56
3141,5.35,0.56
3142,5.35,0.56
3143,5.36,0.56
3144,5.36,0.56
3145,5.36,0.56
3146,5.36,0.56
3147,5.37,0.56
3148,5.37,0.56
3149,5.37,0.56
3150,5.37,0.56
3151,5.37,0.56
3152,5.37,0.56
3153,5.38,0.56
3154,5.38,0.56
3155,5.38,0.56
3156,5.38,0.56
3157,5.38,0.56
3158,5.38,0.56
3159,5.38,0.56
3160,5.38,0.56
3161,5.38,0.56
3162,5.38,0.56
3163,5.38,0.56
3164,5.38,0.56
3165,5.38,0.56
3166,5.37,0.56
3167,5.37,0.56
3168,5.37,0.56
3169,5.37,0.56
3170,5.37,0.56
3171,5.36,0.56
3172,5.36,0.56
3173,5.36,0.56
3174,5.36,0.56
3175,5.36,0.56
3176,5.35,0.56
3177,5.35,0.56
3178,5.35,0.56
3179,5.35,0.56
3180,5.35,0.56
3181,5.35,0.56
3182,5.35,0.56
3183,5.34,0.56
3184,5.34,0.56
3185,5.34,0.56
3186,5.34,0.56
3187,5.34,0.56
3188,5.34,0.56
3189,5.35,0.56
3190,5.35,0.56
3191,5.35,0.56
3192,5.35,0.56
3193,5.35,0.56
3194,5.35,0.56
3195,5.35,0.56
3196,5.36,0.56
3197,5.36,0.56
3198,5.36,0.56
3199,5.36,0.56
3200,5.36,0.56
3201,5.37,0.56
3202,5.37,0.56
3203,5.37,0.56
3204,5.37,0.56
3205,5.37,0.56
3206,5.37,0.56
3207,5.38,0.56
3208,5.38,0.56
3209,5.38,0.56
3210,5.38,0.56
3211,5.38,0.56
3212,5.38,0.56
3213,5.38,0.56
3214,5.38,0.56
3215,5.38,0.56
3216,5.38,0.56
3217,5.38,0.56
3218,5.37,0.56
3219,5.37,0.56
3220,5.37,0.56
3221,5.37,0.56
3222,5.37,0.56
3223,5.37,0.56
3224,5.36,0.56
3225,5.36,0.56
3226,5.36,0.56
3227,5.36,0.56
3228,5.36,0.56
3229,5.35,0.56
3230,5.35,0.56
3231,5.35,0.56
3232,5.35,0.56
3233,5.35,0.56
3234,5.35,0.56
3235,5.34,0.56
3236,5.34,0.56
3237,5.34,0.56
3238,5.34,0.56
3239,5.34,0.56
3240,5.34,0.56
3241,5.34,0.56
3242,5.34,0.56
3243,5.35,0.56
3244,5.35,0.56
3245,5.35,0.56
3246,5.35,0.56
3247,5.35,0.56
3248,5.35,0.56
3249,5.35,0.56
3250,5.36,0.56
3251,5.36,0.56
3252,5.36,0.56
3253,5.36,0.56
3254,5.36,0.56
3255,5.37,0.56
3256,5.37,0.56
3257,5.37,0.56
3258,5.37,0.56
3259,5.37,0.56
3260,5.38,0.56
3261,5.38,0.56
3262,5.38,0.56
3263,5.38,0.56
3264,5.38,0.56
3265,5.38,0.56
3266,5.38,0.56
3267,5.38,0.56
3268,5.38,0.56
3269,5.38,0.56
3270,5.38,0.56
3271,5.38,0.56
3272,5.37,0.56
3273,5.37,0.56
3274,5.37,0.56
3275,5.37,0.56
3276,5.37,0.56
3277,5.36,0.56
3278,5.36,0.56
3279,5.36,0.56
3280,5.36,0.56
3281,5.36,0.56
3282,5.35,0.56
3283,5.35,0.56
3284,5.35,0.56
3285,5.35,0.56
3286,5.35,0.56
3287,5.35,0.56
3288,5.34,0.56
3289,5.34,0.56
3290,5.34,0.56
3291,5.34,0.56
3292,5.34,0.56
3293,5.34,0.56
3294,5.34,0.56
3295,5.34,0.56
3296,5.34,0.56
3297,5.35,0.56
3298,5.35,0.56
3299,5.35,0.56
3300,5.35,0.56
3301,5.35,0.56
3302,5.35,0.56
3303,5.36,0.56
3304,5.36,0.56
3305,5.36,0.56
3306,5.36,0.56
3307,5.36,0.56
3308,5.37,0.56
3309,5.37,0.56
3310,5.37,0.56
3311,5.37,0.56
3312,5.37,0.56
3313,5.38,0.56
3314,5.38,0.56
3315,5.38,0.56
3316,5.38,0.56
3317,5.38,0.56
3318,5.38,0.56
3319,5.38,0.56
3320,5.38,0.56
3321,5.38,0.56
3322,5.38,0.56
3323,5.38,0.56
3324,5.38,0.56
3325,5.37,0.56
3326,5.37,0.56
3327,5.37,0.56
3328,5.37,0.56
3329,5.37,0.56
3330,5.37,0.56
3331,5.36,0.56
3332,5.36,0.56
3333,5.36,0.56
3334,5.36,0.56
3335,5.35,0.56
3336,5.35,0.56
3337,5.35,0.56
3338,5.35,0.56
3339,5.35,0.56
3340,5.35,0.56
3341,5.35,0.56
3342,5.35,0.56
3343,5.35,0.56
3344,5.34,0.56
3345,5.34,0.56
3346,5.34,0.56
3347,5.34,0.56
3348,5.35,0.56
3349,5.35,0.56
3350,5.35,0.56
3351,5.35,0.56
3352,5.35,0.56
3353,5.35,0.56
3354,5.35,0.56
3355,5.36,0.56
3356,5.36,0.56
3357,5.36,0.56
3358,5.36,0.56
3359,5.36,0.56
3360,5.37,0.56
3361,5.37,0.56
3362,5.37,0.56
3363,5.37,0.56
3364,5.37,0.56
3365,5.38,0.56
3366,5.38,0.56
3367,5.38,0.56
3368,5.38,0.56
3369,5.38,0.56
3370,5.38,0.56
3371,5.38,0.56
3372,5.38,0.56
3373,5.38,0.56
3374,5.38,0.56
3375,5.38,0.56
3376,5.38,0.56
3377,5.38,0.56
3378,5.37,0.56
3379,5.37,0.56
3380,5.37,0.56
3381,5.37,0.56
3382,5.37,0.56
3383,5.36,0.56
3384,5.36,0.56
3385,5.36,0.56
3386,5.36,0.56
3387,5.36,0.56
3388,5.35,0.56
3389,5.35,0.56
3390,5.35,0.56
3391,5.35,0.56
3392,5.35,0.56
3393,5.35,0.56
3394,5.35,0.56
3395,5.34,0.56
3396,5.34,0.56
3397,5.34,0.56
3398,5.34,0.56
3399,5.34,0.56
3400,5.34,0.56
3401,5.35,0.56
3402,5.35,0.56
3403,5.35,0.56
3404,5.35,0.56
3405,5.35,0.56
3406,5.35,0.56
3407,5.35,0.56
3408,5.35,0.56
3409,5.36,0.56
3410,5.36,0.56
3411,5.36,0.56
3412,5.36,0.56
3413,5.37,0.56
3414,5.37,0.56
3415,5.37,0.56
3416,5.37,0.56
3417,5.37,0.56
3418,5.37,0.56
3419,5.38,0.56
3420,5.38,0.56
3421,5.38,0.56
3422,5.38,0.56
3423,5.38,0.56
3424,5.38,0.56
3425,5.38,0.56
3426,5.38,0.56
3427,5.38,0.56
3428,5.38,0.56
3429,5.38,0.56
3430,5.38,0.56
3431,5.37,0.56
3432,5.37,0.56
3433,5.37,0.56
3434,5.37,0.56
3435,5.37,0.56
3436,5.36,0.56
3437,5.36,0.56
3438,5.36,0.56
3439,5.36,0.56
3440,5.36,0.56
3441,5.35,0.56
3442,5.35,0.56
3443,5.35,0.56
3444,5.35,0.56
3445,5.35,0.56
3446,5.35,0.56
3447,5.34,0.56
3448,5.34,0.56
3449,5.34,0.56
3450,5.34,0.56
3451,5.34,0.56
3452,5.34,0.56
3453,5.34,0.56
3454,5.34,0.56
3455,5.34,0.56
3456,5.35,0.56
3457,5.35,0.56
3458,5.35,0.56
3459,5.35,0.56
3460,5.35,0.56
3461,5.35,0.56
3462,5.36,0.56
3463,5.36,0.56
3464,5.36,0.56
3465,5.36,0.56
3466,5.36,0.56
3467,5.37,0.56
3468,5.37,0.56
3469,5.37,0.56
3470,5.37,0.56
3471,5.37,0.56
3472,5.38,0.56
3473,5.38,0.56
3474,5.38,0.56
3475,5.38,0.56
3476,5.38,0.56
3477,5.38,0.56
3478,5.38,0.56
3479,5.38,0.56
3480,5.38,0.56
3481,5.38,0.56
3482,5.38,0.56
3483,5.38,0.56
3484,5.37,0.56
3485,5.37,0.56
3486,5.37,0.56
3487,5.37,0.56
3488,5.37,0.56
3489,5.36,0.56
3490,5.36,0.56
3491,5.36,0.56
3492,5.36,0.56
3493,5.36,0.56
3494,5.35,0.56
3495,5.35,0.56
3496,5.35,0.56
3497,5.35,0.56
3498,5.35,0.56
3499,5.34,0.56
3500,5.34,0.56
3501,5.34,0.56
3502,5.34,0.56
3503,5.34,0.56
3504,5.34,0.56
3505,5.34,0.56
3506,5.34,0.56
3507,5.34,0.56
3508,5.34,0.56
3509,5.34,0.56
3510,5.35,0.56
3511,5.35,0.56
3512,5.35,0.56
3513,5.35,0.56
3514,5.35,0.56
3515,5.36,0.56
3516,5.36,0.56
3517,5.36,0.56
3518,5.36,0.56
3519,5.36,0.56
3520,5.37,0.56
3521,5.37,0.56
3522,5.37,0.56
3523,5.37,0.56
3524,5.37,0.56
3525,5.37,0.56
3526,5.38,0.56
3527,5.38,0.56
3528,5.38,0.56
3529,5.38,0.56
3530,5.38,0.56
3531,5.38,0.56
3532,5.38,0.56
3533,5.38,0.56
3534,5.38,0.56
3535,5.38,0.56
3536,5.37,0.56
3537,5.37,0.56
3538,5.37,0.56
3539,5.37,0.56
3540,5.37,0.56
3541,5.37,0.56
3542,5.36,0.56
3543,5.36,0.56
3544,5.36,0.56
3545,5.36,0.56
3546,5.35,0.56
3547,5.35,0.56
3548,5.35,0.56
3549,5.35,0.56
3550,5.35,0.56
3551,5.34,0.56
3552,5.34,0.56
3553,5.34,0.56
3554,5.34,0.56
3555,5.34,0.56
3556,5.34,0.56
3557,5.34,0.56
3558,5.34,0.56
3559,5.34,0.56
3560,5.34,0.56
3561,5.34,0.56
3562,5.34,0.56
3563,5.34,0.56
3564,5.35,0.56
3565,5.35,0.56
3566,5.35,0.56
3567,5.35,0.56
3568,5.35,0.56
3569,5.35,0.56
3570,5.36,0.56
3571,5.36,0.56
3572,5.36,0.56
3573,5.36,0.56
3574,5.37,0.56
3575,5.37,0.56
3576,5.37,0.56
3577,5.37,0.56
3578,5.37,0.56
3579,5.37,0.56
3580,5.37,0.56
3581,5.38,0.56
3582,5.38,0.56
3583,5.38,0.56
3584,5.38,0.56
3585,5.38,0.56
3586,5.38,0.56
3587,5.37,0.56
3588,5.37,0.56
3589,5.37,0.56
3590,5.37,0.56
3591,5.37,0.56
3592,5.37,0.56
3593,5.37,0.56
3594,5.36,0.56
3595,5.36,0.56
3596,5.36,0.56
3597,5.36,0.56
3598,5.35,0.56
3599,5.35,0.56
3600,5.35,0.56
3601,5.35,0.56
3602,5.35,0.56
3603,5.34,0.56
3604,5.34,0.56
3605,5.34,0.56
3606,5.34,0.56
3607,5.34,0.56
3608,5.34,0.56
3609,5.34,0.56
3610,5.34,0.56
3611,5.34,0.56
3612,5.34,0.56
3613,5.34,0.56
3614,5.34,0.56
3615,5.34,0.56
3616,5.34,0.56
3617,5.35,0.56
3618,5.35,0.56
3619,5.35,0.56
3620,5.35,0.56
3621,5.35,0.56
3622,5.36,0.56
3623,5.36,0.56
3624,5.36,0.56
3625,5.36,0.56
3626,5.36,0.56
3627,5.37,0.56
3628,5.37,0.56
3629,5.37,0.56
3630,5.37,0.56
3631,5.37,0.56
3632,5.37,0.56
3633,5.37,0.56
3634,5.38,0.56
3635,5.38,0.56
3636,5.38,0.56
3637,5.38,0.56
3638,5.38,0.56
3639,5.38,0.56
3640,5.38,0.56
3641,5.37,0.56
3642,5.37,0.56
3643,5.37,0.56
3644,5.37,0.56
3645,5.37,0.56
3646,5.37,0.56
3647,5.36,0.56
3648,5.36,0.56
3649,5.36,0.56
3650,5.36,0.56
3651,5.36,0.56
3652,5.35,0.56
3653,5.35,0.56
3654,5.35,0.56
3655,5.35,0.56
3656,5.35,0.56
3657,5.34,0.56
3658,5.34,0.56
3659,5.34,0.56
3660,5.34,0.56
3661,5.34,0.56
3662,5.34,0.56
3663,5.34,0.56
3664,5.34,0.56
3665,5.34,0.56
3666,5.34,0.56
3667,5.34,0.56
3668,5.34,0.56
3669,5.34,0.56
3670,5.35,0.56
3671,5.35,0.56
3672,5.35,0.56
3673,5.35,0.56
3674,5.35,0.56
3675,5.36,0.56
3676,5.36,0.56
3677,5.36,0.56
3678,5.36,0.56
3679,5.36,0.56
3680,5.37,0.56
3681,5.37,0.56
3682,5.37,0.56
3683,5.37,0.56
3684,5.37,0.56
3685,5.37,0.56
3686,5.38,0.56
3687,5.38,0.56
3688,5.38,0.56
3689,5.38,0.56
3690,5.38,0.56
3691,5.38,0.56
3692,5.38,0.56
3693,5.38,0.56
3694,5.37,0.56
3695,5.37,0.56
3696,5.37,0.56
3697,5.37,0.56
3698,5.37,0.56
3699,5.37,0.56
3700,5.36,0.56
3701,5.36,0.56
3702,5.36,0.56
3703,5.36,0.56
3704,5.36,0.55
3705,5.35,0.56
3706,5.35,0.56
3707,5.35,0.56
3708,5.35,0.56
3709,5.35,0.56
3710,5.34,0.56
3711,5.34,0.56
3712,5.34,0.56
3713,5.34,0.56
3714,5.34,0.56
3715,5.34,0.56
3716,5.34,0.56
3717,5.34,0.56
3718,5.34,0.56
3719,5.34,0.56
3720,5.34,0.56
3721,5.34,0.56
3722,5.34,0.56
3723,5.35,0.56
3724,5.35,0.56
3725,5.35,0.56
3726,5.35,0.56
3727,5.35,0.56
3728,5.36,0.56
3729,5.36,0.56
3730,5.36,0.56
3731,5.36,0.56
3732,5.36,0.56
3733,5.37,0.56
3734,5.37,0.56
3735,5.37,0.56
3736,5.37,0.56
3737,5.37,0.56
3738,5.37,0.56
3739,5.38,0.56
3740,5.38,0.56
3741,5.38,0.56
3742,5.38,0.56
3743,5.38,0.56
3744,5.38,0.56
3745,5.38,0.56
3746,5.38,0.56
3747,5.37,0.56
3748,5.37,0.56
3749,5.37,0.56
3750,5.37,0.56
3751,5.37,0.56
3752,5.37,0.56
3753,5.36,0.56
3754,5.36,0.56
3755,5.36,0.56
3756,5.36,0.56
3757,5.36,0.56
3758,5.35,0.56
3759,5.35,0.56
3760,5.35,0.56
3761,5.35,0.56
3762,5.35,0.56
3763,5.34,0.56
3764,5.34,0.56
3765,5.34,0.56
3766,5.34,0.56
3767,5.34,0.56
3768,5.34,0.56
3769,5.34,0.56
3770,5.34,0.56
3771,5.34,0.56
3772,5.34,0.56
3773,5.34,0.56
3774,5.34,0.56
3775,5.34,0.56
3776,5.35,0.56
3777,5.35,0.56
3778,5.35,0.56
3779,5.35,0.56
3780,5.35,0.56
3781,5.36,0.56
3782,5.36,0.56
3783,5.36,0.56
3784,5.36,0.56
3785,5.37,0.56
3786,5.37,0.56
3787,5.37,0.56
3788,5.37,0.56
3789,5.37,0.56
3790,5.37,0.56
3791,5.38,0.56
3792,5.38,0.56
3793,5.38,0.56
3794,5.38,0.56
3795,5.38,0.56
3796,5.38,0.56
3797,5.38,0.56
3798,5.38,0.56
3799,5.38,0.56
3800,5.38,0.56
3801,5.37,0.56
3802,5.37,0.56
3803,5.37,0.56
3804,5.37,0.56
3805,5.37,0.56
3806,5.37,0.56
3807,5.36,0.56
3808,5.36,0.56
3809,5.36,0.56
3810,5.36,0.56
3811,5.35,0.56
3812,5.35,0.56
3813,5.35,0.56
3814,5.35,0.56
3815,5.35,0.56
3816,5.35,0.56
3817,5.34,0.56
3818,5.34,0.56
3819,5.34,0.56
3820,5.34,0.56
3821,5.34,0.56
3822,5.34,0.56
3823,5.34,0.56
3824,5.34,0.56
3825,5.34,0.56
3826,5.34,0.56
3827,5.34,0.56
3828,5.35,0.56
3829,5.35,0.56
3830,5.35,0.56
3831,5.35,0.56
3832,5.35,0.56
3833,5.36,0.56
3834,5.36,0.56
3835,5.36,0.56
3836,5.36,0.56
3837,5.36,0.56
3838,5.37,0.56
3839,5.37,0.56
3840,5.37,0.56
3841,5.37,0.56
3842,5.37,0.56
3843,5.38,0.56
3844,5.38,0.56
3845,5.38,0.56
3846,5.38,0.56
3847,5.38,0.56
3848,5.38,0.56
3849,5.38,0.56
3850,5.38,0.56
3851,5.38,0.56
3852,5.38,0.56
3853,5.38,0.56
3854,5.38,0.56
3855,5.37,0.56
3856,5.37,0.56
3857,5.37,0.56
3858,5.37,0.56
3859,5.37,0.56
3860,5.36,0.56
3861,5.36,0.56
3862,5.36,0.56
3863,5.36,0.56
3864,5.35,0.56
3865,5.35,0.56
3866,5.35,0.56
3867,5.35,0.56
3868,5.35,0.56
3869,5.34,0.56
3870,5.34,0.56
3871,5.34,0.56
3872,5.34,0.56
3873,5.34,0.56
3874,5.34,0.56
3875,5.34,0.56
3876,5.34,0.56
3877,5.34,0.56
3878,5.34,0.56
3879,5.34,0.56
3880,5.34,0.56
3881,5.34,0.56
3882,5.35,0.56
3883,5.35,0.56
3884,5.35,0.56
3885,5.35,0.56
3886,5.35,0.56
3887,5.36,0.56
3888,5.36,0.56
3889,5.36,0.56
3890,5.36,0.56
3891,5.37,0.56
3892,5.37,0.56
3893,5.37,0.56
3894,5.37,0.56
3895,5.37,0.56
3896,5.37,0.56
3897,5.38,0.56
3898,5.38,0.56
3899,5.38,0.56
3900,5.38,0.56
3901,5.38,0.56
3902,5.38,0.56
3903,5.38,0.56
3904,5.38,0.56
3905,5.38,0.56
3906,5.38,0.56
3907,5.37,0.56
3908,5.37,0.56
3909,5.37,0.56
3910,5.37,0.56
3911,5.37,0.56
3912,5.36,0.56
3913,5.36,0.56
3914,5.36,0.56
3915,5.36,0.56
3916,5.36,0.56
3917,5.35,0.56
3918,5.35,0.56
3919,5.35,0.56
3920,5.35,0.56
3921,5.35,0.56
3922,5.34,0.56
3923,5.34,0.56
3924,5.34,0.56
3925,5.34,0.56
3926,5.34,0.56
3927,5.34,0.56
3928,5.34,0.56
3929,5.34,0.56
3930,5.34,0.56
3931,5.34,0.56
3932,5.34,0.56
3933,5.34,0.56
3934,5.34,0.56
3935,5.35,0.56
3936,5.35,0.56
3937,5.35,0.56
3938,5.35,0.56
3939,5.35,0.56
3940,5.35,0.56
3941,5.36,0.56
3942,5.36,0.56
3943,5.36,0.56
3944,5.36,0.56
3945,5.36,0.56
3946,5.37,0.56
3947,5.37,0.56
3948,5.37,0.56
3949,5.37,0.56
3950,5.37,0.56
3951,5.37,0.56
3952,5.37,0.56
3953,5.38,0.56
3954,5.38,0.56
3955,5.38,0.56
3956,5.38,0.56
3957,5.37,0.56
3958,5.37,0.56
3959,5.37,0.56
3960,5.37,0.56
3961,5.37,0.56
3962,5.37,0.56
3963,5.37,0.56
3964,5.36,0.56
3965,5.36,0.56
3966,5.36,0.56
3967,5.36,0.56
3968,5.36,0.56
3969,5.35,0.56
3970,5.35,0.56
3971,5.35,0.56
3972,5.35,0.56
3973,5.35,0.56
3974,5.34,0.56
3975,5.34,0.56
3976,5.34,0.56
3977,5.34,0.56
3978,5.34,0.56
3979,5.34,0.56
3980,5.34,0.56
3981,5.34,0.56
3982,5.34,0.56
3983,5.34,0.56
3984,5.34,0.56
3985,5.34,0.56
3986,5.34,0.56
3987,5.34,0.56
3988,5.34,0.56
3989,5.35,0.56
3990,5.35,0.56
3991,5.35,0.56
3992,5.35,0.56
3993,5.35,0.56
3994,5.36,0.56
3995,5.36,0.56
3996,5.36,0.56
3997,5.36,0.56
3998,5.36,0.56
3999,5.37,0.56
4000,5.37,0.56
4001,5.37,0.56
4002,5.37,0.56
4003,5.37,0.56
4004,5.37,0.56
4005,5.37,0.56
4006,5.37,0.56
4007,5.38,0.56
4008,5.38,0.56
4009,5.38,0.56
4010,5.37,0.56
4011,5.37,0.56
4012,5.37,0.56
4013,5.37,0.56
4014,5.37,0.56
4015,5.37,0.56
4016,5.37,0.56
4017,5.37,0.56
4018,5.36,0.56
4019,5.36,0.56
4020,5.36,0.56
4021,5.36,0.56
4022,5.35,0.56
4023,5.35,0.56
4024,5.35,0.56
4025,5.35,0.56
4026,5.35,0.56
4027,5.34,0.56
4028,5.34,0.56
4029,5.34,0.56
4030,5.34,0.56
4031,5.34,0.56
4032,5.34,0.56
4033,5.34,0.56
4034,5.34,0.56
4035,5.34,0.56
4036,5.34,0.56
4037,5.34,0.56
4038,5.34,0.56
4039,5.34,0.56
4040,5.34,0.56
4041,5.34,0.56
4042,5.35,0.56
4043,5.35,0.56
4044,5.35,0.56
4045,5.35,0.56
4046,5.35,0.56
4047,5.36,0.56
4048,5.36,0.56
4049,5.36,0.56
4050,5.36,0.56
4051,5.36,0.56
4052,5.37,0.56
4053,5.37,0.56
4054,5.37,0.56
4055,5.37,0.56
4056,5.37,0.56
4057,5.37,0.56
4058,5.37,0.56
4059,5.37,0.56
4060,5.38,0.56
4061,5.38,0.56
4062,5.38,0.56
4063,5.37,0.56
4064,5.37,0.56
4065,5.37,0.56
4066,5.37,0.56
4067,5.37,0.56
4068,5.37,0.56
4069,5.37,0.56
4070,5.37,0.56
4071,5.36,0.56
4072,5.36,0.56
4073,5.36,0.56
4074,5.36,0.56
4075,5.36,0.56
4076,5.35,0.56
4077,5.35,0.56
4078,5.35,0.56
4079,5.35,0.56
4080,5.35,0.56
4081,5.34,0.56
4082,5.34,0.56
4083,5.34,0.56
4084,5.34,0.56
4085,5.34,0.56
4086,5.34,0.56
4087,5.34,0.56
4088,5.34,0.56
4089,5.34,0.56
4090,5.34,0.56
4091,5.34,0.56
4092,5.34,0.56
4093,5.34,0.56
4094,5.35,0.56
4095,5.35,0.56
4096,5.35,0.56
4097,5.35,0.56
4098,5.35,0.56
4099,5.35,0.56
4100,5.36,0.56
4101,5.36,0.56
4102,5.36,0.56
4103,5.36,0.56
4104,5.36,0.56
4105,5.37,0.56
4106,5.37,0.56
4107,5.37,0.56
4108,5.37,0.56
4109,5.37,0.56
4110,5.37,0.56
4111,5.38,0.56
4112,5.38,0.56
4113,5.38,0.56
4114,5.38,0.56
4115,5.38,0.56
4116,5.38,0.56
4117,5.37,0.56
4118,5.37,0.56
4119,5.37,0.56
4120,5.37,0.56
4121,5.37,0.56
4122,5.37,0.56
4123,5.37,0.56
4124,5.37,0.56
4125,5.36,0.56
4126,5.36,0.56
4127,5.36,0.56
4128,5.36,0.56
4129,5.35,0.56
4130,5.35,0.56
4131,5.35,0.56
4132,5.35,0.56
4133,5.35,0.56
4134,5.35,0.56
4135,5.34,0.56
4136,5.34,0.56
4137,5.34,0.56
4138,5.34,0.56
4139,5.34,0.56
4140,5.34,0.56
4141,5.34,0.56
4142,5.34,0.56
4143,5.34,0.56
4144,5.34,0.56
4145,5.34,0.56
4146,5.35,0.56
4147,5.35,0.56
4148,5.35,0.56
4149,5.35,0.56
4150,5.35,0.56
4151,5.35,0.56
4152,5.36,0.56
4153,5.36,0.56
4154,5.36,0.56
4155,5.36,0.56
4156,5.36,0.56
4157,5.37,0.56
4158,5.37,0.56
4159,5.37,0.56
4160,5.37,0.56
4161,5.37,0.56
4162,5.37,0.56
4163,5.38,0.56
4164,5.38,0.56
4165,5.38,0.56
4166,5.38,0.56
4167,5.38,0.56
4168,5.38,0.56
4169,5.38,0.56
4170,5.38,0.56
4171,5.38,0.56
4172,5.37,0.56
4173,5.37,0.56
4174,5.37,0.56
4175,5.37,0.56
4176,5.37,0.56
4177,5.37,0.56
4178,5.36,0.56
4179,5.36,0.56
4180,5.36,0.56
4181,5.36,0.56
4182,5.36,0.56
4183,5.35,0.56
4184,5.35,0.56
4185,5.35,0.56
4186,5.35,0.56
4187,5.35,0.56
4188,5.35,0.56
4189,5.34,0.56
4190,5.34,0.56
4191,5.34,0.56
4192,5.34,0.56
4193,5.34,0.56
4194,5.34,0.56
4195,5.34,0.56
4196,5.34,0.56
4197,5.34,0.56
4198,5.34,0.56
4199,5.35,0.56
4200,5.35,0.56
4201,5.35,0.56
4202,5.35,0.56
4203,5.35,0.56
4204,5.35,0.56
4205,5.36,0.56
4206,5.36,0.56
4207,5.36,0.56
4208,5.36,0.56
4209,5.36,0.56
4210,5.37,0.56
4211,5.37,0.56
4212,5.37,0.56
4213,5.37,0.56
4214,5.37,0.56
4215,5.37,0.56
4216,5.38,0.56
4217,5.38,0.56
4218,5.38,0.56
4219,5.38,0.56
4220,5.38,0.56
4221,5.38,0.56
4222,5.38,0.56
4223,5.38,0.56
4224,5.37,0.56
4225,5.37,0.56
4226,5.37,0.56
4227,5.37,0.56
4228,5.37,0.56
4229,5.37,0.56
4230,5.36,0.56
4231,5.36,0.56
4232,5.36,0.56
4233,5.36,0.56
4234,5.36,0.56
4235,5.35,0.56
4236,5.35,0.56
4237,5.35,0.56
4238,5.35,0.56
4239,5.35,0.56
4240,5.35,0.56
4241,5.34,0.56
4242,5.34,0.56
4243,5.34,0.56
4244,5.34,0.56
4245,5.34,0.56
4246,5.34,0.56
4247,5.34,0.56
4248,5.34,0.56
4249,5.34,0.56
4250,5.34,0.56
4251,5.34,0.56
4252,5.35,0.56
4253,5.35,0.56
4254,5.35,0.56
4255,5.35,0.56
4256,5.35,0.56
4257,5.35,0.56
4258,5.36,0.56
4259,5.36,0.56
4260,5.36,0.56
4261,5.36,0.56
4262,5.36,0.56
4263,5.37,0.56
4264,5.37,0.56
4265,5.37,0.56
4266,5.37,0.56
4267,5.37,0.56
4268,5.37,0.56
4269,5.38,0.56
4270,5.38,0.56
4271,5.38,0.56
4272,5.38,0.56
4273,5.38,0.56
4274,5.38,0.56
4275,5.38,0.56
4276,5.38,0.56
4277,5.38,0.56
4278,5.37,0.56
4279,5.37,0.56
4280,5.37,0.56
4281,5.37,0.56
4282,5.37,0.56
4283,5.37,0.56
4284,5.36,0.56
4285,5.36,0.56
4286,5.36,0.56
4287,5.36,0.56
4288,5.36,0.56
4289,5.35,0.56
4290,5.35,0.56
4291,5.35,0.56
4292,5.35,0.56
4293,5.35,0.56
4294,5.34,0.56
4295,5.34,0.56
4296,5.34,0.56
4297,5.34,0.56
4298,5.34,0.56
4299,5.34,0.56
4300,5.34,0.56
4301,5.34,0.56
4302,5.34,0.56
4303,5.34,0.56
4304,5.34,0.56
4305,5.35,0.56
4306,5.35,0.56
4307,5.35,0.56
4308,5.35,0.56
4309,5.35,0.56
4310,5.35,0.56
4311,5.36,0.56
4312,5.36,0.56
4313,5.36,0.56
4314,5.36,0.56
4315,5.37,0.56
4316,5.37,0.56
4317,5.37,0.56
4318,5.37,0.56
4319,5.37,0.56
4320,5.37,0.56
4321,5.37,0.56
4322,5.38,0.56
4323,5.38,0.56
4324,5.38,0.56
4325,5.38,0.56
4326,5.38,0.56
4327,5.38,0.56
4328,5.38,0.56
4329,5.38,0.56
4330,5.38,0.56
4331,5.37,0.56
4332,5.37,0.56
4333,5.37,0.56
4334,5.37,0.56
4335,5.37,0.56
4336,5.37,0.56
4337,5.36,0.56
4338,5.36,0.56
4339,5.36,0.56
4340,5.36,0.56
4341,5.36,0.56
4342,5.35,0.56
4343,5.35,0.56
4344,5.35,0.56
4345,5.35,0.56
4346,5.35,0.56
4347,5.35,0.56
4348,5.34,0.56
4349,5.34,0.56
4350,5.34,0.56
4351,5.34,0.56
4352,5.34,0.56
4353,5.34,0.56
4354,5.34,0.56
4355,5.34,0.56
4356,5.34,0.56
4357,5.35,0.56
4358,5.35,0.56
4359,5.35,0.56
4360,5.35,0.56
4361,5.35,0.56
4362,5.35,0.56
4363,5.35,0.56
4364,5.36,0.56
4365,5.36,0.56
4366,5.36,0.56
4367,5.36,0.56
4368,5.37,0.56
4369,5.37,0.56
4370,5.37,0.56
4371,5.37,0.56
4372,5.37,0.56
4373,5.37,0.56
4374,5.37,0.56
4375,5.38,0.56
4376,5.38,0.56
4377,5.38,0.56
4378,5.38,0.56
4379,5.38,0.56
4380,5.38,0.56
4381,5.38,0.56
4382,5.38,0.56
4383,5.38,0.56
4384,5.37,0.56
4385,5.37,0.56
4386,5.37,0.56
4387,5.37,0.56
4388,5.37,0.56
4389,5.37,0.56
4390,5.36,0.56
4391,5.36,0.56
4392,5.36,0.56
4393,5.36,0.56
4394,5.36,0.56
4395,5.35,0.56
4396,5.35,0.56
4397,5.35,0.56
4398,5.35,0.56
4399,5.35,0.56
4400,5.35,0.56
4401,5.34,0.56
4402,5.34,0.56
4403,5.34,0.56
4404,5.34,0.56
4405,5.34,0.56
4406,5.34,0.56
4407,5.34,0.56
4408,5.34,0.56
4409,5.34,0.56
4410,5.34,0.56
4411,5.35,0.56
4412,5.35,0.56
4413,5.35,0.56
4414,5.35,0.56
4415,5.35,0.56
4416,5.36,0.56
4417,5.36,0.56
4418,5.36,0.56
4419,5.36,0.56
4420,5.36,0.56
4421,5.37,0.56
4422,5.37,0.56
4423,5.37,0.56
4424,5.37,0.56
4425,5.37,0.56
4426,5.37,0.56
4427,5.38,0.56
4428,5.38,0.56
4429,5.38,0.56
4430,5.38,0.56
4431,5.38,0.56
4432,5.38,0.56
4433,5.38,0.56
4434,5.38,0.56
4435,5.38,0.56
4436,5.38,0.56
4437,5.37,0.56
4438,5.37,0.56
4439,5.37,0.56
4440,5.37,0.56
4441,5.37,0.56
4442,5.37,0.56
4443,5.36,0.56
4444,5.36,0.56
4445,5.36,0.56
4446,5.36,0.56
4447,5.36,0.56
4448,5.35,0.56
4449,5.35,0.56
4450,5.35,0.56
4451,5.35,0.56
4452,5.35,0.56
4453,5.35,0.56
4454,5.34,0.56
4455,5.34,0.56
4456,5.34,0.56
4457,5.34,0.56
4458,5.34,0.56
4459,5.34,0.56
4460,5.34,0.56
4461,5.34,0.56
4462,5.34,0.56
4463,5.35,0.56
4464,5.35,0.56
4465,5.35,0.56
4466,5.35,0.56
4467,5.35,0.56
4468,5.35,0.56
4469,5.36,0.56
4470,5.36,0.56
4471,5.36,0.56
4472,5.36,0.56
4473,5.36,0.56
4474,5.37,0.56
4475,5.37,0.56
4476,5.37,0.56
4477,5.37,0.56
4478,5.37,0.56
4479,5.37,0.56
4480,5.38,0.56
4481,5.38,0.56
4482,5.38,0.56
4483,5.38,0.56
4484,5.38,0.56
4485,5.38,0.56
4486,5.38,0.56
4487,5.38,0.56
4488,5.38,0.56
4489,5.38,0.56
4490,5.37,0.56
4491,5.37,0.56
4492,5.37,0.56
4493,5.37,0.56
4494,5.37,0.56
4495,5.37,0.56
4496,5.36,0.56
4497,5.36,0.56
4498,5.36,0.56
4499,5.36,0.56
4500,5.36,0.56
4501,5.35,0.56
4502,5.35,0.56
4503,5.35,0.56
4504,5.35,0.56
4505,5.35,0.56
4506,5.34,0.56
4507,5.34,0.56
4508,5.34,0.56
4509,5.34,0.56
4510,5.34,0.56
4511,5.34,0.56
4512,5.34,0.56
4513,5.34,0.56
4514,5.34,0.56
4515,5.34,0.56
4516,5.34,0.56
4517,5.35,0.56
4518,5.35,0.56
4519,5.35,0.56
4520,5.35,0.56
4521,5.35,0.56
4522,5.35,0.56
4523,5.36,0.56
4524,5.36,0.56
4525,5.36,0.56
4526,5.36,0.56
4527,5.37,0.56
4528,5.37,0.56
4529,5.37,0.56
4530,5.37,0.56
4531,5.37,0.56
4532,5.37,0.56
4533,5.38,0.56
4534,5.38,0.56
4535,5.38,0.56
4536,5.38,0.56
4537,5.38,0.56
4538,5.38,0.56
4539,5.38,0.56
4540,5.38,0.56
4541,5.38,0.56
4542,5.38,0.56
4543,5.37,0.56
4544,5.37,0.56
4545,5.37,0.56
4546,5.37,0.56
4547,5.37,0.56
4548,5.36,0.56
4549,5.36,0.56
4550,5.36,0.56
4551,5.36,0.56
4552,5.36,0.56
4553,5.35,0.56
4554,5.35,0.56
4555,5.35,0.56
4556,5.35,0.56
4557,5.35,0.56
4558,5.34,0.56
4559,5.34,0.56
4560,5.34,0.56
4561,5.34,0.56
4562,5.34,0.56
4563,5.34,0.56
4564,5.34,0.56
4565,5.34,0.56
4566,5.34,0.56
4567,5.34,0.56
4568,5.34,0.56
4569,5.34,0.56
4570,5.34,0.56
4571,5.35,0.56
4572,5.35,0.56
4573,5.35,0.56
4574,5.35,0.56
4575,5.35,0.56
4576,5.36,0.56
4577,5.36,0.56
4578,5.36,0.56
4579,5.36,0.56
4580,5.36,0.56
4581,5.37,0.56
4582,5.37,0.56
4583,5.37,0.56
4584,5.37,0.56
4585,5.37,0.56
4586,5.37,0.56
4587,5.37,0.56
4588,5.38,0.56
4589,5.38,0.56
4590,5.38,0.56
4591,5.38,0.56
4592,5.38,0.56
4593,5.38,0.56
4594,5.37,0.56
4595,5.37,0.56
4596,5.37,0.56
4597,5.37,0.56
4598,5.37,0.56
4599,5.37,0.56
4600,5.37,0.56
4601,5.36,0.56
4602,5.36,0.56
4603,5.36,0.56
4604,5.36,0.56
4605,5.36,0.56
4606,5.35,0.56
4607,5.35,0.56
4608,5.35,0.56
4609,5.35,0.56
4610,5.35,0.56
4611,5.34,0.56
4612,5.34,0.56
4613,5.34,0.56
4614,5.34,0.56
4615,5.34,0.56
4616,5.34,0.56
4617,5.34,0.56
4618,5.34,0.56
4619,5.34,0.56
4620,5.34,0.56
4621,5.34,0.56
4622,5.34,0.56
4623,5.35,0.56
4624,5.35,0.56
4625,5.35,0.56
4626,5.35,0.56
4627,5.35,0.56
4628,5.35,0.56
4629,5.36,0.56
4630,5.36,0.56
4631,5.36,0.56
4632,5.36,0.56
4633,5.37,0.56
4634,5.37,0.56
4635,5.37,0.56
4636,5.37,0.56
4637,5.37,0.56
4638,5.37,0.56
4639,5.38,0.56
4640,5.38,0.56
4641,5.38,0.56
4642,5.38,0.56
4643,5.38,0.56
4644,5.38,0.56
4645,5.38,0.56
4646,5.38,0.56
4647,5.38,0.56
4648,5.37,0.56
4649,5.37,0.56
4650,5.37,0.56
4651,5.37,0.56
4652,5.37,0.56
4653,5.37,0.56
4654,5.36,0.56
4655,5.36,0.56
4656,5.36,0.56
4657,5.36,0.56
4658,5.36,0.56
4659,5.35,0.56
4660,5.35,0.56
4661,5.35,0.56
4662,5.35,0.56
4663,5.35,0.56
4664,5.35,0.56
4665,5.34,0.56
4666,5.34,0.56
4667,5.34,0.56
4668,5.34,0.56
4669,5.34,0.56
4670,5.34,0.56
4671,5.34,0.56
4672,5.34,0.56
4673,5.34,0.56
4674,5.34,0.56
4675,5.35,0.56
4676,5.35,0.56
4677,5.35,0.56
4678,5.35,0.56
4679,5.35,0.56
4680,5.35,0.56
4681,5.36,0.56
4682,5.36,0.56
4683,5.36,0.56
4684,5.36,0.56
4685,5.36,0.56
4686,5.37,0.56
4687,5.37,0.56
4688,5.37,0.56
4689,5.37,0.56
4690,5.37,0.56
4691,5.38,0.56
4692,5.38,0.56
4693,5.38,0.56
4694,5.38,0.56
4695,5.38,0.56
4696,5.38,0.56
4697,5.38,0.56
4698,5.38,0.56
4699,5.38,0.56
4700,5.38,0.56
4701,5.38,0.56
4702,5.37,0.56
4703,5.37,0.56
4704,5.37,0.56
4705,5.37,0.56
4706,5.37,0.56
4707,5.37,0.56
4708,5.36,0.56
4709,5.36,0.56
4710,5.36,0.56
4711,5.36,0.56
4712,5.35,0.56
4713,5.35,0.56
4714,5.35,0.56
4715,5.35,0.56
4716,5.35,0.56
4717,5.35,0.56
4718,5.35,0.56
4719,5.34,0.56
4720,5.34,0.56
4721,5.34,0.56
4722,5.34,0.56
4723,5.34,0.56
4724,5.34,0.56
4725,5.34,0.56
4726,5.34,0.56
4727,5.34,0.56
4728,5.35,0.56
4729,5.35,0.56
4730,5.35,0.56
4731,5.35,0.56
4732,5.35,0.56
4733,5.35,0.56
4734,5.36,0.56
4735,5.36,0.56
4736,5.36,0.56
4737,5.36,0.56
4738,5.37,0.56
4739,5.37,0.56
4740,5.37,0.56
4741,5.37,0.56
4742,5.37,0.56
4743,5.37,0.56
4744,5.38,0.56
4745,5.38,0.56
4746,5.38,0.56
4747,5.38,0.56
4748,5.38,0.56
4749,5.38,0.56
4750,5.38,0.56
4751,5.38,0.56
4752,5.38,0.56
4753,5.38,0.56
4754,5.38,0.56
4755,5.38,0.56
4756,5.37,0.56
4757,5.37,0.56
4758,5.37,0.56
4759,5.37,0.56
4760,5.37,0.56
4761,5.36,0.56
4762,5.36,0.56
4763,5.36,0.56
4764,5.36,0.56
4765,5.36,0.56
4766,5.35,0.56
4767,5.35,0.56
4768,5.35,0.56
4769,5.35,0.56
4770,5.35,0.56
4771,5.35,0.56
4772,5.34,0.56
4773,5.34,0.56
4774,5.34,0.56
4775,5.34,0.56
4776,5.34,0.56
4777,5.34,0.56
4778,5.34,0.56
4779,5.35,0.56
4780,5.35,0.56
4781,5.35,0.56
4782,5.35,0.56
4783,5.35,0.56
4784,5.35,0.56
4785,5.35,0.56
4786,5.36,0.56
4787,5.36,0.56
4788,5.36,0.56
4789,5.36,0.56
4790,5.36,0.56
4791,5.37,0.56
4792,5.37,0.56
4793,5.37,0.56
4794,5.37,0.56
4795,5.37,0.56
4796,5.37,0.56
4797,5.38,0.56
4798,5.38,0.56
4799,5.38,0.56
4800,5.38,0.56
4801,5.38,0.56
4802,5.38,0.56
4803,5.38,0.56
4804,5.38,0.56
4805,5.38,0.56
4806,5.38,0.56
4807,5.38,0.56
4808,5.37,0.56
4809,5.37,0.56
4810,5.37,0.56
4811,5.37,0.56
4812,5.37,0.56
4813,5.37,0.56
4814,5.36,0.56
4815,5.36,0.56
4816,5.36,0.56
4817,5.36,0.56
4818,5.36,0.56
4819,5.35,0.56
4820,5.35,0.56
4821,5.35,0.56
4822,5.35,0.56
4823,5.35,0.56
4824,5.35,0.56
4825,5.34,0.56
4826,5.34,0.56
4827,5.34,0.56
4828,5.34,0.56
4829,5.34,0.56
4830,5.34,0.56
4831,5.34,0.56
4832,5.35,0.56
4833,5.35,0.56
4834,5.35,0.56
4835,5.35,0.56
4836,5.35,0.56
4837,5.35,0.56
4838,5.35,0.56
4839,5.36,0.56
4840,5.36,0.56
4841,5.36,0.56
4842,5.36,0.56
4843,5.36,0.56
4844,5.37,0.56
4845,5.37,0.56
4846,5.37,0.56
4847,5.37,0.56
4848,5.37,0.56
4849,5.38,0.56
4850,5.38,0.56
4851,5.38,0.56
4852,5.38,0.56
4853,5.38,0.56
4854,5.38,0.56
4855,5.38,0.56
4856,5.38,0.56
4857,5.38,0.56
4858,5.38,0.56
4859,5.38,0.56
4860,5.38,0.56
4861,5.37,0.56
4862,5.37,0.56
4863,5.37,0.56
4864,5.37,0.56
4865,5.37,0.56
4866,5.37,0.56
4867,5.36,0.56
4868,5.36,0.56
4869,5.36,0.56
4870,5.36,0.56
4871,5.35,0.56
4872,5.35,0.56
4873,5.35,0.56
4874,5.35,0.56
4875,5.35,0.56
4876,5.35,0.56
4877,5.34,0.56
4878,5.34,0.56
4879,5.34,0.56
4880,5.34,0.56
4881,5.34,0.56
4882,5.34,0.56
4883,5.34,0.56
4884,5.34,0.56
4885,5.34,0.56
4886,5.34,0.56
4887,5.35,0.56
4888,5.35,0.56
4889,5.35,0.56
4890,5.35,0.56
4891,5.35,0.56
4892,5.35,0.56
4893,5.36,0.56
4894,5.36,0.56
4895,5.36,0.56
4896,5.36,0.56
4897,5.37,0.56
4898,5.37,0.56
4899,5.37,0.56
4900,5.37,0.56
4901,5.37,0.56
4902,5.37,0.56
4903,5.38,0.56
4904,5.38,0.56
4905,5.38,0.56
4906,5.38,0.56
4907,5.38,0.56
4908,5.38,0.56
4909,5.38,0.56
4910,5.38,0.56
4911,5.38,0.56
4912,5.38,0.56
4913,5.38,0.56
4914,5.37,0.56
4915,5.37,0.56
4916,5.37,0.56
4917,5.37,0.56
4918,5.37,0.56
4919,5.37,0.56
4920,5.36,0.56
4921,5.36,0.56
4922,5.36,0.56
4923,5.36,0.56
4924,5.35,0.56
4925,5.35,0.56
4926,5.35,0.56
4927,5.35,0.56
4928,5.35,0.56
4929,5.35,0.56
4930,5.34,0.56
4931,5.34,0.56
4932,5.34,0.56
4933,5.34,0.56
4934,5.34,0.56
4935,5.34,0.56
4936,5.34,0.56
4937,5.34,0.56
4938,5.34,0.56
4939,5.34,0.56
4940,5.35,0.56
4941,5.35,0.56
4942,5.35,0.56
4943,5.35,0.56
4944,5.35,0.56
4945,5.35,0.56
4946,5.36,0.56
4947,5.36,0.56
4948,5.36,0.56
4949,5.36,0.56
4950,5.36,0.56
4951,5.37,0.56
4952,5.37,0.56
4953,5.37,0.56
4954,5.37,0.56
4955,5.37,0.56
4956,5.37,0.56
4957,5.38,0.56
4958,5.38,0.56
4959,5.38,0.56
4960,5.38,0.56
4961,5.38,0.56
4962,5.38,0.56
4963,5.38,0.56
4964,5.38,0.56
4965,5.38,0.56
4966,5.38,0.56
4967,5.37,0.56
4968,5.37,0.56
4969,5.37,0.56
4970,5.37,0.56
4971,5.37,0.56
4972,5.37,0.56
4973,5.36,0.56
4974,5.36,0.56
4975,5.36,0.56
4976,5.36,0.56
4977,5.35,0.56
4978,5.35,0.56
4979,5.35,0.56
4980,5.35,0.56
4981,5.35,0.56
4982,5.35,0.56
4983,5.35,0.56
4984,5.34,0.56
4985,5.34,0.56
4986,5.34,0.56
4987,5.34,0.56
4988,5.34,0.56
4989,5.34,0.56
4990,5.34,0.56
4991,5.34,0.56
4992,5.34,0.56
4993,5.35,0.56
4994,5.35,0.56
4995,5.35,0.56
4996,5.35,0.56
4997,5.35,0.56
4998,5.35,0.56
4999,5.36,0.56
5000,5.36,0.56
5001,5.36,0.56
5002,5.36,0.56
5003,5.36,0.56
5004,5.37,0.56
5005,5.37,0.56
5006,5.37,0.56
5007,5.37,0.56
5008,5.37,0.56
5009,5.37,0.56
5010,5.38,0.56
5011,5.38,0.56
5012,5.38,0.56
5013,5.38,0.56
5014,5.38,0.56
5015,5.38,0.56
5016,5.38,0.56
5017,5.38,0.56
5018,5.38,0.56
5019,5.37,0.56
5020,5.37,0.56
5021,5.37,0.56
5022,5.37,0.56
5023,5.37,0.56
5024,5.37,0.56
5025,5.36,0.56
5026,5.36,0.56
5027,5.36,0.56
5028,5.36,0.56
5029,5.36,0.56
5030,5.35,0.56
5031,5.35,0.56
5032,5.35,0.56
5033,5.35,0.56
5034,5.35,0.56
5035,5.34,0.56
5036,5.34,0.56
5037,5.34,0.56
5038,5.34,0.56
5039,5.34,0.56
5040,5.34,0.56
5041,5.34,0.56
5042,5.34,0.56
5043,5.34,0.56
5044,5.34,0.56
5045,5.34,0.56
5046,5.35,0.56
5047,5.35,0.56
5048,5.35,0.56
5049,5.35,0.56
5050,5.35,0.56
5051,5.35,0.56
5052,5.36,0.56
5053,5.36,0.56
5054,5.36,0.56
5055,5.36,0.56
5056,5.36,0.56
5057,5.37,0.56
5058,5.37,0.56
5059,5.37,0.56
5060,5.37,0.56
5061,5.37,0.56
5062,5.37,0.56
5063,5.38,0.56
5064,5.38,0.56
5065,5.38,0.56
5066,5.38,0.56
5067,5.38,0.56
5068,5.38,0.56
5069,5.38,0.56
5070,5.38,0.56
5071,5.38,0.56
5072,5.37,0.56
5073,5.37,0.56
5074,5.37,0.56
5075,5.37,0.56
5076,5.37,0.56
5077,5.37,0.56
5078,5.36,0.56
5079,5.36,0.56
5080,5.36,0.56
5081,5.36,0.56
5082,5.36,0.56
5083,5.35,0.56
5084,5.35,0.56
5085,5.35,0.56
5086,5.35,0.56
5087,5.35,0.56
5088,5.35,0.56
5089,5.34,0.56
5090,5.34,0.56
5091,5.34,0.56
5092,5.34,0.56
5093,5.34,0.56
5094,5.34,0.56
5095,5.34,0.56
5096,5.34,0.56
5097,5.34,0.56
5098,5.35,0.56
5099,5.35,0.56
5100,5.35,0.56
5101,5.35,0.56
5102,5.35,0.56
5103,5.35,0.56
5104,5.36,0.56
5105,5.36,0.56
5106,5.36,0.56
5107,5.36,0.56
5108,5.36,0.56
5109,5.37,0.56
5110,5.37,0.56
5111,5.37,0.56
5112,5.37,0.56
5113,5.37,0.56
5114,5.38,0.56
5115,5.38,0.56
5116,5.38,0.56
5117,5.38,0.56
5118,5.38,0.56
5119,5.38,0.56
5120,5.38,0.56
5121,5.38,0.56
5122,5.38,0.56
5123,5.38,0.56
5124,5.38,0.56
5125,5.38,0.56
5126,5.37,0.56
5127,5.37,0.56
5128,5.37,0.56
5129,5.37,0.56
5130,5.37,0.56
5131,5.37,0.56
5132,5.36,0.56
5133,5.36,0.56
5134,5.36,0.56
5135,5.36,0.56
5136,5.35,0.56
5137,5.35,0.56
5138,5.35,0.56
5139,5.35,0.56
5140,5.35,0.56
5141,5.35,0.56
5142,5.35,0.56
5143,5.34,0.56
5144,5.34,0.56
5145,5.34,0.56
5146,5.34,0.56
5147,5.34,0.56
5148,5.34,0.56
5149,5.34,0.56
5150,5.34,0.56
5151,5.35,0.56
5152,5.35,0.56
5153,5.35,0.56
5154,5.35,0.56
5155,5.35,0.56
5156,5.35,0.56
5157,5.36,0.56
5158,5.36,0.56
5159,5.36,0.56
5160,5.36,0.56
5161,5.36,0.56
5162,5.37,0.56
5163,5.37,0.57
5164,5.37,0.56
5165,5.37,0.56
5166,5.37,0.56
5167,5.38,0.56
5168,5.38,0.56
5169,5.38,0.56
5170,5.38,0.56
5171,5.38,0.56
5172,5.38,0.56
5173,5.38,0.56
5174,5.38,0.56
5175,5.38,0.56
5176,5.38,0.56
5177,5.38,0.56
5178,5.38,0.56
5179,5.38,0.56
5180,5.37,0.56
5181,5.37,0.56
5182,5.37,0.56
5183,5.37,0.56
5184,5.37,0.56
5185,5.36,0.56
5186,5.36,0.56
5187,5.36,0.56
5188,5.36,0.56
5189,5.36,0.56
5190,5.35,0.56
5191,5.35,0.56
5192,5.35,0.56
5193,5.35,0.56
5194,5.35,0.56
5195,5.35,0.56
5196,5.34,0.56
5197,5.34,0.56
5198,5.34,0.56
5199,5.34,0.56
5200,5.34,0.56
5201,5.34,0.56
5202,5.34,0.56
5203,5.34,0.56
5204,5.35,0.56
5205,5.35,0.56
5206,5.35,0.56
5207,5.35,0.56
5208,5.35,0.56
5209,5.35,0.56
5210,5.36,0.56
5211,5.36,0.56
5212,5.36,0.56
5213,5.36,0.56
5214,5.36,0.56
5215,5.37,0.56
5216,5.37,0.56
5217,5.37,0.56
5218,5.37,0.56
5219,5.37,0.56
5220,5.38,0.56
5221,5.38,0.56
5222,5.38,0.56
5223,5.38,0.56
5224,5.38,0.56
5225,5.38,0.56
5226,5.38,0.56
5227,5.38,0.56
5228,5.38,0.56
5229,5.38,0.56
5230,5.38,0.56
5231,5.38,0.56
5232,5.38,0.56
5233,5.37,0.56
5234,5.37,0.56
5235,5.37,0.56
5236,5.37,0.56
5237,5.37,0.56
5238,5.36,0.56
5239,5.36,0.56
5240,5.36,0.56
5241,5.36,0.56
5242,5.36,0.56
5243,5.35,0.56
5244,5.35,0.56
5245,5.35,0.56
5246,5.35,0.56
5247,5.35,0.56
5248,5.35,0.56
5249,5.34,0.56
5250,5.34,0.56
5251,5.34,0.56
5252,5.34,0.56
5253,5.34,0.56
5254,5.34,0.56
5255,5.34,0.56
5256,5.35,0.56
5257,5.35,0.56
5258,5.35,0.56
5259,5.35,0.56
5260,5.35,0.56
5261,5.35,0.56
5262,5.35,0.56
5263,5.36,0.56
5264,5.36,0.56
5265,5.36,0.56
5266,5.36,0.56
5267,5.36,0.56
5268,5.37,0.56
5269,5.37,0.56
5270,5.37,0.56
5271,5.37,0.56
5272,5.37,0.56
5273,5.38,0.56
5274,5.38,0.56
5275,5.38,0.56
5276,5.38,0.56
5277,5.38,0.56
5278,5.38,0.56
5279,5.38,0.56
5280,5.38,0.56
5281,5.38,0.56
5282,5.38,0.56
5283,5.38,0.56
5284,5.38,0.56
5285,5.38,0.56
5286,5.37,0.56
5287,5.37,0.56
5288,5.37,0.56
5289,5.37,0.56
5290,5.37,0.56
5291,5.36,0.56
5292,5.36,0.56
5293,5.36,0.56
5294,5.36,0.56
5295,5.36,0.56
5296,5.35,0.56
5297,5.35,0.56
5298,5.35,0.56
5299,5.35,0.56
5300,5.35,0.56
5301,5.35,0.56
5302,5.35,0.56
5303,5.34,0.56
5304,5.34,0.56
5305,5.34,0.56
5306,5.34,0.56
5307,5.34,0.56
5308,5.34,0.56
5309,5.35,0.56
5310,5.35,0.56
5311,5.35,0.56
5312,5.35,0.56
5313,5.35,0.56
5314,5.35,0.56
5315,5.35,0.56
5316,5.36,0.56
5317,5.36,0.56
5318,5.36,0.56
5319,5.36,0.56
5320,5.36,0.56
5321,5.37,0.56
5322,5.37,0.56
5323,5.37,0.56
5324,5.37,0.56
5325,5.37,0.56
5326,5.37,0.56
5327,5.38,0.56
5328,5.38,0.56
5329,5.38,0.56
5330,5.38,0.56
5331,5.38,0.56
5332,5.38,0.56
5333,5.38,0.56
5334,5.38,0.56
5335,5.38,0.56
5336,5.38,0.56
5337,5.38,0.56
5338,5.38,0.56
5339,5.37,0.56
5340,5.37,0.56
5341,5.37,0.56
5342,5.37,0.56
5343,5.37,0.56
5344,5.36,0.56
5345,5.36,0.56
5346,5.36,0.56
5347,5.36,0.56
5348,5.36,0.56
5349,5.35,0.56
5350,5.35,0.56
5351,5.35,0.56
5352,5.35,0.56
5353,5.35,0.56
5354,5.35,0.56
5355,5.35,0.56
5356,5.34,0.56
5357,5.34,0.56
5358,5.34,0.56
5359,5.34,0.56
5360,5.34,0.56
5361,5.34,0.56
5362,5.35,0.56
5363,5.35,0.56
5364,5.35,0.56
5365,5.35,0.56
5366,5.35,0.56
5367,5.35,0.56
5368,5.35,0.56
5369,5.36,0.56
5370,5.36,0.56
5371,5.36,0.56
5372,5.36,0.56
5373,5.36,0.56
5374,5.37,0.56
5375,5.37,0.56
5376,5.37,0.56
5377,5.37,0.56
5378,5.37,0.56
5379,5.37,0.56
5380,5.38,0.56
5381,5.38,0.56
5382,5.38,0.56
5383,5.38,0.56
5384,5.38,0.56
5385,5.38,0.56
5386,5.38,0.56
5387,5.38,0.56
5388,5.38,0.56
5389,5.38,0.56
5390,5.38,0.56
5391,5.37,0.56
5392,5.37,0.56
5393,5.37,0.56
5394,5.37,0.56
5395,5.37,0.56
5396,5.37,0.56
5397,5.36,0.56
5398,5.36,0.56
5399,5.36,0.56
5400,5.36,0.56
5401,5.36,0.56
5402,5.35,0.56
5403,5.35,0.56
5404,5.35,0.56
5405,5.35,0.56
5406,5.35,0.56
5407,5.34,0.56
5408,5.34,0.56
5409,5.34,0.56
5410,5.34,0.56
5411,5.34,0.56
5412,5.34,0.56
5413,5.34,0.56
5414,5.34,0.56
5415,5.34,0.56
5416,5.34,0.56
5417,5.35,0.56
5418,5.35,0.56
5419,5.35,0.56
5420,5.35,0.56
5421,5.35,0.56
5422,5.35,0.56
5423,5.36,0.56
5424,5.36,0.56
5425,5.36,0.56
5426,5.36,0.56
5427,5.36,0.56
5428,5.37,0.56
5429,5.37,0.56
5430,5.37,0.56
5431,5.37,0.56
5432,5.37,0.56
5433,5.37,0.56
5434,5.38,0.56
5435,5.38,0.56
5436,5.38,0.56
5437,5.38,0.56
5438,5.38,0.56
5439,5.38,0.56
5440,5.38,0.56
5441,5.38,0.56
5442,5.38,0.56
5443,5.37,0.56
5444,5.37,0.56
5445,5.37,0.56
5446,5.37,0.56
5447,5.37,0.56
5448,5.37,0.56
5449,5.36,0.56
5450,5.36,0.56
5451,5.36,0.56
5452,5.36,0.56
5453,5.36,0.56
5454,5.35,0.56
5455,5.35,0.56
5456,5.35,0.56
5457,5.35,0.56
5458,5.35,0.56
5459,5.35,0.56
5460,5.34,0.56
5461,5.34,0.56
5462,5.34,0.56
5463,5.34,0.56
5464,5.34,0.56
5465,5.34,0.56
5466,5.34,0.56
5467,5.34,0.56
5468,5.34,0.56
5469,5.34,0.56
5470,5.34,0.56
5471,5.35,0.56
5472,5.35,0.56
5473,5.35,0.56
5474,5.35,0.56
5475,5.35,0.56
5476,5.35,0.56
5477,5.36,0.56
5478,5.36,0.56
5479,5.36,0.56
5480,5.36,0.56
5481,5.37,0.56
5482,5.37,0.56
5483,5.37,0.56
5484,5.37,0.56
5485,5.37,0.56
5486,5.37,0.56
5487,5.37,0.56
5488,5.38,0.56
5489,5.38,0.56
5490,5.38,0.56
5491,5.38,0.56
5492,5.38,0.56
5493,5.38,0.56
5494,5.38,0.56
5495,5.38,0.56
5496,5.37,0.56
5497,5.37,0.56
5498,5.37,0.56
5499,5.37,0.56
5500,5.37,0.56
5501,5.37,0.56
5502,5.36,0.56
5503,5.36,0.56
5504,5.36,0.56
5505,5.36,0.56
5506,5.36,0.56
5507,5.35,0.56
5508,5.35,0.56
5509,5.35,0.56
5510,5.35,0.56
5511,5.35,0.56
5512,5.35,0.56
5513,5.34,0.56
5514,5.34,0.56
5515,5.34,0.56
5516,5.34,0.56
5517,5.34,0.56
5518,5.34,0.56
5519,5.34,0.56
5520,5.34,0.56
5521,5.34,0.56
5522,5.34,0.56
5523,5.35,0.56
5524,5.35,0.56
5525,5.35,0.56
5526,5.35,0.56
5527,5.35,0.56
5528,5.35,0.56
5529,5.36,0.56
5530,5.36,0.56
5531,5.36,0.56
5532,5.36,0.56
5533,5.36,0.56
5534,5.37,0.56
5535,5.37,0.56
5536,5.37,0.56
5537,5.37,0.56
5538,5.37,0.56
5539,5.37,0.56
5540,5.38,0.56
5541,5.38,0.56
5542,5.38,0.56
5543,5.38,0.56
5544,5.38,0.56
5545,5.38,0.56
5546,5.38,0.56
5547,5.38,0.56
5548,5.38,0.56
5549,5.38,0.56
5550,5.37,0.56
5551,5.37,0.56
5552,5.37,0.56
5553,5.37,0.56
5554,5.37,0.56
5555,5.37,0.56
5556,5.36,0.56
5557,5.36,0.56
5558,5.36,0.56
5559,5.36,0.56
5560,5.36,0.56
5561,5.35,0.56
5562,5.35,0.56
5563,5.35,0.56
5564,5.35,0.56
5565,5.35,0.56
5566,5.35,0.56
5567,5.34,0.56
5568,5.34,0.56
5569,5.34,0.56
5570,5.34,0.56
5571,5.34,0.56
5572,5.34,0.56
5573,5.34,0.56
5574,5.34,0.56
5575,5.34,0.56
5576,5.35,0.56
5577,5.35,0.56
5578,5.35,0.56
5579,5.35,0.56
5580,5.35,0.56
5581,5.35,0.56
5582,5.36,0.56
5583,5.36,0.56
5584,5.36,0.56
5585,5.36,0.56
5586,5.36,0.56
5587,5.37,0.56
5588,5.37,0.56
5589,5.37,0.56
5590,5.37,0.56
5591,5.37,0.56
5592,5.37,0.56
5593,5.38,0.56
5594,5.38,0.56
5595,5.38,0.56
5596,5.38,0.56
5597,5.38,0.56
5598,5.38,0.56
5599,5.38,0.56
5600,5.38,0.56
5601,5.38,0.56
5602,5.37,0.56
5603,5.37,0.56
5604,5.37,0.56
5605,5.37,0.56
5606,5.37,0.56
5607,5.37,0.56
5608,5.37,0.56
5609,5.36,0.56
5610,5.36,0.56
5611,5.36,0.56
5612,5.36,0.56
5613,5.35,0.56
5614,5.35,0.56
5615,5.35,0.56
5616,5.35,0.56
5617,5.35,0.56
5618,5.35,0.56
5619,5.34,0.56
5620,5.34,0.56
5621,5.34,0.56
5622,5.34,0.56
5623,5.34,0.56
5624,5.34,0.56
5625,5.34,0.56
5626,5.34,0.56
5627,5.34,0.56
5628,5.34,0.56
5629,5.34,0.56
5630,5.35,0.56
5631,5.35,0.56
5632,5.35,0.56
5633,5.35,0.56
5634,5.35,0.56
5635,5.35,0.56
5636,5.36,0.56
5637,5.36,0.56
5638,5.36,0.56
5639,5.36,0.56
5640,5.36,0.56
5641,5.37,0.56
5642,5.37,0.56
5643,5.37,0.56
5644,5.37,0.56
5645,5.37,0.56
5646,5.37,0.56
5647,5.38,0.56
5648,5.38,0.56
5649,5.38,0.56
5650,5.38,0.56
5651,5.38,0.56
5652,5.38,0.56
5653,5.38,0.56
5654,5.38,0.56
5655,5.38,0.56
5656,5.37,0.56
5657,5.37,0.56
5658,5.37,0.56
5659,5.37,0.56
5660,5.37,0.56
5661,5.37,0.56
5662,5.36,0.56
5663,5.36,0.56
5664,5.36,0.56
5665,5.36,0.56
5666,5.36,0.56
5667,5.35,0.56
5668,5.35,0.56
5669,5.35,0.56
5670,5.35,0.56
5671,5.35,0.56
5672,5.35,0.56
5673,5.35,0.56
5674,5.34,0.56
5675,5.34,0.56
5676,5.34,0.56
5677,5.34,0.56
5678,5.34,0.56
5679,5.34,0.56
5680,5.34,0.56
5681,5.35,0.56
5682,5.35,0.56
5683,5.35,0.56
5684,5.35,0.56
5685,5.35,0.56
5686,5.35,0.56
5687,5.35,0.56
5688,5.36,0.56
5689,5.36,0.56
5690,5.36,0.56
5691,5.36,0.56
5692,5.36,0.56
5693,5.37,0.56
5694,5.37,0.56
5695,5.37,0.56
5696,5.37,0.56
5697,5.37,0.56
5698,5.38,0.56
5699,5.38,0.56
5700,5.38,0.56
5701,5.38,0.56
5702,5.38,0.56
5703,5.38,0.56
5704,5.38,0.56
5705,5.38,0.56
5706,5.38,0.56
5707,5.38,0.56
5708,5.38,0.56
5709,5.38,0.56
5710,5.37,0.56
5711,5.37,0.56
5712,5.37,0.56
5713,5.37,0.56
5714,5.37,0.56
5715,5.37,0.56
5716,5.36,0.56
5717,5.36,0.56
5718,5.36,0.56
5719,5.36,0.56
5720,5.36,0.56
5721,5.35,0.56
5722,5.35,0.56
5723,5.35,0.56
5724,5.35,0.56
5725,5.35,0.56
5726,5.35,0.56
5727,5.35,0.56
5728,5.34,0.56
5729,5.34,0.56
5730,5.34,0.56
5731,5.34,0.56
5732,5.34,0.56
5733,5.34,0.56
5734,5.35,0.56
5735,5.35,0.56
5736,5.35,0.56
5737,5.35,0.56
5738,5.35,0.56
5739,5.35,0.56
5740,5.35,0.56
5741,5.36,0.56
5742,5.36,0.56
5743,5.36,0.56
5744,5.36,0.56
5745,5.36,0.56
5746,5.37,0.56
5747,5.37,0.56
5748,5.37,0.56
5749,5.37,0.56
5750,5.37,0.56
5751,5.38,0.56
5752,5.38,0.56
5753,5.38,0.56
5754,5.38,0.56
5755,5.38,0.56
5756,5.38,0.56
5757,5.38,0.56
5758,5.38,0.56
5759,5.38,0.56
5760,5.38,0.56
5761,5.38,0.56
5762,5.38,0.56
5763,5.38,0.56
5764,5.37,0.56
5765,5.37,0.56
5766,5.37,0.56
5767,5.37,0.56
5768,5.37,0.56
5769,5.36,0.56
5770,5.36,0.56
5771,5.36,0.56
5772,5.36,0.56
5773,5.36,0.56
5774,5.35,0.56
5775,5.35,0.56
5776,5.35,0.56
5777,5.35,0.56
5778,5.35,0.56
5779,5.35,0.56
5780,5.35,0.56
5781,5.34,0.56
5782,5.34,0.56
5783,5.34,0.56
5784,5.34,0.56
5785,5.34,0.56
5786,5.35,0.56
5787,5.35,0.56
5788,5.35,0.56
5789,5.35,0.56
5790,5.35,0.56
5791,5.35,0.56
5792,5.35,0.56
5793,5.36,0.56
5794,5.36,0.56
5795,5.36,0.56
5796,5.36,0.56
5797,5.36,0.56
5798,5.37,0.56
5799,5.37,0.56
5800,5.37,0.56
5801,5.37,0.56
5802,5.37,0.56
5803,5.38,0.56
5804,5.38,0.56
5805,5.38,0.56
5806,5.38,0.56
5807,5.38,0.56
5808,5.38,0.56
5809,5.38,0.56
5810,5.38,0.56
5811,5.38,0.56
5812,5.38,0.56
5813,5.38,0.56
5814,5.38,0.56
5815,5.38,0.56
5816,5.38,0.56
5817,5.38,0.56
5818,5.37,0.56
5819,5.37,0.56
5820,5.37,0.56
5821,5.37,0.56
5822,5.37,0.56
5823,5.36,0.56
5824,5.36,0.56
5825,5.36,0.56
5826,5.36,0.56
5827,5.35,0.56
5828,5.35,0.56
5829,5.35,0.56
5830,5.35,0.56
5831,5.35,0.56
5832,5.35,0.56
5833,5.35,0.56
5834,5.35,0.56
5835,5.35,0.56
5836,5.35,0.56
5837,5.35,0.56
5838,5.35,0.56
5839,5.35,0.56
5840,5.35,0.56
5841,5.35,0.56
5842,5.35,0.56
5843,5.35,0.56
5844,5.35,0.56
5845,5.35,0.56
5846,5.36,0.56
5847,5.36,0.56
5848,5.36,0.56
5849,5.36,0.56
5850,5.36,0.56
5851,5.37,0.56
5852,5.37,0.56
5853,5.37,0.56
5854,5.37,0.56
5855,5.37,0.56
5856,5.38,0.56
5857,5.38,0.56
5858,5.38,0.56
5859,5.38,0.56
5860,5.38,0.56
5861,5.38,0.56
5862,5.38,0.56
5863,5.38,0.56
5864,5.38,0.56
5865,5.38,0.56
5866,5.38,0.56
5867,5.38,0.56
5868,5.38,0.56
5869,5.38,0.56
5870,5.37,0.56
5871,5.37,0.56
5872,5.37,0.56
5873,5.37,0.56
5874,5.37,0.56
5875,5.37,0.56
5876,5.36,0.56
5877,5.36,0.56
5878,5.36,0.56
5879,5.36,0.56
5880,5.35,0.56
5881,5.35,0.56
5882,5.35,0.56
5883,5.35,0.56
5884,5.35,0.56
5885,5.35,0.56
5886,5.35,0.56
5887,5.34,0.56
5888,5.34,0.56
5889,5.34,0.56
5890,5.34,0.56
5891,5.34,0.56
5892,5.34,0.56
5893,5.35,0.56
5894,5.35,0.56
5895,5.35,0.56
5896,5.35,0.56
5897,5.35,0.56
5898,5.35,0.56
5899,5.35,0.56
5900,5.36,0.56
5901,5.36,0.56
5902,5.36,0.56
5903,5.36,0.56
5904,5.36,0.56
5905,5.37,0.56
5906,5.37,0.56
5907,5.37,0.56
5908,5.37,0.56
5909,5.37,0.56
5910,5.38,0.56
5911,5.38,0.56
5912,5.38,0.56
5913,5.38,0.56
5914,5.38,0.56
5915,5.38,0.56
5916,5.38,0.56
5917,5.38,0.56
5918,5.38,0.56
5919,5.38,0.56
5920,5.38,0.56
5921,5.38,0.56
5922,5.38,0.56
5923,5.37,0.56
5924,5.37,0.56
5925,5.37,0.56
5926,5.37,0.56
5927,5.37,0.56
5928,5.36,0.56
5929,5.36,0.56
5930,5.36,0.56
5931,5.36,0.56
5932,5.35,0.56
5933,5.35,0.56
5934,5.35,0.56
5935,5.35,0.56
5936,5.35,0.56
5937,5.35,0.56
5938,5.34,0.56
5939,5.34,0.56
5940,5.34,0.56
5941,5.34,0.56
5942,5.34,0.56
5943,5.34,0.56
5944,5.34,0.56
5945,5.34,0.56
5946,5.34,0.56
5947,5.34,0.56
5948,5.35,0.56
5949,5.35,0.56
5950,5.35,0.56
5951,5.35,0.56
5952,5.35,0.56
5953,5.35,0.56
5954,5.36,0.56
5955,5.36,0.56
5956,5.36,0.56
5957,5.36,0.56
5958,5.37,0.56
5959,5.37,0.56
5960,5.37,0.56
5961,5.37,0.56
5962,5.37,0.56
5963,5.37,0.56
5964,5.38,0.56
5965,5.38,0.56
5966,5.38,0.56
5967,5.38,0.56
5968,5.38,0.56
5969,5.38,0.56
5970,5.38,0.56
5971,5.38,0.56
5972,5.38,0.56
5973,5.38,0.56
5974,5.38,0.56
5975,5.37,0.56
5976,5.37,0.56
5977,5.37,0.56
5978,5.37,0.56
5979,5.37,0.56
5980,5.36,0.56
5981,5.36,0.56
5982,5.36,0.56
5983,5.36,0.56
5984,5.36,0.56
5985,5.35,0.56
5986,5.35,0.56
5987,5.35,0.56
5988,5.35,0.56
5989,5.35,0.56
5990,5.35,0.56
5991,5.34,0.56
5992,5.34,0.56
5993,5.34,0.56
5994,5.34,0.56
5995,5.34,0.56
5996,5.34,0.56
5997,5.34,0.56
5998,5.34,0.56
5999,5.34,0.56
6000,5.34,0.56
6001,5.34,0.56
6002,5.35,0.56
6003,5.35,0.56
6004,5.35,0.56
6005,5.35,0.56
6006,5.35,0.56
6007,5.36,0.56
6008,5.36,0.56
6009,5.36,0.56
6010,5.36,0.56
6011,5.36,0.56
6012,5.37,0.56
6013,5.37,0.56
6014,5.37,0.56
6015,5.37,0.56
6016,5.37,0.56
6017,5.37,0.56
6018,5.38,0.56
6019,5.38,0.56
6020,5.38,0.56
6021,5.38,0.56
6022,5.38,0.56
6023,5.38,0.56
6024,5.38,0.56
6025,5.38,0.56
6026,5.38,0.56
6027,5.38,0.56
6028,5.37,0.56
6029,5.37,0.56
6030,5.37,0.56
6031,5.37,0.56
6032,5.37,0.56
6033,5.37,0.56
6034,5.36,0.56
6035,5.36,0.56
6036,5.36,0.56
6037,5.36,0.56
6038,5.35,0.56
6039,5.35,0.56
6040,5.35,0.56
6041,5.35,0.56
6042,5.35,0.56
6043,5.35,0.56
6044,5.34,0.56
6045,5.34,0.56
6046,5.34,0.56
6047,5.34,0.56
6048,5.34,0.56
6049,5.34,0.56
6050,5.34,0.56
6051,5.34,0.56
6052,5.34,0.56
6053,5.34,0.56
6054,5.35,0.56
6055,5.35,0.56
6056,5.35,0.56
6057,5.35,0.56
6058,5.35,0.56
6059,5.35,0.56
6060,5.36,0.56
6061,5.36,0.56
6062,5.36,0.56
6063,5.36,0.56
6064,5.36,0.56
6065,5.37,0.56
6066,5.37,0.56
6067,5.37,0.56
6068,5.37,0.56
6069,5.37,0.56
6070,5.38,0.56
6071,5.38,0.56
6072,5.38,0.56
6073,5.38,0.56
6074,5.38,0.56
6075,5.38,0.56
6076,5.38,0.56
6077,5.38,0.56
6078,5.38,0.56
6079,5.38,0.56
6080,5.38,0.56
6081,5.37,0.56
6082,5.37,0.56
6083,5.37,0.56
6084,5.37,0.56
6085,5.37,0.56
6086,5.37,0.56
6087,5.36,0.56
6088,5.36,0.56
6089,5.36,0.56
6090,5.36,0.56
6091,5.35,0.56
6092,5.35,0.56
6093,5.35,0.56
6094,5.35,0.56
6095,5.35,0.56
6096,5.35,0.56
6097,5.34,0.56
6098,5.34,0.56
6099,5.34,0.56
6100,5.34,0.56
6101,5.34,0.56
6102,5.34,0.56
6103,5.34,0.56
6104,5.34,0.56
6105,5.34,0.56
6106,5.34,0.56
6107,5.34,0.56
6108,5.35,0.56
6109,5.35,0.56
6110,5.35,0.56
6111,5.35,0.56
6112,5.35,0.56
6113,5.36,0.56
6114,5.36,0.56
6115,5.36,0.56
6116,5.36,0.56
6117,5.36,0.56
6118,5.37,0.56
6119,5.37,0.56
6120,5.37,0.56
6121,5.37,0.56
6122,5.37,0.56
6123,5.37,0.56
6124,5.38,0.56
6125,5.38,0.56
6126,5.38,0.56
6127,5.38,0.56
6128,5.38,0.56
6129,5.38,0.56
6130,5.38,0.56
6131,5.38,0.56
6132,5.38,0.56
6133,5.37,0.56
6134,5.37,0.56
6135,5.37,0.56
6136,5.37,0.56
6137,5.37,0.56
6138,5.37,0.56
6139,5.36,0.56
6140,5.36,0.56
6141,5.36,0.56
6142,5.36,0.56
6143,5.36,0.56
6144,5.35,0.56
6145,5.35,0.56
6146,5.35,0.56
6147,5.35,0.56
6148,5.35,0.56
6149,5.35,0.56
6150,5.34,0.56
6151,5.34,0.56
6152,5.34,0.56
6153,5.34,0.56
6154,5.34,0.56
6155,5.34,0.56
6156,5.34,0.56
6157,5.34,0.56
6158,5.34,0.56
6159,5.34,0.56
6160,5.35,0.56
6161,5.35,0.56
6162,5.35,0.56
6163,5.35,0.56
6164,5.35,0.56
6165,5.35,0.56
6166,5.36,0.56
6167,5.36,0.56
6168,5.36,0.56
6169,5.36,0.56
6170,5.37,0.56
6171,5.37,0.56
6172,5.37,0.56
6173,5.37,0.56
6174,5.37,0.56
6175,5.37,0.56
6176,5.38,0.56
6177,5.38,0.56
6178,5.38,0.56
6179,5.38,0.56
6180,5.38,0.56
6181,5.38,0.56
6182,5.38,0.56
6183,5.38,0.56
6184,5.38,0.56
6185,5.38,0.56
6186,5.38,0.56
6187,5.38,0.56
6188,5.37,0.56
6189,5.37,0.56
6190,5.37,0.56
6191,5.37,0.56
6192,5.37,0.56
6193,5.36,0.56
6194,5.36,0.56
6195,5.36,0.56
6196,5.36,0.56
6197,5.36,0.56
6198,5.35,0.56
6199,5.35,0.56
6200,5.35,0.56
6201,5.35,0.56
6202,5.35,0.56
6203,5.35,0.56
6204,5.35,0.56
6205,5.34,0.56
6206,5.34,0.56
6207,5.34,0.56
6208,5.34,0.56
6209,5.34,0.56
6210,5.34,0.56
6211,5.34,0.56
6212,5.35,0.56
6213,5.35,0.56
6214,5.35,0.56
6215,5.35,0.56
6216,5.35,0.56
6217,5.35,0.56
6218,5.36,0.56
6219,5.36,0.56
6220,5.36,0.56
6221,5.36,0.56
6222,5.36,0.56
6223,5.37,0.56
6224,5.37,0.56
6225,5.37,0.56
6226,5.37,0.56
6227,5.37,0.56
6228,5.38,0.56
6229,5.38,0.56
6230,5.38,0.56
6231,5.38,0.56
6232,5.38,0.56
6233,5.38,0.56
6234,5.38,0.56
6235,5.38,0.56
6236,5.38,0.56
6237,5.38,0.56
6238,5.38,0.56
6239,5.38,0.56
6240,5.38,0.56
6241,5.37,0.56
6242,5.37,0.56
6243,5.37,0.56
6244,5.37,0.56
6245,5.37,0.56
6246,5.37,0.56
6247,5.36,0.56
6248,5.36,0.56
6249,5.36,0.56
6250,5.36,0.56
6251,5.35,0.56
6252,5.35,0.56
6253,5.35,0.56
6254,5.35,0.56
6255,5.35,0.56
6256,5.35,0.56
6257,5.35,0.56
6258,5.34,0.56
6259,5.34,0.56
6260,5.34,0.56
6261,5.34,0.56
6262,5.34,0.56
6263,5.34,0.56
6264,5.35,0.56
6265,5.35,0.56
6266,5.35,0.56
6267,5.35,0.56
6268,5.35,0.56
6269,5.35,0.56
6270,5.35,0.56
6271,5.36,0.56
6272,5.36,0.56
6273,5.36,0.56
6274,5.36,0.56
6275,5.36,0.56
6276,5.37,0.56
6277,5.37,0.56
6278,5.37,0.56
6279,5.37,0.56
6280,5.37,0.56
6281,5.37,0.56
6282,5.38,0.56
6283,5.38,0.56
6284,5.38,0.56
6285,5.38,0.56
6286,5.38,0.56
6287,5.38,0.56
6288,5.38,0.56
6289,5.38,0.56
6290,5.38,0.56
6291,5.38,0.56
6292,5.38,0.56
6293,5.38,0.56
6294,5.37,0.56
6295,5.37,0.56
6296,5.37,0.56
6297,5.37,0.56
6298,5.37,0.56
6299,5.37,0.56
6300,5.36,0.56
6301,5.36,0.55
6302,5.36,0.56
6303,5.36,0.56
6304,5.35,0.56
6305,5.35,0.56
6306,5.35,0.56
6307,5.35,0.56
6308,5.35,0.56
6309,5.35,0.56
6310,5.35,0.56
6311,5.34,0.56
6312,5.34,0.56
6313,5.34,0.56
6314,5.34,0.56
6315,5.34,0.56
6316,5.34,0.56
6317,5.34,0.56
6318,5.35,0.56
6319,5.35,0.56
6320,5.35,0.56
6321,5.35,0.56
6322,5.35,0.56
6323,5.35,0.56
6324,5.36,0.56
6325,5.36,0.56
6326,5.36,0.56
6327,5.36,0.56
6328,5.36,0.56
6329,5.37,0.56
6330,5.37,0.56
6331,5.37,0.56
6332,5.37,0.56
6333,5.37,0.56
6334,5.38,0.56
6335,5.38,0.56
6336,5.38,0.56
6337,5.38,0.56
6338,5.38,0.56
6339,5.38,0.56
6340,5.38,0.56
6341,5.38,0.56
6342,5.38,0.56
6343,5.38,0.56
6344,5.38,0.56
6345,5.38,0.56
6346,5.38,0.56
6347,5.37,0.56
6348,5.37,0.56
6349,5.37,0.56
6350,5.37,0.56
6351,5.37,0.56
6352,5.36,0.56
6353,5.36,0.56
6354,5.36,0.56
6355,5.36,0.56
6356,5.36,0.56
6357,5.35,0.56
6358,5.35,0.56
6359,5.35,0.56
6360,5.35,0.56
6361,5.35,0.56
6362,5.34,0.56
6363,5.34,0.56
6364,5.34,0.56
6365,5.34,0.56
6366,5.34,0.56
6367,5.34,0.56
6368,5.34,0.56
6369,5.34,0.56
6370,5.34,0.56
6371,5.34,0.56
6372,5.35,0.56
6373,5.35,0.56
6374,5.35,0.56
6375,5.35,0.56
6376,5.35,0.56
6377,5.35,0.56
6378,5.36,0.56
6379,5.36,0.56
6380,5.36,0.56
6381,5.36,0.56
6382,5.37,0.56
6383,5.37,0.56
6384,5.37,0.56
6385,5.37,0.56
6386,5.37,0.56
6387,5.37,0.56
6388,5.38,0.56
6389,5.38,0.56
6390,5.38,0.56
6391,5.38,0.56
6392,5.38,0.56
6393,5.38,0.56
6394,5.38,0.56
6395,5.38,0.56
6396,5.38,0.56
6397,5.38,0.56
6398,5.38,0.56
6399,5.38,0.56
6400,5.37,0.56
6401,5.37,0.56
6402,5.37,0.56
6403,5.37,0.56
6404,5.37,0.56
6405,5.36,0.56
6406,5.36,0.56
6407,5.36,0.56
6408,5.36,0.56
6409,5.36,0.56
6410,5.35,0.56
6411,5.35,0.56
6412,5.35,0.56
6413,5.35,0.56
6414,5.35,0.56
6415,5.35,0.56
6416,5.34,0.56
6417,5.34,0.56
6418,5.34,0.56
6419,5.34,0.56
6420,5.34,0.56
6421,5.34,0.56
6422,5.34,0.56
6423,5.34,0.56
6424,5.35,0.56
6425,5.35,0.56
6426,5.35,0.56
6427,5.35,0.56
6428,5.35,0.56
6429,5.35,0.56
6430,5.35,0.56
6431,5.36,0.56
6432,5.36,0.56
6433,5.36,0.56
6434,5.36,0.56
6435,5.37,0.56
6436,5.37,0.56
6437,5.37,0.56
6438,5.37,0.56
6439,5.37,0.56
6440,5.37,0.56
6441,5.38,0.56
6442,5.38,0.56
6443,5.38,0.56
6444,5.38,0.56
6445,5.38,0.56
6446,5.38,0.56
6447,5.38,0.56
6448,5.38,0.56
6449,5.38,0.56
6450,5.38,0.56
6451,5.38,0.56
6452,5.37,0.56
6453,5.37,0.56
6454,5.37,0.56
6455,5.37,0.56
6456,5.37,0.56
6457,5.36,0.56
6458,5.36,0.56
6459,5.36,0.56
6460,5.36,0.56
6461,5.36,0.56
6462,5.35,0.56
6463,5.35,0.56
6464,5.35,0.56
6465,5.35,0.56
6466,5.35,0.56
6467,5.34,0.56
6468,5.34,0.56
6469,5.34,0.56
6470,5.34,0.56
6471,5.34,0.56
6472,5.34,0.56
6473,5.34,0.56
6474,5.34,0.56
6475,5.34,0.56
6476,5.34,0.56
6477,5.34,0.56
6478,5.34,0.56
6479,5.35,0.56
6480,5.35,0.56
6481,5.35,0.56
6482,5.35,0.56
6483,5.35,0.56
6484,5.36,0.56
6485,5.36,0.56
6486,5.36,0.56
6487,5.36,0.56
6488,5.36,0.56
6489,5.37,0.56
6490,5.37,0.56
6491,5.37,0.56
6492,5.37,0.56
6493,5.37,0.56
6494,5.37,0.56
6495,5.38,0.56
6496,5.38,0.56
6497,5.38,0.56
6498,5.38,0.56
6499,5.38,0.56
6500,5.38,0.56
6501,5.38,0.56
6502,5.38,0.56
6503,5.38,0.56
6504,5.37,0.56
6505,5.37,0.56
6506,5.37,0.56
6507,5.37,0.56
6508,5.37,0.56
6509,5.37,0.56
6510,5.36,0.56
6511,5.36,0.56
6512,5.36,0.56
6513,5.36,0.56
6514,5.36,0.56
6515,5.35,0.56
6516,5.35,0.56
6517,5.35,0.56
6518,5.35,0.56
6519,5.35,0.56
6520,5.34,0.56
6521,5.34,0.56
6522,5.34,0.56
6523,5.34,0.56
6524,5.34,0.56
6525,5.34,0.56
6526,5.34,0.56
6527,5.34,0.56
6528,5.34,0.56
6529,5.34,0.56
6530,5.34,0.56
6531,5.34,0.56
6532,5.35,0.56
6533,5.35,0.56
6534,5.35,0.56
6535,5.35,0.56
6536,5.35,0.56
6537,5.35,0.56
6538,5.36,0.56
6539,5.36,0.56
6540,5.36,0.56
6541,5.36,0.56
6542,5.37,0.56
6543,5.37,0.56
6544,5.37,0.56
6545,5.37,0.56
6546,5.37,0.56
6547,5.37,0.56
6548,5.38,0.56
6549,5.38,0.56
6550,5.38,0.56
6551,5.38,0.56
6552,5.38,0.56
6553,5.38,0.56
6554,5.38,0.56
6555,5.38,0.56
6556,5.38,0.56
6557,5.37,0.56
6558,5.37,0.56
6559,5.37,0.56
6560,5.37,0.56
6561,5.37,0.56
6562,5.37,0.56
6563,5.36,0.56
6564,5.36,0.56
6565,5.36,0.56
6566,5.36,0.56
6567,5.35,0.56
6568,5.35,0.56
6569,5.35,0.56
6570,5.35,0.56
6571,5.35,0.56
6572,5.34,0.56
6573,5.34,0.56
6574,5.34,0.56
6575,5.34,0.56
6576,5.34,0.56
6577,5.34,0.56
6578,5.34,0.56
6579,5.34,0.56
6580,5.34,0.56
6581,5.34,0.56
6582,5.34,0.56
6583,5.34,0.56
6584,5.34,0.56
6585,5.34,0.56
6586,5.35,0.56
6587,5.35,0.56
6588,5.35,0.56
6589,5.35,0.56
6590,5.35,0.56
6591,5.36,0.56
6592,5.36,0.56
6593,5.36,0.56
6594,5.36,0.56
6595,5.36,0.56
6596,5.37,0.56
6597,5.37,0.56
6598,5.37,0.56
6599,5.37,0.56
6600,5.37,0.56
6601,5.37,0.56
6602,5.38,0.56
6603,5.38,0.56
6604,5.38,0.56
6605,5.38,0.56
6606,5.38,0.56
6607,5.38,0.56
6608,5.38,0.56
6609,5.38,0.56
6610,5.37,0.56
6611,5.37,0.56
6612,5.37,0.56
6613,5.37,0.56
6614,5.37,0.56
6615,5.37,0.56
6616,5.36,0.56
6617,5.36,0.56
6618,5.36,0.56
6619,5.36,0.56
6620,5.35,0.56
6621,5.35,0.56
6622,5.35,0.56
6623,5.35,0.56
6624,5.35,0.56
6625,5.34,0.56
6626,5.34,0.56
6627,5.34,0.56
6628,5.34,0.56
6629,5.34,0.56
6630,5.34,0.56
6631,5.34,0.56
6632,5.34,0.56
6633,5.34,0.56
6634,5.34,0.56
6635,5.34,0.56
6636,5.34,0.56
6637,5.34,0.56
6638,5.34,0.56
6639,5.35,0.56
6640,5.35,0.56
6641,5.35,0.56
6642,5.35,0.56
6643,5.35,0.56
6644,5.36,0.56
6645,5.36,0.56
6646,5.36,0.56
6647,5.36,0.56
6648,5.36,0.56
6649,5.37,0.56
6650,5.37,0.56
6651,5.37,0.56
6652,5.37,0.56
6653,5.37,0.56
6654,5.37,0.56
6655,5.38,0.56
6656,5.38,0.56
6657,5.38,0.56
6658,5.38,0.56
6659,5.38,0.56
6660,5.38,0.56
6661,5.38,0.56
6662,5.38,0.56
6663,5.37,0.56
6664,5.37,0.56
6665,5.37,0.56
6666,5.37,0.56
6667,5.37,0.56
6668,5.37,0.56
6669,5.36,0.56
6670,5.36,0.56
6671,5.36,0.56
6672,5.36,0.56
6673,5.36,0.56
6674,5.35,0.56
6675,5.35,0.56
6676,5.35,0.56
6677,5.35,0.56
6678,5.35,0.56
6679,5.35,0.56
6680,5.34,0.56
6681,5.34,0.56
6682,5.34,0.56
6683,5.34,0.56
6684,5.34,0.56
6685,5.34,0.56
6686,5.34,0.56
6687,5.34,0.56
6688,5.34,0.56
6689,5.34,0.56
6690,5.34,0.56
6691,5.35,0.56
6692,5.35,0.56
6693,5.35,0.56
6694,5.35,0.56
6695,5.35,0.56
6696,5.35,0.56
6697,5.36,0.56
6698,5.36,0.56
6699,5.36,0.56
6700,5.36,0.56
6701,5.37,0.56
6702,5.37,0.56
6703,5.37,0.56
6704,5.37,0.56
6705,5.37,0.56
6706,5.37,0.56
6707,5.38,0.56
6708,5.38,0.56
6709,5.38,0.56
6710,5.38,0.56
6711,5.38,0.56
6712,5.38,0.56
6713,5.38,0.56
6714,5.38,0.56
6715,5.38,0.56
6716,5.38,0.56
6717,5.37,0.56
6718,5.37,0.56
6719,5.37,0.56
6720,5.37,0.56
6721,5.37,0.56
6722,5.37,0.56
6723,5.36,0.56
6724,5.36,0.56
6725,5.36,0.56
6726,5.36,0.56
6727,5.35,0.56
6728,5.35,0.56
6729,5.35,0.56
6730,5.35,0.56
6731,5.35,0.56
6732,5.35,0.56
6733,5.34,0.56
6734,5.34,0.56
6735,5.34,0.56
6736,5.34,0.56
6737,5.34,0.56
6738,5.34,0.56
6739,5.34,0.56
6740,5.34,0.56
6741,5.34,0.56
6742,5.34,0.56
6743,5.34,0.56
6744,5.35,0.56
6745,5.35,0.56
6746,5.35,0.56
6747,5.35,0.56
6748,5.35,0.56
6749,5.35,0.56
6750,5.36,0.56
6751,5.36,0.56
6752,5.36,0.56
6753,5.36,0.56
6754,5.37,0.56
6755,5.37,0.56
6756,5.37,0.56
6757,5.37,0.56
6758,5.37,0.56
6759,5.38,0.56
6760,5.38,0.56
6761,5.38,0.56
6762,5.38,0.56
6763,5.38,0.56
6764,5.38,0.56
6765,5.38,0.56
6766,5.38,0.56
6767,5.38,0.56
6768,5.38,0.56
6769,5.38,0.56
6770,5.37,0.56
6771,5.37,0.56
6772,5.37,0.56
6773,5.37,0.56
6774,5.37,0.56
6775,5.37,0.56
6776,5.36,0.56
6777,5.36,0.56
6778,5.36,0.56
6779,5.36,0.56
6780,5.35,0.56
6781,5.35,0.56
6782,5.35,0.56
6783,5.35,0.56
6784,5.35,0.56
6785,5.34,0.56
6786,5.34,0.56
6787,5.34,0.56
6788,5.34,0.56
6789,5.34,0.56
6790,5.34,0.56
6791,5.34,0.56
6792,5.34,0.56
6793,5.34,0.56
6794,5.34,0.56
6795,5.34,0.56
6796,5.34,0.56
6797,5.34,0.56
6798,5.35,0.56
6799,5.35,0.56
6800,5.35,0.56
6801,5.35,0.56
6802,5.35,0.56
6803,5.36,0.56
6804,5.36,0.56
6805,5.36,0.56
6806,5.36,0.56
6807,5.37,0.56
6808,5.37,0.56
6809,5.37,0.56
6810,5.37,0.56
6811,5.37,0.56
6812,5.37,0.56
6813,5.38,0.56
6814,5.38,0.56
6815,5.38,0.56
6816,5.38,0.56
6817,5.38,0.56
6818,5.38,0.56
6819,5.38,0.56
6820,5.38,0.56
6821,5.38,0.56
6822,5.38,0.56
6823,5.37,0.56
6824,5.37,0.56
6825,5.37,0.56
6826,5.37,0.56
6827,5.37,0.56
6828,5.36,0.56
6829,5.36,0.56
6830,5.36,0.56
6831,5.36,0.56
6832,5.36,0.56
6833,5.35,0.56
6834,5.35,0.56
6835,5.35,0.56
6836,5.35,0.56
6837,5.34,0.56
6838,5.34,0.56
6839,5.34,0.56
6840,5.34,0.56
6841,5.34,0.56
6842,5.34,0.56
6843,5.34,0.56
6844,5.34,0.56
6845,5.34,0.56
6846,5.34,0.56
6847,5.34,0.56
6848,5.34,0.56
6849,5.34,0.56
6850,5.34,0.56
6851,5.35,0.56
6852,5.35,0.56
6853,5.35,0.56
6854,5.35,0.56
6855,5.35,0.56
6856,5.36,0.56
6857,5.36,0.56
6858,5.36,0.56
6859,5.36,0.56
6860,5.36,0.56
6861,5.37,0.56
6862,5.37,0.56
6863,5.37,0.56
6864,5.37,0.56
6865,5.37,0.56
6866,5.37,0.56
6867,5.38,0.56
6868,5.38,0.56
6869,5.38,0.56
6870,5.38,0.56
6871,5.38,0.56
6872,5.38,0.56
6873,5.38,0.56
6874,5.37,0.56
6875,5.37,0.56
6876,5.37,0.56
6877,5.37,0.56
6878,5.37,0.56
6879,5.37,0.56
6880,5.36,0.56
6881,5.36,0.56
6882,5.36,0.56
6883,5.36,0.56
6884,5.35,0.56
6885,5.35,0.56
6886,5.35,0.56
6887,5.35,0.56
6888,5.35,0.56
6889,5.34,0.56
6890,5.34,0.56
6891,5.34,0.56
6892,5.34,0.56
6893,5.34,0.56
6894,5.34,0.56
6895,5.34,0.56
6896,5.34,0.56
6897,5.34,0.56
6898,5.34,0.56
6899,5.34,0.56
6900,5.34,0.56
6901,5.34,0.56
6902,5.34,0.56
6903,5.34,0.56
6904,5.34,0.56
6905,5.35,0.56
6906,5.35,0.56
6907,5.35,0.56
6908,5.35,0.56
6909,5.35,0.56
6910,5.36,0.56
6911,5.36,0.56
6912,5.36,0.56
6913,5.36,0.56
6914,5.36,0.56
6915,5.37,0.56
6916,5.37,0.56
6917,5.37,0.56
6918,5.37,0.56
6919,5.37,0.56
6920,5.37,0.56
6921,5.37,0.56
6922,5.38,0.56
6923,5.38,0.56
6924,5.38,0.56
6925,5.38,0.56
6926,5.37,0.56
6927,5.37,0.56
6928,5.37,0.56
6929,5.37,0.56
6930,5.37,0.56
6931,5.37,0.56
6932,5.37,0.56
6933,5.36,0.56
6934,5.36,0.56
6935,5.36,0.56
6936,5.36,0.56
6937,5.35,0.56
6938,5.35,0.56
6939,5.35,0.56
6940,5.35,0.56
6941,5.35,0.56
6942,5.34,0.56
6943,5.34,0.56
6944,5.34,0.56
6945,5.34,0.56
6946,5.34,0.56
6947,5.34,0.56
6948,5.34,0.56
6949,5.34,0.56
6950,5.34,0.56
6951,5.34,0.56
6952,5.34,0.56
6953,5.34,0.56
6954,5.34,0.56
6955,5.34,0.56
6956,5.34,0.56
6957,5.34,0.56
6958,5.35,0.56
6959,5.35,0.56
6960,5.35,0.56
6961,5.35,0.56
6962,5.35,0.56
6963,5.36,0.56
6964,5.36,0.56
6965,5.36,0.56
6966,5.36,0.57
6967,5.37,0.56
6968,5.37,0.56
6969,5.37,0.56
6970,5.37,0.56
6971,5.37,0.56
6972,5.37,0.56
6973,5.37,0.56
6974,5.38,0.56
6975,5.38,0.56
6976,5.38,0.56
6977,5.38,0.56
6978,5.38,0.56
6979,5.38,0.56
6980,5.37,0.56
6981,5.37,0.56
6982,5.37,0.56
6983,5.37,0.56
6984,5.37,0.56
6985,5.37,0.56
6986,5.37,0.56
6987,5.36,0.56
6988,5.36,0.56
6989,5.36,0.56
6990,5.36,0.56
6991,5.35,0.56
6992,5.35,0.56
6993,5.35,0.56
6994,5.35,0.56
6995,5.35,0.56
6996,5.34,0.56
6997,5.34,0.56
6998,5.34,0.56
6999,5.34,0.56
7000,5.34,0.56
7001,5.34,0.56
7002,5.34,0.56
7003,5.34,0.56
7004,5.34,0.56
7005,5.34,0.56
7006,5.34,0.56
7007,5.34,0.56
7008,5.34,0.56
7009,5.34,0.56
7010,5.34,0.56
7011,5.35,0.56
7012,5.35,0.56
7013,5.35,0.56
7014,5.35,0.56
7015,5.35,0.56
7016,5.36,0.56
7017,5.36,0.56
7018,5.36,0.56
7019,5.36,0.56
7020,5.37,0.56
7021,5.37,0.56
7022,5.37,0.56
7023,5.37,0.56
7024,5.37,0.56
7025,5.37,0.56
7026,5.38,0.56
7027,5.38,0.56
7028,5.38,0.56
7029,5.38,0.56
7030,5.38,0.56
7031,5.38,0.56
7032,5.38,0.56
7033,5.38,0.56
7034,5.38,0.56
7035,5.37,0.56
7036,5.37,0.56
7037,5.37,0.56
7038,5.37,0.56
7039,5.37,0.56
7040,5.36,0.56
7041,5.36,0.56
7042,5.36,0.56
7043,5.36,0.56
7044,5.36,0.56
7045,5.35,0.56
7046,5.35,0.56
7047,5.35,0.56
7048,5.35,0.56
7049,5.35,0.56
7050,5.34,0.56
7051,5.34,0.56
7052,5.34,0.56
7053,5.34,0.56
7054,5.34,0.56
7055,5.34,0.56
7056,5.34,0.56
7057,5.34,0.56
7058,5.34,0.56
7059,5.34,0.56
7060,5.34,0.56
7061,5.34,0.56
7062,5.34,0.56
7063,5.35,0.56
7064,5.35,0.56
7065,5.35,0.56
7066,5.35,0.56
7067,5.35,0.56
7068,5.36,0.56
7069,5.36,0.56
7070,5.36,0.56
7071,5.36,0.56
7072,5.37,0.56
7073,5.37,0.56
7074,5.37,0.56
7075,5.37,0.56
7076,5.37,0.56
7077,5.37,0.56
7078,5.38,0.56
7079,5.38,0.56
7080,5.38,0.56
7081,5.38,0.56
7082,5.38,0.56
7083,5.38,0.56
7084,5.38,0.56
7085,5.38,0.56
7086,5.38,0.56
7087,5.38,0.56
7088,5.37,0.56
7089,5.37,0.56
7090,5.37,0.56
7091,5.37,0.56
7092,5.37,0.56
7093,5.37,0.56
7094,5.36,0.56
7095,5.36,0.56
7096,5.36,0.56
7097,5.36,0.56
7098,5.35,0.56
7099,5.35,0.56
7100,5.35,0.56
7101,5.35,0.56
7102,5.35,0.56
7103,5.34,0.56
7104,5.34,0.56
7105,5.34,0.56
7106,5.34,0.56
7107,5.34,0.56
7108,5.34,0.56
7109,5.34,0.56
7110,5.34,0.56
7111,5.34,0.56
7112,5.34,0.56
7113,5.34,0.56
7114,5.34,0.56
7115,5.34,0.56
7116,5.34,0.56
7117,5.35,0.56
7118,5.35,0.56
7119,5.35,0.56
7120,5.35,0.56
7121,5.35,0.56
7122,5.36,0.56
7123,5.36,0.56
7124,5.36,0.56
7125,5.36,0.56
7126,5.37,0.56
7127,5.37,0.56
7128,5.37,0.56
7129,5.37,0.56
7130,5.37,0.56
7131,5.37,0.56
7132,5.38,0.56
7133,5.38,0.56
7134,5.38,0.56
7135,5.38,0.56
7136,5.38,0.56
7137,5.38,0.56
7138,5.38,0.56
7139,5.38,0.56
7140,5.38,0.56
7141,5.37,0.56
7142,5.37,0.56
7143,5.37,0.56
7144,5.37,0.56
7145,5.37,0.56
7146,5.36,0.56
7147,5.36,0.56
7148,5.36,0.56
7149,5.36,0.56
7150,5.36,0.56
7151,5.35,0.56
7152,5.35,0.56
7153,5.35,0.56
7154,5.35,0.56
7155,5.34,0.56
7156,5.34,0.56
7157,5.34,0.56
7158,5.34,0.56
7159,5.34,0.56
7160,5.34,0.56
7161,5.34,0.56
7162,5.34,0.56
7163,5.34,0.56
7164,5.34,0.56
7165,5.34,0.56
7166,5.34,0.56
7167,5.34,0.56
7168,5.34,0.56
7169,5.34,0.56
7170,5.35,0.56
7171,5.35,0.56
7172,5.35,0.56
7173,5.35,0.56
7174,5.35,0.56
7175,5.36,0.56
7176,5.36,0.56
7177,5.36,0.56
7178,5.36,0.56
7179,5.37,0.56
7180,5.37,0.56
7181,5.37,0.56
7182,5.37,0.56
7183,5.37,0.56
7184,5.37,0.56
7185,5.38,0.56
7186,5.38,0.56
7187,5.38,0.56
7188,5.38,0.56
7189,5.38,0.56
7190,5.38,0.56
7191,5.38,0.56
7192,5.38,0.56
7193,5.38,0.56
7194,5.37,0.56
7195,5.37,0.56
7196,5.37,0.56
7197,5.37,0.56
7198,5.37,0.56
7199,5.37,0.56
7200,5.36,0.56
7201,5.36,0.56
7202,5.36,0.56
7203,5.36,0.56
7204,5.35,0.56
7205,5.35,0.56
7206,5.35,0.56
7207,5.35,0.56
7208,5.35,0.56
7209,5.34,0.56
7210,5.34,0.56
7211,5.34,0.56
7212,5.34,0.56
7213,5.34,0.56
7214,5.34,0.56
7215,5.34,0.56
7216,5.34,0.56
7217,5.34,0.56
7218,5.34,0.56
7219,5.34,0.56
7220,5.34,0.56
7221,5.34,0.56
7222,5.35,0.56
7223,5.35,0.56
7224,5.35,0.56
7225,5.35,0.56
7226,5.35,0.56
7227,5.36,0.56
7228,5.36,0.56
7229,5.36,0.56
7230,5.36,0.56
7231,5.37,0.56
7232,5.37,0.56
7233,5.37,0.56
7234,5.37,0.56
7235,5.37,0.56
7236,5.38,0.56
7237,5.38,0.56
7238,5.38,0.56
7239,5.38,0.56
7240,5.38,0.56
7241,5.38,0.56
7242,5.38,0.56
7243,5.38,0.56
7244,5.38,0.56
7245,5.38,0.56
7246,5.38,0.56
7247,5.38,0.56
7248,5.37,0.56
7249,5.37,0.56
7250,5.37,0.56
7251,5.37,0.56
7252,5.37,0.56
7253,5.36,0.56
7254,5.36,0.56
7255,5.36,0.56
7256,5.36,0.56
7257,5.36,0.56
7258,5.35,0.56
7259,5.35,0.56
7260,5.35,0.56
7261,5.35,0.56
7262,5.35,0.56
7263,5.34,0.56
7264,5.34,0.56
7265,5.34,0.56
7266,5.34,0.56
7267,5.34,0.56
7268,5.34,0.56
7269,5.34,0.56
7270,5.34,0.56
7271,5.34,0.56
7272,5.34,0.56
7273,5.34,0.56
7274,5.35,0.56
7275,5.35,0.56
7276,5.35,0.56
7277,5.35,0.56
7278,5.35,0.56
7279,5.36,0.56
7280,5.36,0.56
7281,5.36,0.56
7282,5.36,0.56
7283,5.37,0.56
7284,5.37,0.56
7285,5.37,0.56
7286,5.37,0.56
7287,5.37,0.56
7288,5.38,0.56
7289,5.38,0.56
7290,5.38,0.56
7291,5.38,0.56
7292,5.38,0.56
7293,5.38,0.56
7294,5.38,0.56
7295,5.38,0.56
7296,5.38,0.56
7297,5.38,0.56
7298,5.38,0.56
7299,5.38,0.56
7300,5.38,0.56
7301,5.38,0.56
7302,5.37,0.56
7303,5.37,0.56
7304,5.37,0.56
7305,5.37,0.56
7306,5.37,0.56
7307,5.36,0.56
7308,5.36,0.56
7309,5.36,0.56
7310,5.36,0.56
7311,5.35,0.56
7312,5.35,0.56
7313,5.35,0.56
7314,5.35,0.56
7315,5.35,0.56
7316,5.34,0.56
7317,5.34,0.56
7318,5.34,0.56
7319,5.34,0.56
7320,5.34,0.56
7321,5.34,0.56
7322,5.34,0.56
7323,5.34,0.56
7324,5.34,0.56
7325,5.34,0.56
7326,5.34,0.56
7327,5.35,0.56
7328,5.35,0.56
7329,5.35,0.56
7330,5.35,0.56
7331,5.35,0.56
7332,5.36,0.56
7333,5.36,0.56
7334,5.36,0.56
7335,5.36,0.56
7336,5.36,0.56
7337,5.37,0.56
7338,5.37,0.56
7339,5.37,0.56
7340,5.37,0.56
7341,5.37,0.56
7342,5.38,0.56
7343,5.38,0.56
7344,5.38,0.56
7345,5.38,0.56
7346,5.38,0.56
7347,5.38,0.56
7348,5.38,0.56
7349,5.38,0.56
7350,5.38,0.56
7351,5.38,0.56
7352,5.38,0.56
7353,5.38,0.56
7354,5.38,0.56
7355,5.37,0.56
7356,5.37,0.56
7357,5.37,0.56
7358,5.37,0.56
7359,5.37,0.56
7360,5.36,0.56
7361,5.36,0.56
7362,5.36,0.56
7363,5.36,0.56
7364,5.35,0.56
7365,5.35,0.56
7366,5.35,0.56
7367,5.35,0.56
7368,5.35,0.56
7369,5.34,0.56
7370,5.34,0.56
7371,5.34,0.56
7372,5.34,0.56
7373,5.34,0.56
7374,5.34,0.56
7375,5.34,0.56
7376,5.34,0.56
7377,5.34,0.56
7378,5.34,0.56
7379,5.34,0.56
7380,5.35,0.56
7381,5.35,0.56
7382,5.35,0.56
7383,5.35,0.56
7384,5.35,0.56
7385,5.36,0.56
7386,5.36,0.56
7387,5.36,0.56
7388,5.36,0.56
7389,5.36,0.56
7390,5.37,0.56
7391,5.37,0.56
7392,5.37,0.56
7393,5.37,0.56
7394,5.38,0.56
7395,5.38,0.56
7396,5.38,0.56
7397,5.38,0.56
7398,5.38,0.56
7399,5.38,0.56
7400,5.38,0.56
7401,5.38,0.56
7402,5.38,0.56
7403,5.38,0.56
7404,5.38,0.56
7405,5.38,0.56
7406,5.38,0.56
7407,5.38,0.56
7408,5.38,0.56
7409,5.37,0.56
7410,5.37,0.56
7411,5.37,0.56
7412,5.37,0.56
7413,5.36,0.56
7414,5.36,0.56
7415,5.36,0.56
7416,5.36,0.56
7417,5.36,0.56
7418,5.35,0.56
7419,5.35,0.56
7420,5.35,0.56
7421,5.35,0.56
7422,5.35,0.56
7423,5.35,0.56
7424,5.35,0.56
7425,5.34,0.56
7426,5.34,0.56
7427,5.34,0.56
7428,5.34,0.56
7429,5.34,0.56
7430,5.34,0.56
7431,5.35,0.56
7432,5.35,0.56
7433,5.35,0.56
7434,5.35,0.56
7435,5.35,0.56
7436,5.35,0.56
7437,5.36,0.56
7438,5.36,0.56
7439,5.36,0.56
7440,5.36,0.56
7441,5.36,0.56
7442,5.37,0.56
7443,5.37,0.56
7444,5.37,0.56
7445,5.37,0.56
7446,5.38,0.56
7447,5.38,0.56
7448,5.38,0.56
7449,5.38,0.56
7450,5.38,0.56
7451,5.38,0.56
7452,5.38,0.56
7453,5.38,0.56
7454,5.38,0.56
7455,5.38,0.56
7456,5.38,0.56
7457,5.38,0.56
7458,5.38,0.56
7459,5.38,0.56
7460,5.38,0.56
7461,5.38,0.56
7462,5.37,0.56
7463,5.37,0.56
7464,5.37,0.56
7465,5.37,0.56
7466,5.36,0.56
7467,5.36,0.56
7468,5.36,0.56
7469,5.36,0.56
7470,5.35,0.56
7471,5.35,0.56
7472,5.35,0.56
7473,5.35,0.56
7474,5.35,0.56
7475,5.34,0.56
7476,5.34,0.56
7477,5.34,0.56
7478,5.34,0.56
7479,5.34,0.56
7480,5.34,0.56
7481,5.34,0.56
7482,5.34,0.56
7483,5.34,0.56
7484,5.34,0.56
7485,5.34,0.56
7486,5.35,0.56
7487,5.35,0.56
7488,5.35,0.56
7489,5.35,0.56
7490,5.35,0.56
7491,5.35,0.56
7492,5.36,0.56
7493,5.36,0.56
7494,5.36,0.56
7495,5.36,0.56
7496,5.37,0.56
7497,5.37,0.56
7498,5.37,0.56
7499,5.37,0.56
7500,5.37,0.56
7501,5.38,0.56
7502,5.38,0.56
7503,5.38,0.56
7504,5.38,0.56
7505,5.38,0.56
7506,5.38,0.56
7507,5.38,0.56
7508,5.38,0.56
7509,5.38,0.56
7510,5.38,0.56
7511,5.38,0.56
7512,5.38,0.56
7513,5.38,0.56
7514,5.37,0.56
7515,5.37,0.56
7516,5.37,0.56
7517,5.37,0.56
7518,5.36,0.56
7519,5.36,0.56
7520,5.36,0.56
7521,5.36,0.56
7522,5.36,0.56
7523,5.35,0.56
7524,5.35,0.56
7525,5.35,0.56
7526,5.35,0.56
7527,5.35,0.56
7528,5.34,0.56
7529,5.34,0.56
7530,5.34,0.56
7531,5.34,0.56
7532,5.34,0.56
7533,5.34,0.56
7534,5.34,0.56
7535,5.34,0.56
7536,5.34,0.56
7537,5.34,0.56
7538,5.34,0.56
7539,5.34,0.56
7540,5.35,0.56
7541,5.35,0.56
7542,5.35,0.56
7543,5.35,0.56
7544,5.35,0.56
7545,5.36,0.56
7546,5.36,0.56
7547,5.36,0.56
7548,5.36,0.56
7549,5.37,0.56
7550,5.37,0.56
7551,5.37,0.56
7552,5.37,0.56
7553,5.37,0.56
7554,5.38,0.56
7555,5.38,0.56
7556,5.38,0.56
7557,5.38,0.56
7558,5.38,0.56
7559,5.38,0.56
7560,5.38,0.56
7561,5.38,0.56
7562,5.38,0.56
7563,5.38,0.56
7564,5.38,0.56
7565,5.38,0.56
7566,5.38,0.56
7567,5.37,0.56
7568,5.37,0.56
7569,5.37,0.56
7570,5.37,0.56
7571,5.37,0.56
7572,5.36,0.56
7573,5.36,0.56
7574,5.36,0.56
7575,5.36,0.56
7576,5.35,0.56
7577,5.35,0.56
7578,5.35,0.56
7579,5.35,0.56
7580,5.35,0.56
7581,5.34,0.56
7582,5.34,0.56
7583,5.34,0.56
7584,5.34,0.56
7585,5.34,0.56
7586,5.34,0.56
7587,5.34,0.56
7588,5.34,0.56
7589,5.34,0.56
7590,5.34,0.56
7591,5.34,0.56
7592,5.34,0.56
7593,5.35,0.56
7594,5.35,0.56
7595,5.35,0.56
7596,5.35,0.56
7597,5.35,0.56
7598,5.36,0.56
7599,5.36,0.56
7600,5.36,0.56
7601,5.36,0.56
7602,5.37,0.57
7603,5.37,0.56
7604,5.37,0.56
7605,5.37,0.56
7606,5.37,0.56
7607,5.37,0.56
7608,5.38,0.56
7609,5.38,0.56
7610,5.38,0.56
7611,5.38,0.56
7612,5.38,0.56
7613,5.38,0.56
7614,5.38,0.56
7615,5.38,0.56
7616,5.38,0.56
7617,5.38,0.56
7618,5.38,0.56
7619,5.38,0.56
7620,5.37,0.56
7621,5.37,0.56
7622,5.37,0.56
7623,5.37,0.56
7624,5.37,0.56
7625,5.36,0.56
7626,5.36,0.56
7627,5.36,0.56
7628,5.36,0.56
7629,5.35,0.56
7630,5.35,0.56
7631,5.35,0.56
7632,5.35,0.56
7633,5.35,0.56
7634,5.35,0.56
7635,5.34,0.56
7636,5.34,0.56
7637,5.34,0.56
7638,5.34,0.56
7639,5.34,0.56
7640,5.34,0.56
7641,5.34,0.56
7642,5.34,0.56
7643,5.34,0.56
7644,5.34,0.56
7645,5.35,0.56
7646,5.35,0.56
7647,5.35,0.56
7648,5.35,0.56
7649,5.35,0.56
7650,5.36,0.56
7651,5.36,0.56
7652,5.36,0.56
7653,5.36,0.57
7654,5.36,0.56
7655,5.37,0.57
7656,5.37,0.56
7657,5.37,0.56
7658,5.37,0.56
7659,5.37,0.56
7660,5.38,0.56
7661,5.38,0.56
7662,5.38,0.56
7663,5.38,0.56
7664,5.38,0.56
7665,5.38,0.56
7666,5.38,0.56
7667,5.38,0.56
7668,5.38,0.56
7669,5.38,0.56
7670,5.38,0.56
7671,5.38,0.56
7672,5.38,0.56
7673,5.37,0.56
7674,5.37,0.56
7675,5.37,0.56
7676,5.37,0.56
7677,5.37,0.56
7678,5.36,0.56
7679,5.36,0.56
7680,5.36,0.56
7681,5.36,0.56
7682,5.36,0.56
7683,5.35,0.56
7684,5.35,0.56
7685,5.35,0.56
7686,5.35,0.56
7687,5.35,0.56
7688,5.34,0.56
7689,5.34,0.56
7690,5.34,0.56
7691,5.34,0.56
7692,5.34,0.56
7693,5.34,0.56
7694,5.34,0.56
7695,5.34,0.56
7696,5.34,0.56
7697,5.34,0.56
7698,5.35,0.56
7699,5.35,0.56
7700,5.35,0.56
7701,5.35,0.56
7702,5.35,0.56
7703,5.36,0.56
7704,5.36,0.56
7705,5.36,0.56
7706,5.36,0.56
7707,5.36,0.56
7708,5.37,0.56
7709,5.37,0.56
7710,5.37,0.56
7711,5.37,0.56
7712,5.37,0.56
7713,5.38,0.56
7714,5.38,0.56
7715,5.38,0.56
7716,5.38,0.56
7717,5.38,0.56
7718,5.38,0.56
7719,5.38,0.56
7720,5.38,0.56
7721,5.38,0.56
7722,5.38,0.56
7723,5.38,0.56
7724,5.38,0.56
7725,5.38,0.56
7726,5.37,0.56
7727,5.37,0.56
7728,5.37,0.56
7729,5.37,0.56
7730,5.37,0.56
7731,5.36,0.56
7732,5.36,0.56
7733,5.36,0.56
7734,5.36,0.56
7735,5.35,0.56
7736,5.35,0.56
7737,5.35,0.56
7738,5.35,0.56
7739,5.35,0.56
7740,5.34,0.56
7741,5.34,0.56
7742,5.34,0.56
7743,5.34,0.56
7744,5.34,0.56
7745,5.34,0.56
7746,5.34,0.56
7747,5.34,0.56
7748,5.34,0.56
7749,5.34,0.56
7750,5.34,0.56
7751,5.34,0.56
7752,5.35,0.56
7753,5.35,0.56
7754,5.35,0.56
7755,5.35,0.56
7756,5.35,0.56
7757,5.36,0.56
7758,5.36,0.56
7759,5.36,0.56
7760,5.36,0.56
7761,5.37,0.56
7762,5.37,0.56
7763,5.37,0.56
7764,5.37,0.56
7765,5.37,0.56
7766,5.38,0.56
7767,5.38,0.56
7768,5.38,0.56
7769,5.38,0.56
7770,5.38,0.56
7771,5.38,0.56
7772,5.38,0.56
7773,5.38,0.56
7774,5.38,0.56
7775,5.38,0.56
7776,5.38,0.56
7777,5.38,0.56
7778,5.38,0.56
7779,5.37,0.56
7780,5.37,0.56
7781,5.37,0.56
7782,5.37,0.56
7783,5.37,0.56
7784,5.36,0.56
7785,5.36,0.56
7786,5.36,0.56
7787,5.36,0.56
7788,5.35,0.56
7789,5.35,0.56
7790,5.35,0.56
7791,5.35,0.56
7792,5.35,0.56
7793,5.35,0.56
7794,5.34,0.56
7795,5.34,0.56
7796,5.34,0.56
7797,5.34,0.56
7798,5.34,0.56
7799,5.34,0.56
7800,5.34,0.56
7801,5.34,0.56
7802,5.34,0.56
7803,5.34,0.56
7804,5.35,0.56
7805,5.35,0.56
7806,5.35,0.56
7807,5.35,0.56
7808,5.35,0.56
7809,5.36,0.56
7810,5.36,0.56
7811,5.36,0.56
7812,5.36,0.56
7813,5.37,0.56
7814,5.37,0.56
7815,5.37,0.56
7816,5.37,0.56
7817,5.37,0.56
7818,5.38,0.56
7819,5.38,0.56
7820,5.38,0.56
7821,5.38,0.56
7822,5.38,0.56
7823,5.38,0.56
7824,5.38,0.56
7825,5.38,0.56
7826,5.38,0.56
7827,5.38,0.56
7828,5.38,0.56
7829,5.38,0.56
7830,5.38,0.56
7831,5.38,0.56
7832,5.37,0.56
7833,5.37,0.56
7834,5.37,0.56
7835,5.37,0.56
7836,5.37,0.56
7837,5.36,0.56
7838,5.36,0.56
7839,5.36,0.56
7840,5.36,0.56
7841,5.35,0.56
7842,5.35,0.56
7843,5.35,0.56
7844,5.35,0.56
7845,5.35,0.56
7846,5.35,0.56
7847,5.34,0.56
7848,5.34,0.56
7849,5.34,0.56
7850,5.34,0.56
7851,5.34,0.56
7852,5.34,0.56
7853,5.34,0.56
7854,5.34,0.56
7855,5.34,0.56
7856,5.34,0.56
7857,5.35,0.56
7858,5.35,0.56
7859,5.35,0.56
7860,5.35,0.56
7861,5.35,0.56
7862,5.36,0.56
7863,5.36,0.56
7864,5.36,0.56
7865,5.36,0.56
7866,5.36,0.56
7867,5.37,0.56
7868,5.37,0.56
7869,5.37,0.56
7870,5.37,0.56
7871,5.37,0.56
7872,5.38,0.56
7873,5.38,0.56
7874,5.38,0.56
7875,5.38,0.56
7876,5.38,0.56
7877,5.38,0.56
7878,5.38,0.56
7879,5.38,0.56
7880,5.38,0.56
7881,5.38,0.56
7882,5.38,0.56
7883,5.38,0.56
7884,5.37,0.56
7885,5.37,0.56
7886,5.37,0.56
7887,5.37,0.56
7888,5.37,0.56
7889,5.36,0.56
7890,5.36,0.56
7891,5.36,0.56
7892,5.36,0.56
7893,5.35,0.56
7894,5.35,0.56
7895,5.35,0.56
7896,5.35,0.56
7897,5.35,0.56
7898,5.34,0.56
7899,5.34,0.56
7900,5.34,0.56
7901,5.34,0.56
7902,5.34,0.56
7903,5.34,0.56
7904,5.34,0.56
7905,5.34,0.56
7906,5.34,0.56
7907,5.34,0.56
7908,5.34,0.56
7909,5.34,0.56
7910,5.34,0.56
7911,5.35,0.56
7912,5.35,0.56
7913,5.35,0.56
7914,5.35,0.56
7915,5.35,0.56
7916,5.36,0.56
7917,5.36,0.56
7918,5.36,0.56
7919,5.36,0.56
7920,5.37,0.56
7921,5.37,0.56
7922,5.37,0.56
7923,5.37,0.56
7924,5.37,0.56
7925,5.38,0.56
7926,5.38,0.56
7927,5.38,0.56
7928,5.38,0.56
7929,5.38,0.56
7930,5.38,0.56
7931,5.38,0.56
7932,5.38,0.56
7933,5.38,0.56
7934,5.38,0.56
7935,5.38,0.56
7936,5.38,0.56
7937,5.37,0.56
7938,5.37,0.56
7939,5.37,0.56
7940,5.37,0.56
7941,5.37,0.56
7942,5.36,0.56
7943,5.36,0.56
7944,5.36,0.56
7945,5.36,0.56
7946,5.36,0.56
7947,5.35,0.56
7948,5.35,0.56
7949,5.35,0.56
7950,5.35,0.56
7951,5.35,0.56
7952,5.34,0.56
7953,5.34,0.56
7954,5.34,0.56
7955,5.34,0.56
7956,5.34,0.56
7957,5.34,0.56
7958,5.34,0.56
7959,5.34,0.56
7960,5.34,0.56
7961,5.34,0.56
7962,5.34,0.56
7963,5.34,0.56
7964,5.35,0.56
7965,5.35,0.56
7966,5.35,0.56
7967,5.35,0.56
7968,5.35,0.56
7969,5.36,0.56
7970,5.36,0.56
7971,5.36,0.56
7972,5.36,0.56
7973,5.36,0.56
7974,5.37,0.56
7975,5.37,0.56
7976,5.37,0.56
7977,5.37,0.56
7978,5.37,0.56
7979,5.38,0.56
7980,5.38,0.56
7981,5.38,0.56
7982,5.38,0.56
7983,5.38,0.56
7984,5.38,0.56
7985,5.38,0.56
7986,5.38,0.56
7987,5.38,0.56
7988,5.38,0.56
7989,5.38,0.56
7990,5.37,0.56
7991,5.37,0.56
7992,5.37,0.56
7993,5.37,0.56
7994,5.37,0.56
7995,5.36,0.56
7996,5.36,0.56
7997,5.36,0.56
7998,5.36,0.56
7999,5.36,0.56
8000,5.35,0.56
8001,5.35,0.56
8002,5.35,0.56
8003,5.35,0.56
8004,5.35,0.56
8005,5.34,0.56
8006,5.34,0.56
8007,5.34,0.56
8008,5.34,0.56
8009,5.34,0.56
8010,5.34,0.56
8011,5.34,0.56
8012,5.34,0.56
8013,5.34,0.56
8014,5.34,0.56
8015,5.34,0.56
8016,5.34,0.56
8017,5.35,0.56
8018,5.35,0.56
8019,5.35,0.56
8020,5.35,0.56
8021,5.35,0.56
8022,5.36,0.56
8023,5.36,0.56
8024,5.36,0.56
8025,5.36,0.56
8026,5.36,0.56
8027,5.37,0.56
8028,5.37,0.56
8029,5.37,0.56
8030,5.37,0.56
8031,5.37,0.56
8032,5.38,0.56
8033,5.38,0.56
8034,5.38,0.56
8035,5.38,0.56
8036,5.38,0.56
8037,5.38,0.56
8038,5.38,0.56
8039,5.38,0.56
8040,5.38,0.56
8041,5.38,0.56
8042,5.38,0.56
8043,5.37,0.56
8044,5.37,0.56
8045,5.37,0.56
8046,5.37,0.56
8047,5.37,0.56
8048,5.36,0.56
8049,5.36,0.56
8050,5.36,0.56
8051,5.36,0.56
8052,5.36,0.56
8053,5.35,0.56
8054,5.35,0.56
8055,5.35,0.56
8056,5.35,0.56
8057,5.35,0.56
8058,5.34,0.56
8059,5.34,0.56
8060,5.34,0.56
8061,5.34,0.56
8062,5.34,0.56
8063,5.34,0.56
8064,5.34,0.56
8065,5.34,0.56
8066,5.34,0.56
8067,5.34,0.56
8068,5.34,0.56
8069,5.34,0.56
8070,5.35,0.56
8071,5.35,0.56
8072,5.35,0.56
8073,5.35,0.56
8074,5.35,0.56
8075,5.36,0.56
8076,5.36,0.56
8077,5.36,0.56
8078,5.36,0.56
8079,5.37,0.56
8080,5.37,0.56
8081,5.37,0.56
8082,5.37,0.56
8083,5.37,0.56
8084,5.37,0.56
8085,5.38,0.56
8086,5.38,0.56
8087,5.38,0.56
8088,5.38,0.56
8089,5.38,0.56
8090,5.38,0.56
8091,5.38,0.56
8092,5.38,0.56
8093,5.38,0.56
8094,5.38,0.56
8095,5.38,0.56
8096,5.37,0.56
8097,5.37,0.56
8098,5.37,0.56
8099,5.37,0.56
8100,5.37,0.56
8101,5.36,0.56
8102,5.36,0.56
8103,5.36,0.56
8104,5.36,0.56
8105,5.35,0.56
8106,5.35,0.56
8107,5.35,0.56
8108,5.35,0.56
8109,5.35,0.56
8110,5.34,0.56
8111,5.34,0.56
8112,5.34,0.56
8113,5.34,0.56
8114,5.34,0.56
8115,5.34,0.56
8116,5.34,0.56
8117,5.34,0.56
8118,5.34,0.56
8119,5.34,0.56
8120,5.34,0.56
8121,5.34,0.56
8122,5.34,0.56
8123,5.34,0.56
8124,5.35,0.56
8125,5.35,0.56
8126,5.35,0.56
8127,5.35,0.56
8128,5.35,0.56
8129,5.36,0.56
8130,5.36,0.56
8131,5.36,0.56
8132,5.36,0.56
8133,5.37,0.56
8134,5.37,0.56
8135,5.37,0.56
8136,5.37,0.56
8137,5.37,0.56
8138,5.37,0.56
8139,5.38,0.56
8140,5.38,0.56
8141,5.38,0.56
8142,5.38,0.56
8143,5.38,0.56
8144,5.38,0.56
8145,5.38,0.56
8146,5.38,0.56
8147,5.38,0.56
8148,5.37,0.56
8149,5.37,0.56
8150,5.37,0.56
8151,5.37,0.56
8152,5.37,0.56
8153,5.36,0.56
8154,5.36,0.56
8155,5.36,0.56
8156,5.36,0.56
8157,5.36,0.56
8158,5.35,0.56
8159,5.35,0.56
8160,5.35,0.56
8161,5.35,0.56
8162,5.35,0.56
8163,5.34,0.56
8164,5.34,0.56
8165,5.34,0.56
8166,5.34,0.56
8167,5.34,0.56
8168,5.34,0.56
8169,5.34,0.56
8170,5.34,0.56
8171,5.34,0.56
8172,5.34,0.56
8173,5.34,0.56
8174,5.34,0.56
8175,5.34,0.56
8176,5.34,0.56
8177,5.35,0.56
8178,5.35,0.56
8179,5.35,0.56
8180,5.35,0.56
8181,5.35,0.56
8182,5.36,0.56
8183,5.36,0.56
8184,5.36,0.56
8185,5.36,0.56
8186,5.37,0.56
8187,5.37,0.56
8188,5.37,0.56
8189,5.37,0.56
8190,5.37,0.56
8191,5.38,0.56
8192,5.38,0.56
8193,5.38,0.56
8194,5.38,0.56
8195,5.38,0.56
8196,5.38,0.56
8197,5.38,0.56
8198,5.38,0.56
8199,5.38,0.56
8200,5.38,0.56
8201,5.38,0.56
8202,5.37,0.56
8203,5.37,0.56
8204,5.37,0.56
8205,5.37,0.56
8206,5.37,0.56
8207,5.36,0.56
8208,5.36,0.56
8209,5.36,0.56
8210,5.36,0.56
8211,5.35,0.56
8212,5.35,0.56
8213,5.35,0.56
8214,5.35,0.56
8215,5.35,0.56
8216,5.34,0.56
8217,5.34,0.56
8218,5.34,0.56
8219,5.34,0.56
8220,5.34,0.56
8221,5.34,0.56
8222,5.34,0.56
8223,5.34,0.56
8224,5.34,0.56
8225,5.34,0.56
8226,5.34,0.56
8227,5.34,0.56
8228,5.34,0.56
8229,5.34,0.56
8230,5.35,0.56
8231,5.35,0.56
8232,5.35,0.56
8233,5.35,0.56
8234,5.35,0.56
8235,5.36,0.56
8236,5.36,0.56
8237,5.36,0.56
8238,5.36,0.56
8239,5.37,0.56
8240,5.37,0.56
8241,5.37,0.56
8242,5.37,0.56
8243,5.37,0.56
8244,5.37,0.56
8245,5.38,0.56
8246,5.38,0.56
8247,5.38,0.56
8248,5.38,0.56
8249,5.38,0.56
8250,5.38,0.56
8251,5.38,0.56
8252,5.38,0.56
8253,5.38,0.56
8254,5.37,0.56
8255,5.37,0.56
8256,5.37,0.56
8257,5.37,0.56
8258,5.37,0.56
8259,5.37,0.56
8260,5.36,0.56
8261,5.36,0.56
8262,5.36,0.56
8263,5.36,0.56
8264,5.36,0.56
8265,5.35,0.56
8266,5.35,0.56
8267,5.35,0.56
8268,5.35,0.56
8269,5.35,0.56
8270,5.34,0.56
8271,5.34,0.56
8272,5.34,0.56
8273,5.34,0.56
8274,5.34,0.56
8275,5.34,0.56
8276,5.34,0.56
8277,5.34,0.56
8278,5.34,0.56
8279,5.34,0.56
8280,5.34,0.56
8281,5.34,0.56
8282,5.35,0.56
8283,5.35,0.56
8284,5.35,0.56
8285,5.35,0.56
8286,5.35,0.56
8287,5.36,0.56
8288,5.36,0.56
8289,5.36,0.56
8290,5.36,0.56
8291,5.36,0.56
8292,5.37,0.56
8293,5.37,0.56
8294,5.37,0.56
8295,5.37,0.56
8296,5.37,0.56
8297,5.38,0.56
8298,5.38,0.56
8299,5.38,0.56
8300,5.38,0.56
8301,5.38,0.56
8302,5.38,0.56
8303,5.38,0.56
8304,5.38,0.56
8305,5.38,0.56
8306,5.38,0.56
8307,5.38,0.56
8308,5.37,0.56
8309,5.37,0.56
8310,5.37,0.56
8311,5.37,0.56
8312,5.37,0.56
8313,5.37,0.56
8314,5.36,0.56
8315,5.36,0.56
8316,5.36,0.56
8317,5.36,0.56
8318,5.35,0.56
8319,5.35,0.56
8320,5.35,0.56
8321,5.35,0.56
8322,5.35,0.56
8323,5.34,0.56
8324,5.34,0.56
8325,5.34,0.56
8326,5.34,0.56
8327,5.34,0.56
8328,5.34,0.56
8329,5.34,0.56
8330,5.34,0.56
8331,5.34,0.56
8332,5.34,0.56
8333,5.34,0.56
8334,5.35,0.56
8335,5.35,0.56
8336,5.35,0.56
8337,5.35,0.56
8338,5.35,0.56
8339,5.35,0.57
8340,5.36,0.56
8341,5.36,0.56
8342,5.36,0.56
8343,5.36,0.56
8344,5.37,0.56
8345,5.37,0.56
8346,5.37,0.56
8347,5.37,0.56
8348,5.37,0.56
8349,5.38,0.56
8350,5.38,0.56
8351,5.38,0.56
8352,5.38,0.56
8353,5.38,0.56
8354,5.38,0.56
8355,5.38,0.56
8356,5.38,0.56
8357,5.38,0.56
8358,5.38,0.56
8359,5.38,0.56
8360,5.38,0.56
8361,5.38,0.56
8362,5.37,0.56
8363,5.37,0.56
8364,5.37,0.56
8365,5.37,0.56
8366,5.37,0.56
8367,5.36,0.56
8368,5.36,0.56
8369,5.36,0.56
8370,5.36,0.56
8371,5.35,0.56
8372,5.35,0.56
8373,5.35,0.56
8374,5.35,0.56
8375,5.35,0.56
8376,5.35,0.56
8377,5.34,0.56
8378,5.34,0.56
8379,5.34,0.56
8380,5.34,0.56
8381,5.34,0.56
8382,5.34,0.56
8383,5.34,0.56
8384,5.34,0.56
8385,5.34,0.56
8386,5.34,0.56
8387,5.35,0.56
8388,5.35,0.56
8389,5.35,0.56
8390,5.35,0.56
8391,5.35,0.56
8392,5.36,0.56
8393,5.36,0.56
8394,5.36,0.56
8395,5.36,0.56
8396,5.36,0.56
8397,5.37,0.56
8398,5.37,0.56
8399,5.37,0.56
8400,5.37,0.56
8401,5.37,0.56
8402,5.38,0.56
8403,5.38,0.56
8404,5.38,0.56
8405,5.38,0.56
8406,5.38,0.56
8407,5.38,0.56
8408,5.38,0.56
8409,5.38,0.56
8410,5.38,0.56
8411,5.38,0.56
8412,5.38,0.56
8413,5.38,0.56
8414,5.37,0.56
8415,5.37,0.56
8416,5.37,0.56
8417,5.37,0.56
8418,5.37,0.56
8419,5.36,0.56
8420,5.36,0.56
8421,5.36,0.56
8422,5.36,0.56
8423,5.36,0.56
8424,5.35,0.56
8425,5.35,0.56
8426,5.35,0.56
8427,5.35,0.56
8428,5.35,0.56
8429,5.34,0.56
8430,5.34,0.56
8431,5.34,0.56
8432,5.34,0.56
8433,5.34,0.56
8434,5.34,0.56
8435,5.34,0.56
8436,5.34,0.56
8437,5.34,0.56
8438,5.34,0.56
8439,5.34,0.56
8440,5.34,0.56
8441,5.35,0.56
8442,5.35,0.56
8443,5.35,0.56
8444,5.35,0.56
8445,5.35,0.56
8446,5.36,0.56
8447,5.36,0.56
8448,5.36,0.56
8449,5.36,0.56
8450,5.36,0.56
8451,5.37,0.56
8452,5.37,0.56
8453,5.37,0.56
8454,5.37,0.56
8455,5.37,0.56
8456,5.38,0.56
8457,5.38,0.56
8458,5.38,0.56
8459,5.38,0.56
8460,5.38,0.56
8461,5.38,0.56
8462,5.38,0.56
8463,5.38,0.56
8464,5.38,0.56
8465,5.38,0.56
8466,5.37,0.56
8467,5.37,0.56
8468,5.37,0.56
8469,5.37,0.56
8470,5.37,0.56
8471,5.37,0.56
8472,5.36,0.56
8473,5.36,0.56
8474,5.36,0.56
8475,5.36,0.56
8476,5.35,0.56
8477,5.35,0.56
8478,5.35,0.56
8479,5.35,0.56
8480,5.35,0.56
8481,5.34,0.56
8482,5.34,0.56
8483,5.34,0.56
8484,5.34,0.56
8485,5.34,0.56
8486,5.34,0.56
8487,5.34,0.56
8488,5.34,0.56
8489,5.34,0.56
8490,5.34,0.56
8491,5.34,0.56
8492,5.34,0.56
8493,5.34,0.56
8494,5.34,0.56
8495,5.35,0.56
8496,5.35,0.56
8497,5.35,0.56
8498,5.35,0.56
8499,5.35,0.56
8500,5.36,0.56
8501,5.36,0.56
8502,5.36,0.56
8503,5.36,0.56
8504,5.37,0.56
8505,5.37,0.56
8506,5.37,0.56
8507,5.37,0.56
8508,5.37,0.56
8509,5.37,0.56
8510,5.38,0.56
8511,5.38,0.56
8512,5.38,0.56
8513,5.38,0.56
8514,5.38,0.56
8515,5.38,0.56
8516,5.38,0.56
8517,5.38,0.56
8518,5.37,0.56
8519,5.37,0.56
8520,5.37,0.56
8521,5.37,0.56
8522,5.37,0.56
8523,5.37,0.56
8524,5.36,0.56
8525,5.36,0.56
8526,5.36,0.56
8527,5.36,0.56
8528,5.36,0.56
8529,5.35,0.56
8530,5.35,0.56
8531,5.35,0.56
8532,5.35,0.56
8533,5.35,0.56
8534,5.34,0.56
8535,5.34,0.56
8536,5.34,0.56
8537,5.34,0.56
8538,5.34,0.56
8539,5.34,0.56
8540,5.34,0.56
8541,5.34,0.56
8542,5.34,0.56
8543,5.34,0.56
8544,5.34,0.56
8545,5.34,0.56
8546,5.34,0.56
8547,5.35,0.56
8548,5.35,0.56
8549,5.35,0.56
8550,5.35,0.56
8551,5.35,0.56
8552,5.36,0.56
8553,5.36,0.56
8554,5.36,0.56
8555,5.36,0.56
8556,5.37,0.56
8557,5.37,0.56
8558,5.37,0.56
8559,5.37,0.56
8560,5.37,0.56
8561,5.37,0.56
8562,5.38,0.56
8563,5.38,0.56
8564,5.38,0.56
8565,5.38,0.56
8566,5.38,0.56
8567,5.38,0.56
8568,5.38,0.56
8569,5.38,0.56
8570,5.38,0.56
8571,5.38,0.56
8572,5.38,0.56
8573,5.37,0.56
8574,5.37,0.56
8575,5.37,0.56
8576,5.37,0.56
8577,5.37,0.56
8578,5.36,0.56
8579,5.36,0.56
8580,5.36,0.56
8581,5.36,0.56
8582,5.36,0.56
8583,5.35,0.56
8584,5.35,0.56
8585,5.35,0.56
8586,5.35,0.56
8587,5.35,0.56
8588,5.34,0.56
8589,5.34,0.56
8590,5.34,0.56
8591,5.34,0.56
8592,5.34,0.56
8593,5.34,0.56
8594,5.34,0.56
8595,5.34,0.56
8596,5.34,0.56
8597,5.34,0.56
8598,5.34,0.56
8599,5.34,0.56
8600,5.35,0.56
8601,5.35,0.56
8602,5.35,0.56
8603,5.35,0.56
8604,5.35,0.56
8605,5.36,0.56
8606,5.36,0.56
8607,5.36,0.56
8608,5.36,0.56
8609,5.37,0.56
8610,5.37,0.56
8611,5.37,0.56
8612,5.37,0.56
8613,5.37,0.56
8614,5.38,0.56
8615,5.38,0.56
8616,5.38,0.56
8617,5.38,0.56
8618,5.38,0.56
8619,5.38,0.56
8620,5.38,0.56
8621,5.38,0.56
8622,5.38,0.56
8623,5.38,0.56
8624,5.38,0.56
8625,5.38,0.56
8626,5.37,0.56
8627,5.37,0.56
8628,5.37,0.56
8629,5.37,0.56
8630,5.37,0.56
8631,5.37,0.56
8632,5.36,0.56
8633,5.36,0.56
8634,5.36,0.56
8635,5.36,0.56
8636,5.35,0.56
8637,5.35,0.56
8638,5.35,0.56
8639,5.35,0.56
8640,5.35,0.56
8641,5.34,0.56
8642,5.34,0.56
8643,5.34,0.56
8644,5.34,0.56
8645,5.34,0.56
8646,5.34,0.56
8647,5.34,0.56
8648,5.34,0.56
8649,5.34,0.56
8650,5.34,0.56
8651,5.34,0.56
8652,5.35,0.56
8653,5.35,0.56
8654,5.35,0.56
8655,5.35,0.56
8656,5.35,0.56
8657,5.35,0.56
8658,5.36,0.56
8659,5.36,0.56
8660,5.36,0.56
8661,5.36,0.56
8662,5.37,0.56
8663,5.37,0.56
8664,5.37,0.56
8665,5.37,0.56
8666,5.37,0.56
8667,5.37,0.56
8668,5.38,0.56
8669,5.38,0.56
8670,5.38,0.56
8671,5.38,0.56
8672,5.38,0.56
8673,5.38,0.56
8674,5.38,0.56
8675,5.38,0.56
8676,5.38,0.56
8677,5.38,0.56
8678,5.38,0.56
8679,5.37,0.56
8680,5.37,0.56
8681,5.37,0.56
8682,5.37,0.56
8683,5.37,0.56
8684,5.36,0.56
8685,5.36,0.56
8686,5.36,0.56
8687,5.36,0.56
8688,5.35,0.56
8689,5.35,0.56
8690,5.35,0.56
8691,5.35,0.56
8692,5.35,0.56
8693,5.34,0.56
8694,5.34,0.56
8695,5.34,0.56
8696,5.34,0.56
8697,5.34,0.56
8698,5.34,0.56
8699,5.34,0.56
8700,5.34,0.56
8701,5.34,0.56
8702,5.34,0.56
8703,5.34,0.56
8704,5.34,0.56
8705,5.34,0.56
8706,5.35,0.56
8707,5.35,0.56
8708,5.35,0.56
8709,5.35,0.56
8710,5.35,0.56
8711,5.36,0.56
8712,5.36,0.56
8713,5.36,0.56
8714,5.36,0.56
8715,5.36,0.56
8716,5.37,0.56
8717,5.37,0.56
8718,5.37,0.56
8719,5.37,0.56
8720,5.37,0.56
8721,5.38,0.56
8722,5.38,0.56
8723,5.38,0.56
8724,5.38,0.56
8725,5.38,0.56
8726,5.38,0.56
8727,5.38,0.56
8728,5.38,0.56
8729,5.38,0.56
8730,5.38,0.56
8731,5.38,0.56
8732,5.37,0.56
8733,5.37,0.56
8734,5.37,0.56
8735,5.37,0.56
8736,5.37,0.56
8737,5.36,0.56
8738,5.36,0.56
8739,5.36,0.56
8740,5.36,0.56
8741,5.36,0.56
8742,5.35,0.56
8743,5.35,0.56
8744,5.35,0.56
8745,5.35,0.56
8746,5.35,0.56
8747,5.34,0.56
8748,5.34,0.56
8749,5.34,0.56
8750,5.34,0.56
8751,5.34,0.56
8752,5.34,0.56
8753,5.34,0.56
8754,5.34,0.56
8755,5.34,0.56
8756,5.34,0.56
8757,5.34,0.56
8758,5.35,0.56
8759,5.35,0.56
8760,5.35,0.56
8761,5.35,0.56
8762,5.35,0.56
8763,5.36,0.56
8764,5.36,0.56
8765,5.36,0.56
8766,5.36,0.56
8767,5.36,0.56
8768,5.37,0.56
8769,5.37,0.56
8770,5.37,0.56
8771,5.37,0.56
8772,5.37,0.56
8773,5.38,0.56
8774,5.38,0.56
8775,5.38,0.56
8776,5.38,0.56
8777,5.38,0.56
8778,5.38,0.56
8779,5.38,0.56
8780,5.38,0.56
8781,5.38,0.56
8782,5.38,0.56
8783,5.38,0.56
8784,5.38,0.56
8785,5.37,0.56
8786,5.37,0.56
8787,5.37,0.56
8788,5.37,0.56
8789,5.37,0.56
8790,5.36,0.56
8791,5.36,0.56
8792,5.36,0.56
8793,5.36,0.56
8794,5.36,0.56
8795,5.35,0.56
8796,5.35,0.56
8797,5.35,0.56
8798,5.35,0.56
8799,5.35,0.56
8800,5.34,0.56
8801,5.34,0.56
8802,5.34,0.56
8803,5.34,0.56
8804,5.34,0.56
8805,5.34,0.56
8806,5.34,0.56
8807,5.34,0.56
8808,5.34,0.56
8809,5.34,0.56
8810,5.34,0.56
8811,5.35,0.56
8812,5.35,0.56
8813,5.35,0.56
8814,5.35,0.56
8815,5.35,0.56
8816,5.36,0.56
8817,5.36,0.56
8818,5.36,0.56
8819,5.36,0.56
8820,5.36,0.56
8821,5.37,0.56
8822,5.37,0.56
8823,5.37,0.56
8824,5.37,0.56
8825,5.37,0.56
8826,5.38,0.56
8827,5.38,0.56
8828,5.38,0.56
8829,5.38,0.56
8830,5.38,0.56
8831,5.38,0.56
8832,5.38,0.56
8833,5.38,0.56
8834,5.38,0.56
8835,5.38,0.56
8836,5.38,0.56
8837,5.38,0.56
8838,5.37,0.56
8839,5.37,0.56
8840,5.37,0.56
8841,5.37,0.56
8842,5.37,0.56
8843,5.36,0.56
8844,5.36,0.56
8845,5.36,0.56
8846,5.36,0.56
8847,5.36,0.56
8848,5.35,0.56
8849,5.35,0.56
8850,5.35,0.56
8851,5.35,0.56
8852,5.35,0.56
8853,5.34,0.56
8854,5.34,0.56
8855,5.34,0.56
8856,5.34,0.56
8857,5.34,0.56
8858,5.34,0.56
8859,5.34,0.56
8860,5.34,0.56
8861,5.34,0.56
8862,5.34,0.56
8863,5.34,0.56
8864,5.35,0.56
8865,5.35,0.56
8866,5.35,0.56
8867,5.35,0.56
8868,5.35,0.56
8869,5.36,0.56
8870,5.36,0.56
8871,5.36,0.56
8872,5.36,0.56
8873,5.36,0.56
8874,5.37,0.56
8875,5.37,0.56
8876,5.37,0.56
8877,5.37,0.56
8878,5.37,0.56
8879,5.38,0.56
8880,5.38,0.56
8881,5.38,0.56
8882,5.38,0.56
8883,5.38,0.56
8884,5.38,0.56
8885,5.38,0.56
8886,5.38,0.56
8887,5.38,0.56
8888,5.38,0.56
8889,5.38,0.56
8890,5.38,0.56
8891,5.38,0.56
8892,5.37,0.56
8893,5.37,0.56
8894,5.37,0.56
8895,5.37,0.56
8896,5.37,0.56
8897,5.36,0.56
8898,5.36,0.56
8899,5.36,0.56
8900,5.36,0.56
8901,5.35,0.56
8902,5.35,0.56
8903,5.35,0.56
8904,5.35,0.56
8905,5.35,0.56
8906,5.35,0.56
8907,5.34,0.56
8908,5.34,0.56
8909,5.34,0.56
8910,5.34,0.56
8911,5.34,0.56
8912,5.34,0.56
8913,5.34,0.56
8914,5.34,0.56
8915,5.34,0.56
8916,5.35,0.56
8917,5.35,0.56
8918,5.35,0.56
8919,5.35,0.56
8920,5.35,0.56
8921,5.35,0.56
8922,5.36,0.56
8923,5.36,0.56
8924,5.36,0.56
8925,5.36,0.56
8926,5.37,0.56
8927,5.37,0.56
8928,5.37,0.56
8929,5.37,0.56
8930,5.37,0.56
8931,5.38,0.56
8932,5.38,0.56
8933,5.38,0.56
8934,5.38,0.56
8935,5.38,0.56
8936,5.38,0.56
8937,5.38,0.56
8938,5.38,0.56
8939,5.38,0.56
8940,5.38,0.56
8941,5.38,0.56
8942,5.38,0.56
8943,5.38,0.56
8944,5.38,0.56
8945,5.37,0.56
8946,5.37,0.56
8947,5.37,0.56
8948,5.37,0.56
8949,5.37,0.56
8950,5.36,0.56
8951,5.36,0.56
8952,5.36,0.56
8953,5.36,0.56
8954,5.35,0.56
8955,5.35,0.56
8956,5.35,0.56
8957,5.35,0.56
8958,5.35,0.56
8959,5.35,0.56
8960,5.34,0.56
8961,5.34,0.56
8962,5.34,0.56
8963,5.34,0.56
8964,5.34,0.56
8965,5.34,0.56
8966,5.34,0.56
8967,5.34,0.56
8968,5.34,0.56
8969,5.34,0.56
8970,5.35,0.56
8971,5.35,0.56
8972,5.35,0.56
8973,5.35,0.56
8974,5.35,0.56
8975,5.36,0.56
8976,5.36,0.56
8977,5.36,0.56
8978,5.36,0.56
8979,5.36,0.56
8980,5.37,0.56
8981,5.37,0.56
8982,5.37,0.56
8983,5.37,0.56
8984,5.37,0.56
8985,5.38,0.56
8986,5.38,0.56
8987,5.38,0.56
8988,5.38,0.56
8989,5.38,0.56
8990,5.38,0.56
8991,5.38,0.56
8992,5.38,0.56
8993,5.38,0.56
8994,5.38,0.56
8995,5.38,0.56
8996,5.38,0.56
8997,5.37,0.56
8998,5.37,0.56
8999,5.37,0.56
9000,5.37,0.56
9001,5.37,0.56
9002,5.36,0.56
9003,5.36,0.56
9004,5.36,0.56
9005,5.36,0.56
9006,5.35,0.56
9007,5.35,0.56
9008,5.35,0.56
9009,5.35,0.56
9010,5.35,0.56
9011,5.34,0.56
9012,5.34,0.56
9013,5.34,0.56
9014,5.34,0.56
9015,5.34,0.56
9016,5.34,0.56
9017,5.34,0.56
9018,5.34,0.56
9019,5.34,0.56
9020,5.34,0.56
9021,5.34,0.56
9022,5.34,0.56
9023,5.34,0.56
9024,5.35,0.56
9025,5.35,0.56
9026,5.35,0.56
9027,5.35,0.56
9028,5.35,0.56
9029,5.36,0.56
9030,5.36,0.56
9031,5.36,0.56
9032,5.36,0.56
9033,5.36,0.56
9034,5.37,0.56
9035,5.37,0.56
9036,5.37,0.56
9037,5.37,0.56
9038,5.37,0.56
9039,5.38,0.56
9040,5.38,0.56
9041,5.38,0.56
9042,5.38,0.56
9043,5.38,0.56
9044,5.38,0.56
9045,5.38,0.56
9046,5.38,0.56
9047,5.38,0.56
9048,5.38,0.56
9049,5.37,0.56
9050,5.37,0.56
9051,5.37,0.56
9052,5.37,0.56
9053,5.37,0.56
9054,5.37,0.56
9055,5.36,0.56
9056,5.36,0.56
9057,5.36,0.56
9058,5.36,0.56
9059,5.35,0.56
9060,5.35,0.56
9061,5.35,0.56
9062,5.35,0.56
9063,5.35,0.56
9064,5.34,0.56
9065,5.34,0.56
9066,5.34,0.56
9067,5.34,0.56
9068,5.34,0.56
9069,5.34,0.56
9070,5.34,0.56
9071,5.34,0.56
9072,5.34,0.56
9073,5.34,0.56
9074,5.34,0.56
9075,5.34,0.56
9076,5.34,0.56
9077,5.35,0.56
9078,5.35,0.56
9079,5.35,0.56
9080,5.35,0.56
9081,5.35,0.56
9082,5.36,0.56
9083,5.36,0.56
9084,5.36,0.56
9085,5.36,0.56
9086,5.36,0.56
9087,5.37,0.56
9088,5.37,0.56
9089,5.37,0.56
9090,5.37,0.56
9091,5.37,0.56
9092,5.38,0.56
9093,5.38,0.56
9094,5.38,0.56
9095,5.38,0.56
9096,5.38,0.56
9097,5.38,0.56
9098,5.38,0.56
9099,5.38,0.56
9100,5.38,0.56
9101,5.38,0.56
9102,5.37,0.56
9103,5.37,0.56
9104,5.37,0.56
9105,5.37,0.56
9106,5.37,0.56
9107,5.37,0.56
9108,5.36,0.56
9109,5.36,0.56
9110,5.36,0.56
9111,5.36,0.56
9112,5.35,0.56
9113,5.35,0.56
9114,5.35,0.56
9115,5.35,0.56
9116,5.35,0.56
9117,5.34,0.56
9118,5.34,0.56
9119,5.34,0.56
9120,5.34,0.56
9121,5.34,0.56
9122,5.34,0.56
9123,5.34,0.56
9124,5.34,0.56
9125,5.34,0.56
9126,5.34,0.56
9127,5.34,0.56
9128,5.34,0.56
9129,5.34,0.56
9130,5.34,0.56
9131,5.35,0.56
9132,5.35,0.56
9133,5.35,0.56
9134,5.35,0.56
9135,5.36,0.56
9136,5.36,0.56
9137,5.36,0.56
9138,5.36,0.56
9139,5.36,0.56
9140,5.37,0.56
9141,5.37,0.56
9142,5.37,0.56
9143,5.37,0.56
9144,5.37,0.56
9145,5.38,0.56
9146,5.38,0.56
9147,5.38,0.56
9148,5.38,0.56
9149,5.38,0.56
9150,5.38,0.56
9151,5.38,0.56
9152,5.38,0.56
9153,5.38,0.56
9154,5.38,0.56
9155,5.37,0.56
9156,5.37,0.56
9157,5.37,0.56
9158,5.37,0.56
9159,5.37,0.56
9160,5.37,0.56
9161,5.36,0.56
9162,5.36,0.56
9163,5.36,0.56
9164,5.36,0.56
9165,5.35,0.56
9166,5.35,0.56
9167,5.35,0.56
9168,5.35,0.56
9169,5.35,0.56
9170,5.34,0.56
9171,5.34,0.56
9172,5.34,0.56
9173,5.34,0.56
9174,5.34,0.56
9175,5.34,0.56
9176,5.34,0.56
9177,5.34,0.56
9178,5.34,0.56
9179,5.34,0.56
9180,5.34,0.56
9181,5.34,0.56
9182,5.34,0.56
9183,5.35,0.56
9184,5.35,0.56
9185,5.35,0.56
9186,5.35,0.56
9187,5.35,0.56
9188,5.36,0.56
9189,5.36,0.56
9190,5.36,0.56
9191,5.36,0.56
9192,5.37,0.56
9193,5.37,0.56
9194,5.37,0.56
9195,5.37,0.56
9196,5.37,0.56
9197,5.38,0.56
9198,5.38,0.56
9199,5.38,0.56
9200,5.38,0.56
9201,5.38,0.56
9202,5.38,0.56
9203,5.38,0.56
9204,5.38,0.56
9205,5.38,0.56
9206,5.38,0.56
9207,5.38,0.56
9208,5.38,0.56
9209,5.37,0.56
9210,5.37,0.56
9211,5.37,0.56
9212,5.37,0.56
9213,5.37,0.56
9214,5.36,0.56
9215,5.36,0.56
9216,5.36,0.56
9217,5.36,0.56
9218,5.35,0.56
9219,5.35,0.56
9220,5.35,0.56
9221,5.35,0.56
9222,5.35,0.56
9223,5.34,0.56
9224,5.34,0.56
9225,5.34,0.56
9226,5.34,0.56
9227,5.34,0.56
9228,5.34,0.56
9229,5.34,0.56
9230,5.34,0.56
9231,5.34,0.56
9232,5.34,0.56
9233,5.34,0.56
9234,5.34,0.56
9235,5.34,0.56
9236,5.35,0.56
9237,5.35,0.56
9238,5.35,0.56
9239,5.35,0.56
9240,5.35,0.56
9241,5.36,0.56
9242,5.36,0.56
9243,5.36,0.56
9244,5.36,0.56
9245,5.37,0.56
9246,5.37,0.56
9247,5.37,0.56
9248,5.37,0.56
9249,5.37,0.56
9250,5.37,0.56
9251,5.38,0.56
9252,5.38,0.56
9253,5.38,0.56
9254,5.38,0.56
9255,5.38,0.56
9256,5.38,0.56
9257,5.38,0.56
9258,5.38,0.56
9259,5.38,0.56
9260,5.38,0.56
9261,5.37,0.56
9262,5.37,0.56
9263,5.37,0.56
9264,5.37,0.56
9265,5.37,0.56
9266,5.37,0.56
9267,5.36,0.56
9268,5.36,0.56
9269,5.36,0.56
9270,5.36,0.56
9271,5.35,0.56
9272,5.35,0.56
9273,5.35,0.56
9274,5.35,0.56
9275,5.35,0.56
9276,5.34,0.56
9277,5.34,0.56
9278,5.34,0.56
9279,5.34,0.56
9280,5.34,0.56
9281,5.34,0.56
9282,5.34,0.56
9283,5.34,0.56
9284,5.34,0.56
9285,5.34,0.56
9286,5.34,0.56
9287,5.34,0.56
9288,5.34,0.56
9289,5.34,0.56
9290,5.35,0.56
9291,5.35,0.56
9292,5.35,0.56
9293,5.35,0.56
9294,5.35,0.56
9295,5.36,0.56
9296,5.36,0.56
9297,5.36,0.56
9298,5.36,0.57
9299,5.37,0.56
9300,5.37,0.56
9301,5.37,0.56
9302,5.37,0.56
9303,5.37,0.56
9304,5.37,0.56
9305,5.37,0.56
9306,5.38,0.56
9307,5.38,0.56
9308,5.38,0.56
9309,5.38,0.56
9310,5.38,0.56
9311,5.38,0.56
9312,5.38,0.56
9313,5.37,0.56
9314,5.37,0.56
9315,5.37,0.56
9316,5.37,0.56
9317,5.37,0.56
9318,5.37,0.56
9319,5.36,0.56
9320,5.36,0.56
9321,5.36,0.56
9322,5.36,0.56
9323,5.36,0.56
9324,5.35,0.56
9325,5.35,0.56
9326,5.35,0.56
9327,5.35,0.56
9328,5.34,0.56
9329,5.34,0.56
9330,5.34,0.56
9331,5.34,0.56
9332,5.34,0.56
9333,5.34,0.56
9334,5.34,0.56
9335,5.34,0.56
9336,5.34,0.56
9337,5.34,0.56
9338,5.34,0.56
9339,5.34,0.56
9340,5.34,0.56
9341,5.34,0.56
9342,5.34,0.56
9343,5.35,0.56
9344,5.35,0.56
9345,5.35,0.56
9346,5.35,0.56
9347,5.35,0.56
9348,5.36,0.56
9349,5.36,0.56
9350,5.36,0.56
9351,5.36,0.56
9352,5.37,0.56
9353,5.37,0.56
9354,5.37,0.56
9355,5.37,0.56
9356,5.37,0.56
9357,5.37,0.56
9358,5.38,0.56
9359,5.38,0.56
9360,5.38,0.56
9361,5.38,0.56
9362,5.38,0.56
9363,5.38,0.56
9364,5.38,0.56
9365,5.38,0.56
9366,5.38,0.56
9367,5.37,0.56
9368,5.37,0.56
9369,5.37,0.56
9370,5.37,0.56
9371,5.37,0.56
9372,5.37,0.56
9373,5.36,0.56
9374,5.36,0.56
9375,5.36,0.56
9376,5.36,0.56
9377,5.35,0.56
9378,5.35,0.56
9379,5.35,0.56
9380,5.35,0.56
9381,5.35,0.56
9382,5.34,0.56
9383,5.34,0.56
9384,5.34,0.56
9385,5.34,0.56
9386,5.34,0.56
9387,5.34,0.56
9388,5.34,0.56
9389,5.34,0.56
9390,5.34,0.56
9391,5.34,0.56
9392,5.34,0.56
9393,5.34,0.56
9394,5.34,0.56
9395,5.35,0.56
9396,5.35,0.56
9397,5.35,0.56
9398,5.35,0.56
9399,5.35,0.56
9400,5.35,0.56
9401,5.36,0.56
9402,5.36,0.57
9403,5.36,0.56
9404,5.36,0.56
9405,5.37,0.56
9406,5.37,0.56
9407,5.37,0.56
9408,5.37,0.56
9409,5.37,0.56
9410,5.37,0.56
9411,5.38,0.56
9412,5.38,0.56
9413,5.38,0.56
9414,5.38,0.56
9415,5.38,0.56
9416,5.38,0.56
9417,5.38,0.56
9418,5.38,0.56
9419,5.37,0.56
9420,5.37,0.56
9421,5.37,0.56
9422,5.37,0.56
9423,5.37,0.56
9424,5.37,0.56
9425,5.36,0.56
9426,5.36,0.56
9427,5.36,0.56
9428,5.36,0.56
9429,5.36,0.56
9430,5.35,0.56
9431,5.35,0.56
9432,5.35,0.56
9433,5.35,0.56
9434,5.34,0.56
9435,5.34,0.56
9436,5.34,0.56
9437,5.34,0.56
9438,5.34,0.56
9439,5.34,0.56
9440,5.34,0.56
9441,5.34,0.56
9442,5.34,0.56
9443,5.34,0.56
9444,5.34,0.56
9445,5.34,0.56
9446,5.34,0.56
9447,5.34,0.56
9448,5.34,0.56
9449,5.35,0.56
9450,5.35,0.56
9451,5.35,0.56
9452,5.35,0.56
9453,5.35,0.56
9454,5.36,0.56
9455,5.36,0.56
9456,5.36,0.56
9457,5.36,0.56
9458,5.37,0.56
9459,5.37,0.56
9460,5.37,0.56
9461,5.37,0.56
9462,5.37,0.57
9463,5.37,0.56
9464,5.37,0.56
9465,5.38,0.56
9466,5.38,0.56
9467,5.38,0.56
9468,5.38,0.56
9469,5.38,0.56
9470,5.38,0.56
9471,5.38,0.56
9472,5.37,0.56
9473,5.37,0.56
9474,5.37,0.56
9475,5.37,0.56
9476,5.37,0.56
9477,5.37,0.56
9478,5.36,0.56
9479,5.36,0.56
9480,5.36,0.56
9481,5.36,0.56
9482,5.36,0.56
9483,5.35,0.56
9484,5.35,0.56
9485,5.35,0.56
9486,5.35,0.56
9487,5.35,0.56
9488,5.34,0.56
9489,5.34,0.56
9490,5.34,0.56
9491,5.34,0.56
9492,5.34,0.56
9493,5.34,0.56
9494,5.34,0.56
9495,5.34,0.56
9496,5.34,0.56
9497,5.34,0.56
9498,5.34,0.56
9499,5.34,0.56
9500,5.34,0.56
9501,5.34,0.56
9502,5.35,0.56
9503,5.35,0.56
9504,5.35,0.57
9505,5.35,0.56
9506,5.35,0.56
9507,5.36,0.56
9508,5.36,0.56
9509,5.36,0.56
9510,5.36,0.56
9511,5.36,0.56
9512,5.37,0.57
9513,5.37,0.56
9514,5.37,0.56
9515,5.37,0.56
9516,5.37,0.56
9517,5.37,0.56
9518,5.37,0.56
9519,5.37,0.56
9520,5.38,0.56
9521,5.38,0.56
9522,5.38,0.56
9523,5.37,0.56
9524,5.37,0.56
9525,5.37,0.56
9526,5.37,0.56
9527,5.37,0.56
9528,5.37,0.56
9529,5.37,0.56
9530,5.37,0.56
9531,5.36,0.56
9532,5.36,0.56
9533,5.36,0.56
9534,5.36,0.56
9535,5.35,0.56
9536,5.35,0.56
9537,5.35,0.56
9538,5.35,0.56
9539,5.35,0.56
9540,5.34,0.56
9541,5.34,0.56
9542,5.34,0.56
9543,5.34,0.56
9544,5.34,0.56
9545,5.34,0.56
9546,5.34,0.56
9547,5.34,0.56
9548,5.34,0.56
9549,5.34,0.56
9550,5.34,0.56
9551,5.34,0.56
9552,5.34,0.56
9553,5.34,0.56
9554,5.34,0.56
9555,5.34,0.56
9556,5.35,0.56
9557,5.35,0.56
9558,5.35,0.56
9559,5.35,0.56
9560,5.35,0.56
9561,5.36,0.56
9562,5.36,0.56
9563,5.36,0.56
9564,5.36,0.56
9565,5.36,0.56
9566,5.37,0.56
9567,5.37,0.56
9568,5.37,0.56
9569,5.37,0.56
9570,5.37,0.56
9571,5.37,0.57
9572,5.37,0.56
9573,5.37,0.56
9574,5.37,0.56
9575,5.37,0.56
9576,5.37,0.56
9577,5.37,0.56
9578,5.37,0.56
9579,5.37,0.56
9580,5.37,0.56
9581,5.37,0.56
9582,5.37,0.56
9583,5.37,0.56
9584,5.36,0.56
9585,5.36,0.56
9586,5.36,0.56
9587,5.36,0.56
9588,5.36,0.56
9589,5.35,0.56
9590,5.35,0.56
9591,5.35,0.56
9592,5.35,0.56
9593,5.35,0.56
9594,5.34,0.56
9595,5.34,0.56
9596,5.34,0.56
9597,5.34,0.56
9598,5.34,0.56
9599,5.34,0.56
9600,5.34,0.56
9601,5.34,0.56
9602,5.34,0.56
9603,5.34,0.56
9604,5.34,0.56
9605,5.34,0.56
9606,5.34,0.56
9607,5.34,0.56
9608,5.35,0.56
9609,5.35,0.56
9610,5.35,0.56
9611,5.35,0.56
9612,5.35,0.56
9613,5.36,0.56
9614,5.36,0.56
9615,5.36,0.56
9616,5.36,0.56
9617,5.36,0.56
9618,5.37,0.56
9619,5.37,0.56
9620,5.37,0.56
9621,5.37,0.56
9622,5.37,0.56
9623,5.37,0.56
9624,5.37,0.56
9625,5.37,0.56
9626,5.37,0.56
9627,5.37,0.56
9628,5.37,0.56
9629,5.37,0.56
9630,5.37,0.56
9631,5.37,0.56
9632,5.37,0.56
9633,5.37,0.56
9634,5.37,0.56
9635,5.37,0.56
9636,5.36,0.56
9637,5.36,0.56
9638,5.36,0.56
9639,5.36,0.56
9640,5.36,0.56
9641,5.35,0.56
9642,5.35,0.56
9643,5.35,0.56
9644,5.35,0.56
9645,5.35,0.56
9646,5.35,0.56
9647,5.34,0.56
9648,5.34,0.56
9649,5.34,0.56
9650,5.34,0.56
9651,5.34,0.56
9652,5.34,0.56
9653,5.34,0.56
9654,5.34,0.56
9655,5.34,0.56
9656,5.34,0.56
9657,5.34,0.56
9658,5.34,0.56
9659,5.34,0.56
9660,5.35,0.56
9661,5.35,0.56
9662,5.35,0.56
9663,5.35,0.56
9664,5.35,0.56
9665,5.35,0.56
9666,5.36,0.56
9667,5.36,0.56
9668,5.36,0.56
9669,5.36,0.56
9670,5.36,0.56
9671,5.37,0.56
9672,5.37,0.56
9673,5.37,0.56
9674,5.37,0.56
9675,5.37,0.56
9676,5.37,0.57
9677,5.37,0.56
9678,5.37,0.56
9679,5.37,0.56
9680,5.37,0.56
9681,5.37,0.56
9682,5.37,0.56
9683,5.37,0.56
9684,5.37,0.56
9685,5.37,0.56
9686,5.37,0.56
9687,5.37,0.56
9688,5.36,0.56
9689,5.36,0.56
9690,5.36,0.56
9691,5.36,0.56
9692,5.36,0.56
9693,5.36,0.56
9694,5.35,0.56
9695,5.35,0.56
9696,5.35,0.56
9697,5.35,0.56
9698,5.35,0.56
9699,5.35,0.56
9700,5.35,0.56
9701,5.35,0.56
9702,5.34,0.56
9703,5.34,0.56
9704,5.34,0.56
9705,5.34,0.56
9706,5.34,0.57
9707,5.34,0.56
9708,5.34,0.56
9709,5.35,0.56
9710,5.35,0.56
9711,5.35,0.56
9712,5.35,0.56
9713,5.35,0.56
9714,5.35,0.56
9715,5.35,0.56
9716,5.35,0.56
9717,5.36,0.56
9718,5.36,0.56
9719,5.36,0.56
9720,5.36,0.56
9721,5.36,0.56
9722,5.36,0.56
9723,5.37,0.56
9724,5.37,0.56
9725,5.37,0.56
9726,5.37,0.56
9727,5.37,0.56
9728,5.37,0.56
9729,5.37,0.56
9730,5.37,0.56
9731,5.37,0.56
9732,5.37,0.56
9733,5.37,0.56
9734,5.37,0.56
9735,5.37,0.56
9736,5.37,0.56
9737,5.37,0.56
9738,5.37,0.56
9739,5.37,0.56
9740,5.37,0.56
9741,5.37,0.56
9742,5.36,0.56
9743,5.36,0.56
9744,5.36,0.56
9745,5.36,0.57
9746,5.36,0.56
9747,5.36,0.56
9748,5.35,0.56
9749,5.35,0.56
9750,5.35,0.56
9751,5.35,0.56
9752,5.35,0.56
9753,5.35,0.56
9754,5.35,0.56
9755,5.35,0.56
9756,5.35,0.56
9757,5.35,0.56
9758,5.35,0.56
9759,5.35,0.56
9760,5.35,0.56
9761,5.35,0.56
9762,5.35,0.56
9763,5.35,0.56
9764,5.35,0.56
9765,5.35,0.56
9766,5.35,0.56
9767,5.35,0.56
9768,5.36,0.56
9769,5.36,0.56
9770,5.36,0.56
9771,5.36,0.56
9772,5.36,0.56
9773,5.36,0.56
9774,5.36,0.56
9775,5.37,0.56
9776,5.37,0.56
9777,5.37,0.56
9778,5.37,0.56
9779,5.37,0.56
9780,5.37,0.56
9781,5.37,0.56
9782,5.37,0.56
9783,5.37,0.56
9784,5.37,0.57
9785,5.37,0.56
9786,5.37,0.56
9787,5.37,0.56
9788,5.37,0.56
9789,5.37,0.56
9790,5.37,0.56
9791,5.37,0.56
9792,5.37,0.56
9793,5.36,0.56
9794,5.36,0.56
9795,5.36,0.56
9796,5.36,0.56
9797,5.36,0.56
9798,5.36,0.56
9799,5.36,0.56
9800,5.35,0.56
9801,5.35,0.56
9802,5.35,0.56
9803,5.35,0.56
9804,5.35,0.56
9805,5.35,0.56
9806,5.35,0.56
9807,5.35,0.56
9808,5.35,0.56
9809,5.35,0.56
9810,5.35,0.56
9811,5.35,0.56
9812,5.35,0.56
9813,5.35,0.56
9814,5.35,0.56
9815,5.35,0.56
9816,5.35,0.56
9817,5.35,0.56
9818,5.35,0.56
9819,5.36,0.56
9820,5.36,0.56
9821,5.36,0.56
9822,5.36,0.56
9823,5.36,0.56
9824,5.36,0.56
9825,5.36,0.56
9826,5.36,0.56
9827,5.37,0.56
9828,5.37,0.56
9829,5.37,0.56
9830,5.37,0.56
9831,5.37,0.56
9832,5.37,0.56
9833,5.37,0.56
9834,5.37,0.56
9835,5.37,0.56
9836,5.37,0.56
9837,5.37,0.56
9838,5.37,0.56
9839,5.37,0.56
9840,5.37,0.56
9841,5.37,0.56
9842,5.37,0.56
9843,5.37,0.56
9844,5.37,0.56
9845,5.36,0.56
9846,5.36,0.56
9847,5.36,0.56
9848,5.36,0.56
9849,5.36,0.56
9850,5.36,0.56
9851,5.36,0.56
9852,5.36,0.56
9853,5.35,0.56
9854,5.35,0.56
9855,5.35,0.56
9856,5.35,0.56
9857,5.35,0.56
9858,5.35,0.56
9859,5.35,0.56
9860,5.35,0.56
9861,5.35,0.56
9862,5.35,0.56
9863,5.35,0.56
9864,5.35,0.56
9865,5.35,0.56
9866,5.35,0.56
9867,5.35,0.56
9868,5.35,0.56
9869,5.35,0.56
9870,5.36,0.56
9871,5.36,0.56
9872,5.36,0.56
9873,5.36,0.56
9874,5.36,0.56
9875,5.36,0.56
9876,5.36,0.56
9877,5.36,0.56
9878,5.37,0.56
9879,5.37,0.56
9880,5.37,0.56
9881,5.37,0.56
9882,5.37,0.56
9883,5.37,0.56
9884,5.37,0.56
9885,5.37,0.56
9886,5.37,0.56
9887,5.37,0.56
9888,5.37,0.56
9889,5.37,0.56
9890,5.37,0.56
9891,5.37,0.56
9892,5.37,0.57
9893,5.37,0.56
9894,5.37,0.56
9895,5.37,0.56
9896,5.36,0.56
9897,5.36,0.57
9898,5.36,0.56
9899,5.36,0.56
9900,5.36,0.56
9901,5.36,0.56
9902,5.36,0.56
9903,5.36,0.56
9904,5.36,0.56
9905,5.35,0.56
9906,5.35,0.56
9907,5.35,0.56
9908,5.35,0.56
9909,5.35,0.56
9910,5.35,0.56
9911,5.35,0.56
9912,5.35,0.56
9913,5.35,0.56
9914,5.35,0.56
9915,5.35,0.56
9916,5.35,0.56
9917,5.35,0.56
9918,5.35,0.56
9919,5.35,0.56
9920,5.35,0.56
9921,5.36,0.56
9922,5.36,0.56
9923,5.36,0.56
9924,5.36,0.56
9925,5.36,0.56
9926,5.36,0.56
9927,5.36,0.56
9928,5.36,0.56
9929,5.36,0.56
9930,5.37,0.56
9931,5.37,0.56
9932,5.37,0.56
9933,5.37,0.56
9934,5.37,0.56
9935,5.37,0.56
9936,5.37,0.56
9937,5.37,0.56
9938,5.37,0.56
9939,5.37,0.56
9940,5.37,0.57
9941,5.37,0.56
9942,5.37,0.56
9943,5.37,0.56
9944,5.37,0.56
9945,5.37,0.56
9946,5.37,0.56
9947,5.37,0.56
9948,5.37,0.56
9949,5.37,0.56
9950,5.36,0.56
9951,5.36,0.56
9952,5.36,0.56
9953,5.36,0.56
9954,5.36,0.56
9955,5.36,0.56
9956,5.36,0.56
9957,5.36,0.56
9958,5.36,0.56
9959,5.36,0.56
9960,5.36,0.56
9961,5.35,0.56
9962,5.35,0.56
9963,5.35,0.56
9964,5.35,0.56
9965,5.35,0.56
9966,5.35,0.56
9967,5.35,0.56
9968,5.35,0.56
9969,5.36,0.56
9970,5.36,0.56
9971,5.36,0.56
9972,5.36,0.56
9973,5.36,0.56
9974,5.36,0.56
9975,5.36,0.56
9976,5.36,0.56
9977,5.36,0.56
9978,5.36,0.56
9979,5.36,0.56
9980,5.36,0.56
9981,5.37,0.56
9982,5.37,0.56
9983,5.37,0.56
9984,5.37,0.56
9985,5.37,0.56
9986,5.37,0.56
9987,5.37,0.56
9988,5.37,0.56
9989,5.37,0.56
9990,5.37,0.56
9991,5.37,0.56
9992,5.37,0.56
9993,5.37,0.56
9994,5.37,0.56
9995,5.37,0.56
9996,5.37,0.56
9997,5.37,0.56
9998,5.37,0.56
9999,5.37,0.56
