Sample,Pose,Courant
0,0.03,-3.33
1,0.06,-1.74
2,0.09,-1.69
3,0.12,-1.63
4,0.15,-1.53
5,0.18,-1.44
6,0.2,-1.35
7,0.23,-1.23
8,0.26,-1.14
9,0.28,-1.05
10,0.31,-0.97
11,0.33,-0.89
12,0.35,-0.82
13,0.37,-0.75
14,0.4,-0.7
15,0.42,-0.65
16,0.44,-0.6
17,0.47,-0.54
18,0.49,-0.51
19,0.53,-0.47
20,0.56,-0.44
21,0.6,-0.41
22,0.65,-0.38
23,0.71,-0.36
24,0.77,-0.34
25,0.83,-0.32
26,0.91,-0.3
27,0.99,-0.28
28,1.07,-0.26
29,1.16,-0.25
30,1.26,-0.24
31,1.36,-0.22
32,1.47,-0.22
33,1.57,-0.21
34,1.68,-0.2
35,1.79,-0.18
36,1.91,-0.17
37,2.02,-0.16
38,2.13,-0.15
39,2.24,-0.15
40,2.35,-0.14
41,2.45,-0.13
42,2.55,-0.12
43,2.65,-0.13
44,2.74,-0.11
45,2.82,-0.11
46,2.9,-0.11
47,2.97,-0.1
48,3.03,-0.1
49,3.08,-0.1
50,3.13,-0.1
51,3.16,-0.1
52,3.19,-0.09
53,3.21,-0.1
54,3.23,-0.1
55,3.23,-0.1
56,3.23,-0.1
57,3.23,-0.11
58,3.22,-0.11
59,3.21,-0.11
60,3.19,-0.12
61,3.18,-0.12
62,3.17,-0.13
63,3.15,-0.13
64,3.14,-0.13
65,3.14,-0.13
66,3.13,-0.13
67,3.13,-0.14
68,3.14,-0.14
69,3.15,-0.14
70,3.17,-0.14
71,3.2,-0.14
72,3.23,-0.14
73,3.27,-0.13
74,3.31,-0.14
75,3.35,-0.13
76,3.41,-0.13
77,3.46,-0.13
78,3.53,-0.13
79,3.59,-0.12
80,3.66,-0.12
81,3.73,-0.12
82,3.8,-0.11
83,3.87,-0.11
84,3.94,-0.1
85,4.0,-0.1
86,4.07,-0.09
87,4.14,-0.09
88,4.2,-0.09
89,4.25,-0.08
90,4.31,-0.08
91,4.35,-0.08
92,4.39,-0.08
93,4.43,-0.07
94,4.46,-0.07
95,4.48,-0.07
96,4.5,-0.08
97,4.5,-0.07
98,4.5,-0.08
99,4.5,-0.08
100,4.49,-0.08
101,4.47,-0.09
102,4.45,-0.09
103,4.42,-0.09
104,4.4,-0.09
105,4.37,-0.1
106,4.34,-0.1
107,4.3,-0.11
108,4.27,-0.11
109,4.25,-0.11
110,4.22,-0.11
111,4.2,-0.12
112,4.18,-0.12
113,4.17,-0.12
114,4.16,-0.13
115,4.15,-0.13
116,4.15,-0.13
117,4.16,-0.12
118,4.18,-0.12
119,4.2,-0.13
120,4.22,-0.13
121,4.25,-0.12
122,4.29,-0.12
123,4.32,-0.11
124,4.37,-0.11
125,4.41,-0.11
126,4.46,-0.11
127,4.51,-0.11
128,4.56,-0.1
129,4.61,-0.09
130,4.66,-0.09
131,4.71,-0.09
132,4.76,-0.09
133,4.8,-0.08
134,4.85,-0.08
135,4.88,-0.08
136,4.92,-0.07
137,4.95,-0.07
138,4.98,-0.07
139,5.0,-0.07
140,5.01,-0.07
141,5.02,-0.07
142,5.02,-0.07
143,5.02,-0.07
144,5.01,-0.07
145,4.99,-0.07
146,4.98,-0.07
147,4.95,-0.08
148,4.92,-0.09
149,4.89,-0.09
150,4.86,-0.09
151,4.83,-0.09
152,4.79,-0.09
153,4.76,-0.1
154,4.72,-0.1
155,4.69,-0.11
156,4.66,-0.1
157,4.64,-0.11
158,4.62,-0.11
159,4.6,-0.11
160,4.59,-0.11
161,4.58,-0.11
162,4.58,-0.11
163,4.58,-0.11
164,4.59,-0.11
165,4.6,-0.11
166,4.62,-0.11
167,4.64,-0.11
168,4.67,-0.11
169,4.7,-0.11
170,4.73,-0.11
171,4.77,-0.1
172,4.8,-0.1
173,4.84,-0.09
174,4.88,-0.09
175,4.92,-0.09
176,4.97,-0.09
177,5.0,-0.09
178,5.04,-0.08
179,5.08,-0.08
180,5.11,-0.07
181,5.14,-0.07
182,5.17,-0.07
183,5.19,-0.07
184,5.21,-0.07
185,5.22,-0.07
186,5.23,-0.07
187,5.23,-0.07
188,5.23,-0.07
189,5.22,-0.07
190,5.21,-0.07
191,5.19,-0.07
192,5.17,-0.07
193,5.14,-0.07
194,5.12,-0.08
195,5.09,-0.07
196,5.05,-0.08
197,5.02,-0.09
198,4.99,-0.09
199,4.95,-0.09
200,4.92,-0.09
201,4.89,-0.1
202,4.87,-0.1
203,4.84,-0.1
204,4.82,-0.11
205,4.8,-0.1
206,4.79,-0.11
207,4.78,-0.11
208,4.78,-0.11
209,4.78,-0.11
210,4.79,-0.11
211,4.8,-0.11
212,4.81,-0.11
213,4.83,-0.11
214,4.86,-0.1
215,4.88,-0.1
216,4.91,-0.1
217,4.94,-0.09
218,4.97,-0.09
219,5.01,-0.09
220,5.04,-0.09
221,5.08,-0.08
222,5.11,-0.08
223,5.14,-0.07
224,5.17,-0.07
225,5.2,-0.07
226,5.23,-0.07
227,5.25,-0.07
228,5.27,-0.07
229,5.29,-0.06
230,5.3,-0.06
231,5.31,-0.06
232,5.32,-0.06
233,5.32,-0.06
234,5.31,-0.07
235,5.3,-0.06
236,5.29,-0.07
237,5.27,-0.07
238,5.25,-0.07
239,5.23,-0.07
240,5.2,-0.07
241,5.17,-0.08
242,5.14,-0.07
243,5.11,-0.08
244,5.08,-0.08
245,5.05,-0.08
246,5.02,-0.09
247,5.0,-0.09
248,4.97,-0.09
249,4.95,-0.09
250,4.93,-0.1
251,4.92,-0.09
252,4.91,-0.1
253,5.39,-0.03
254,5.39,-0.03
255,5.39,-0.02
256,5.39,-0.02
257,5.39,-0.02
258,5.39,-0.02
259,5.39,-0.03
260,5.39,-0.02
261,5.39,-0.02
262,5.39,-0.02
263,5.39,-0.03
264,5.39,-0.03
265,5.39,-0.03
266,5.39,-0.03
267,5.39,-0.02
268,5.39,-0.02
269,5.39,-0.03
270,5.39,-0.02
271,5.39,-0.03
272,5.39,-0.02
273,5.39,-0.02
274,5.39,-0.02
275,5.39,-0.03
276,5.39,-0.02
277,5.39,-0.03
278,5.39,-0.02
279,5.39,-0.02
280,5.39,-0.03
281,5.39,-0.02
282,5.39,-0.02
283,5.39,-0.03
284,5.39,-0.03
285,5.39,-0.02
286,5.39,-0.02
287,5.39,-0.02
288,5.39,-0.03
289,5.39,-0.02
290,5.39,-0.02
291,5.39,-0.02
292,5.39,-0.02
293,5.39,-0.02
294,5.39,-0.03
295,5.39,-0.03
296,5.39,-0.02
297,5.39,-0.02
298,5.39,-0.02
299,5.39,-0.02
300,5.39,-0.02
301,5.39,-0.03
302,5.39,-0.02
303,5.39,-0.02
304,5.39,-0.02
305,5.39,-0.02
306,5.39,-0.02
307,5.39,-0.02
308,5.39,-0.02
309,5.39,-0.02
310,5.39,-0.02
311,5.39,-0.02
312,5.39,-0.03
313,5.39,-0.02
314,5.39,-0.02
315,5.39,-0.02
316,5.39,-0.02
317,5.39,-0.02
318,5.39,-0.02
319,5.39,-0.02
320,5.39,-0.02
321,5.39,-0.02
322,5.39,-0.02
323,5.39,-0.02
324,5.39,-0.02
325,5.39,-0.02
326,5.39,-0.03
327,5.39,-0.02
328,5.39,-0.03
329,5.39,-0.02
330,5.39,-0.02
331,5.39,-0.02
332,5.39,-0.02
333,5.39,-0.02
334,5.39,-0.02
335,5.4,-0.02
336,5.4,-0.02
337,5.4,-0.02
338,5.4,-0.03
339,5.4,-0.02
340,5.4,-0.02
341,5.4,-0.02
342,5.4,-0.02
343,5.4,-0.03
344,5.4,-0.02
345,5.4,-0.03
346,5.4,-0.03
347,5.4,-0.02
348,5.4,-0.02
349,5.4,-0.02
350,5.4,-0.03
351,5.4,-0.03
352,5.4,-0.03
353,5.4,-0.02
354,5.4,-0.02
355,5.4,-0.03
356,5.4,-0.02
357,5.4,-0.02
358,5.4,-0.02
359,5.4,-0.03
360,5.4,-0.02
361,5.4,-0.02
362,5.4,-0.02
363,5.4,-0.02
364,5.4,-0.03
365,5.4,-0.02
366,5.4,-0.02
367,5.4,-0.02
368,5.4,-0.02
369,5.4,-0.02
370,5.4,-0.02
371,5.4,-0.03
372,5.4,-0.02
373,5.4,-0.02
374,5.4,-0.02
375,5.4,-0.03
376,5.4,-0.03
377,5.4,-0.02
378,5.4,-0.02
379,5.4,-0.02
380,5.4,-0.02
381,5.4,-0.02
382,5.4,-0.02
383,5.4,-0.02
384,5.4,-0.02
385,5.4,-0.02
386,5.4,-0.02
387,5.4,-0.03
388,5.4,-0.03
389,5.4,-0.02
390,5.4,-0.02
391,5.4,-0.02
392,5.4,-0.02
393,5.4,-0.03
394,5.4,-0.02
395,5.4,-0.02
396,5.4,-0.02
397,5.4,-0.02
398,5.4,-0.02
399,5.4,-0.02
400,5.4,-0.02
401,5.4,-0.02
402,5.4,-0.02
403,5.4,-0.02
404,5.4,-0.02
405,5.4,-0.02
406,5.4,-0.02
407,5.4,-0.03
408,5.4,-0.02
409,5.4,-0.02
410,5.4,-0.02
411,5.4,-0.02
412,5.4,-0.02
413,5.4,-0.02
414,5.4,-0.02
415,5.4,-0.02
416,5.4,-0.02
417,5.4,-0.02
418,5.4,-0.02
419,5.4,-0.02
420,5.4,-0.02
421,5.4,-0.02
422,5.4,-0.02
423,5.4,-0.02
424,5.4,-0.02
425,5.4,-0.02
426,5.4,-0.02
427,5.4,-0.02
428,5.4,-0.02
429,5.4,-0.02
430,5.4,-0.02
431,5.4,-0.02
432,5.4,-0.02
433,5.4,-0.02
434,5.4,-0.02
435,5.4,-0.02
436,5.4,-0.02
437,5.4,-0.02
438,5.4,-0.02
439,5.4,-0.02
440,5.4,-0.02
441,5.4,-0.02
442,5.4,-0.02
443,5.4,-0.02
444,5.4,-0.02
445,5.4,-0.02
446,5.4,-0.02
447,5.4,-0.02
448,5.4,-0.02
449,5.4,-0.02
450,5.4,-0.02
451,5.4,-0.02
452,5.4,-0.02
453,5.4,-0.02
454,5.4,-0.02
455,5.4,-0.02
456,5.4,-0.02
457,5.4,-0.02
458,5.4,-0.02
459,5.4,-0.02
460,5.4,-0.02
461,5.4,-0.02
462,5.4,-0.02
463,5.4,-0.02
464,5.4,-0.02
465,5.4,-0.02
466,5.4,-0.02
467,5.4,-0.02
468,5.4,-0.02
469,5.4,-0.02
470,5.4,-0.02
471,5.4,-0.02
472,5.4,-0.02
473,5.4,-0.02
474,5.4,-0.02
475,5.4,-0.02
476,5.4,-0.02
477,5.4,-0.02
478,5.4,-0.02
479,5.4,-0.02
480,5.4,-0.02
481,5.4,-0.02
482,5.4,-0.02
483,5.4,-0.02
484,5.4,-0.02
485,5.4,-0.02
486,5.4,-0.02
487,5.4,-0.02
488,5.4,-0.02
489,5.4,-0.02
490,5.4,-0.02
491,5.4,-0.02
492,5.4,-0.02
493,5.4,-0.02
494,5.4,-0.02
495,5.4,-0.02
496,5.4,-0.02
497,5.4,-0.02
498,5.4,-0.02
499,5.4,-0.02
500,5.4,-0.02
501,5.4,-0.02
502,5.4,-0.02
503,5.4,-0.02
504,5.4,-0.02
505,5.4,-0.02
506,5.4,-0.02
507,5.4,-0.02
508,5.4,-0.02
509,5.4,-0.02
510,5.4,-0.02
511,5.41,-0.02
512,5.41,-0.02
513,5.41,-0.02
514,5.41,-0.02
515,5.41,-0.02
516,5.41,-0.02
517,5.41,-0.02
518,5.41,-0.02
519,5.41,-0.02
520,5.41,-0.02
521,5.41,-0.02
522,5.41,-0.02
523,5.41,-0.02
524,5.41,-0.02
525,5.41,-0.02
526,5.41,-0.02
527,5.41,-0.02
528,5.41,-0.02
529,5.41,-0.02
530,5.41,-0.02
531,5.41,-0.02
532,5.41,-0.02
533,5.41,-0.02
534,5.41,-0.02
535,5.41,-0.02
536,5.41,-0.02
537,5.41,-0.02
538,5.41,-0.02
539,5.41,-0.02
540,5.41,-0.02
541,5.41,-0.02
542,5.41,-0.02
543,5.41,-0.02
544,5.41,-0.02
545,5.41,-0.02
546,5.41,-0.02
547,5.41,-0.02
548,5.41,-0.02
549,5.41,-0.02
550,5.41,-0.02
551,5.41,-0.02
552,5.41,-0.02
553,5.41,-0.02
554,5.41,-0.02
555,5.41,-0.02
556,5.41,-0.02
557,5.41,-0.02
558,5.41,-0.02
559,5.41,-0.02
560,5.41,-0.02
561,5.41,-0.02
562,5.41,-0.02
563,5.41,-0.02
564,5.41,-0.02
565,5.41,-0.02
566,5.41,-0.02
567,5.41,-0.02
568,5.41,-0.02
569,5.41,-0.02
570,5.41,-0.02
571,5.41,-0.02
572,5.41,-0.02
573,5.41,-0.02
574,5.41,-0.02
575,5.41,-0.02
576,5.41,-0.02
577,5.41,-0.02
578,5.41,-0.02
579,5.41,-0.02
580,5.41,-0.02
581,5.41,-0.02
582,5.41,-0.02
583,5.41,-0.02
584,5.41,-0.02
585,5.41,-0.02
586,5.41,-0.02
587,5.41,-0.02
588,5.41,-0.02
589,5.41,-0.02
590,5.41,-0.02
591,5.41,-0.02
592,5.41,-0.02
593,5.41,-0.02
594,5.41,-0.02
595,5.41,-0.02
596,5.41,-0.02
597,5.41,-0.02
598,5.41,-0.02
599,5.41,-0.02
600,5.41,-0.02
601,5.41,-0.02
602,5.41,-0.02
603,5.41,-0.02
604,5.41,-0.02
605,5.41,-0.02
606,5.41,-0.02
607,5.41,-0.02
608,5.41,-0.02
609,5.41,-0.02
610,5.41,-0.02
611,5.41,-0.02
612,5.41,-0.02
613,5.41,-0.02
614,5.41,-0.02
615,5.41,-0.02
616,5.41,-0.02
617,5.41,-0.02
618,5.41,-0.02
619,5.41,-0.02
620,5.41,-0.02
621,5.41,-0.02
622,5.41,-0.02
623,5.41,-0.02
624,5.41,-0.02
625,5.41,-0.02
626,5.41,-0.02
627,5.41,-0.02
628,5.41,-0.02
629,5.41,-0.02
630,5.41,-0.02
631,5.41,-0.02
632,5.41,-0.02
633,5.41,-0.02
634,5.41,-0.02
635,5.41,-0.02
636,5.41,-0.02
637,5.41,-0.02
638,5.41,-0.02
639,5.41,-0.02
640,5.41,-0.02
641,5.41,-0.02
642,5.41,-0.02
643,5.41,-0.02
644,5.41,-0.02
645,5.41,-0.02
646,5.41,-0.02
647,5.41,-0.02
648,5.41,-0.02
649,5.41,-0.02
650,5.41,-0.02
651,5.41,-0.02
652,5.41,-0.02
653,5.41,-0.02
654,5.41,-0.02
655,5.41,-0.02
656,5.41,-0.02
657,5.41,-0.02
658,5.41,-0.02
659,5.41,-0.02
660,5.41,-0.02
661,5.41,-0.02
662,5.41,-0.02
663,5.41,-0.02
664,5.41,-0.02
665,5.41,-0.02
666,5.41,-0.02
667,5.41,-0.02
668,5.41,-0.02
669,5.41,-0.02
670,5.41,-0.02
671,5.41,-0.02
672,5.41,-0.02
673,5.41,-0.02
674,5.41,-0.02
675,5.41,-0.02
676,5.41,-0.02
677,5.41,-0.02
678,5.41,-0.02
679,5.41,-0.02
680,5.41,-0.02
681,5.41,-0.02
682,5.41,-0.02
683,5.41,-0.02
684,5.41,-0.02
685,5.41,-0.02
686,5.41,-0.02
687,5.41,-0.02
688,5.41,-0.02
689,5.41,-0.02
690,5.41,-0.02
691,5.41,-0.02
692,5.41,-0.02
693,5.41,-0.02
694,5.41,-0.02
695,5.41,-0.02
696,5.41,-0.02
697,5.41,-0.02
698,5.41,-0.02
699,5.41,-0.02
700,5.41,-0.02
701,5.41,-0.02
702,5.41,-0.02
703,5.41,-0.02
704,5.41,-0.02
705,5.41,-0.02
706,5.41,-0.02
707,5.41,-0.02
708,5.41,-0.02
709,5.41,-0.02
710,5.41,-0.02
711,5.41,-0.02
712,5.41,-0.02
713,5.41,-0.02
714,5.41,-0.02
715,5.41,-0.02
716,5.41,-0.02
717,5.41,-0.02
718,5.41,-0.02
719,5.41,-0.02
720,5.41,-0.02
721,5.41,-0.02
722,5.41,-0.02
723,5.41,-0.02
724,5.41,-0.02
725,5.41,-0.02
726,5.41,-0.02
727,5.41,-0.02
728,5.41,-0.02
729,5.41,-0.02
730,5.41,-0.02
731,5.41,-0.02
732,5.41,-0.02
733,5.41,-0.02
734,5.41,-0.02
735,5.41,-0.02
736,5.41,-0.02
737,5.41,-0.02
738,5.41,-0.02
739,5.41,-0.02
740,5.41,-0.02
741,5.41,-0.02
742,5.41,-0.02
743,5.41,-0.02
744,5.41,-0.02
745,5.41,-0.02
746,5.41,-0.02
747,5.41,-0.02
748,5.41,-0.02
749,5.41,-0.02
750,5.41,-0.02
751,5.41,-0.02
752,5.41,-0.02
753,5.41,-0.02
754,5.41,-0.02
755,5.41,-0.02
756,5.41,-0.02
757,5.41,-0.02
758,5.41,-0.02
759,5.41,-0.02
760,5.41,-0.02
761,5.41,-0.02
762,5.41,-0.02
763,5.41,-0.02
764,5.41,-0.02
765,5.41,-0.02
766,5.41,-0.02
767,5.41,-0.02
768,5.41,-0.02
769,5.41,-0.02
770,5.41,-0.02
771,5.41,-0.02
772,5.41,-0.02
773,5.41,-0.02
774,5.41,-0.02
775,5.41,-0.02
776,5.41,-0.02
777,5.41,-0.02
778,5.41,-0.02
779,5.41,-0.02
780,5.41,-0.02
781,5.41,-0.02
782,5.41,-0.02
783,5.41,-0.02
784,5.41,-0.02
785,5.41,-0.02
786,5.41,-0.02
787,5.41,-0.02
788,5.41,-0.02
789,5.41,-0.02
790,5.41,-0.02
791,5.41,-0.02
792,5.41,-0.02
793,5.41,-0.02
794,5.41,-0.02
795,5.41,-0.02
796,5.41,-0.02
797,5.41,-0.02
798,5.41,-0.02
799,5.41,-0.02
800,5.41,-0.02
801,5.41,-0.02
802,5.41,-0.02
803,5.41,-0.02
804,5.41,-0.02
805,5.41,-0.02
806,5.41,-0.02
807,5.41,-0.02
808,5.41,-0.02
809,5.41,-0.02
810,5.41,-0.02
811,5.41,-0.02
812,5.41,-0.02
813,5.41,-0.02
814,5.41,-0.02
815,5.41,-0.02
816,5.41,-0.02
817,5.41,-0.02
818,5.41,-0.02
819,5.41,-0.02
820,5.41,-0.02
821,5.41,-0.02
822,5.41,-0.02
823,5.41,-0.02
824,5.41,-0.02
825,5.41,-0.02
826,5.41,-0.02
827,5.41,-0.02
828,5.41,-0.02
829,5.41,-0.02
830,5.41,-0.02
831,5.41,-0.02
832,5.41,-0.02
833,5.41,-0.02
834,5.41,-0.02
835,5.41,-0.02
836,5.41,-0.02
837,5.41,-0.02
838,5.41,-0.02
839,5.41,-0.02
840,5.41,-0.02
841,5.41,-0.02
842,5.41,-0.02
843,5.41,-0.02
844,5.41,-0.02
845,5.41,-0.02
846,5.41,-0.02
847,5.41,-0.02
848,5.41,-0.02
849,5.41,-0.02
850,5.41,-0.02
851,5.41,-0.02
852,5.41,-0.02
853,5.41,-0.02
854,5.41,-0.02
855,5.41,-0.02
856,5.41,-0.02
857,5.41,-0.02
858,5.41,-0.02
859,5.41,-0.02
860,5.41,-0.02
861,5.41,-0.02
862,5.41,-0.02
863,5.41,-0.02
864,5.41,-0.02
865,5.41,-0.02
866,5.41,-0.02
867,5.41,-0.02
868,5.41,-0.02
869,5.41,-0.02
870,5.41,-0.02
871,5.41,-0.02
872,5.41,-0.02
873,5.41,-0.02
874,5.41,-0.02
875,5.41,-0.02
876,5.41,-0.02
877,5.41,-0.02
878,5.41,-0.02
879,5.41,-0.02
880,5.41,-0.02
881,5.41,-0.02
882,5.41,-0.02
883,5.41,-0.02
884,5.41,-0.02
885,5.41,-0.02
886,5.41,-0.02
887,5.41,-0.02
888,5.41,-0.02
889,5.41,-0.02
890,5.41,-0.02
891,5.41,-0.02
892,5.41,-0.02
893,5.41,-0.02
894,5.41,-0.02
895,5.41,-0.02
896,5.41,-0.02
897,5.41,-0.02
898,5.41,-0.02
899,5.41,-0.02
900,5.41,-0.02
901,5.41,-0.02
902,5.41,-0.02
903,5.41,-0.02
904,5.41,-0.02
905,5.41,-0.02
906,5.41,-0.02
907,5.41,-0.02
908,5.41,-0.02
909,5.41,-0.02
910,5.41,-0.02
911,5.41,-0.02
912,5.41,-0.02
913,5.41,-0.02
914,5.41,-0.02
915,5.41,-0.02
916,5.41,-0.02
917,5.41,-0.02
918,5.41,-0.02
919,5.41,-0.02
920,5.41,-0.02
921,5.41,-0.02
922,5.41,-0.02
923,5.41,-0.02
924,5.41,-0.02
925,5.41,-0.02
926,5.41,-0.02
927,5.41,-0.02
928,5.41,-0.02
929,5.41,-0.02
930,5.41,-0.02
931,5.41,-0.02
932,5.41,-0.02
933,5.41,-0.02
934,5.41,-0.02
935,5.41,-0.02
936,5.41,-0.02
937,5.41,-0.02
938,5.41,-0.02
939,5.41,-0.02
940,5.41,-0.02
941,5.41,-0.02
942,5.41,-0.02
943,5.41,-0.02
944,5.41,-0.02
945,5.41,-0.02
946,5.41,-0.02
947,5.41,-0.02
948,5.41,-0.02
949,5.41,-0.02
950,5.41,-0.02
951,5.41,-0.02
952,5.41,-0.02
953,5.41,-0.02
954,5.41,-0.02
955,5.41,-0.02
956,5.41,-0.02
957,5.41,-0.02
958,5.41,-0.02
959,5.41,-0.02
960,5.41,-0.02
961,5.41,-0.02
962,5.41,-0.02
963,5.41,-0.02
964,5.41,-0.02
965,5.41,-0.02
966,5.41,-0.02
967,5.41,-0.02
968,5.41,-0.02
969,5.41,-0.02
970,5.41,-0.02
971,5.41,-0.02
972,5.41,-0.02
973,5.41,-0.02
974,5.41,-0.02
975,5.41,-0.02
976,5.41,-0.02
977,5.41,-0.02
978,5.41,-0.02
979,5.41,-0.02
980,5.41,-0.02
981,5.41,-0.02
982,5.41,-0.02
983,5.41,-0.02
984,5.41,-0.02
985,5.41,-0.02
986,5.41,-0.02
987,5.41,-0.02
988,5.41,-0.02
989,5.41,-0.02
990,5.41,-0.02
991,5.41,-0.02
992,5.41,-0.02
993,5.41,-0.02
994,5.41,-0.02
995,5.41,-0.02
996,5.41,-0.02
997,5.41,-0.02
998,5.41,-0.02
999,5.41,-0.02
1000,5.41,-0.02
1001,5.41,-0.02
1002,5.41,-0.02
1003,5.4,-0.01
1004,5.4,-0.02
1005,5.39,-0.01
1006,5.38,-0.01
1007,5.37,-0.0
1008,5.36,-0.01
1009,5.35,-0.01
1010,5.34,-0.01
1011,5.32,-0.01
1012,5.3,-0.02
1013,5.28,-0.02
1014,5.26,-0.01
1015,5.24,-0.02
1016,5.22,-0.01
1017,5.2,-0.01
1018,5.18,-0.02
1019,5.16,-0.02
1020,5.14,-0.02
1021,5.11,-0.02
1022,5.09,-0.02
1023,5.07,-0.02
1024,5.05,-0.02
1025,5.03,-0.02
1026,5.01,-0.02
1027,5.0,-0.02
1028,4.98,-0.02
1029,4.97,-0.02
1030,4.95,-0.02
1031,4.94,-0.02
1032,4.93,-0.02
1033,4.92,-0.02
1034,4.91,-0.01
1035,4.9,-0.02
1036,4.89,-0.02
1037,4.89,-0.01
1038,4.88,-0.01
1039,4.87,-0.01
1040,4.87,-0.01
1041,4.87,-0.01
1042,4.86,-0.01
1043,4.86,-0.01
1044,4.85,-0.01
1045,4.85,-0.0
1046,4.85,-0.0
1047,4.84,-0.0
1048,4.83,-0.0
1049,4.83,0.0
1050,4.82,-0.0
1051,4.81,-0.0
1052,4.81,0.0
1053,4.8,-0.0
1054,4.78,0.0
1055,4.77,-0.0
1056,4.76,0.0
1057,4.75,0.0
1058,4.73,0.0
1059,4.72,0.0
1060,4.7,0.0
1061,4.68,0.0
1062,4.66,0.0
1063,4.64,0.0
1064,4.62,0.0
1065,4.6,0.0
1066,4.58,0.0
1067,4.56,0.0
1068,4.54,0.0
1069,4.52,0.01
1070,4.5,0.0
1071,4.48,-0.0
1072,4.46,0.0
1073,4.44,0.0
1074,4.42,0.0
1075,4.4,0.0
1076,4.38,0.0
1077,4.37,0.0
1078,4.35,0.0
1079,4.34,0.0
1080,4.32,0.0
1081,4.31,0.0
1082,4.3,0.0
1083,4.29,0.0
1084,4.28,0.01
1085,4.27,0.01
1086,4.26,0.01
1087,4.25,0.01
1088,4.25,0.01
1089,4.24,0.01
1090,4.24,0.01
1091,4.23,0.01
1092,4.23,0.02
1093,4.23,0.02
1094,4.22,0.01
1095,4.22,0.02
1096,4.22,0.02
1097,4.22,0.02
1098,4.22,0.02
1099,4.22,0.02
1100,4.22,0.02
1101,4.22,0.02
1102,4.22,0.02
1103,4.22,0.02
1104,4.22,0.02
1105,4.22,0.02
1106,4.22,0.02
1107,4.22,0.02
1108,4.22,0.02
1109,4.22,0.02
1110,4.21,0.02
1111,4.21,0.02
1112,4.21,0.02
1113,4.2,0.03
1114,4.2,0.02
1115,4.19,0.03
1116,4.19,0.03
1117,4.18,0.03
1118,4.18,0.03
1119,4.17,0.03
1120,4.16,0.03
1121,4.15,0.03
1122,4.15,0.03
1123,4.14,0.02
1124,4.13,0.03
1125,4.12,0.03
1126,4.12,0.02
1127,4.11,0.02
1128,4.1,0.02
1129,4.09,0.02
1130,4.09,0.03
1131,4.08,0.03
1132,4.07,0.03
1133,4.07,0.03
1134,4.06,0.03
1135,4.06,0.03
1136,4.05,0.03
1137,4.05,0.03
1138,4.05,0.03
1139,4.05,0.03
1140,4.05,0.03
1141,4.05,0.03
1142,4.05,0.03
1143,4.05,0.03
1144,4.05,0.03
1145,4.05,0.03
1146,4.05,0.03
1147,4.05,0.03
1148,4.06,0.03
1149,4.06,0.04
1150,4.06,0.04
1151,4.06,0.04
1152,4.07,0.04
1153,4.07,0.04
1154,4.08,0.04
1155,4.08,0.04
1156,4.08,0.04
1157,4.08,0.04
1158,4.09,0.04
1159,4.09,0.04
1160,4.09,0.04
1161,4.09,0.04
1162,4.09,0.04
1163,4.09,0.04
1164,4.09,0.04
1165,4.09,0.04
1166,4.09,0.04
1167,4.09,0.04
1168,4.09,0.04
1169,4.09,0.04
1170,4.08,0.04
1171,4.08,0.04
1172,4.08,0.04
1173,4.07,0.04
1174,4.07,0.04
1175,4.06,0.04
1176,4.06,0.04
1177,4.05,0.04
1178,4.05,0.04
1179,4.04,0.04
1180,4.04,0.04
1181,4.03,0.04
1182,4.03,0.04
1183,4.02,0.04
1184,4.02,0.04
1185,4.02,0.04
1186,4.01,0.04
1187,4.01,0.04
1188,4.01,0.04
1189,4.01,0.04
1190,4.01,0.04
1191,4.0,0.04
1192,4.0,0.04
1193,4.01,0.04
1194,4.01,0.04
1195,4.01,0.04
1196,4.01,0.04
1197,4.01,0.05
1198,4.02,0.05
1199,4.02,0.05
1200,4.02,0.05
1201,4.03,0.05
1202,4.03,0.05
1203,4.03,0.05
1204,4.04,0.05
1205,4.04,0.04
1206,4.05,0.05
1207,4.05,0.05
1208,4.06,0.05
1209,4.06,0.06
1210,4.06,0.06
1211,4.07,0.05
1212,4.07,0.06
1213,4.07,0.06
1214,4.07,0.05
1215,4.08,0.06
1216,4.08,0.06
1217,4.08,0.06
1218,4.08,0.06
1219,4.08,0.06
1220,4.08,0.06
1221,4.08,0.06
1222,4.07,0.06
1223,4.07,0.06
1224,4.07,0.06
1225,4.07,0.06
1226,4.06,0.06
1227,4.06,0.06
1228,4.06,0.06
1229,4.05,0.06
1230,4.05,0.06
1231,4.04,0.06
1232,4.04,0.06
1233,4.04,0.06
1234,4.03,0.06
1235,4.03,0.06
1236,4.03,0.06
1237,4.03,0.06
1238,4.02,0.06
1239,4.02,0.06
1240,4.02,0.06
1241,4.02,0.06
1242,4.02,0.06
1243,4.02,0.06
1244,4.02,0.06
1245,4.02,0.06
1246,4.02,0.06
1247,4.02,0.06
1248,4.03,0.06
1249,4.03,0.06
1250,4.03,0.06
1251,4.03,0.06
1252,4.04,0.06
1253,4.04,0.06
1254,4.05,0.06
1255,4.05,0.06
1256,4.06,0.06
1257,4.06,0.07
1258,4.06,0.06
1259,4.07,0.07
1260,4.07,0.07
1261,4.08,0.06
1262,4.08,0.07
1263,4.08,0.06
1264,4.09,0.07
1265,4.09,0.07
1266,4.09,0.07
1267,4.09,0.07
1268,4.09,0.07
1269,4.1,0.07
1270,4.1,0.07
1271,4.1,0.07
1272,4.1,0.07
1273,4.1,0.07
1274,4.09,0.07
1275,4.09,0.07
1276,4.09,0.07
1277,4.09,0.07
1278,4.09,0.07
1279,4.08,0.07
1280,4.08,0.07
1281,4.08,0.07
1282,4.08,0.07
1283,4.07,0.07
1284,4.07,0.07
1285,4.07,0.07
1286,4.06,0.07
1287,4.06,0.07
1288,4.06,0.07
1289,4.06,0.07
1290,4.05,0.07
1291,4.05,0.07
1292,4.05,0.07
1293,4.05,0.07
1294,4.05,0.07
1295,4.05,0.07
1296,4.05,0.07
1297,4.05,0.07
1298,4.05,0.07
1299,4.05,0.07
1300,4.06,0.07
1301,4.06,0.07
1302,4.06,0.07
1303,4.06,0.07
1304,4.07,0.07
1305,4.07,0.07
1306,4.07,0.08
1307,4.08,0.08
1308,4.08,0.07
1309,4.09,0.08
1310,4.09,0.07
1311,4.09,0.08
1312,4.1,0.08
1313,4.1,0.08
1314,4.11,0.08
1315,4.11,0.07
1316,4.11,0.08
1317,4.12,0.08
1318,4.12,0.08
1319,4.12,0.09
1320,4.12,0.08
1321,4.12,0.08
1322,4.13,0.08
1323,4.13,0.08
1324,4.13,0.09
1325,4.13,0.09
1326,4.13,0.09
1327,4.12,0.08
1328,4.12,0.08
1329,4.12,0.09
1330,4.12,0.08
1331,4.12,0.08
1332,4.12,0.09
1333,4.11,0.09
1334,4.11,0.09
1335,4.11,0.09
1336,4.11,0.09
1337,4.1,0.09
1338,4.1,0.09
1339,4.1,0.09
1340,4.1,0.09
1341,4.1,0.08
1342,4.09,0.09
1343,4.09,0.09
1344,4.09,0.09
1345,4.09,0.09
1346,4.09,0.09
1347,4.09,0.09
1348,4.09,0.09
1349,4.09,0.09
1350,4.09,0.09
1351,4.09,0.09
1352,4.1,0.09
1353,4.1,0.09
1354,4.1,0.09
1355,4.1,0.09
1356,4.11,0.09
1357,4.11,0.09
1358,4.11,0.09
1359,4.12,0.09
1360,4.12,0.09
1361,4.12,0.09
1362,4.13,0.09
1363,4.13,0.09
1364,4.13,0.09
1365,4.14,0.09
1366,4.14,0.1
1367,4.14,0.09
1368,4.15,0.1
1369,4.15,0.1
1370,4.15,0.09
1371,4.16,0.1
1372,4.16,0.1
1373,4.16,0.1
1374,4.16,0.09
1375,4.16,0.1
1376,4.16,0.1
1377,4.16,0.11
1378,4.16,0.1
1379,4.16,0.1
1380,4.16,0.09
1381,4.16,0.1
1382,4.16,0.1
1383,4.16,0.1
1384,4.15,0.1
1385,4.15,0.1
1386,4.15,0.1
1387,4.15,0.1
1388,4.15,0.1
1389,4.14,0.11
1390,4.14,0.1
1391,4.14,0.1
1392,4.14,0.1
1393,4.13,0.1
1394,4.13,0.1
1395,4.13,0.1
1396,4.13,0.1
1397,4.13,0.1
1398,4.13,0.11
1399,4.13,0.11
1400,4.13,0.11
1401,4.13,0.11
1402,4.13,0.11
1403,4.13,0.11
1404,4.13,0.11
1405,4.14,0.11
1406,4.14,0.11
1407,4.14,0.11
1408,4.14,0.11
1409,4.15,0.11
1410,4.15,0.11
1411,4.15,0.11
1412,4.16,0.11
1413,4.16,0.11
1414,4.16,0.11
1415,4.17,0.11
1416,4.17,0.11
1417,4.17,0.11
1418,4.18,0.11
1419,4.18,0.11
1420,4.18,0.11
1421,4.19,0.11
1422,4.19,0.11
1423,4.19,0.11
1424,4.19,0.11
1425,4.2,0.11
1426,4.2,0.11
1427,4.2,0.11
1428,4.2,0.11
1429,4.2,0.11
1430,4.2,0.11
1431,4.2,0.11
1432,4.2,0.11
1433,4.2,0.12
1434,4.2,0.11
1435,4.2,0.12
1436,4.19,0.11
1437,4.19,0.11
1438,4.19,0.11
1439,4.19,0.11
1440,4.19,0.12
1441,4.19,0.11
1442,4.18,0.12
1443,4.18,0.12
1444,4.18,0.12
1445,4.18,0.12
1446,4.18,0.12
1447,4.18,0.12
1448,4.18,0.11
1449,4.18,0.12
1450,4.18,0.12
1451,4.17,0.12
1452,4.18,0.12
1453,4.18,0.12
1454,4.18,0.12
1455,4.18,0.12
1456,4.18,0.12
1457,4.18,0.12
1458,4.18,0.12
1459,4.18,0.13
1460,4.19,0.12
1461,4.19,0.13
1462,4.19,0.13
1463,4.2,0.13
1464,4.2,0.13
1465,4.2,0.13
1466,4.21,0.13
1467,4.21,0.12
1468,4.21,0.13
1469,4.22,0.13
1470,4.22,0.13
1471,4.22,0.13
1472,4.23,0.13
1473,4.23,0.13
1474,4.23,0.13
1475,4.23,0.13
1476,4.23,0.13
1477,4.24,0.13
1478,4.24,0.13
1479,4.24,0.13
1480,4.24,0.13
1481,4.24,0.13
1482,4.24,0.13
1483,4.24,0.13
1484,4.24,0.13
1485,4.24,0.13
1486,4.24,0.13
1487,4.24,0.13
1488,4.24,0.13
1489,4.24,0.13
1490,4.23,0.13
1491,4.23,0.13
1492,4.23,0.13
1493,4.23,0.13
1494,4.23,0.13
1495,4.23,0.13
1496,4.23,0.13
1497,4.22,0.13
1498,4.22,0.13
1499,4.22,0.13
1500,4.22,0.13
1501,4.22,0.14
1502,4.22,0.13
1503,4.22,0.13
1504,4.22,0.14
1505,4.22,0.14
1506,4.22,0.14
1507,4.22,0.14
1508,4.23,0.14
1509,4.23,0.14
1510,4.23,0.14
1511,4.23,0.14
1512,4.23,0.14
1513,4.24,0.14
1514,4.24,0.14
1515,4.24,0.14
1516,4.24,0.14
1517,4.25,0.15
1518,4.25,0.14
1519,4.25,0.15
1520,4.26,0.15
1521,4.26,0.15
1522,4.26,0.15
1523,4.27,0.15
1524,4.27,0.15
1525,4.27,0.14
1526,4.27,0.15
1527,4.28,0.15
1528,4.28,0.15
1529,4.28,0.15
1530,4.28,0.15
1531,4.28,0.15
1532,4.28,0.15
1533,4.28,0.15
1534,4.28,0.15
1535,4.28,0.15
1536,4.28,0.15
1537,4.28,0.15
1538,4.28,0.15
1539,4.28,0.15
1540,4.28,0.15
1541,4.28,0.15
1542,4.28,0.15
1543,4.28,0.15
1544,4.28,0.15
1545,4.28,0.15
1546,4.27,0.15
1547,4.27,0.15
1548,4.27,0.15
1549,4.27,0.15
1550,4.27,0.15
1551,4.27,0.15
1552,4.27,0.16
1553,4.27,0.15
1554,4.27,0.15
1555,4.27,0.15
1556,4.27,0.16
1557,4.27,0.16
1558,4.27,0.16
1559,4.27,0.16
1560,4.27,0.15
1561,4.27,0.16
1562,4.27,0.16
1563,4.28,0.16
1564,4.28,0.16
1565,4.28,0.16
1566,4.28,0.16
1567,4.29,0.16
1568,4.29,0.16
1569,4.29,0.16
1570,4.29,0.16
1571,4.3,0.16
1572,4.3,0.16
1573,4.3,0.16
1574,4.31,0.16
1575,4.31,0.16
1576,4.31,0.17
1577,4.31,0.16
1578,4.32,0.16
1579,4.32,0.17
1580,4.32,0.17
1581,4.32,0.17
1582,4.32,0.17
1583,4.32,0.17
1584,4.33,0.17
1585,4.33,0.17
1586,4.33,0.17
1587,4.33,0.17
1588,4.33,0.17
1589,4.33,0.17
1590,4.33,0.17
1591,4.33,0.17
1592,4.33,0.17
1593,4.32,0.17
1594,4.32,0.17
1595,4.32,0.17
1596,4.32,0.17
1597,4.32,0.17
1598,4.32,0.17
1599,4.32,0.17
1600,4.32,0.17
1601,4.32,0.17
1602,4.32,0.17
1603,4.32,0.17
1604,4.31,0.17
1605,4.31,0.17
1606,4.31,0.17
1607,4.31,0.17
1608,4.31,0.17
1609,4.32,0.17
1610,4.32,0.17
1611,4.32,0.17
1612,4.32,0.17
1613,4.32,0.17
1614,4.32,0.17
1615,4.32,0.17
1616,4.33,0.17
1617,4.33,0.18
1618,4.33,0.18
1619,4.33,0.18
1620,4.33,0.18
1621,4.34,0.18
1622,4.34,0.18
1623,4.34,0.17
1624,4.35,0.18
1625,4.35,0.18
1626,4.35,0.18
1627,4.35,0.18
1628,4.36,0.18
1629,4.36,0.18
1630,4.36,0.18
1631,4.36,0.19
1632,4.36,0.19
1633,4.37,0.18
1634,4.37,0.19
1635,4.37,0.18
1636,4.37,0.18
1637,4.37,0.19
1638,4.37,0.19
1639,4.37,0.19
1640,4.37,0.19
1641,4.37,0.19
1642,4.37,0.19
1643,4.37,0.19
1644,4.37,0.19
1645,4.37,0.19
1646,4.37,0.19
1647,4.37,0.19
1648,4.37,0.19
1649,4.37,0.19
1650,4.37,0.19
1651,4.37,0.19
1652,4.36,0.19
1653,4.36,0.19
1654,4.36,0.19
1655,4.36,0.19
1656,4.36,0.19
1657,4.36,0.19
1658,4.36,0.19
1659,4.36,0.19
1660,4.36,0.19
1661,4.36,0.19
1662,4.36,0.19
1663,4.36,0.19
1664,4.37,0.19
1665,4.37,0.19
1666,4.37,0.19
1667,4.37,0.19
1668,4.37,0.19
1669,4.37,0.19
1670,4.37,0.19
1671,4.38,0.19
1672,4.38,0.19
1673,4.38,0.19
1674,4.38,0.2
1675,4.39,0.2
1676,4.39,0.2
1677,4.39,0.2
1678,4.39,0.2
1679,4.4,0.19
1680,4.4,0.2
1681,4.4,0.2
1682,4.4,0.2
1683,4.41,0.21
1684,4.41,0.2
1685,4.41,0.2
1686,4.41,0.2
1687,4.41,0.2
1688,4.41,0.21
1689,4.41,0.2
1690,4.42,0.2
1691,4.42,0.2
1692,4.42,0.2
1693,4.42,0.21
1694,4.42,0.21
1695,4.42,0.21
1696,4.42,0.21
1697,4.42,0.21
1698,4.42,0.21
1699,4.42,0.21
1700,4.41,0.21
1701,4.41,0.21
1702,4.41,0.21
1703,4.41,0.21
1704,4.41,0.21
1705,4.41,0.21
1706,4.41,0.21
1707,4.41,0.21
1708,4.41,0.21
1709,4.41,0.21
1710,4.41,0.21
1711,4.41,0.21
1712,4.41,0.21
1713,4.41,0.21
1714,4.41,0.21
1715,4.41,0.21
1716,4.41,0.21
1717,4.41,0.21
1718,4.42,0.21
1719,4.42,0.21
1720,4.42,0.21
1721,4.42,0.21
1722,4.42,0.21
1723,4.43,0.21
1724,4.43,0.21
1725,4.43,0.21
1726,4.43,0.21
1727,4.43,0.21
1728,4.44,0.21
1729,4.44,0.22
1730,4.44,0.22
1731,4.44,0.22
1732,4.45,0.22
1733,4.45,0.22
1734,4.45,0.22
1735,4.45,0.22
1736,4.45,0.22
1737,4.46,0.22
1738,4.46,0.22
1739,4.46,0.22
1740,4.46,0.22
1741,4.46,0.22
1742,4.46,0.22
1743,4.46,0.22
1744,4.46,0.22
1745,4.46,0.22
1746,4.46,0.22
1747,4.46,0.22
1748,4.46,0.22
1749,4.46,0.22
1750,4.46,0.22
1751,4.46,0.22
1752,4.46,0.22
1753,4.46,0.23
1754,4.46,0.22
1755,4.46,0.22
1756,4.46,0.22
1757,4.46,0.22
1758,4.46,0.22
1759,4.46,0.22
1760,4.46,0.22
1761,4.46,0.22
1762,4.46,0.22
1763,4.46,0.22
1764,4.46,0.22
1765,4.46,0.22
1766,4.46,0.23
1767,4.46,0.22
1768,4.46,0.23
1769,4.46,0.23
1770,4.46,0.23
1771,4.47,0.23
1772,4.47,0.23
1773,4.47,0.23
1774,4.47,0.23
1775,4.47,0.23
1776,4.47,0.23
1777,4.48,0.23
1778,4.48,0.23
1779,4.48,0.24
1780,4.48,0.23
1781,4.49,0.23
1782,4.49,0.24
1783,4.49,0.24
1784,4.49,0.24
1785,4.49,0.24
1786,4.5,0.24
1787,4.5,0.24
1788,4.5,0.24
1789,4.5,0.24
1790,4.5,0.24
1791,4.51,0.24
1792,4.51,0.24
1793,4.51,0.24
1794,4.51,0.24
1795,4.51,0.24
1796,4.51,0.24
1797,4.51,0.24
1798,4.51,0.24
1799,4.51,0.24
1800,4.51,0.24
1801,4.51,0.24
1802,4.51,0.24
1803,4.51,0.24
1804,4.51,0.24
1805,4.51,0.24
1806,4.51,0.24
1807,4.51,0.24
1808,4.51,0.24
1809,4.51,0.24
1810,4.51,0.24
1811,4.51,0.24
1812,4.51,0.24
1813,4.51,0.24
1814,4.51,0.24
1815,4.51,0.24
1816,4.51,0.24
1817,4.51,0.24
1818,4.51,0.25
1819,4.51,0.25
1820,4.51,0.25
1821,4.51,0.25
1822,4.51,0.25
1823,4.51,0.25
1824,4.52,0.25
1825,4.52,0.24
1826,4.52,0.24
1827,4.52,0.25
1828,4.52,0.25
1829,4.52,0.25
1830,4.53,0.25
1831,4.53,0.25
1832,4.53,0.25
1833,4.53,0.25
1834,4.53,0.26
1835,4.54,0.26
1836,4.54,0.26
1837,4.54,0.26
1838,4.54,0.25
1839,4.54,0.26
1840,4.55,0.26
1841,4.55,0.26
1842,4.55,0.26
1843,4.55,0.26
1844,4.55,0.26
1845,4.55,0.26
1846,4.55,0.26
1847,4.56,0.26
1848,4.56,0.26
1849,4.56,0.26
1850,4.56,0.26
1851,4.56,0.26
1852,4.56,0.26
1853,4.56,0.26
1854,4.56,0.26
1855,4.56,0.26
1856,4.56,0.26
1857,4.56,0.26
1858,4.56,0.26
1859,4.56,0.26
1860,4.56,0.26
1861,4.56,0.26
1862,4.56,0.26
1863,4.56,0.26
1864,4.56,0.26
1865,4.56,0.27
1866,4.56,0.26
1867,4.56,0.26
1868,4.56,0.26
1869,4.56,0.26
1870,4.56,0.27
1871,4.56,0.26
1872,4.56,0.27
1873,4.56,0.26
1874,4.56,0.26
1875,4.56,0.27
1876,4.56,0.27
1877,4.57,0.27
1878,4.57,0.27
1879,4.57,0.27
1880,4.57,0.27
1881,4.57,0.27
1882,4.58,0.27
1883,4.58,0.27
1884,4.58,0.28
1885,4.58,0.27
1886,4.58,0.27
1887,4.59,0.28
1888,4.59,0.27
1889,4.59,0.28
1890,4.59,0.27
1891,4.59,0.28
1892,4.59,0.28
1893,4.6,0.28
1894,4.6,0.28
1895,4.6,0.28
1896,4.6,0.28
1897,4.6,0.28
1898,4.6,0.28
1899,4.6,0.28
1900,4.6,0.28
1901,4.61,0.28
1902,4.61,0.28
1903,4.61,0.28
1904,4.61,0.28
1905,4.61,0.28
1906,4.61,0.28
1907,4.61,0.28
1908,4.61,0.28
1909,4.61,0.28
1910,4.61,0.28
1911,4.61,0.28
1912,4.61,0.28
1913,4.61,0.28
1914,4.61,0.28
1915,4.61,0.28
1916,4.61,0.29
1917,4.61,0.28
1918,4.61,0.28
1919,4.61,0.28
1920,4.61,0.28
1921,4.61,0.28
1922,4.61,0.28
1923,4.61,0.28
1924,4.61,0.29
1925,4.61,0.29
1926,4.61,0.28
1927,4.61,0.29
1928,4.62,0.29
1929,4.62,0.29
1930,4.62,0.29
1931,4.62,0.29
1932,4.62,0.29
1933,4.62,0.29
1934,4.62,0.29
1935,4.63,0.29
1936,4.63,0.29
1937,4.63,0.29
1938,4.63,0.29
1939,4.63,0.29
1940,4.64,0.29
1941,4.64,0.3
1942,4.64,0.29
1943,4.64,0.29
1944,4.64,0.3
1945,4.64,0.3
1946,4.65,0.3
1947,4.65,0.3
1948,4.65,0.3
1949,4.65,0.3
1950,4.65,0.3
1951,4.65,0.3
1952,4.65,0.3
1953,4.65,0.3
1954,4.65,0.3
1955,4.66,0.3
1956,4.66,0.3
1957,4.66,0.3
1958,4.66,0.3
1959,4.66,0.3
1960,4.66,0.3
1961,4.66,0.3
1962,4.66,0.3
1963,4.66,0.3
1964,4.66,0.3
1965,4.66,0.3
1966,4.66,0.3
1967,4.66,0.3
1968,4.66,0.3
1969,4.66,0.3
1970,4.66,0.3
1971,4.66,0.3
1972,4.66,0.3
1973,4.66,0.3
1974,4.66,0.3
1975,4.66,0.3
1976,4.66,0.31
1977,4.66,0.3
1978,4.66,0.3
1979,4.66,0.3
1980,4.67,0.3
1981,4.67,0.31
1982,4.67,0.31
1983,4.67,0.3
1984,4.67,0.31
1985,4.67,0.31
1986,4.67,0.31
1987,4.68,0.31
1988,4.68,0.31
1989,4.68,0.31
1990,4.68,0.31
1991,4.68,0.31
1992,4.69,0.31
1993,4.69,0.31
1994,4.69,0.31
1995,4.69,0.32
1996,4.69,0.32
1997,4.69,0.32
1998,4.7,0.31
1999,4.7,0.32
2000,4.7,0.32
2001,4.7,0.31
2002,4.7,0.32
2003,4.7,0.32
2004,4.7,0.31
2005,4.7,0.32
2006,4.7,0.32
2007,4.7,0.32
2008,4.71,0.32
2009,4.71,0.32
2010,4.71,0.32
2011,4.71,0.32
2012,4.71,0.32
2013,4.71,0.32
2014,4.71,0.32
2015,4.71,0.32
2016,4.71,0.32
2017,4.71,0.32
2018,4.71,0.32
2019,4.71,0.32
2020,4.71,0.32
2021,4.71,0.32
2022,4.71,0.32
2023,4.71,0.32
2024,4.71,0.32
2025,4.71,0.32
2026,4.71,0.32
2027,4.71,0.33
2028,4.71,0.33
2029,4.71,0.33
2030,4.71,0.33
2031,4.71,0.32
2032,4.72,0.32
2033,4.72,0.32
2034,4.72,0.33
2035,4.72,0.33
2036,4.72,0.32
2037,4.72,0.32
2038,4.72,0.32
2039,4.73,0.33
2040,4.73,0.33
2041,4.73,0.33
2042,4.73,0.33
2043,4.73,0.33
2044,4.73,0.33
2045,4.73,0.33
2046,4.74,0.34
2047,4.74,0.33
2048,4.74,0.34
2049,4.74,0.33
2050,4.74,0.34
2051,4.74,0.34
2052,4.75,0.34
2053,4.75,0.34
2054,4.75,0.34
2055,4.75,0.34
2056,4.75,0.34
2057,4.75,0.34
2058,4.75,0.34
2059,4.75,0.34
2060,4.75,0.34
2061,4.75,0.34
2062,4.75,0.34
2063,4.75,0.34
2064,4.75,0.34
2065,4.75,0.34
2066,4.75,0.34
2067,4.76,0.34
2068,4.76,0.34
2069,4.76,0.34
2070,4.76,0.34
2071,4.76,0.34
2072,4.76,0.34
2073,4.76,0.34
2074,4.76,0.34
2075,4.76,0.34
2076,4.76,0.34
2077,4.76,0.34
2078,4.76,0.34
2079,4.76,0.34
2080,4.76,0.34
2081,4.76,0.34
2082,4.76,0.34
2083,4.76,0.34
2084,4.76,0.34
2085,4.76,0.35
2086,4.77,0.35
2087,4.77,0.35
2088,4.77,0.35
2089,4.77,0.35
2090,4.77,0.35
2091,4.77,0.35
2092,4.77,0.35
2093,4.78,0.36
2094,4.78,0.35
2095,4.78,0.35
2096,4.78,0.35
2097,4.78,0.35
2098,4.78,0.35
2099,4.79,0.35
2100,4.79,0.36
2101,4.79,0.36
2102,4.79,0.35
2103,4.79,0.35
2104,4.79,0.36
2105,4.79,0.36
2106,4.8,0.36
2107,4.8,0.36
2108,4.8,0.36
2109,4.8,0.36
2110,4.8,0.36
2111,4.8,0.35
2112,4.8,0.36
2113,4.8,0.36
2114,4.8,0.36
2115,4.8,0.36
2116,4.8,0.36
2117,4.81,0.36
2118,4.81,0.36
2119,4.81,0.36
2120,4.81,0.36
2121,4.81,0.36
2122,4.81,0.36
2123,4.81,0.36
2124,4.81,0.36
2125,4.81,0.36
2126,4.81,0.36
2127,4.81,0.36
2128,4.81,0.37
2129,4.81,0.36
2130,4.81,0.36
2131,4.81,0.36
2132,4.81,0.36
2133,4.81,0.36
2134,4.81,0.36
2135,4.81,0.37
2136,4.82,0.37
2137,4.82,0.37
2138,4.82,0.36
2139,4.82,0.37
2140,4.82,0.37
2141,4.82,0.37
2142,4.82,0.37
2143,4.82,0.37
2144,4.83,0.37
2145,4.83,0.37
2146,4.83,0.37
2147,4.83,0.37
2148,4.83,0.37
2149,4.83,0.37
2150,4.83,0.37
2151,4.84,0.37
2152,4.84,0.37
2153,4.84,0.37
2154,4.84,0.37
2155,4.84,0.37
2156,4.84,0.37
2157,4.84,0.37
2158,4.85,0.37
2159,4.85,0.37
2160,4.85,0.37
2161,4.85,0.37
2162,4.85,0.37
2163,4.85,0.37
2164,4.85,0.37
2165,4.85,0.37
2166,4.85,0.37
2167,4.85,0.37
2168,4.85,0.37
2169,4.85,0.37
2170,4.85,0.37
2171,4.85,0.38
2172,4.86,0.37
2173,4.86,0.38
2174,4.86,0.37
2175,4.86,0.38
2176,4.86,0.38
2177,4.86,0.38
2178,4.86,0.38
2179,4.86,0.38
2180,4.86,0.38
2181,4.86,0.38
2182,4.86,0.38
2183,4.86,0.38
2184,4.86,0.38
2185,4.86,0.38
2186,4.86,0.38
2187,4.86,0.38
2188,4.86,0.38
2189,4.86,0.39
2190,4.87,0.39
2191,4.87,0.38
2192,4.87,0.39
2193,4.87,0.39
2194,4.87,0.39
2195,4.87,0.39
2196,4.87,0.39
2197,4.87,0.38
2198,4.88,0.39
2199,4.88,0.39
2200,4.88,0.39
2201,4.88,0.39
2202,4.88,0.39
2203,4.88,0.39
2204,4.88,0.39
2205,4.89,0.39
2206,4.89,0.39
2207,4.89,0.39
2208,4.89,0.39
2209,4.89,0.39
2210,4.89,0.39
2211,4.89,0.39
2212,4.89,0.39
2213,4.9,0.39
2214,4.9,0.39
2215,4.9,0.39
2216,4.9,0.39
2217,4.9,0.4
2218,4.9,0.39
2219,4.9,0.39
2220,4.9,0.39
2221,4.9,0.39
2222,4.9,0.4
2223,4.9,0.39
2224,4.9,0.39
2225,4.9,0.4
2226,4.9,0.39
2227,4.9,0.4
2228,4.9,0.4
2229,4.91,0.39
2230,4.91,0.4
2231,4.91,0.4
2232,4.91,0.4
2233,4.91,0.4
2234,4.91,0.4
2235,4.91,0.41
2236,4.91,0.4
2237,4.91,0.4
2238,4.91,0.41
2239,4.91,0.4
2240,4.91,0.4
2241,4.91,0.4
2242,4.91,0.41
2243,4.92,0.4
2244,4.92,0.4
2245,4.92,0.41
2246,4.92,0.4
2247,4.92,0.41
2248,4.92,0.41
2249,4.92,0.41
2250,4.92,0.41
2251,4.93,0.41
2252,4.93,0.41
2253,4.93,0.4
2254,4.93,0.41
2255,4.93,0.41
2256,4.93,0.41
2257,4.93,0.41
2258,4.93,0.41
2259,4.94,0.41
2260,4.94,0.41
2261,4.94,0.41
2262,4.94,0.41
2263,4.94,0.41
2264,4.94,0.41
2265,4.94,0.41
2266,4.94,0.41
2267,4.94,0.41
2268,4.95,0.41
2269,4.95,0.41
2270,4.95,0.41
2271,4.95,0.42
2272,4.95,0.41
2273,4.95,0.41
2274,4.95,0.41
2275,4.95,0.42
2276,4.95,0.42
2277,4.95,0.41
2278,4.95,0.42
2279,4.95,0.42
2280,4.95,0.42
2281,4.95,0.42
2282,4.95,0.42
2283,4.95,0.42
2284,4.95,0.42
2285,4.95,0.42
2286,4.96,0.42
2287,4.96,0.42
2288,4.96,0.42
2289,4.96,0.42
2290,4.96,0.42
2291,4.96,0.42
2292,4.96,0.42
2293,4.96,0.42
2294,4.96,0.42
2295,4.96,0.42
2296,4.96,0.42
2297,4.96,0.43
2298,4.97,0.43
2299,4.97,0.43
2300,4.97,0.43
2301,4.97,0.43
2302,4.97,0.43
2303,4.97,0.43
2304,4.97,0.43
2305,4.97,0.43
2306,4.98,0.43
2307,4.98,0.43
2308,4.98,0.43
2309,4.98,0.43
2310,4.98,0.43
2311,4.98,0.43
2312,4.98,0.43
2313,4.98,0.43
2314,4.99,0.43
2315,4.99,0.43
2316,4.99,0.43
2317,4.99,0.43
2318,4.99,0.43
2319,4.99,0.43
2320,4.99,0.43
2321,4.99,0.43
2322,4.99,0.43
2323,4.99,0.43
2324,4.99,0.43
2325,5.0,0.43
2326,5.0,0.43
2327,5.0,0.43
2328,5.0,0.43
2329,5.0,0.43
2330,5.0,0.43
2331,5.0,0.43
2332,5.0,0.43
2333,5.0,0.44
2334,5.0,0.44
2335,5.0,0.44
2336,5.0,0.44
2337,5.0,0.44
2338,5.0,0.44
2339,5.0,0.44
2340,5.0,0.44
2341,5.0,0.44
2342,5.01,0.44
2343,5.01,0.44
2344,5.01,0.44
2345,5.01,0.44
2346,5.01,0.44
2347,5.01,0.45
2348,5.01,0.44
2349,5.01,0.44
2350,5.01,0.44
2351,5.01,0.44
2352,5.01,0.45
2353,5.02,0.45
2354,5.02,0.45
2355,5.02,0.45
2356,5.02,0.45
2357,5.02,0.45
2358,5.02,0.45
2359,5.02,0.45
2360,5.02,0.45
2361,5.02,0.45
2362,5.03,0.45
2363,5.03,0.45
2364,5.03,0.45
2365,5.03,0.45
2366,5.03,0.45
2367,5.03,0.45
2368,5.03,0.45
2369,5.03,0.45
2370,5.03,0.45
2371,5.04,0.45
2372,5.04,0.45
2373,5.04,0.45
2374,5.04,0.45
2375,5.04,0.45
2376,5.04,0.45
2377,5.04,0.45
2378,5.04,0.45
2379,5.04,0.45
2380,5.04,0.45
2381,5.04,0.45
2382,5.04,0.45
2383,5.04,0.45
2384,5.04,0.45
2385,5.04,0.45
2386,5.05,0.46
2387,5.05,0.45
2388,5.05,0.45
2389,5.05,0.45
2390,5.05,0.46
2391,5.05,0.46
2392,5.05,0.46
2393,5.05,0.46
2394,5.05,0.46
2395,5.05,0.46
2396,5.05,0.47
2397,5.05,0.46
2398,5.05,0.46
2399,5.05,0.46
2400,5.06,0.46
2401,5.06,0.46
2402,5.06,0.47
2403,5.06,0.46
2404,5.06,0.47
2405,5.06,0.46
2406,5.06,0.46
2407,5.06,0.46
2408,5.06,0.46
2409,5.07,0.47
2410,5.07,0.47
2411,5.07,0.47
2412,5.07,0.47
2413,5.07,0.47
2414,5.07,0.47
2415,5.07,0.47
2416,5.07,0.47
2417,5.08,0.47
2418,5.08,0.47
2419,5.08,0.47
2420,5.08,0.47
2421,5.08,0.47
2422,5.08,0.47
2423,5.08,0.47
2424,5.08,0.47
2425,5.08,0.47
2426,5.08,0.47
2427,5.08,0.47
2428,5.08,0.47
2429,5.09,0.47
2430,5.09,0.47
2431,5.09,0.47
2432,5.09,0.47
2433,5.09,0.47
2434,5.09,0.48
2435,5.09,0.47
2436,5.09,0.47
2437,5.09,0.48
2438,5.09,0.48
2439,5.09,0.48
2440,5.09,0.47
2441,5.09,0.47
2442,5.09,0.48
2443,5.09,0.47
2444,5.1,0.48
2445,5.1,0.47
2446,5.1,0.48
2447,5.1,0.48
2448,5.1,0.48
2449,5.1,0.48
2450,5.1,0.48
2451,5.1,0.48
2452,5.1,0.48
2453,5.1,0.48
2454,5.1,0.48
2455,5.1,0.48
2456,5.11,0.48
2457,5.11,0.48
2458,5.11,0.48
2459,5.11,0.48
2460,5.11,0.49
2461,5.11,0.49
2462,5.11,0.49
2463,5.11,0.48
2464,5.11,0.49
2465,5.12,0.48
2466,5.12,0.49
2467,5.12,0.49
2468,5.12,0.49
2469,5.12,0.49
2470,5.12,0.49
2471,5.12,0.49
2472,5.12,0.49
2473,5.12,0.49
2474,5.12,0.49
2475,5.13,0.49
2476,5.13,0.49
2477,5.13,0.49
2478,5.13,0.49
2479,5.13,0.49
2480,5.13,0.49
2481,5.13,0.49
2482,5.13,0.49
2483,5.13,0.49
2484,5.13,0.49
2485,5.13,0.49
2486,5.13,0.49
2487,5.13,0.49
2488,5.14,0.49
2489,5.14,0.49
2490,5.14,0.49
2491,5.14,0.49
2492,5.14,0.49
2493,5.14,0.49
2494,5.14,0.49
2495,5.14,0.49
2496,5.14,0.49
2497,5.14,0.49
2498,5.14,0.5
2499,5.14,0.5
2500,5.14,0.5
2501,5.14,0.49
2502,5.14,0.5
2503,5.15,0.5
2504,5.15,0.5
2505,5.15,0.5
2506,5.15,0.5
2507,5.15,0.5
2508,5.15,0.5
2509,5.15,0.5
2510,5.15,0.5
2511,5.15,0.49
2512,5.15,0.5
2513,5.15,0.5
2514,5.15,0.51
2515,5.16,0.5
2516,5.16,0.5
2517,5.16,0.51
2518,5.16,0.5
2519,5.16,0.5
2520,5.16,0.51
2521,5.16,0.51
2522,5.16,0.51
2523,5.16,0.5
2524,5.16,0.51
2525,5.17,0.51
2526,5.17,0.51
2527,5.17,0.51
2528,5.17,0.51
2529,5.17,0.51
2530,5.17,0.51
2531,5.17,0.51
2532,5.17,0.51
2533,5.17,0.51
2534,5.17,0.51
2535,5.17,0.51
2536,5.17,0.51
2537,5.18,0.51
2538,5.18,0.51
2539,5.18,0.51
2540,5.18,0.51
2541,5.18,0.51
2542,5.18,0.51
2543,5.18,0.51
2544,5.18,0.51
2545,5.18,0.51
2546,5.18,0.51
2547,5.18,0.51
2548,5.18,0.51
2549,5.18,0.51
2550,5.18,0.51
2551,5.18,0.51
2552,5.18,0.51
2553,5.19,0.52
2554,5.19,0.52
2555,5.19,0.52
2556,5.19,0.51
2557,5.19,0.51
2558,5.19,0.51
2559,5.19,0.52
2560,5.19,0.52
2561,5.19,0.52
2562,5.19,0.52
2563,5.19,0.52
2564,5.2,0.52
2565,5.2,0.52
2566,5.2,0.52
2567,5.2,0.52
2568,5.2,0.52
2569,5.2,0.52
2570,5.2,0.52
2571,5.2,0.52
2572,5.2,0.52
2573,5.2,0.52
2574,5.21,0.52
2575,5.21,0.52
2576,5.21,0.52
2577,5.21,0.52
2578,5.21,0.52
2579,5.21,0.52
2580,5.21,0.52
2581,5.21,0.52
2582,5.21,0.52
2583,5.21,0.52
2584,5.21,0.52
2585,5.21,0.52
2586,5.21,0.53
2587,5.22,0.52
2588,5.22,0.52
2589,5.22,0.52
2590,5.22,0.52
2591,5.22,0.52
2592,5.22,0.52
2593,5.22,0.52
2594,5.22,0.53
2595,5.22,0.52
2596,5.22,0.52
2597,5.22,0.52
2598,5.22,0.52
2599,5.22,0.52
2600,5.22,0.53
2601,5.23,0.53
2602,5.23,0.53
2603,5.23,0.53
2604,5.23,0.53
2605,5.23,0.53
2606,5.23,0.52
2607,5.23,0.53
2608,5.23,0.53
2609,5.23,0.53
2610,5.23,0.53
2611,5.23,0.53
2612,5.23,0.53
2613,5.24,0.53
2614,5.24,0.53
2615,5.24,0.53
2616,5.24,0.53
2617,5.24,0.53
2618,5.24,0.54
2619,5.24,0.54
2620,5.24,0.54
2621,5.24,0.54
2622,5.24,0.54
2623,5.25,0.54
2624,5.25,0.54
2625,5.25,0.54
2626,5.25,0.54
2627,5.25,0.54
2628,5.25,0.54
2629,5.25,0.54
2630,5.25,0.54
2631,5.25,0.54
2632,5.25,0.54
2633,5.25,0.54
2634,5.25,0.54
2635,5.26,0.54
2636,5.26,0.54
2637,5.26,0.54
2638,5.26,0.54
2639,5.26,0.54
2640,5.26,0.54
2641,5.26,0.54
2642,5.26,0.54
2643,5.26,0.54
2644,5.26,0.54
2645,5.26,0.54
2646,5.26,0.54
2647,5.26,0.54
2648,5.26,0.54
2649,5.27,0.54
2650,5.27,0.54
2651,5.27,0.54
2652,5.27,0.54
2653,5.27,0.55
2654,5.27,0.55
2655,5.27,0.55
2656,5.27,0.55
2657,5.27,0.55
2658,5.27,0.55
2659,5.27,0.55
2660,5.27,0.55
2661,5.27,0.55
2662,5.28,0.55
2663,5.28,0.55
2664,5.28,0.54
2665,5.28,0.55
2666,5.28,0.55
2667,5.28,0.55
2668,5.28,0.55
2669,5.28,0.55
2670,5.28,0.55
2671,5.28,0.55
2672,5.29,0.55
2673,5.29,0.55
2674,5.29,0.56
2675,5.29,0.55
2676,5.29,0.55
2677,5.29,0.56
2678,5.29,0.56
2679,5.29,0.56
2680,5.29,0.56
2681,5.29,0.55
2682,5.29,0.56
2683,5.3,0.56
2684,5.3,0.56
2685,5.3,0.56
2686,5.3,0.56
2687,5.3,0.56
2688,5.3,0.56
2689,5.3,0.56
2690,5.3,0.56
2691,5.3,0.56
2692,5.3,0.56
2693,5.3,0.56
2694,5.3,0.56
2695,5.3,0.56
2696,5.3,0.56
2697,5.31,0.56
2698,5.31,0.56
2699,5.31,0.56
2700,5.31,0.56
2701,5.31,0.56
2702,5.31,0.56
2703,5.31,0.56
2704,5.31,0.56
2705,5.31,0.56
2706,5.31,0.56
2707,5.31,0.56
2708,5.31,0.57
2709,5.31,0.56
2710,5.32,0.57
2711,5.32,0.57
2712,5.32,0.56
2713,5.32,0.57
2714,5.32,0.56
2715,5.32,0.56
2716,5.32,0.57
2717,5.32,0.56
2718,5.32,0.56
2719,5.32,0.57
2720,5.32,0.57
2721,5.32,0.57
2722,5.33,0.57
2723,5.33,0.57
2724,5.33,0.57
2725,5.33,0.56
2726,5.33,0.57
2727,5.33,0.56
2728,5.33,0.57
2729,5.33,0.57
2730,5.33,0.57
2731,5.33,0.57
2732,5.33,0.58
2733,5.34,0.58
2734,5.34,0.57
2735,5.34,0.57
2736,5.34,0.58
2737,5.34,0.57
2738,5.34,0.58
2739,5.34,0.58
2740,5.34,0.57
2741,5.34,0.57
2742,5.34,0.58
2743,5.34,0.58
2744,5.34,0.58
2745,5.34,0.58
2746,5.35,0.58
2747,5.35,0.58
2748,5.35,0.58
2749,5.35,0.58
2750,5.35,0.58
2751,5.35,0.58
2752,5.35,0.58
2753,5.35,0.58
2754,5.35,0.58
2755,5.35,0.58
2756,5.35,0.58
2757,5.35,0.58
2758,5.35,0.58
2759,5.35,0.58
2760,5.36,0.58
2761,5.36,0.58
2762,5.36,0.58
2763,5.36,0.58
2764,5.36,0.58
2765,5.36,0.58
2766,5.36,0.58
2767,5.36,0.58
2768,5.36,0.58
2769,5.36,0.58
2770,5.36,0.58
2771,5.37,0.59
2772,5.37,0.58
2773,5.37,0.58
2774,5.37,0.58
2775,5.37,0.59
2776,5.37,0.58
2777,5.37,0.59
2778,5.37,0.59
2779,5.37,0.58
2780,5.37,0.59
2781,5.37,0.59
2782,5.37,0.59
2783,5.38,0.59
2784,5.38,0.59
2785,5.38,0.59
2786,5.38,0.59
2787,5.38,0.59
2788,5.38,0.59
2789,5.38,0.6
2790,5.38,0.59
2791,5.38,0.59
2792,5.38,0.59
2793,5.38,0.59
2794,5.38,0.59
2795,5.38,0.59
2796,5.39,0.59
2797,5.39,0.6
2798,5.39,0.6
2799,5.39,0.6
2800,5.39,0.6
2801,5.39,0.6
2802,5.39,0.6
2803,5.39,0.6
2804,5.39,0.6
2805,5.39,0.6
2806,5.39,0.6
2807,5.39,0.6
2808,5.39,0.6
2809,5.39,0.6
2810,5.39,0.6
2811,5.39,0.6
2812,5.4,0.6
2813,5.4,0.6
2814,5.4,0.6
2815,5.4,0.6
2816,5.4,0.6
2817,5.4,0.6
2818,5.4,0.6
2819,5.4,0.6
2820,5.4,0.6
2821,5.4,0.6
2822,5.4,0.6
2823,5.4,0.6
2824,5.4,0.6
2825,5.41,0.6
2826,5.41,0.6
2827,5.41,0.6
2828,5.41,0.6
2829,5.41,0.6
2830,5.41,0.6
2831,5.41,0.6
2832,5.41,0.6
2833,5.41,0.6
2834,5.41,0.6
2835,5.41,0.6
2836,5.41,0.6
2837,5.42,0.61
2838,5.42,0.61
2839,5.42,0.61
2840,5.42,0.6
2841,5.42,0.61
2842,5.42,0.61
2843,5.42,0.6
2844,5.42,0.61
2845,5.42,0.61
2846,5.42,0.6
2847,5.42,0.61
2848,5.42,0.61
2849,5.42,0.61
2850,5.42,0.61
2851,5.42,0.61
2852,5.42,0.61
2853,5.42,0.61
2854,5.42,0.61
2855,5.43,0.61
2856,5.43,0.61
2857,5.43,0.61
2858,5.43,0.61
2859,5.43,0.62
2860,5.43,0.61
2861,5.43,0.61
2862,5.43,0.61
2863,5.43,0.61
2864,5.43,0.61
2865,5.43,0.61
2866,5.43,0.62
2867,5.43,0.62
2868,5.43,0.62
2869,5.44,0.62
2870,5.44,0.62
2871,5.44,0.62
2872,5.44,0.62
2873,5.44,0.62
2874,5.44,0.62
2875,5.44,0.62
2876,5.44,0.62
2877,5.44,0.62
2878,5.44,0.62
2879,5.44,0.62
2880,5.44,0.62
2881,5.44,0.62
2882,5.45,0.62
2883,5.45,0.62
2884,5.45,0.62
2885,5.45,0.62
2886,5.45,0.62
2887,5.45,0.62
2888,5.45,0.62
2889,5.45,0.62
2890,5.45,0.62
2891,5.45,0.62
2892,5.45,0.62
2893,5.45,0.62
2894,5.45,0.62
2895,5.46,0.62
2896,5.46,0.62
2897,5.46,0.62
2898,5.46,0.62
2899,5.46,0.62
2900,5.46,0.62
2901,5.46,0.62
2902,5.46,0.62
2903,5.46,0.62
2904,5.46,0.62
2905,5.46,0.62
2906,5.46,0.62
2907,5.46,0.62
2908,5.46,0.63
2909,5.46,0.63
2910,5.46,0.63
2911,5.47,0.62
2912,5.47,0.62
2913,5.47,0.62
2914,5.47,0.63
2915,5.47,0.63
2916,5.47,0.63
2917,5.47,0.63
2918,5.47,0.63
2919,5.47,0.63
2920,5.47,0.63
2921,5.47,0.63
2922,5.47,0.63
2923,5.47,0.63
2924,5.48,0.63
2925,5.48,0.64
2926,5.48,0.63
2927,5.48,0.63
2928,5.48,0.64
2929,5.48,0.64
2930,5.48,0.63
2931,5.48,0.64
2932,5.48,0.64
2933,5.48,0.63
2934,5.48,0.63
2935,5.48,0.64
2936,5.49,0.63
2937,5.49,0.64
2938,5.49,0.64
2939,5.49,0.64
2940,5.49,0.64
2941,5.49,0.64
2942,5.49,0.64
2943,5.49,0.64
2944,5.49,0.64
2945,5.49,0.64
2946,5.49,0.64
2947,5.49,0.64
2948,5.49,0.64
2949,5.49,0.64
2950,5.5,0.64
2951,5.5,0.64
2952,5.5,0.64
2953,5.5,0.64
2954,5.5,0.64
2955,5.5,0.64
2956,5.5,0.64
2957,5.5,0.64
2958,5.5,0.64
2959,5.5,0.64
2960,5.5,0.64
2961,5.5,0.64
2962,5.5,0.64
2963,5.5,0.64
2964,5.5,0.64
2965,5.5,0.64
2966,5.51,0.64
2967,5.51,0.64
2968,5.51,0.64
2969,5.51,0.64
2970,5.51,0.64
2971,5.51,0.64
2972,5.51,0.64
2973,5.51,0.64
2974,5.51,0.64
2975,5.51,0.64
2976,5.51,0.65
2977,5.51,0.64
2978,5.51,0.65
2979,5.52,0.65
2980,5.52,0.65
2981,5.52,0.65
2982,5.52,0.65
2983,5.52,0.65
2984,5.52,0.65
2985,5.52,0.65
2986,5.52,0.65
2987,5.52,0.65
2988,5.52,0.65
2989,5.52,0.65
2990,5.52,0.65
2991,5.52,0.65
2992,5.53,0.65
2993,5.53,0.65
2994,5.53,0.65
2995,5.53,0.65
2996,5.53,0.65
2997,5.53,0.65
2998,5.53,0.65
2999,5.53,0.65
3000,5.53,0.65
3001,5.53,0.65
3002,5.53,0.65
3003,5.53,0.65
3004,5.53,0.65
3005,5.53,0.65
3006,5.53,0.65
3007,5.54,0.65
3008,5.54,0.65
3009,5.54,0.65
3010,5.54,0.65
3011,5.54,0.65
3012,5.54,0.65
3013,5.54,0.65
3014,5.54,0.65
3015,5.54,0.65
3016,5.54,0.65
3017,5.54,0.65
3018,5.54,0.65
3019,5.54,0.65
3020,5.54,0.65
3021,5.54,0.66
3022,5.54,0.65
3023,5.54,0.66
3024,5.55,0.65
3025,5.55,0.66
3026,5.55,0.66
3027,5.55,0.66
3028,5.55,0.66
3029,5.55,0.65
3030,5.55,0.66
3031,5.55,0.66
3032,5.55,0.66
3033,5.55,0.66
3034,5.55,0.66
3035,5.55,0.66
3036,5.55,0.66
3037,5.56,0.66
3038,5.56,0.66
3039,5.56,0.66
3040,5.56,0.66
3041,5.56,0.66
3042,5.56,0.66
3043,5.56,0.66
3044,5.56,0.66
3045,5.56,0.67
3046,5.56,0.67
3047,5.56,0.66
3048,5.56,0.67
3049,5.56,0.67
3050,5.56,0.67
3051,5.56,0.67
3052,5.56,0.67
3053,5.56,0.67
3054,5.57,0.66
3055,5.57,0.67
3056,5.57,0.67
3057,5.57,0.67
3058,5.57,0.67
3059,5.57,0.67
3060,5.57,0.67
3061,5.57,0.67
3062,5.57,0.67
3063,5.57,0.67
3064,5.57,0.67
3065,5.57,0.67
3066,5.57,0.67
3067,5.57,0.67
3068,5.57,0.67
3069,5.57,0.67
3070,5.58,0.67
3071,5.58,0.67
3072,5.58,0.67
3073,5.58,0.67
3074,5.58,0.67
3075,5.58,0.67
3076,5.58,0.67
3077,5.58,0.67
3078,5.58,0.67
3079,5.58,0.67
3080,5.58,0.67
3081,5.58,0.67
3082,5.58,0.67
3083,5.58,0.67
3084,5.59,0.67
3085,5.59,0.67
3086,5.59,0.67
3087,5.59,0.67
3088,5.59,0.67
3089,5.59,0.67
3090,5.59,0.68
3091,5.59,0.67
3092,5.59,0.67
3093,5.59,0.68
3094,5.59,0.67
3095,5.59,0.68
3096,5.59,0.68
3097,5.59,0.68
3098,5.59,0.68
3099,5.59,0.67
3100,5.6,0.68
3101,5.6,0.67
3102,5.6,0.68
3103,5.6,0.68
3104,5.6,0.68
3105,5.6,0.68
3106,5.6,0.68
3107,5.6,0.68
3108,5.6,0.67
3109,5.6,0.68
3110,5.6,0.68
3111,5.6,0.68
3112,5.6,0.68
3113,5.6,0.68
3114,5.6,0.68
3115,5.6,0.68
3116,5.6,0.68
3117,5.6,0.69
3118,5.61,0.68
3119,5.61,0.69
3120,5.61,0.69
3121,5.61,0.68
3122,5.61,0.68
3123,5.61,0.68
3124,5.61,0.68
3125,5.61,0.69
3126,5.61,0.68
3127,5.61,0.69
3128,5.61,0.69
3129,5.61,0.69
3130,5.61,0.69
3131,5.61,0.69
3132,5.62,0.69
3133,5.62,0.68
3134,5.62,0.69
3135,5.62,0.69
3136,5.62,0.69
3137,5.62,0.69
3138,5.62,0.69
3139,5.62,0.69
3140,5.62,0.69
3141,5.62,0.69
3142,5.62,0.69
3143,5.62,0.69
3144,5.62,0.69
3145,5.62,0.69
3146,5.62,0.69
3147,5.62,0.69
3148,5.63,0.69
3149,5.63,0.69
3150,5.63,0.69
3151,5.63,0.69
3152,5.63,0.69
3153,5.63,0.69
3154,5.63,0.69
3155,5.63,0.69
3156,5.63,0.69
3157,5.63,0.69
3158,5.63,0.69
3159,5.63,0.69
3160,5.63,0.69
3161,5.63,0.69
3162,5.63,0.69
3163,5.63,0.69
3164,5.63,0.69
3165,5.63,0.69
3166,5.64,0.69
3167,5.64,0.69
3168,5.64,0.69
3169,5.64,0.69
3170,5.64,0.69
3171,5.64,0.69
3172,5.64,0.69
3173,5.64,0.69
3174,5.64,0.69
3175,5.64,0.69
3176,5.64,0.69
3177,5.64,0.69
3178,5.64,0.7
3179,5.64,0.7
3180,5.64,0.7
3181,5.64,0.69
3182,5.64,0.7
3183,5.65,0.7
3184,5.65,0.7
3185,5.65,0.7
3186,5.65,0.7
3187,5.65,0.7
3188,5.65,0.7
3189,5.65,0.69
3190,5.65,0.7
3191,5.65,0.7
3192,5.65,0.7
3193,5.65,0.7
3194,5.65,0.7
3195,5.65,0.7
3196,5.65,0.7
3197,5.66,0.7
3198,5.66,0.7
3199,5.66,0.7
3200,5.66,0.71
3201,5.66,0.71
3202,5.66,0.7
3203,5.66,0.71
3204,5.66,0.71
3205,5.66,0.71
3206,5.66,0.71
3207,5.66,0.71
3208,5.66,0.71
3209,5.66,0.71
3210,5.66,0.71
3211,5.66,0.7
3212,5.66,0.71
3213,5.66,0.71
3214,5.67,0.71
3215,5.67,0.71
3216,5.67,0.71
3217,5.67,0.71
3218,5.67,0.71
3219,5.67,0.71
3220,5.67,0.71
3221,5.67,0.71
3222,5.67,0.71
3223,5.67,0.71
3224,5.67,0.71
3225,5.67,0.71
3226,5.67,0.71
3227,5.67,0.71
3228,5.67,0.71
3229,5.67,0.71
3230,5.67,0.71
3231,5.67,0.71
3232,5.68,0.71
3233,5.68,0.71
3234,5.68,0.71
3235,5.68,0.71
3236,5.68,0.71
3237,5.68,0.71
3238,5.68,0.71
3239,5.68,0.71
3240,5.68,0.71
3241,5.68,0.71
3242,5.68,0.71
3243,5.68,0.71
3244,5.68,0.71
3245,5.68,0.71
3246,5.68,0.71
3247,5.68,0.71
3248,5.68,0.71
3249,5.69,0.71
3250,5.69,0.71
3251,5.69,0.71
3252,5.69,0.71
3253,5.69,0.72
3254,5.69,0.71
3255,5.69,0.71
3256,5.69,0.71
3257,5.69,0.72
3258,5.69,0.72
3259,5.69,0.72
3260,5.69,0.72
3261,5.69,0.72
3262,5.69,0.72
3263,5.69,0.72
3264,5.69,0.72
3265,5.69,0.71
3266,5.69,0.72
3267,5.69,0.72
3268,5.7,0.72
3269,5.7,0.73
3270,5.7,0.72
3271,5.7,0.72
3272,5.7,0.72
3273,5.7,0.72
3274,5.7,0.72
3275,5.7,0.72
3276,5.7,0.72
3277,5.7,0.72
3278,5.7,0.73
3279,5.7,0.72
3280,5.7,0.72
3281,5.7,0.72
3282,5.7,0.72
3283,5.7,0.72
3284,5.7,0.73
3285,5.71,0.73
3286,5.71,0.72
3287,5.71,0.73
3288,5.71,0.73
3289,5.71,0.72
3290,5.71,0.73
3291,5.71,0.72
3292,5.71,0.73
3293,5.71,0.73
3294,5.71,0.72
3295,5.71,0.73
3296,5.71,0.73
3297,5.71,0.73
3298,5.71,0.73
3299,5.71,0.73
3300,5.71,0.73
3301,5.72,0.73
3302,5.72,0.73
3303,5.72,0.73
3304,5.72,0.73
3305,5.72,0.73
3306,5.72,0.73
3307,5.72,0.73
3308,5.72,0.73
3309,5.72,0.73
3310,5.72,0.73
3311,5.72,0.73
3312,5.72,0.73
3313,5.72,0.73
3314,5.72,0.73
3315,5.72,0.73
3316,5.72,0.73
3317,5.72,0.73
3318,5.72,0.73
3319,5.72,0.73
3320,5.72,0.73
3321,5.72,0.73
3322,5.73,0.73
3323,5.73,0.73
3324,5.73,0.73
3325,5.73,0.73
3326,5.73,0.73
3327,5.73,0.73
3328,5.73,0.73
3329,5.73,0.73
3330,5.73,0.73
3331,5.73,0.73
3332,5.73,0.73
3333,5.73,0.73
3334,5.73,0.73
3335,5.73,0.74
3336,5.73,0.73
3337,5.73,0.73
3338,5.73,0.74
3339,5.73,0.73
3340,5.74,0.73
3341,5.74,0.73
3342,5.74,0.74
3343,5.74,0.73
3344,5.74,0.73
3345,5.74,0.74
3346,5.74,0.74
3347,5.74,0.73
3348,5.74,0.73
3349,5.74,0.73
3350,5.74,0.73
3351,5.74,0.73
3352,5.74,0.73
3353,5.74,0.74
3354,5.74,0.73
3355,5.74,0.74
3356,5.74,0.74
3357,5.74,0.74
3358,5.74,0.74
3359,5.74,0.74
3360,5.74,0.74
3361,5.74,0.74
3362,5.74,0.75
3363,5.75,0.74
3364,5.75,0.74
3365,5.75,0.74
3366,5.75,0.74
3367,5.75,0.74
3368,5.75,0.75
3369,5.75,0.74
3370,5.75,0.74
3371,5.75,0.74
3372,5.75,0.74
3373,5.75,0.75
3374,5.75,0.75
3375,5.75,0.75
3376,5.75,0.74
3377,5.75,0.74
3378,5.75,0.74
3379,5.75,0.74
3380,5.75,0.74
3381,5.75,0.75
3382,5.75,0.74
3383,5.76,0.75
3384,5.76,0.75
3385,5.76,0.75
3386,5.76,0.75
3387,5.76,0.75
3388,5.76,0.75
3389,5.76,0.75
3390,5.76,0.75
3391,5.76,0.75
3392,5.76,0.75
3393,5.76,0.75
3394,5.76,0.75
3395,5.76,0.75
3396,5.76,0.75
3397,5.76,0.75
3398,5.76,0.75
3399,5.76,0.75
3400,5.76,0.75
3401,5.76,0.75
3402,5.77,0.75
3403,5.77,0.75
3404,5.77,0.75
3405,5.77,0.75
3406,5.77,0.75
3407,5.77,0.75
3408,5.77,0.75
3409,5.77,0.75
3410,5.77,0.75
3411,5.77,0.75
3412,5.77,0.75
3413,5.77,0.75
3414,5.77,0.75
3415,5.77,0.75
3416,5.77,0.75
3417,5.77,0.75
3418,5.77,0.75
3419,5.77,0.75
3420,5.77,0.75
3421,5.77,0.75
3422,5.77,0.75
3423,5.77,0.75
3424,5.77,0.75
3425,5.77,0.75
3426,5.78,0.75
3427,5.78,0.75
3428,5.78,0.75
3429,5.78,0.75
3430,5.78,0.75
3431,5.78,0.75
3432,5.78,0.75
3433,5.78,0.75
3434,5.78,0.75
3435,5.78,0.75
3436,5.78,0.75
3437,5.78,0.75
3438,5.78,0.76
3439,5.78,0.75
3440,5.78,0.76
3441,5.78,0.76
3442,5.78,0.75
3443,5.78,0.75
3444,5.78,0.75
3445,5.78,0.76
3446,5.78,0.76
3447,5.79,0.75
3448,5.79,0.76
3449,5.79,0.76
3450,5.79,0.76
3451,5.79,0.76
3452,5.79,0.76
3453,5.79,0.76
3454,5.79,0.76
3455,5.79,0.76
3456,5.79,0.76
3457,5.79,0.76
3458,5.79,0.76
3459,5.79,0.76
3460,5.79,0.76
3461,5.79,0.76
3462,5.79,0.75
3463,5.79,0.76
3464,5.79,0.76
3465,5.79,0.76
3466,5.79,0.76
3467,5.79,0.76
3468,5.79,0.76
3469,5.79,0.76
3470,5.8,0.77
3471,5.8,0.76
3472,5.8,0.76
3473,5.8,0.77
3474,5.8,0.76
3475,5.8,0.77
3476,5.8,0.76
3477,5.8,0.77
3478,5.8,0.77
3479,5.8,0.76
3480,5.8,0.77
3481,5.8,0.77
3482,5.8,0.77
3483,5.8,0.77
3484,5.8,0.77
3485,5.8,0.77
3486,5.8,0.76
3487,5.8,0.77
3488,5.8,0.77
3489,5.8,0.77
3490,5.8,0.77
3491,5.8,0.76
3492,5.81,0.77
3493,5.81,0.77
3494,5.81,0.77
3495,5.81,0.77
3496,5.81,0.77
3497,5.81,0.77
3498,5.81,0.77
3499,5.81,0.76
3500,5.81,0.77
3501,5.81,0.77
3502,5.81,0.77
3503,5.81,0.77
3504,5.81,0.77
3505,5.81,0.77
3506,5.81,0.77
3507,5.81,0.77
3508,5.81,0.77
3509,5.81,0.77
3510,5.81,0.77
3511,5.81,0.77
3512,5.81,0.77
3513,5.81,0.77
3514,5.81,0.77
3515,5.81,0.77
3516,5.81,0.77
3517,5.82,0.77
3518,5.82,0.77
3519,5.82,0.77
3520,5.82,0.77
3521,5.82,0.77
3522,5.82,0.77
3523,5.82,0.77
3524,5.82,0.77
3525,5.82,0.77
3526,5.82,0.77
3527,5.82,0.77
3528,5.82,0.77
3529,5.82,0.77
3530,5.82,0.77
3531,5.82,0.77
3532,5.82,0.77
3533,5.82,0.77
3534,5.82,0.77
3535,5.82,0.77
3536,5.82,0.77
3537,5.82,0.77
3538,5.82,0.77
3539,5.82,0.77
3540,5.82,0.77
3541,5.82,0.77
3542,5.83,0.78
3543,5.83,0.77
3544,5.83,0.77
3545,5.83,0.77
3546,5.83,0.77
3547,5.83,0.77
3548,5.83,0.78
3549,5.83,0.78
3550,5.83,0.78
3551,5.83,0.77
3552,5.83,0.78
3553,5.83,0.77
3554,5.83,0.78
3555,5.83,0.78
3556,5.83,0.78
3557,5.83,0.78
3558,5.83,0.78
3559,5.83,0.78
3560,5.83,0.78
3561,5.83,0.77
3562,5.83,0.78
3563,5.83,0.78
3564,5.83,0.77
3565,5.84,0.77
3566,5.84,0.78
3567,5.84,0.78
3568,5.84,0.78
3569,5.84,0.78
3570,5.84,0.78
3571,5.84,0.78
3572,5.84,0.78
3573,5.84,0.78
3574,5.84,0.78
3575,5.84,0.79
3576,5.84,0.78
3577,5.84,0.79
3578,5.84,0.78
3579,5.84,0.78
3580,5.84,0.79
3581,5.84,0.78
3582,5.84,0.79
3583,5.84,0.78
3584,5.84,0.79
3585,5.84,0.79
3586,5.84,0.79
3587,5.84,0.79
3588,5.84,0.78
3589,5.84,0.78
3590,5.84,0.79
3591,5.84,0.78
3592,5.84,0.79
3593,5.84,0.78
3594,5.85,0.79
3595,5.85,0.79
3596,5.85,0.78
3597,5.85,0.79
3598,5.85,0.79
3599,5.85,0.78
3600,5.85,0.79
3601,5.85,0.78
3602,5.85,0.78
3603,5.85,0.79
3604,5.85,0.78
3605,5.85,0.79
3606,5.85,0.79
3607,5.85,0.79
3608,5.85,0.79
3609,5.85,0.79
3610,5.85,0.79
3611,5.85,0.79
3612,5.85,0.79
3613,5.85,0.79
3614,5.85,0.79
3615,5.85,0.79
3616,5.85,0.79
3617,5.85,0.79
3618,5.85,0.79
3619,5.86,0.79
3620,5.86,0.79
3621,5.86,0.79
3622,5.86,0.79
3623,5.86,0.79
3624,5.86,0.79
3625,5.86,0.79
3626,5.86,0.79
3627,5.86,0.79
3628,5.86,0.79
3629,5.86,0.79
3630,5.86,0.79
3631,5.86,0.79
3632,5.86,0.79
3633,5.86,0.79
3634,5.86,0.79
3635,5.86,0.79
3636,5.86,0.79
3637,5.86,0.79
3638,5.86,0.79
3639,5.86,0.79
3640,5.86,0.79
3641,5.86,0.79
3642,5.87,0.79
3643,5.87,0.79
3644,5.87,0.79
3645,5.87,0.79
3646,5.87,0.79
3647,5.87,0.79
3648,5.87,0.79
3649,5.87,0.79
3650,5.87,0.79
3651,5.87,0.79
3652,5.87,0.79
3653,5.87,0.79
3654,5.87,0.79
3655,5.87,0.79
3656,5.87,0.79
3657,5.87,0.79
3658,5.87,0.79
3659,5.87,0.79
3660,5.87,0.79
3661,5.87,0.79
3662,5.87,0.79
3663,5.87,0.8
3664,5.87,0.8
3665,5.87,0.8
3666,5.87,0.79
3667,5.87,0.79
3668,5.87,0.79
3669,5.87,0.79
3670,5.87,0.8
3671,5.87,0.79
3672,5.87,0.79
3673,5.87,0.79
3674,5.88,0.79
3675,5.88,0.8
3676,5.88,0.8
3677,5.88,0.79
3678,5.88,0.79
3679,5.88,0.79
3680,5.88,0.79
3681,5.88,0.79
3682,5.88,0.79
3683,5.88,0.8
3684,5.88,0.8
3685,5.88,0.8
3686,5.88,0.8
3687,5.88,0.8
3688,5.88,0.8
3689,5.88,0.8
3690,5.88,0.8
3691,5.88,0.8
3692,5.88,0.8
3693,5.88,0.8
3694,5.88,0.8
3695,5.88,0.8
3696,5.88,0.8
3697,5.88,0.8
3698,5.88,0.8
3699,5.88,0.8
3700,5.88,0.8
3701,5.88,0.8
3702,5.88,0.8
3703,5.88,0.8
3704,5.88,0.8
3705,5.88,0.8
3706,5.89,0.8
3707,5.89,0.8
3708,5.89,0.8
3709,5.89,0.8
3710,5.89,0.8
3711,5.89,0.8
3712,5.89,0.8
3713,5.89,0.8
3714,5.89,0.8
3715,5.89,0.8
3716,5.89,0.8
3717,5.89,0.8
3718,5.89,0.8
3719,5.89,0.8
3720,5.89,0.8
3721,5.89,0.8
3722,5.89,0.8
3723,5.89,0.8
3724,5.89,0.8
3725,5.89,0.8
3726,5.89,0.8
3727,5.89,0.8
3728,5.89,0.8
3729,5.9,0.8
3730,5.9,0.8
3731,5.9,0.8
3732,5.9,0.8
3733,5.9,0.8
3734,5.9,0.8
3735,5.9,0.8
3736,5.9,0.8
3737,5.9,0.8
3738,5.9,0.8
3739,5.9,0.8
3740,5.9,0.8
3741,5.9,0.8
3742,5.9,0.8
3743,5.9,0.8
3744,5.9,0.8
3745,5.9,0.8
3746,5.9,0.8
3747,5.9,0.8
3748,5.9,0.8
3749,5.9,0.8
3750,5.9,0.8
3751,5.9,0.8
3752,5.9,0.8
3753,5.9,0.8
3754,5.9,0.8
3755,5.9,0.8
3756,5.9,0.8
3757,5.9,0.8
3758,5.9,0.8
3759,5.9,0.8
3760,5.9,0.8
3761,5.91,0.8
3762,5.91,0.8
3763,5.91,0.8
3764,5.91,0.8
3765,5.91,0.8
3766,5.91,0.8
3767,5.91,0.8
3768,5.91,0.81
3769,5.91,0.8
3770,5.91,0.8
3771,5.91,0.8
3772,5.91,0.8
3773,5.91,0.8
3774,5.91,0.81
3775,5.91,0.81
3776,5.91,0.81
3777,5.91,0.8
3778,5.91,0.81
3779,5.91,0.81
3780,5.91,0.81
3781,5.91,0.8
3782,5.91,0.81
3783,5.91,0.81
3784,5.91,0.81
3785,5.91,0.81
3786,5.91,0.81
3787,5.91,0.81
3788,5.91,0.81
3789,5.91,0.81
3790,5.91,0.81
3791,5.91,0.81
3792,5.91,0.81
3793,5.91,0.81
3794,5.91,0.81
3795,5.91,0.81
3796,5.91,0.81
3797,5.92,0.81
3798,5.92,0.81
3799,5.92,0.81
3800,5.92,0.81
3801,5.92,0.81
3802,5.92,0.81
3803,5.92,0.81
3804,5.92,0.81
3805,5.92,0.81
3806,5.92,0.8
3807,5.92,0.81
3808,5.92,0.81
3809,5.92,0.81
3810,5.92,0.81
3811,5.92,0.81
3812,5.92,0.81
3813,5.92,0.81
3814,5.92,0.81
3815,5.92,0.81
3816,5.92,0.81
3817,5.92,0.81
3818,5.92,0.81
3819,5.92,0.81
3820,5.92,0.82
3821,5.92,0.81
3822,5.92,0.81
3823,5.92,0.82
3824,5.92,0.82
3825,5.92,0.82
3826,5.92,0.82
3827,5.92,0.82
3828,5.92,0.82
3829,5.92,0.82
3830,5.92,0.82
3831,5.92,0.82
3832,5.92,0.82
3833,5.92,0.81
3834,5.93,0.82
3835,5.93,0.82
3836,5.93,0.82
3837,5.93,0.82
3838,5.93,0.82
3839,5.93,0.82
3840,5.93,0.82
3841,5.93,0.82
3842,5.93,0.82
3843,5.93,0.82
3844,5.93,0.82
3845,5.93,0.82
3846,5.93,0.82
3847,5.93,0.82
3848,5.93,0.82
3849,5.93,0.81
3850,5.93,0.82
3851,5.93,0.82
3852,5.93,0.82
3853,5.93,0.82
3854,5.93,0.82
3855,5.93,0.82
3856,5.93,0.82
3857,5.94,0.82
3858,5.94,0.82
3859,5.94,0.82
3860,5.94,0.82
3861,5.94,0.81
3862,5.94,0.82
3863,5.94,0.82
3864,5.94,0.82
3865,5.94,0.82
3866,5.94,0.82
3867,5.94,0.82
3868,5.94,0.82
3869,5.94,0.82
3870,5.94,0.82
3871,5.94,0.82
3872,5.94,0.82
3873,5.94,0.82
3874,5.94,0.82
3875,5.94,0.82
3876,5.94,0.82
3877,5.94,0.82
3878,5.94,0.82
3879,5.94,0.82
3880,5.94,0.82
3881,5.94,0.82
3882,5.94,0.82
3883,5.94,0.82
3884,5.94,0.82
3885,5.94,0.82
3886,5.94,0.82
3887,5.94,0.82
3888,5.94,0.82
3889,5.94,0.82
3890,5.94,0.82
3891,5.94,0.82
3892,5.94,0.82
3893,5.94,0.82
3894,5.94,0.82
3895,5.94,0.82
3896,5.94,0.82
3897,5.94,0.82
3898,5.94,0.82
3899,5.94,0.82
3900,5.94,0.82
3901,5.94,0.82
3902,5.94,0.82
3903,5.94,0.82
3904,5.95,0.82
3905,5.95,0.82
3906,5.95,0.82
3907,5.95,0.82
3908,5.95,0.82
3909,5.95,0.82
3910,5.95,0.82
3911,5.95,0.82
3912,5.95,0.82
3913,5.95,0.82
3914,5.95,0.82
3915,5.95,0.82
3916,5.95,0.82
3917,5.95,0.82
3918,5.95,0.82
3919,5.95,0.82
3920,5.95,0.82
3921,5.95,0.82
3922,5.95,0.82
3923,5.95,0.82
3924,5.95,0.82
3925,5.95,0.82
3926,5.95,0.82
3927,5.95,0.82
3928,5.95,0.82
3929,5.95,0.82
3930,5.95,0.82
3931,5.95,0.82
3932,5.95,0.82
3933,5.95,0.82
3934,5.95,0.82
3935,5.95,0.82
3936,5.95,0.82
3937,5.95,0.82
3938,5.95,0.82
3939,5.95,0.83
3940,5.95,0.83
3941,5.95,0.82
3942,5.95,0.82
3943,5.95,0.82
3944,5.95,0.83
3945,5.95,0.82
3946,5.95,0.83
3947,5.95,0.83
3948,5.95,0.82
3949,5.95,0.82
3950,5.95,0.83
3951,5.95,0.83
3952,5.95,0.83
3953,5.95,0.83
3954,5.95,0.83
3955,5.95,0.83
3956,5.96,0.82
3957,5.96,0.83
3958,5.96,0.83
3959,5.96,0.83
3960,5.96,0.83
3961,5.96,0.83
3962,5.96,0.82
3963,5.96,0.83
3964,5.96,0.83
3965,5.96,0.83
3966,5.96,0.83
3967,5.96,0.83
3968,5.96,0.83
3969,5.96,0.83
3970,5.96,0.83
3971,5.96,0.83
3972,5.97,0.83
3973,5.96,0.82
3974,5.96,0.83
3975,5.96,0.83
3976,5.96,0.83
3977,5.96,0.83
3978,5.96,0.82
3979,5.96,0.82
3980,5.96,0.83
3981,5.96,0.82
3982,5.96,0.82
3983,5.96,0.83
3984,5.96,0.82
3985,5.96,0.83
3986,5.96,0.83
3987,5.96,0.83
3988,5.96,0.83
3989,5.96,0.83
3990,5.96,0.82
3991,5.96,0.82
3992,5.96,0.83
3993,5.96,0.83
3994,5.96,0.83
3995,5.96,0.83
3996,5.96,0.82
3997,5.96,0.83
3998,5.96,0.83
3999,5.96,0.83
4000,5.96,0.83
4001,5.96,0.83
4002,5.96,0.83
4003,5.96,0.83
4004,5.96,0.83
4005,5.96,0.84
4006,5.96,0.83
4007,5.96,0.83
4008,5.96,0.84
4009,5.97,0.83
4010,5.97,0.84
4011,5.97,0.83
4012,5.97,0.83
4013,5.97,0.84
4014,5.97,0.83
4015,5.97,0.83
4016,5.97,0.83
4017,5.97,0.84
4018,5.97,0.84
4019,5.97,0.84
4020,5.97,0.84
4021,5.97,0.84
4022,5.97,0.84
4023,5.97,0.84
4024,5.97,0.84
4025,5.97,0.83
4026,5.97,0.83
4027,5.97,0.84
4028,5.97,0.84
4029,5.97,0.84
4030,5.97,0.84
4031,5.97,0.83
4032,5.97,0.84
4033,5.97,0.84
4034,5.97,0.84
4035,5.97,0.84
4036,5.97,0.84
4037,5.97,0.84
4038,5.97,0.83
4039,5.97,0.83
4040,5.97,0.83
4041,5.97,0.84
4042,5.97,0.83
4043,5.97,0.84
4044,5.97,0.84
4045,5.97,0.84
4046,5.97,0.84
4047,5.97,0.83
4048,5.97,0.83
4049,5.97,0.84
4050,5.97,0.84
4051,5.97,0.83
4052,5.97,0.84
4053,5.97,0.84
4054,5.97,0.84
4055,5.97,0.84
4056,5.97,0.83
4057,5.97,0.84
4058,5.98,0.84
4059,5.98,0.84
4060,5.98,0.84
4061,5.98,0.84
4062,5.98,0.83
4063,5.98,0.84
4064,5.98,0.83
4065,5.98,0.84
4066,5.98,0.83
4067,5.98,0.83
4068,5.98,0.84
4069,5.98,0.84
4070,5.98,0.83
4071,5.98,0.84
4072,5.98,0.84
4073,5.98,0.84
4074,5.98,0.84
4075,5.98,0.84
4076,5.98,0.83
4077,5.98,0.83
4078,5.98,0.84
4079,5.98,0.83
4080,5.98,0.84
4081,5.98,0.84
4082,5.98,0.84
4083,5.98,0.84
4084,5.98,0.83
4085,5.98,0.84
4086,5.98,0.84
4087,5.98,0.84
4088,5.98,0.84
4089,5.98,0.84
4090,5.98,0.84
4091,5.98,0.84
4092,5.98,0.84
4093,5.98,0.84
4094,5.98,0.84
4095,5.98,0.84
4096,5.98,0.84
4097,5.98,0.84
4098,5.98,0.84
4099,5.98,0.84
4100,5.98,0.84
4101,5.98,0.84
4102,5.98,0.84
4103,5.98,0.84
4104,5.98,0.84
4105,5.98,0.84
4106,5.98,0.84
4107,5.98,0.84
4108,5.98,0.84
4109,5.98,0.84
4110,5.98,0.84
4111,5.98,0.84
4112,5.98,0.84
4113,5.99,0.84
4114,5.99,0.84
4115,5.99,0.84
4116,5.99,0.84
4117,5.99,0.84
4118,5.99,0.84
4119,5.99,0.84
4120,5.99,0.84
4121,5.99,0.84
4122,5.99,0.84
4123,5.99,0.84
4124,5.99,0.84
4125,5.99,0.84
4126,5.99,0.84
4127,5.99,0.84
4128,5.99,0.84
4129,5.99,0.84
4130,5.99,0.84
4131,5.99,0.84
4132,5.99,0.84
4133,5.99,0.84
4134,5.99,0.84
4135,5.99,0.84
4136,5.99,0.84
4137,5.99,0.84
4138,5.99,0.84
4139,5.99,0.84
4140,5.99,0.84
4141,5.99,0.84
4142,5.99,0.84
4143,5.99,0.84
4144,5.99,0.84
4145,5.99,0.84
4146,5.99,0.84
4147,5.99,0.84
4148,5.99,0.84
4149,5.99,0.84
4150,5.99,0.84
4151,5.99,0.84
4152,5.99,0.84
4153,5.99,0.84
4154,5.99,0.84
4155,5.99,0.84
4156,5.99,0.84
4157,5.99,0.84
4158,5.99,0.84
4159,5.99,0.84
4160,5.99,0.84
4161,5.99,0.84
4162,5.99,0.84
4163,5.99,0.84
4164,5.99,0.84
4165,5.99,0.84
4166,5.99,0.84
4167,5.99,0.84
4168,6.0,0.84
4169,6.0,0.84
4170,6.0,0.84
4171,6.0,0.84
4172,6.0,0.84
4173,6.0,0.84
4174,6.0,0.84
4175,6.0,0.84
4176,6.0,0.84
4177,6.0,0.84
4178,6.0,0.84
4179,6.0,0.84
4180,6.0,0.84
4181,6.0,0.84
4182,6.0,0.84
4183,6.0,0.84
4184,6.0,0.84
4185,6.0,0.84
4186,6.0,0.84
4187,6.0,0.84
4188,6.0,0.84
4189,6.0,0.84
4190,6.0,0.84
4191,6.0,0.84
4192,6.0,0.84
4193,6.0,0.84
4194,6.0,0.84
4195,6.0,0.84
4196,6.0,0.84
4197,5.99,0.84
4198,5.99,0.84
4199,5.99,0.84
4200,5.99,0.84
4201,5.99,0.84
4202,5.99,0.84
4203,5.99,0.84
4204,5.99,0.84
4205,5.99,0.84
4206,5.99,0.84
4207,5.99,0.84
4208,5.99,0.84
4209,5.99,0.84
4210,5.99,0.84
4211,6.0,0.84
4212,6.0,0.84
4213,6.0,0.84
4214,6.0,0.84
4215,6.0,0.85
4216,6.0,0.84
4217,6.0,0.84
4218,6.0,0.84
4219,6.0,0.84
4220,6.0,0.84
4221,6.0,0.84
4222,6.0,0.84
4223,6.0,0.84
4224,6.0,0.84
4225,6.0,0.84
4226,6.0,0.84
4227,6.0,0.84
4228,6.0,0.84
4229,6.0,0.84
4230,6.01,0.84
4231,6.01,0.84
4232,6.01,0.85
4233,6.01,0.85
4234,6.01,0.84
4235,6.01,0.84
4236,6.01,0.85
4237,6.01,0.84
4238,6.01,0.85
4239,6.01,0.84
4240,6.01,0.84
4241,6.01,0.84
4242,6.01,0.84
4243,6.01,0.84
4244,6.01,0.84
4245,6.01,0.85
4246,6.01,0.84
4247,6.01,0.84
4248,6.01,0.85
4249,6.01,0.84
4250,6.01,0.85
4251,6.01,0.84
4252,6.01,0.84
4253,6.0,0.84
4254,6.0,0.84
4255,6.0,0.85
4256,6.0,0.84
4257,6.0,0.84
4258,6.0,0.85
4259,6.0,0.85
4260,6.0,0.84
4261,6.0,0.84
4262,6.0,0.84
4263,6.01,0.84
4264,6.01,0.84
4265,6.01,0.84
4266,6.01,0.84
4267,6.01,0.84
4268,6.01,0.84
4269,6.01,0.84
4270,6.01,0.85
4271,6.01,0.84
4272,6.01,0.84
4273,6.01,0.84
4274,6.01,0.84
4275,6.01,0.84
4276,6.01,0.84
4277,6.01,0.84
4278,6.01,0.85
4279,6.01,0.84
4280,6.01,0.84
4281,6.01,0.84
4282,6.01,0.84
4283,6.01,0.84
4284,6.01,0.84
4285,6.01,0.85
4286,6.01,0.84
4287,6.01,0.84
4288,6.01,0.84
4289,6.01,0.84
4290,6.01,0.84
4291,6.01,0.84
4292,6.01,0.84
4293,6.01,0.84
4294,6.01,0.84
4295,6.01,0.85
4296,6.01,0.84
4297,6.01,0.84
4298,6.01,0.84
4299,6.01,0.84
4300,6.01,0.84
4301,6.01,0.84
4302,6.01,0.84
4303,6.01,0.84
4304,6.01,0.84
4305,6.01,0.84
4306,6.01,0.84
4307,6.01,0.84
4308,6.01,0.85
4309,6.01,0.84
4310,6.01,0.84
4311,6.01,0.84
4312,6.01,0.84
4313,6.01,0.84
4314,6.01,0.84
4315,6.01,0.84
4316,6.01,0.84
4317,6.01,0.84
4318,6.01,0.84
4319,6.01,0.84
4320,6.01,0.84
4321,6.01,0.84
4322,6.01,0.84
4323,6.01,0.84
4324,6.01,0.84
4325,6.01,0.84
4326,6.01,0.84
4327,6.01,0.84
4328,6.01,0.84
4329,6.01,0.84
4330,6.01,0.84
4331,6.01,0.84
4332,6.01,0.84
4333,6.01,0.84
4334,6.01,0.85
4335,6.01,0.84
4336,6.01,0.84
4337,6.01,0.84
4338,6.01,0.84
4339,6.01,0.84
4340,6.01,0.84
4341,6.01,0.84
4342,6.01,0.85
4343,6.01,0.84
4344,6.01,0.84
4345,6.01,0.84
4346,6.01,0.84
4347,6.01,0.85
4348,6.01,0.84
4349,6.01,0.85
4350,6.01,0.84
4351,6.01,0.84
4352,6.01,0.84
4353,6.01,0.84
4354,6.01,0.84
4355,6.01,0.84
4356,6.01,0.84
4357,6.01,0.84
4358,6.01,0.84
4359,6.01,0.84
4360,6.01,0.84
4361,6.01,0.84
4362,6.01,0.84
4363,6.01,0.84
4364,6.01,0.84
4365,6.01,0.84
4366,6.01,0.84
4367,6.01,0.84
4368,6.01,0.84
4369,6.01,0.84
4370,6.01,0.84
4371,6.01,0.85
4372,6.01,0.84
4373,6.01,0.84
4374,6.01,0.85
4375,6.01,0.84
4376,6.01,0.84
4377,6.01,0.84
4378,6.01,0.84
4379,6.01,0.84
4380,6.02,0.85
4381,6.02,0.84
4382,6.02,0.84
4383,6.02,0.85
4384,6.02,0.85
4385,6.02,0.84
4386,6.02,0.84
4387,6.02,0.84
4388,6.02,0.85
4389,6.02,0.84
4390,6.02,0.84
4391,6.02,0.84
4392,6.02,0.84
4393,6.02,0.84
4394,6.02,0.84
4395,6.02,0.84
4396,6.02,0.84
4397,6.02,0.84
4398,6.02,0.84
4399,6.02,0.84
4400,6.02,0.84
4401,6.02,0.85
4402,6.01,0.84
4403,6.01,0.84
4404,6.01,0.84
4405,6.01,0.84
4406,6.01,0.84
4407,6.01,0.84
4408,6.01,0.85
4409,6.01,0.84
4410,6.01,0.85
4411,6.01,0.84
4412,6.01,0.84
4413,6.01,0.84
4414,6.01,0.84
4415,6.01,0.84
4416,6.01,0.85
4417,6.01,0.84
4418,6.01,0.85
4419,6.01,0.84
4420,6.01,0.84
4421,6.01,0.84
4422,6.01,0.84
4423,6.01,0.84
4424,6.01,0.84
4425,6.01,0.85
4426,6.01,0.84
4427,6.01,0.84
4428,6.01,0.84
4429,6.01,0.84
4430,6.02,0.84
4431,6.02,0.84
4432,6.02,0.84
4433,6.02,0.84
4434,6.02,0.84
4435,6.02,0.84
4436,6.02,0.84
4437,6.02,0.84
4438,6.02,0.84
4439,6.02,0.84
4440,6.02,0.85
4441,6.02,0.84
4442,6.02,0.84
4443,6.02,0.85
4444,6.02,0.84
4445,6.02,0.84
4446,6.02,0.84
4447,6.02,0.84
4448,6.02,0.84
4449,6.02,0.84
4450,6.02,0.84
4451,6.02,0.84
4452,6.02,0.84
4453,6.02,0.84
4454,6.01,0.84
4455,6.01,0.85
4456,6.01,0.84
4457,6.01,0.84
4458,6.01,0.85
4459,6.01,0.84
4460,6.01,0.84
4461,6.01,0.84
4462,6.01,0.84
4463,6.01,0.84
4464,6.01,0.84
4465,6.01,0.84
4466,6.01,0.84
4467,6.01,0.84
4468,6.01,0.84
4469,6.01,0.84
4470,6.01,0.84
4471,6.01,0.84
4472,6.01,0.84
4473,6.01,0.84
4474,6.01,0.84
4475,6.01,0.84
4476,6.01,0.84
4477,6.02,0.84
4478,6.02,0.85
4479,6.02,0.84
4480,6.02,0.85
4481,6.02,0.84
4482,6.02,0.84
4483,6.02,0.84
4484,6.02,0.84
4485,6.02,0.84
4486,6.02,0.84
4487,6.02,0.84
4488,6.02,0.85
4489,6.02,0.84
4490,6.02,0.84
4491,6.02,0.84
4492,6.02,0.84
4493,6.02,0.84
4494,6.02,0.84
4495,6.02,0.84
4496,6.02,0.84
4497,6.02,0.85
4498,6.02,0.84
4499,6.02,0.84
4500,6.02,0.85
4501,6.02,0.84
4502,6.02,0.85
4503,6.02,0.84
4504,6.02,0.85
4505,6.02,0.85
4506,6.02,0.84
4507,6.02,0.84
4508,6.02,0.84
4509,6.02,0.84
4510,6.02,0.84
4511,6.02,0.84
4512,6.01,0.84
4513,6.01,0.84
4514,6.01,0.84
4515,6.01,0.84
4516,6.01,0.84
4517,6.01,0.85
4518,6.01,0.84
4519,6.01,0.84
4520,6.01,0.85
4521,6.01,0.84
4522,6.01,0.84
4523,6.01,0.85
4524,6.01,0.84
4525,6.01,0.85
4526,6.01,0.85
4527,6.02,0.84
4528,6.02,0.84
4529,6.02,0.84
4530,6.02,0.84
4531,6.02,0.84
4532,6.02,0.84
4533,6.02,0.84
4534,6.02,0.84
4535,6.02,0.84
4536,6.02,0.84
4537,6.02,0.84
4538,6.02,0.85
4539,6.02,0.85
4540,6.02,0.85
4541,6.02,0.84
4542,6.02,0.84
4543,6.02,0.84
4544,6.02,0.84
4545,6.02,0.85
4546,6.02,0.84
4547,6.02,0.84
4548,6.02,0.85
4549,6.02,0.84
4550,6.02,0.84
4551,6.02,0.84
4552,6.02,0.84
4553,6.02,0.85
4554,6.02,0.84
4555,6.02,0.84
4556,6.02,0.84
4557,6.01,0.85
4558,6.01,0.84
4559,6.01,0.84
4560,6.01,0.85
4561,6.01,0.84
4562,6.01,0.84
4563,6.01,0.84
4564,6.01,0.84
4565,6.01,0.84
4566,6.01,0.84
4567,6.01,0.84
4568,6.01,0.84
4569,6.01,0.84
4570,6.01,0.84
4571,6.01,0.84
4572,6.01,0.84
4573,6.01,0.84
4574,6.01,0.84
4575,6.01,0.84
4576,6.01,0.84
4577,6.01,0.84
4578,6.01,0.84
4579,6.01,0.84
4580,6.01,0.84
4581,6.01,0.84
4582,6.01,0.84
4583,6.01,0.84
4584,6.01,0.84
4585,6.01,0.84
4586,6.01,0.84
4587,6.01,0.84
4588,6.01,0.84
4589,6.01,0.84
4590,6.01,0.84
4591,6.01,0.84
4592,6.01,0.84
4593,6.01,0.84
4594,6.01,0.84
4595,6.01,0.84
4596,6.01,0.84
4597,6.01,0.84
4598,6.01,0.84
4599,6.01,0.84
4600,6.01,0.84
4601,6.01,0.84
4602,6.01,0.84
4603,6.01,0.84
4604,6.01,0.84
4605,6.01,0.84
4606,6.01,0.84
4607,6.01,0.84
4608,6.01,0.84
4609,6.0,0.84
4610,6.0,0.84
4611,6.0,0.84
4612,6.0,0.84
4613,6.0,0.84
4614,6.0,0.84
4615,6.0,0.84
4616,6.0,0.84
4617,6.0,0.84
4618,6.0,0.84
4619,6.0,0.84
4620,6.0,0.84
4621,6.0,0.84
4622,6.0,0.84
4623,6.0,0.84
4624,6.0,0.84
4625,6.0,0.84
4626,6.0,0.84
4627,6.0,0.84
4628,6.0,0.84
4629,6.0,0.84
4630,6.0,0.84
4631,6.0,0.84
4632,6.01,0.84
4633,6.01,0.84
4634,6.01,0.84
4635,6.01,0.84
4636,6.01,0.84
4637,6.01,0.84
4638,6.01,0.84
4639,6.01,0.84
4640,6.0,0.84
4641,6.0,0.84
4642,6.0,0.84
4643,6.0,0.84
4644,6.0,0.84
4645,6.0,0.84
4646,6.0,0.84
4647,6.0,0.84
4648,6.0,0.84
4649,6.0,0.84
4650,6.0,0.84
4651,6.0,0.84
4652,6.0,0.84
4653,6.0,0.84
4654,6.0,0.84
4655,6.0,0.84
4656,6.0,0.84
4657,6.0,0.84
4658,6.0,0.84
4659,6.0,0.84
4660,6.0,0.84
4661,6.0,0.84
4662,6.0,0.84
4663,6.0,0.84
4664,6.0,0.84
4665,6.0,0.84
4666,6.0,0.84
4667,6.0,0.84
4668,6.0,0.84
4669,6.0,0.84
4670,6.0,0.84
4671,6.0,0.84
4672,6.0,0.84
4673,6.0,0.84
4674,6.0,0.84
4675,6.0,0.84
4676,6.0,0.84
4677,6.0,0.84
4678,6.0,0.84
4679,6.0,0.84
4680,6.0,0.84
4681,6.0,0.84
4682,6.0,0.84
4683,6.0,0.84
4684,6.0,0.84
4685,6.0,0.84
4686,6.0,0.84
4687,6.0,0.84
4688,6.0,0.84
4689,6.0,0.84
4690,6.0,0.84
4691,6.0,0.84
4692,6.0,0.84
4693,6.0,0.84
4694,6.0,0.84
4695,6.0,0.84
4696,6.0,0.84
4697,6.0,0.84
4698,6.0,0.84
4699,6.0,0.84
4700,6.0,0.84
4701,6.0,0.84
4702,6.0,0.84
4703,6.0,0.84
4704,6.0,0.84
4705,6.0,0.84
4706,6.0,0.84
4707,6.0,0.83
4708,6.0,0.84
4709,6.0,0.84
4710,6.0,0.84
4711,6.0,0.84
4712,6.0,0.83
4713,6.0,0.84
4714,6.0,0.84
4715,6.0,0.84
4716,6.0,0.84
4717,6.0,0.83
4718,6.0,0.84
4719,6.0,0.84
4720,6.0,0.83
4721,6.0,0.83
4722,6.0,0.83
4723,6.0,0.84
4724,6.0,0.83
4725,6.0,0.83
4726,6.0,0.84
4727,6.0,0.84
4728,6.0,0.84
4729,6.0,0.84
4730,6.0,0.84
4731,6.0,0.84
4732,6.0,0.83
4733,6.0,0.83
4734,5.99,0.83
4735,5.99,0.84
4736,5.99,0.83
4737,5.99,0.84
4738,5.99,0.84
4739,5.99,0.84
4740,5.99,0.84
4741,5.99,0.84
4742,5.99,0.83
4743,5.99,0.84
4744,5.99,0.83
4745,5.99,0.83
4746,5.99,0.83
4747,5.99,0.84
4748,5.99,0.84
4749,5.99,0.83
4750,5.99,0.84
4751,5.99,0.84
4752,5.99,0.84
4753,5.99,0.84
4754,5.99,0.83
4755,5.99,0.83
4756,5.99,0.84
4757,5.99,0.83
4758,5.99,0.84
4759,5.99,0.84
4760,5.99,0.84
4761,5.99,0.83
4762,5.99,0.84
4763,5.99,0.83
4764,5.99,0.84
4765,5.99,0.83
4766,5.99,0.83
4767,5.99,0.83
4768,5.99,0.84
4769,5.99,0.83
4770,5.99,0.84
4771,5.99,0.84
4772,5.99,0.83
4773,5.99,0.83
4774,5.99,0.83
4775,5.99,0.84
4776,5.99,0.83
4777,5.99,0.84
4778,5.99,0.84
4779,5.99,0.83
4780,5.99,0.84
4781,5.99,0.83
4782,5.99,0.84
4783,5.99,0.84
4784,5.99,0.83
4785,5.99,0.83
4786,5.99,0.84
4787,5.99,0.83
4788,5.99,0.84
4789,5.99,0.83
4790,5.99,0.84
4791,5.99,0.84
4792,5.99,0.84
4793,5.99,0.83
4794,5.99,0.84
4795,5.99,0.84
4796,5.99,0.83
4797,5.99,0.84
4798,5.99,0.84
4799,5.99,0.83
4800,5.99,0.83
4801,5.99,0.83
4802,5.99,0.83
4803,5.99,0.83
4804,5.99,0.83
4805,5.99,0.83
4806,5.99,0.82
4807,5.99,0.83
4808,5.99,0.83
4809,5.99,0.82
4810,5.99,0.83
4811,5.99,0.83
4812,5.99,0.82
4813,5.99,0.82
4814,5.99,0.83
4815,5.99,0.83
4816,5.99,0.82
4817,5.99,0.82
4818,5.99,0.82
4819,5.99,0.83
4820,5.99,0.83
4821,5.99,0.83
4822,5.99,0.82
4823,5.98,0.82
4824,5.98,0.83
4825,5.98,0.83
4826,5.98,0.82
4827,5.98,0.82
4828,5.98,0.83
4829,5.98,0.82
4830,5.98,0.82
4831,5.98,0.82
4832,5.98,0.83
4833,5.98,0.83
4834,5.98,0.83
4835,5.98,0.83
4836,5.98,0.83
4837,5.98,0.82
4838,5.98,0.83
4839,5.98,0.83
4840,5.98,0.83
4841,5.98,0.82
4842,5.98,0.82
4843,5.98,0.82
4844,5.98,0.82
4845,5.98,0.83
4846,5.98,0.82
4847,5.98,0.82
4848,5.98,0.83
4849,5.98,0.82
4850,5.98,0.83
4851,5.98,0.82
4852,5.98,0.82
4853,5.98,0.82
4854,5.98,0.82
4855,5.98,0.83
4856,5.98,0.82
4857,5.98,0.82
4858,5.98,0.83
4859,5.98,0.82
4860,5.98,0.82
4861,5.98,0.82
4862,5.98,0.83
4863,5.98,0.82
4864,5.98,0.83
4865,5.98,0.83
4866,5.98,0.83
4867,5.98,0.83
4868,5.98,0.83
4869,5.98,0.83
4870,5.98,0.83
4871,5.98,0.82
4872,5.98,0.82
4873,5.98,0.82
4874,5.98,0.83
4875,5.98,0.83
4876,5.98,0.83
4877,5.98,0.82
4878,5.98,0.82
4879,5.98,0.82
4880,5.98,0.83
4881,5.98,0.82
4882,5.98,0.82
4883,5.98,0.82
4884,5.98,0.82
4885,5.98,0.82
4886,5.98,0.82
4887,5.98,0.82
4888,5.98,0.82
4889,5.98,0.82
4890,5.98,0.82
4891,5.98,0.82
4892,5.97,0.82
4893,5.97,0.82
4894,5.97,0.82
4895,5.97,0.82
4896,5.97,0.82
4897,5.97,0.82
4898,5.97,0.82
4899,5.97,0.82
4900,5.97,0.82
4901,5.97,0.82
4902,5.97,0.82
4903,5.97,0.82
4904,5.97,0.82
4905,5.97,0.82
4906,5.97,0.82
4907,5.97,0.82
4908,5.97,0.82
4909,5.97,0.82
4910,5.97,0.82
4911,5.97,0.82
4912,5.97,0.82
4913,5.97,0.82
4914,5.97,0.82
4915,5.97,0.82
4916,5.97,0.82
4917,5.97,0.82
4918,5.97,0.82
4919,5.97,0.82
4920,5.97,0.82
4921,5.97,0.82
4922,5.97,0.82
4923,5.97,0.82
4924,5.97,0.82
4925,5.97,0.82
4926,5.97,0.82
4927,5.97,0.82
4928,5.97,0.82
4929,5.97,0.82
4930,5.97,0.82
4931,5.97,0.82
4932,5.97,0.82
4933,5.97,0.82
4934,5.97,0.82
4935,5.97,0.82
4936,5.97,0.82
4937,5.97,0.82
4938,5.97,0.82
4939,5.97,0.82
4940,5.97,0.82
4941,5.97,0.82
4942,5.97,0.82
4943,5.97,0.82
4944,5.97,0.82
4945,5.97,0.82
4946,5.97,0.82
4947,5.97,0.82
4948,5.97,0.82
4949,5.97,0.82
4950,5.97,0.82
4951,5.97,0.82
4952,5.97,0.82
4953,5.97,0.82
4954,5.97,0.82
4955,5.96,0.82
4956,5.96,0.82
4957,5.96,0.81
4958,5.96,0.82
4959,5.96,0.82
4960,5.96,0.82
4961,5.96,0.82
4962,5.96,0.82
4963,5.96,0.82
4964,5.96,0.82
4965,5.96,0.82
4966,5.96,0.81
4967,5.96,0.82
4968,5.96,0.82
4969,5.96,0.82
4970,5.96,0.82
4971,5.96,0.81
4972,5.96,0.81
4973,5.96,0.82
4974,5.96,0.82
4975,5.96,0.82
4976,5.96,0.81
4977,5.96,0.82
4978,5.96,0.82
4979,5.96,0.82
4980,5.96,0.82
4981,5.96,0.82
4982,5.96,0.82
4983,5.96,0.82
4984,5.96,0.81
4985,5.96,0.81
4986,5.96,0.81
4987,5.96,0.82
4988,5.96,0.82
4989,5.96,0.82
4990,5.96,0.82
4991,5.96,0.81
4992,5.96,0.82
4993,5.96,0.82
4994,5.96,0.82
4995,5.96,0.82
4996,5.96,0.81
4997,5.96,0.81
4998,5.96,0.82
4999,5.96,0.82
5000,5.96,0.82
5001,5.96,0.81
5002,5.96,0.82
5003,5.96,0.82
5004,5.96,0.82
5005,5.96,0.82
5006,5.96,0.82
5007,5.96,0.82
5008,5.96,0.82
5009,5.96,0.81
5010,5.96,0.82
5011,5.96,0.81
5012,5.96,0.82
5013,5.96,0.81
5014,5.96,0.81
5015,5.96,0.81
5016,5.96,0.81
5017,5.96,0.81
5018,5.96,0.81
5019,5.96,0.81
5020,5.96,0.81
5021,5.95,0.81
5022,5.95,0.81
5023,5.95,0.81
5024,5.95,0.81
5025,5.95,0.81
5026,5.95,0.81
5027,5.95,0.8
5028,5.95,0.81
5029,5.95,0.81
5030,5.95,0.81
5031,5.95,0.81
5032,5.95,0.8
5033,5.95,0.81
5034,5.95,0.81
5035,5.95,0.81
5036,5.95,0.81
5037,5.95,0.8
5038,5.95,0.81
5039,5.95,0.81
5040,5.95,0.81
5041,5.95,0.81
5042,5.95,0.81
5043,5.95,0.81
5044,5.95,0.81
5045,5.95,0.81
5046,5.94,0.81
5047,5.94,0.81
5048,5.94,0.81
5049,5.94,0.81
5050,5.94,0.8
5051,5.94,0.81
5052,5.94,0.81
5053,5.94,0.81
5054,5.94,0.81
5055,5.94,0.81
5056,5.94,0.81
5057,5.94,0.81
5058,5.94,0.81
5059,5.94,0.81
5060,5.94,0.81
5061,5.94,0.8
5062,5.94,0.8
5063,5.94,0.81
5064,5.94,0.8
5065,5.94,0.81
5066,5.94,0.81
5067,5.94,0.8
5068,5.94,0.8
5069,5.94,0.81
5070,5.94,0.8
5071,5.94,0.8
5072,5.94,0.8
5073,5.94,0.8
5074,5.94,0.8
5075,5.94,0.8
5076,5.94,0.8
5077,5.94,0.8
5078,5.94,0.8
5079,5.94,0.8
5080,5.94,0.8
5081,5.94,0.8
5082,5.94,0.8
5083,5.94,0.8
5084,5.94,0.8
5085,5.94,0.8
5086,5.94,0.8
5087,5.94,0.8
5088,5.94,0.8
5089,5.94,0.8
5090,5.94,0.8
5091,5.94,0.8
5092,5.94,0.8
5093,5.93,0.8
5094,5.93,0.8
5095,5.93,0.8
5096,5.93,0.8
5097,5.93,0.8
5098,5.93,0.8
5099,5.93,0.8
5100,5.93,0.8
5101,5.93,0.8
5102,5.93,0.8
5103,5.93,0.8
5104,5.93,0.8
5105,5.93,0.8
5106,5.93,0.8
5107,5.93,0.8
5108,5.93,0.8
5109,5.93,0.8
5110,5.93,0.8
5111,5.93,0.8
5112,5.93,0.8
5113,5.93,0.8
5114,5.93,0.8
5115,5.93,0.8
5116,5.93,0.8
5117,5.93,0.8
5118,5.93,0.8
5119,5.93,0.8
5120,5.93,0.8
5121,5.93,0.8
5122,5.93,0.8
5123,5.93,0.8
5124,5.93,0.8
5125,5.93,0.8
5126,5.93,0.8
5127,5.93,0.8
5128,5.93,0.8
5129,5.93,0.8
5130,5.93,0.8
5131,5.93,0.8
5132,5.93,0.8
5133,5.93,0.8
5134,5.93,0.8
5135,5.93,0.8
5136,5.93,0.8
5137,5.93,0.8
5138,5.93,0.8
5139,5.93,0.8
5140,5.93,0.8
5141,5.93,0.8
5142,5.93,0.8
5143,5.93,0.8
5144,5.93,0.8
5145,5.93,0.8
5146,5.92,0.8
5147,5.92,0.8
5148,5.92,0.8
5149,5.92,0.79
5150,5.92,0.8
5151,5.92,0.79
5152,5.92,0.8
5153,5.92,0.8
5154,5.92,0.8
5155,5.92,0.8
5156,5.92,0.8
5157,5.92,0.8
5158,5.92,0.8
5159,5.92,0.8
5160,5.92,0.79
5161,5.92,0.8
5162,5.92,0.8
5163,5.92,0.8
5164,5.92,0.8
5165,5.92,0.8
5166,5.92,0.8
5167,5.92,0.8
5168,5.92,0.8
5169,5.92,0.8
5170,5.92,0.8
5171,5.92,0.79
5172,5.92,0.8
5173,5.92,0.79
5174,5.92,0.79
5175,5.92,0.79
5176,5.92,0.8
5177,5.92,0.8
5178,5.92,0.79
5179,5.92,0.8
5180,5.92,0.79
5181,5.92,0.79
5182,5.92,0.79
5183,5.92,0.79
5184,5.92,0.79
5185,5.92,0.79
5186,5.92,0.79
5187,5.92,0.79
5188,5.92,0.79
5189,5.92,0.79
5190,5.92,0.79
5191,5.92,0.79
5192,5.91,0.79
5193,5.91,0.79
5194,5.91,0.79
5195,5.91,0.79
5196,5.91,0.79
5197,5.91,0.79
5198,5.91,0.79
5199,5.91,0.79
5200,5.91,0.79
5201,5.91,0.79
5202,5.91,0.79
5203,5.91,0.79
5204,5.91,0.79
5205,5.91,0.79
5206,5.9,0.79
5207,5.9,0.79
5208,5.9,0.79
5209,5.9,0.79
5210,5.9,0.79
5211,5.9,0.79
5212,5.9,0.79
5213,5.9,0.79
5214,5.9,0.79
5215,5.9,0.79
5216,5.9,0.79
5217,5.91,0.79
5218,5.91,0.79
5219,5.91,0.79
5220,5.91,0.79
5221,5.91,0.79
5222,5.91,0.79
5223,5.91,0.79
5224,5.91,0.79
5225,5.91,0.79
5226,5.91,0.79
5227,5.91,0.79
5228,5.91,0.79
5229,5.91,0.79
5230,5.91,0.79
5231,5.91,0.79
5232,5.91,0.79
5233,5.91,0.79
5234,5.91,0.79
5235,5.91,0.79
5236,5.91,0.79
5237,5.91,0.79
5238,5.91,0.79
5239,5.9,0.79
5240,5.9,0.79
5241,5.9,0.79
5242,5.9,0.79
5243,5.9,0.79
5244,5.9,0.79
5245,5.9,0.79
5246,5.9,0.79
5247,5.9,0.79
5248,5.9,0.79
5249,5.9,0.79
5250,5.89,0.79
5251,5.89,0.79
5252,5.89,0.79
5253,5.89,0.79
5254,5.89,0.79
5255,5.89,0.79
5256,5.89,0.79
5257,5.89,0.79
5258,5.89,0.79
5259,5.89,0.79
5260,5.89,0.79
5261,5.89,0.79
5262,5.89,0.79
5263,5.89,0.79
5264,5.89,0.79
5265,5.89,0.79
5266,5.89,0.79
5267,5.89,0.79
5268,5.89,0.79
5269,5.89,0.79
5270,5.89,0.79
5271,5.89,0.78
5272,5.89,0.78
5273,5.89,0.79
5274,5.89,0.79
5275,5.89,0.79
5276,5.89,0.78
5277,5.89,0.79
5278,5.89,0.78
5279,5.89,0.78
5280,5.89,0.78
5281,5.89,0.78
5282,5.89,0.79
5283,5.89,0.78
5284,5.89,0.78
5285,5.89,0.78
5286,5.89,0.78
5287,5.89,0.78
5288,5.89,0.78
5289,5.89,0.78
5290,5.89,0.78
5291,5.89,0.78
5292,5.89,0.78
5293,5.89,0.78
5294,5.89,0.78
5295,5.89,0.78
5296,5.88,0.78
5297,5.88,0.78
5298,5.88,0.78
5299,5.88,0.78
5300,5.88,0.78
5301,5.88,0.78
5302,5.88,0.78
5303,5.88,0.78
5304,5.88,0.78
5305,5.88,0.78
5306,5.88,0.78
5307,5.88,0.78
5308,5.88,0.78
5309,5.87,0.78
5310,5.87,0.78
5311,5.87,0.78
5312,5.87,0.78
5313,5.88,0.78
5314,5.88,0.78
5315,5.88,0.78
5316,5.88,0.78
5317,5.88,0.78
5318,5.88,0.78
5319,5.88,0.78
5320,5.88,0.78
5321,5.88,0.78
5322,5.88,0.78
5323,5.88,0.78
5324,5.88,0.77
5325,5.88,0.77
5326,5.88,0.78
5327,5.88,0.78
5328,5.88,0.77
5329,5.88,0.77
5330,5.88,0.78
5331,5.88,0.77
5332,5.88,0.77
5333,5.88,0.78
5334,5.88,0.78
5335,5.88,0.78
5336,5.88,0.77
5337,5.88,0.78
5338,5.88,0.78
5339,5.88,0.78
5340,5.87,0.78
5341,5.87,0.77
5342,5.87,0.77
5343,5.87,0.77
5344,5.87,0.77
5345,5.87,0.78
5346,5.87,0.77
5347,5.87,0.77
5348,5.87,0.77
5349,5.87,0.77
5350,5.86,0.77
5351,5.86,0.77
5352,5.86,0.77
5353,5.86,0.78
5354,5.86,0.77
5355,5.86,0.77
5356,5.86,0.77
5357,5.86,0.77
5358,5.86,0.77
5359,5.86,0.77
5360,5.86,0.77
5361,5.86,0.77
5362,5.86,0.77
5363,5.86,0.77
5364,5.86,0.77
5365,5.86,0.77
5366,5.86,0.77
5367,5.86,0.77
5368,5.86,0.77
5369,5.86,0.77
5370,5.86,0.77
5371,5.86,0.77
5372,5.87,0.77
5373,5.87,0.77
5374,5.87,0.77
5375,5.87,0.77
5376,5.87,0.77
5377,5.87,0.77
5378,5.87,0.77
5379,5.87,0.77
5380,5.87,0.77
5381,5.86,0.77
5382,5.86,0.77
5383,5.86,0.77
5384,5.86,0.77
5385,5.86,0.77
5386,5.86,0.77
5387,5.86,0.77
5388,5.86,0.77
5389,5.86,0.77
5390,5.86,0.77
5391,5.86,0.77
5392,5.85,0.77
5393,5.85,0.77
5394,5.85,0.77
5395,5.85,0.77
5396,5.85,0.77
5397,5.85,0.77
5398,5.85,0.77
5399,5.85,0.77
5400,5.85,0.77
5401,5.85,0.77
5402,5.85,0.77
5403,5.85,0.77
5404,5.85,0.76
5405,5.85,0.77
5406,5.85,0.76
5407,5.85,0.76
5408,5.85,0.77
5409,5.85,0.76
5410,5.85,0.77
5411,5.85,0.77
5412,5.85,0.77
5413,5.85,0.77
5414,5.85,0.76
5415,5.85,0.77
5416,5.85,0.77
5417,5.85,0.77
5418,5.85,0.77
5419,5.85,0.77
5420,5.85,0.77
5421,5.85,0.76
5422,5.85,0.77
5423,5.85,0.76
5424,5.85,0.76
5425,5.85,0.77
5426,5.85,0.77
5427,5.85,0.76
5428,5.85,0.77
5429,5.85,0.77
5430,5.85,0.77
5431,5.85,0.77
5432,5.85,0.77
5433,5.85,0.77
5434,5.85,0.77
5435,5.84,0.77
5436,5.84,0.77
5437,5.84,0.77
5438,5.84,0.76
5439,5.84,0.76
5440,5.84,0.76
5441,5.84,0.77
5442,5.84,0.76
5443,5.84,0.76
5444,5.84,0.76
5445,5.84,0.76
5446,5.83,0.76
5447,5.83,0.76
5448,5.83,0.76
5449,5.83,0.76
5450,5.83,0.76
5451,5.83,0.76
5452,5.83,0.75
5453,5.83,0.76
5454,5.83,0.76
5455,5.83,0.75
5456,5.83,0.76
5457,5.83,0.76
5458,5.83,0.76
5459,5.83,0.75
5460,5.83,0.76
5461,5.83,0.76
5462,5.83,0.75
5463,5.83,0.76
5464,5.83,0.76
5465,5.83,0.75
5466,5.83,0.76
5467,5.83,0.76
5468,5.83,0.76
5469,5.83,0.76
5470,5.83,0.76
5471,5.83,0.75
5472,5.83,0.76
5473,5.83,0.76
5474,5.83,0.76
5475,5.83,0.76
5476,5.83,0.76
5477,5.83,0.76
5478,5.83,0.76
5479,5.83,0.76
5480,5.83,0.76
5481,5.83,0.75
5482,5.83,0.76
5483,5.83,0.75
5484,5.83,0.75
5485,5.83,0.75
5486,5.83,0.75
5487,5.83,0.75
5488,5.82,0.75
5489,5.82,0.75
5490,5.82,0.75
5491,5.82,0.75
5492,5.82,0.75
5493,5.82,0.75
5494,5.82,0.75
5495,5.82,0.75
5496,5.82,0.75
5497,5.82,0.75
5498,5.82,0.76
5499,5.82,0.75
5500,5.82,0.75
5501,5.82,0.75
5502,5.82,0.75
5503,5.82,0.75
5504,5.82,0.75
5505,5.82,0.75
5506,5.82,0.75
5507,5.82,0.75
5508,5.82,0.75
5509,5.82,0.75
5510,5.82,0.75
5511,5.81,0.75
5512,5.81,0.76
5513,5.81,0.75
5514,5.81,0.75
5515,5.81,0.75
5516,5.81,0.75
5517,5.81,0.75
5518,5.81,0.75
5519,5.81,0.75
5520,5.81,0.75
5521,5.81,0.75
5522,5.81,0.75
5523,5.81,0.75
5524,5.81,0.75
5525,5.81,0.75
5526,5.81,0.75
5527,5.81,0.75
5528,5.81,0.75
5529,5.81,0.75
5530,5.81,0.75
5531,5.81,0.75
5532,5.81,0.75
5533,5.81,0.75
5534,5.81,0.75
5535,5.81,0.75
5536,5.81,0.75
5537,5.81,0.75
5538,5.81,0.75
5539,5.81,0.75
5540,5.81,0.75
5541,5.81,0.75
5542,5.81,0.75
5543,5.81,0.75
5544,5.8,0.75
5545,5.8,0.75
5546,5.8,0.75
5547,5.8,0.75
5548,5.8,0.75
5549,5.8,0.75
5550,5.8,0.75
5551,5.8,0.75
5552,5.8,0.75
5553,5.8,0.75
5554,5.8,0.75
5555,5.8,0.75
5556,5.8,0.75
5557,5.8,0.75
5558,5.8,0.75
5559,5.8,0.75
5560,5.8,0.75
5561,5.8,0.75
5562,5.8,0.74
5563,5.8,0.74
5564,5.8,0.74
5565,5.8,0.74
5566,5.8,0.75
5567,5.8,0.75
5568,5.8,0.74
5569,5.8,0.75
5570,5.8,0.74
5571,5.8,0.74
5572,5.8,0.74
5573,5.8,0.74
5574,5.8,0.74
5575,5.8,0.74
5576,5.8,0.74
5577,5.8,0.74
5578,5.8,0.74
5579,5.8,0.75
5580,5.8,0.74
5581,5.8,0.74
5582,5.8,0.74
5583,5.79,0.74
5584,5.79,0.74
5585,5.79,0.74
5586,5.79,0.74
5587,5.79,0.74
5588,5.79,0.74
5589,5.79,0.74
5590,5.79,0.74
5591,5.79,0.74
5592,5.79,0.74
5593,5.79,0.74
5594,5.79,0.75
5595,5.79,0.75
5596,5.79,0.74
5597,5.78,0.74
5598,5.78,0.74
5599,5.78,0.74
5600,5.78,0.74
5601,5.78,0.73
5602,5.78,0.73
5603,5.78,0.73
5604,5.78,0.73
5605,5.78,0.73
5606,5.78,0.74
5607,5.78,0.73
5608,5.78,0.73
5609,5.78,0.73
5610,5.78,0.73
5611,5.78,0.73
5612,5.78,0.73
5613,5.78,0.73
5614,5.78,0.74
5615,5.78,0.73
5616,5.78,0.73
5617,5.78,0.73
5618,5.78,0.73
5619,5.78,0.73
5620,5.78,0.73
5621,5.78,0.74
5622,5.78,0.73
5623,5.78,0.73
5624,5.78,0.73
5625,5.78,0.74
5626,5.78,0.73
5627,5.78,0.73
5628,5.78,0.73
5629,5.78,0.74
5630,5.78,0.73
5631,5.78,0.73
5632,5.78,0.73
5633,5.78,0.73
5634,5.78,0.73
5635,5.78,0.73
5636,5.78,0.73
5637,5.78,0.74
5638,5.78,0.73
5639,5.77,0.73
5640,5.77,0.73
5641,5.77,0.73
5642,5.77,0.73
5643,5.77,0.73
5644,5.77,0.73
5645,5.77,0.73
5646,5.77,0.73
5647,5.77,0.73
5648,5.77,0.73
5649,5.77,0.73
5650,5.77,0.73
5651,5.77,0.73
5652,5.77,0.73
5653,5.77,0.73
5654,5.77,0.73
5655,5.77,0.73
5656,5.77,0.73
5657,5.77,0.73
5658,5.77,0.73
5659,5.77,0.73
5660,5.77,0.73
5661,5.77,0.73
5662,5.77,0.73
5663,5.77,0.73
5664,5.77,0.73
5665,5.77,0.73
5666,5.77,0.73
5667,5.77,0.73
5668,5.77,0.73
5669,5.77,0.73
5670,5.77,0.73
5671,5.77,0.73
5672,5.76,0.73
5673,5.76,0.73
5674,5.76,0.73
5675,5.76,0.73
5676,5.76,0.73
5677,5.76,0.73
5678,5.76,0.73
5679,5.76,0.73
5680,5.76,0.73
5681,5.76,0.73
5682,5.76,0.73
5683,5.76,0.73
5684,5.76,0.73
5685,5.76,0.73
5686,5.76,0.73
5687,5.76,0.72
5688,5.76,0.73
5689,5.76,0.72
5690,5.76,0.73
5691,5.76,0.72
5692,5.76,0.72
5693,5.75,0.72
5694,5.75,0.72
5695,5.75,0.72
5696,5.75,0.72
5697,5.75,0.73
5698,5.75,0.73
5699,5.75,0.72
5700,5.75,0.73
5701,5.75,0.73
5702,5.75,0.73
5703,5.75,0.73
5704,5.75,0.73
5705,5.75,0.73
5706,5.75,0.73
5707,5.75,0.73
5708,5.75,0.73
5709,5.75,0.72
5710,5.75,0.72
5711,5.75,0.72
5712,5.75,0.72
5713,5.75,0.72
5714,5.75,0.72
5715,5.75,0.72
5716,5.75,0.72
5717,5.75,0.72
5718,5.75,0.72
5719,5.75,0.72
5720,5.75,0.72
5721,5.75,0.72
5722,5.75,0.72
5723,5.75,0.72
5724,5.75,0.71
5725,5.75,0.72
5726,5.75,0.72
5727,5.75,0.72
5728,5.75,0.71
5729,5.74,0.71
5730,5.74,0.72
5731,5.74,0.71
5732,5.74,0.71
5733,5.74,0.72
5734,5.74,0.72
5735,5.74,0.72
5736,5.74,0.72
5737,5.74,0.71
5738,5.74,0.71
5739,5.74,0.72
5740,5.74,0.71
5741,5.74,0.72
5742,5.74,0.71
5743,5.74,0.72
5744,5.74,0.72
5745,5.74,0.72
5746,5.74,0.72
5747,5.73,0.71
5748,5.73,0.71
5749,5.73,0.71
5750,5.73,0.71
5751,5.73,0.71
5752,5.73,0.71
5753,5.73,0.71
5754,5.73,0.71
5755,5.73,0.71
5756,5.73,0.71
5757,5.73,0.72
5758,5.73,0.71
5759,5.73,0.71
5760,5.73,0.71
5761,5.73,0.71
5762,5.73,0.71
5763,5.73,0.71
5764,5.73,0.71
5765,5.73,0.71
5766,5.73,0.71
5767,5.73,0.71
5768,5.73,0.71
5769,5.73,0.71
5770,5.73,0.71
5771,5.73,0.71
5772,5.73,0.71
5773,5.73,0.71
5774,5.73,0.71
5775,5.73,0.71
5776,5.73,0.71
5777,5.73,0.71
5778,5.73,0.71
5779,5.73,0.71
5780,5.73,0.71
5781,5.73,0.71
5782,5.72,0.71
5783,5.72,0.71
5784,5.72,0.71
5785,5.72,0.71
5786,5.72,0.71
5787,5.72,0.71
5788,5.72,0.71
5789,5.72,0.71
5790,5.72,0.71
5791,5.72,0.71
5792,5.72,0.71
5793,5.72,0.71
5794,5.72,0.71
5795,5.72,0.71
5796,5.72,0.71
5797,5.72,0.71
5798,5.72,0.71
5799,5.72,0.71
5800,5.72,0.71
5801,5.72,0.71
5802,5.72,0.7
5803,5.72,0.71
5804,5.72,0.7
5805,5.72,0.71
5806,5.72,0.71
5807,5.71,0.7
5808,5.71,0.71
5809,5.71,0.71
5810,5.71,0.71
5811,5.71,0.71
5812,5.71,0.71
5813,5.71,0.71
5814,5.71,0.71
5815,5.71,0.71
5816,5.71,0.71
5817,5.71,0.7
5818,5.71,0.71
5819,5.71,0.71
5820,5.71,0.71
5821,5.71,0.71
5822,5.71,0.71
5823,5.71,0.71
5824,5.71,0.7
5825,5.71,0.71
5826,5.71,0.71
5827,5.71,0.7
5828,5.71,0.7
5829,5.71,0.7
5830,5.71,0.71
5831,5.71,0.7
5832,5.71,0.7
5833,5.71,0.7
5834,5.71,0.7
5835,5.71,0.7
5836,5.71,0.7
5837,5.7,0.7
5838,5.7,0.7
5839,5.7,0.7
5840,5.7,0.7
5841,5.7,0.7
5842,5.7,0.7
5843,5.7,0.7
5844,5.7,0.7
5845,5.7,0.7
5846,5.7,0.7
5847,5.7,0.7
5848,5.7,0.7
5849,5.7,0.7
5850,5.7,0.69
5851,5.7,0.7
5852,5.7,0.69
5853,5.7,0.7
5854,5.7,0.7
5855,5.7,0.7
5856,5.7,0.7
5857,5.7,0.7
5858,5.7,0.7
5859,5.7,0.7
5860,5.69,0.69
5861,5.69,0.7
5862,5.69,0.7
5863,5.69,0.69
5864,5.69,0.69
5865,5.69,0.69
5866,5.69,0.69
5867,5.69,0.69
5868,5.69,0.69
5869,5.69,0.69
5870,5.69,0.69
5871,5.69,0.69
5872,5.69,0.69
5873,5.69,0.69
5874,5.69,0.69
5875,5.69,0.69
5876,5.69,0.69
5877,5.69,0.69
5878,5.69,0.69
5879,5.69,0.69
5880,5.69,0.69
5881,5.69,0.69
5882,5.69,0.69
5883,5.69,0.69
5884,5.69,0.69
5885,5.69,0.69
5886,5.69,0.69
5887,5.69,0.69
5888,5.68,0.69
5889,5.68,0.69
5890,5.68,0.69
5891,5.68,0.69
5892,5.68,0.69
5893,5.68,0.69
5894,5.68,0.69
5895,5.68,0.69
5896,5.68,0.69
5897,5.68,0.69
5898,5.68,0.69
5899,5.68,0.69
5900,5.68,0.69
5901,5.68,0.69
5902,5.68,0.69
5903,5.68,0.69
5904,5.68,0.69
5905,5.68,0.69
5906,5.68,0.69
5907,5.68,0.69
5908,5.68,0.69
5909,5.68,0.69
5910,5.68,0.69
5911,5.68,0.69
5912,5.68,0.69
5913,5.68,0.69
5914,5.68,0.69
5915,5.68,0.69
5916,5.67,0.69
5917,5.67,0.69
5918,5.67,0.69
5919,5.67,0.69
5920,5.67,0.69
5921,5.67,0.69
5922,5.67,0.69
5923,5.67,0.69
5924,5.67,0.69
5925,5.67,0.69
5926,5.67,0.69
5927,5.67,0.69
5928,5.67,0.69
5929,5.67,0.69
5930,5.67,0.69
5931,5.67,0.69
5932,5.67,0.69
5933,5.67,0.69
5934,5.67,0.68
5935,5.67,0.69
5936,5.67,0.69
5937,5.67,0.68
5938,5.66,0.69
5939,5.66,0.68
5940,5.66,0.68
5941,5.66,0.68
5942,5.66,0.68
5943,5.66,0.68
5944,5.66,0.68
5945,5.66,0.69
5946,5.66,0.68
5947,5.66,0.68
5948,5.66,0.68
5949,5.66,0.68
5950,5.66,0.69
5951,5.66,0.68
5952,5.66,0.68
5953,5.66,0.68
5954,5.66,0.69
5955,5.66,0.68
5956,5.66,0.68
5957,5.66,0.68
5958,5.66,0.68
5959,5.66,0.68
5960,5.66,0.68
5961,5.66,0.68
5962,5.66,0.68
5963,5.65,0.68
5964,5.65,0.68
5965,5.65,0.69
5966,5.65,0.68
5967,5.65,0.68
5968,5.65,0.68
5969,5.65,0.68
5970,5.65,0.68
5971,5.65,0.67
5972,5.65,0.68
5973,5.65,0.68
5974,5.65,0.68
5975,5.65,0.68
5976,5.65,0.67
5977,5.65,0.67
5978,5.65,0.67
5979,5.65,0.67
5980,5.65,0.68
5981,5.65,0.68
5982,5.65,0.67
5983,5.65,0.67
5984,5.65,0.67
5985,5.65,0.67
5986,5.65,0.68
5987,5.65,0.67
5988,5.65,0.67
5989,5.65,0.68
5990,5.65,0.67
5991,5.64,0.67
5992,5.64,0.67
5993,5.64,0.68
5994,5.64,0.67
5995,5.64,0.68
5996,5.64,0.67
5997,5.64,0.67
5998,5.64,0.67
5999,5.64,0.67
6000,5.64,0.67
6001,5.64,0.67
6002,5.64,0.67
6003,5.64,0.67
6004,5.64,0.67
6005,5.64,0.67
6006,5.64,0.67
6007,5.64,0.67
6008,5.64,0.67
6009,5.64,0.67
6010,5.64,0.67
6011,5.64,0.67
6012,5.64,0.67
6013,5.64,0.67
6014,5.64,0.67
6015,5.64,0.67
6016,5.64,0.67
6017,5.64,0.67
6018,5.64,0.67
6019,5.64,0.67
6020,5.64,0.67
6021,5.64,0.67
6022,5.63,0.67
6023,5.63,0.67
6024,5.63,0.67
6025,5.63,0.67
6026,5.63,0.67
6027,5.63,0.67
6028,5.63,0.67
6029,5.63,0.67
6030,5.63,0.67
6031,5.63,0.67
6032,5.63,0.67
6033,5.63,0.67
6034,5.63,0.67
6035,5.63,0.67
6036,5.63,0.67
6037,5.63,0.67
6038,5.63,0.67
6039,5.63,0.67
6040,5.63,0.67
6041,5.63,0.67
6042,5.63,0.67
6043,5.63,0.67
6044,5.62,0.66
6045,5.62,0.67
6046,5.62,0.67
6047,5.62,0.67
6048,5.62,0.66
6049,5.62,0.66
6050,5.62,0.66
6051,5.62,0.66
6052,5.62,0.66
6053,5.62,0.67
6054,5.62,0.67
6055,5.62,0.67
6056,5.62,0.67
6057,5.62,0.67
6058,5.62,0.66
6059,5.62,0.66
6060,5.62,0.66
6061,5.62,0.66
6062,5.62,0.66
6063,5.62,0.67
6064,5.62,0.66
6065,5.62,0.66
6066,5.62,0.67
6067,5.62,0.66
6068,5.62,0.66
6069,5.62,0.66
6070,5.62,0.66
6071,5.62,0.66
6072,5.62,0.66
6073,5.62,0.67
6074,5.62,0.66
6075,5.62,0.66
6076,5.61,0.66
6077,5.61,0.66
6078,5.61,0.66
6079,5.61,0.66
6080,5.61,0.66
6081,5.61,0.66
6082,5.61,0.65
6083,5.61,0.65
6084,5.61,0.65
6085,5.61,0.66
6086,5.61,0.66
6087,5.61,0.66
6088,5.61,0.65
6089,5.61,0.65
6090,5.61,0.65
6091,5.61,0.65
6092,5.61,0.66
6093,5.61,0.65
6094,5.61,0.66
6095,5.61,0.66
6096,5.61,0.65
6097,5.61,0.66
6098,5.61,0.66
6099,5.6,0.65
6100,5.6,0.65
6101,5.6,0.65
6102,5.6,0.66
6103,5.6,0.65
6104,5.6,0.66
6105,5.6,0.65
6106,5.6,0.66
6107,5.6,0.66
6108,5.6,0.65
6109,5.6,0.65
6110,5.6,0.65
6111,5.6,0.65
6112,5.6,0.65
6113,5.6,0.65
6114,5.6,0.65
6115,5.6,0.65
6116,5.6,0.65
6117,5.6,0.65
6118,5.6,0.65
6119,5.6,0.65
6120,5.6,0.65
6121,5.6,0.65
6122,5.6,0.65
6123,5.6,0.65
6124,5.6,0.65
6125,5.6,0.65
6126,5.6,0.65
6127,5.6,0.65
6128,5.6,0.65
6129,5.59,0.65
6130,5.59,0.65
6131,5.59,0.65
6132,5.59,0.65
6133,5.59,0.65
6134,5.59,0.65
6135,5.59,0.65
6136,5.59,0.65
6137,5.59,0.65
6138,5.59,0.65
6139,5.59,0.65
6140,5.59,0.65
6141,5.59,0.65
6142,5.59,0.65
6143,5.59,0.65
6144,5.59,0.65
6145,5.59,0.65
6146,5.59,0.65
6147,5.59,0.65
6148,5.59,0.65
6149,5.58,0.65
6150,5.58,0.65
6151,5.58,0.65
6152,5.58,0.65
6153,5.58,0.65
6154,5.58,0.65
6155,5.58,0.65
6156,5.58,0.64
6157,5.58,0.65
6158,5.58,0.65
6159,5.58,0.65
6160,5.58,0.64
6161,5.58,0.65
6162,5.58,0.65
6163,5.58,0.65
6164,5.58,0.65
6165,5.58,0.65
6166,5.58,0.65
6167,5.58,0.65
6168,5.58,0.64
6169,5.58,0.65
6170,5.58,0.65
6171,5.58,0.65
6172,5.58,0.65
6173,5.58,0.65
6174,5.58,0.65
6175,5.58,0.64
6176,5.58,0.65
6177,5.58,0.65
6178,5.57,0.65
6179,5.57,0.65
6180,5.57,0.64
6181,5.57,0.64
6182,5.57,0.65
6183,5.57,0.64
6184,5.57,0.65
6185,5.57,0.64
6186,5.57,0.64
6187,5.57,0.64
6188,5.57,0.64
6189,5.57,0.64
6190,5.57,0.64
6191,5.57,0.64
6192,5.57,0.64
6193,5.57,0.64
6194,5.57,0.64
6195,5.57,0.64
6196,5.57,0.64
6197,5.57,0.64
6198,5.57,0.64
6199,5.57,0.64
6200,5.57,0.64
6201,5.57,0.64
6202,5.57,0.64
6203,5.56,0.64
6204,5.56,0.64
6205,5.56,0.64
6206,5.56,0.64
6207,5.56,0.64
6208,5.56,0.64
6209,5.56,0.64
6210,5.56,0.64
6211,5.56,0.64
6212,5.56,0.64
6213,5.56,0.64
6214,5.56,0.64
6215,5.56,0.64
6216,5.56,0.64
6217,5.56,0.64
6218,5.56,0.64
6219,5.56,0.64
6220,5.56,0.64
6221,5.56,0.64
6222,5.56,0.64
6223,5.56,0.64
6224,5.56,0.64
6225,5.56,0.64
6226,5.56,0.64
6227,5.56,0.64
6228,5.55,0.64
6229,5.55,0.64
6230,5.55,0.64
6231,5.55,0.64
6232,5.55,0.64
6233,5.55,0.64
6234,5.55,0.63
6235,5.55,0.64
6236,5.55,0.64
6237,5.55,0.64
6238,5.55,0.64
6239,5.55,0.64
6240,5.55,0.64
6241,5.55,0.64
6242,5.55,0.64
6243,5.55,0.63
6244,5.55,0.64
6245,5.55,0.64
6246,5.55,0.64
6247,5.55,0.64
6248,5.55,0.64
6249,5.55,0.64
6250,5.55,0.63
6251,5.55,0.63
6252,5.55,0.64
6253,5.54,0.64
6254,5.54,0.63
6255,5.54,0.63
6256,5.54,0.63
6257,5.54,0.64
6258,5.54,0.63
6259,5.54,0.63
6260,5.54,0.63
6261,5.54,0.63
6262,5.54,0.63
6263,5.54,0.63
6264,5.54,0.63
6265,5.54,0.63
6266,5.54,0.63
6267,5.54,0.63
6268,5.54,0.63
6269,5.54,0.63
6270,5.54,0.63
6271,5.54,0.63
6272,5.54,0.63
6273,5.54,0.63
6274,5.54,0.63
6275,5.54,0.63
6276,5.54,0.63
6277,5.54,0.63
6278,5.54,0.63
6279,5.54,0.63
6280,5.54,0.63
6281,5.54,0.63
6282,5.54,0.63
6283,5.54,0.63
6284,5.53,0.63
6285,5.53,0.63
6286,5.53,0.63
6287,5.53,0.63
6288,5.53,0.62
6289,5.53,0.62
6290,5.53,0.62
6291,5.53,0.62
6292,5.53,0.62
6293,5.53,0.63
6294,5.53,0.63
6295,5.53,0.62
6296,5.53,0.62
6297,5.53,0.62
6298,5.53,0.62
6299,5.53,0.62
6300,5.53,0.62
6301,5.53,0.62
6302,5.53,0.62
6303,5.53,0.62
6304,5.53,0.62
6305,5.53,0.62
6306,5.53,0.62
6307,5.53,0.62
6308,5.53,0.62
6309,5.53,0.63
6310,5.53,0.62
6311,5.53,0.62
6312,5.52,0.63
6313,5.52,0.62
6314,5.52,0.62
6315,5.52,0.62
6316,5.52,0.62
6317,5.52,0.62
6318,5.52,0.62
6319,5.52,0.62
6320,5.52,0.62
6321,5.52,0.62
6322,5.52,0.62
6323,5.52,0.62
6324,5.52,0.62
6325,5.52,0.62
6326,5.52,0.62
6327,5.52,0.62
6328,5.52,0.62
6329,5.52,0.62
6330,5.52,0.62
6331,5.52,0.62
6332,5.52,0.62
6333,5.52,0.62
6334,5.51,0.62
6335,5.51,0.62
6336,5.51,0.62
6337,5.51,0.62
6338,5.51,0.62
6339,5.51,0.62
6340,5.51,0.62
6341,5.51,0.62
6342,5.51,0.62
6343,5.51,0.62
6344,5.51,0.62
6345,5.51,0.62
6346,5.51,0.62
6347,5.51,0.62
6348,5.51,0.62
6349,5.51,0.62
6350,5.51,0.62
6351,5.51,0.62
6352,5.51,0.62
6353,5.51,0.62
6354,5.51,0.62
6355,5.51,0.62
6356,5.51,0.62
6357,5.51,0.62
6358,5.51,0.62
6359,5.51,0.62
6360,5.5,0.62
6361,5.5,0.62
6362,5.5,0.62
6363,5.5,0.62
6364,5.5,0.61
6365,5.5,0.62
6366,5.5,0.61
6367,5.5,0.62
6368,5.5,0.62
6369,5.5,0.62
6370,5.5,0.62
6371,5.5,0.61
6372,5.5,0.61
6373,5.5,0.62
6374,5.5,0.61
6375,5.5,0.62
6376,5.5,0.62
6377,5.5,0.62
6378,5.5,0.61
6379,5.5,0.61
6380,5.5,0.61
6381,5.5,0.62
6382,5.5,0.61
6383,5.5,0.62
6384,5.49,0.62
6385,5.49,0.61
6386,5.49,0.62
6387,5.49,0.61
6388,5.49,0.62
6389,5.49,0.62
6390,5.49,0.61
6391,5.49,0.61
6392,5.49,0.62
6393,5.49,0.62
6394,5.49,0.61
6395,5.49,0.61
6396,5.49,0.61
6397,5.49,0.61
6398,5.49,0.61
6399,5.49,0.61
6400,5.49,0.61
6401,5.49,0.61
6402,5.49,0.61
6403,5.49,0.6
6404,5.49,0.6
6405,5.49,0.61
6406,5.49,0.6
6407,5.49,0.61
6408,5.49,0.61
6409,5.49,0.61
6410,5.49,0.61
6411,5.49,0.61
6412,5.49,0.61
6413,5.49,0.61
6414,5.49,0.6
6415,5.48,0.6
6416,5.48,0.6
6417,5.48,0.61
6418,5.48,0.61
6419,5.48,0.6
6420,5.48,0.61
6421,5.48,0.61
6422,5.48,0.6
6423,5.48,0.6
6424,5.48,0.61
6425,5.48,0.61
6426,5.48,0.61
6427,5.48,0.6
6428,5.48,0.61
6429,5.48,0.61
6430,5.48,0.6
6431,5.48,0.6
6432,5.48,0.6
6433,5.48,0.61
6434,5.47,0.61
6435,5.47,0.6
6436,5.47,0.6
6437,5.47,0.6
6438,5.47,0.6
6439,5.47,0.6
6440,5.47,0.6
6441,5.47,0.6
6442,5.47,0.6
6443,5.47,0.6
6444,5.47,0.6
6445,5.47,0.6
6446,5.47,0.6
6447,5.47,0.6
6448,5.47,0.6
6449,5.47,0.6
6450,5.47,0.6
6451,5.47,0.6
6452,5.47,0.6
6453,5.47,0.6
6454,5.47,0.6
6455,5.47,0.6
6456,5.47,0.6
6457,5.47,0.6
6458,5.47,0.6
6459,5.47,0.6
6460,5.47,0.6
6461,5.47,0.6
6462,5.47,0.6
6463,5.47,0.6
6464,5.46,0.6
6465,5.46,0.6
6466,5.46,0.6
6467,5.46,0.6
6468,5.46,0.6
6469,5.46,0.6
6470,5.46,0.6
6471,5.46,0.6
6472,5.46,0.6
6473,5.46,0.6
6474,5.46,0.6
6475,5.46,0.6
6476,5.46,0.6
6477,5.46,0.6
6478,5.46,0.6
6479,5.46,0.6
6480,5.46,0.6
6481,5.46,0.6
6482,5.46,0.6
6483,5.46,0.59
6484,5.46,0.6
6485,5.46,0.6
6486,5.46,0.6
6487,5.46,0.6
6488,5.46,0.6
6489,5.46,0.6
6490,5.46,0.6
6491,5.46,0.6
6492,5.45,0.6
6493,5.45,0.6
6494,5.45,0.6
6495,5.45,0.6
6496,5.45,0.6
6497,5.45,0.6
6498,5.45,0.6
6499,5.45,0.59
6500,5.45,0.6
6501,5.45,0.6
6502,5.45,0.6
6503,5.45,0.6
6504,5.45,0.6
6505,5.45,0.6
6506,5.45,0.6
6507,5.45,0.59
6508,5.45,0.59
6509,5.45,0.59
6510,5.45,0.6
6511,5.45,0.6
6512,5.45,0.6
6513,5.45,0.59
6514,5.45,0.59
6515,5.45,0.59
6516,5.45,0.59
6517,5.45,0.59
6518,5.45,0.59
6519,5.45,0.59
6520,5.45,0.59
6521,5.44,0.59
6522,5.44,0.58
6523,5.44,0.6
6524,5.44,0.59
6525,5.44,0.59
6526,5.44,0.59
6527,5.44,0.59
6528,5.44,0.59
6529,5.44,0.59
6530,5.44,0.59
6531,5.44,0.59
6532,5.44,0.59
6533,5.44,0.59
6534,5.44,0.59
6535,5.44,0.59
6536,5.44,0.59
6537,5.44,0.59
6538,5.44,0.58
6539,5.44,0.59
6540,5.44,0.59
6541,5.44,0.59
6542,5.44,0.59
6543,5.43,0.59
6544,5.43,0.58
6545,5.43,0.58
6546,5.43,0.59
6547,5.43,0.59
6548,5.43,0.59
6549,5.43,0.59
6550,5.43,0.59
6551,5.43,0.58
6552,5.43,0.58
6553,5.43,0.59
6554,5.43,0.58
6555,5.43,0.58
6556,5.43,0.58
6557,5.43,0.58
6558,5.43,0.58
6559,5.43,0.58
6560,5.43,0.58
6561,5.43,0.58
6562,5.43,0.58
6563,5.43,0.58
6564,5.43,0.58
6565,5.43,0.58
6566,5.43,0.58
6567,5.43,0.58
6568,5.43,0.58
6569,5.43,0.58
6570,5.43,0.58
6571,5.43,0.58
6572,5.43,0.58
6573,5.42,0.58
6574,5.42,0.58
6575,5.42,0.58
6576,5.42,0.58
6577,5.42,0.58
6578,5.42,0.58
6579,5.42,0.58
6580,5.42,0.58
6581,5.42,0.58
6582,5.42,0.58
6583,5.42,0.58
6584,5.42,0.58
6585,5.42,0.58
6586,5.42,0.58
6587,5.42,0.58
6588,5.42,0.58
6589,5.42,0.58
6590,5.42,0.58
6591,5.42,0.58
6592,5.42,0.58
6593,5.42,0.58
6594,5.42,0.58
6595,5.42,0.58
6596,5.42,0.58
6597,5.42,0.58
6598,5.42,0.58
6599,5.42,0.58
6600,5.41,0.58
6601,5.41,0.58
6602,5.41,0.58
6603,5.41,0.58
6604,5.41,0.58
6605,5.41,0.58
6606,5.41,0.58
6607,5.41,0.58
6608,5.41,0.58
6609,5.41,0.58
6610,5.41,0.58
6611,5.41,0.58
6612,5.41,0.58
6613,5.41,0.58
6614,5.41,0.58
6615,5.41,0.58
6616,5.41,0.58
6617,5.41,0.58
6618,5.41,0.58
6619,5.41,0.58
6620,5.41,0.58
6621,5.41,0.58
6622,5.4,0.58
6623,5.4,0.58
6624,5.4,0.58
6625,5.4,0.58
6626,5.4,0.58
6627,5.4,0.57
6628,5.4,0.58
6629,5.4,0.57
6630,5.4,0.57
6631,5.4,0.57
6632,5.4,0.58
6633,5.4,0.57
6634,5.4,0.57
6635,5.4,0.57
6636,5.4,0.57
6637,5.4,0.57
6638,5.4,0.57
6639,5.4,0.57
6640,5.4,0.57
6641,5.4,0.57
6642,5.4,0.57
6643,5.4,0.57
6644,5.4,0.57
6645,5.4,0.57
6646,5.4,0.58
6647,5.4,0.57
6648,5.4,0.57
6649,5.4,0.57
6650,5.4,0.57
6651,5.4,0.57
6652,5.4,0.57
6653,5.4,0.58
6654,5.39,0.57
6655,5.39,0.57
6656,5.39,0.57
6657,5.39,0.57
6658,5.39,0.57
6659,5.39,0.57
6660,5.39,0.58
6661,5.39,0.57
6662,5.39,0.57
6663,5.39,0.57
6664,5.39,0.57
6665,5.39,0.57
6666,5.39,0.57
6667,5.39,0.57
6668,5.39,0.56
6669,5.39,0.57
6670,5.39,0.57
6671,5.39,0.56
6672,5.39,0.57
6673,5.39,0.57
6674,5.39,0.56
6675,5.39,0.56
6676,5.39,0.57
6677,5.39,0.56
6678,5.39,0.57
6679,5.38,0.56
6680,5.38,0.56
6681,5.38,0.56
6682,5.38,0.56
6683,5.38,0.56
6684,5.38,0.56
6685,5.38,0.56
6686,5.38,0.56
6687,5.38,0.57
6688,5.38,0.56
6689,5.38,0.56
6690,5.38,0.56
6691,5.38,0.56
6692,5.38,0.57
6693,5.38,0.56
6694,5.38,0.56
6695,5.38,0.56
6696,5.38,0.56
6697,5.38,0.57
6698,5.38,0.56
6699,5.38,0.57
6700,5.38,0.57
6701,5.38,0.56
6702,5.38,0.56
6703,5.38,0.56
6704,5.38,0.56
6705,5.38,0.56
6706,5.38,0.56
6707,5.37,0.56
6708,5.37,0.56
6709,5.37,0.56
6710,5.37,0.56
6711,5.37,0.56
6712,5.37,0.56
6713,5.37,0.56
6714,5.37,0.56
6715,5.37,0.56
6716,5.37,0.56
6717,5.37,0.56
6718,5.37,0.56
6719,5.37,0.56
6720,5.37,0.56
6721,5.37,0.56
6722,5.37,0.56
6723,5.37,0.56
6724,5.37,0.56
6725,5.37,0.56
6726,5.37,0.56
6727,5.37,0.56
6728,5.37,0.56
6729,5.37,0.56
6730,5.37,0.56
6731,5.37,0.56
6732,5.37,0.56
6733,5.37,0.56
6734,5.36,0.56
6735,5.36,0.56
6736,5.36,0.56
6737,5.36,0.56
6738,5.36,0.56
6739,5.36,0.56
6740,5.36,0.56
6741,5.36,0.56
6742,5.36,0.56
6743,5.36,0.56
6744,5.36,0.56
6745,5.36,0.56
6746,5.36,0.56
6747,5.36,0.56
6748,5.36,0.56
6749,5.36,0.56
6750,5.36,0.56
6751,5.36,0.56
6752,5.36,0.56
6753,5.36,0.56
6754,5.36,0.55
6755,5.36,0.55
6756,5.36,0.56
6757,5.36,0.56
6758,5.36,0.56
6759,5.36,0.55
6760,5.36,0.56
6761,5.36,0.55
6762,5.36,0.56
6763,5.36,0.55
6764,5.36,0.56
6765,5.36,0.55
6766,5.36,0.55
6767,5.36,0.55
6768,5.35,0.55
6769,5.35,0.56
6770,5.35,0.55
6771,5.35,0.55
6772,5.35,0.56
6773,5.35,0.56
6774,5.35,0.55
6775,5.35,0.55
6776,5.35,0.56
6777,5.35,0.55
6778,5.35,0.55
6779,5.35,0.55
6780,5.35,0.55
6781,5.35,0.55
6782,5.35,0.55
6783,5.35,0.55
6784,5.35,0.55
6785,5.35,0.55
6786,5.35,0.56
6787,5.35,0.56
6788,5.35,0.55
6789,5.35,0.55
6790,5.35,0.55
6791,5.35,0.55
6792,5.35,0.55
6793,5.35,0.55
6794,5.35,0.55
6795,5.35,0.55
6796,5.35,0.55
6797,5.34,0.55
6798,5.34,0.55
6799,5.34,0.54
6800,5.34,0.54
6801,5.34,0.55
6802,5.34,0.55
6803,5.34,0.55
6804,5.34,0.55
6805,5.34,0.55
6806,5.34,0.54
6807,5.34,0.55
6808,5.34,0.55
6809,5.34,0.55
6810,5.34,0.55
6811,5.34,0.55
6812,5.34,0.55
6813,5.34,0.55
6814,5.34,0.55
6815,5.34,0.55
6816,5.34,0.54
6817,5.34,0.55
6818,5.34,0.55
6819,5.34,0.55
6820,5.34,0.55
6821,5.34,0.55
6822,5.34,0.54
6823,5.34,0.54
6824,5.34,0.55
6825,5.33,0.55
6826,5.33,0.55
6827,5.33,0.55
6828,5.33,0.54
6829,5.33,0.55
6830,5.33,0.54
6831,5.33,0.54
6832,5.33,0.54
6833,5.33,0.54
6834,5.33,0.54
6835,5.33,0.54
6836,5.33,0.54
6837,5.33,0.54
6838,5.33,0.54
6839,5.33,0.54
6840,5.33,0.54
6841,5.33,0.54
6842,5.33,0.54
6843,5.33,0.54
6844,5.33,0.54
6845,5.33,0.54
6846,5.33,0.54
6847,5.33,0.54
6848,5.33,0.54
6849,5.33,0.54
6850,5.33,0.54
6851,5.33,0.54
6852,5.33,0.54
6853,5.33,0.54
6854,5.33,0.54
6855,5.33,0.54
6856,5.32,0.54
6857,5.32,0.54
6858,5.32,0.54
6859,5.32,0.54
6860,5.32,0.54
6861,5.32,0.54
6862,5.32,0.54
6863,5.32,0.54
6864,5.32,0.54
6865,5.32,0.54
6866,5.32,0.54
6867,5.32,0.54
6868,5.32,0.54
6869,5.32,0.54
6870,5.32,0.54
6871,5.32,0.54
6872,5.32,0.54
6873,5.32,0.54
6874,5.32,0.54
6875,5.32,0.54
6876,5.32,0.54
6877,5.32,0.54
6878,5.31,0.54
6879,5.31,0.54
6880,5.31,0.54
6881,5.31,0.54
6882,5.31,0.54
6883,5.31,0.54
6884,5.31,0.54
6885,5.31,0.54
6886,5.31,0.54
6887,5.31,0.54
6888,5.31,0.54
6889,5.31,0.54
6890,5.31,0.54
6891,5.31,0.54
6892,5.31,0.54
6893,5.31,0.54
6894,5.31,0.54
6895,5.31,0.54
6896,5.31,0.54
6897,5.31,0.54
6898,5.31,0.54
6899,5.31,0.54
6900,5.31,0.54
6901,5.31,0.54
6902,5.31,0.54
6903,5.31,0.53
6904,5.31,0.54
6905,5.31,0.54
6906,5.31,0.54
6907,5.31,0.54
6908,5.31,0.54
6909,5.3,0.54
6910,5.3,0.54
6911,5.3,0.54
6912,5.3,0.54
6913,5.3,0.54
6914,5.3,0.54
6915,5.3,0.54
6916,5.3,0.54
6917,5.3,0.54
6918,5.3,0.54
6919,5.3,0.54
6920,5.3,0.53
6921,5.3,0.53
6922,5.3,0.53
6923,5.3,0.53
6924,5.3,0.53
6925,5.3,0.54
6926,5.3,0.53
6927,5.3,0.53
6928,5.3,0.53
6929,5.3,0.53
6930,5.3,0.53
6931,5.3,0.53
6932,5.3,0.53
6933,5.3,0.54
6934,5.3,0.53
6935,5.3,0.53
6936,5.3,0.53
6937,5.3,0.53
6938,5.3,0.53
6939,5.3,0.53
6940,5.3,0.53
6941,5.3,0.53
6942,5.3,0.53
6943,5.3,0.53
6944,5.3,0.53
6945,5.3,0.53
6946,5.3,0.53
6947,5.29,0.53
6948,5.29,0.53
6949,5.29,0.53
6950,5.29,0.53
6951,5.29,0.53
6952,5.29,0.53
6953,5.29,0.53
6954,5.29,0.53
6955,5.29,0.53
6956,5.29,0.53
6957,5.29,0.53
6958,5.29,0.53
6959,5.29,0.53
6960,5.29,0.53
6961,5.29,0.52
6962,5.29,0.53
6963,5.29,0.53
6964,5.29,0.53
6965,5.29,0.53
6966,5.29,0.53
6967,5.29,0.52
6968,5.29,0.52
6969,5.29,0.52
6970,5.29,0.52
6971,5.29,0.52
6972,5.29,0.52
6973,5.28,0.53
6974,5.28,0.52
6975,5.29,0.52
6976,5.28,0.52
6977,5.28,0.52
6978,5.28,0.52
6979,5.28,0.52
6980,5.28,0.52
6981,5.28,0.52
6982,5.28,0.52
6983,5.28,0.52
6984,5.28,0.52
6985,5.28,0.52
6986,5.28,0.52
6987,5.28,0.52
6988,5.28,0.52
6989,5.28,0.52
6990,5.28,0.52
6991,5.28,0.52
6992,5.28,0.52
6993,5.28,0.52
6994,5.28,0.52
6995,5.28,0.52
6996,5.28,0.52
6997,5.28,0.52
6998,5.28,0.52
6999,5.28,0.52
7000,5.28,0.52
7001,5.28,0.52
7002,5.27,0.52
7003,5.27,0.52
7004,5.27,0.52
7005,5.27,0.52
7006,5.27,0.52
7007,5.27,0.52
7008,5.27,0.52
7009,5.27,0.52
7010,5.27,0.52
7011,5.27,0.52
7012,5.27,0.52
7013,5.27,0.52
7014,5.27,0.52
7015,5.27,0.52
7016,5.27,0.52
7017,5.27,0.52
7018,5.27,0.52
7019,5.27,0.52
7020,5.27,0.52
7021,5.27,0.52
7022,5.27,0.52
7023,5.27,0.52
7024,5.27,0.52
7025,5.27,0.52
7026,5.27,0.52
7027,5.27,0.52
7028,5.27,0.52
7029,5.27,0.52
7030,5.27,0.52
7031,5.27,0.52
7032,5.27,0.52
7033,5.27,0.52
7034,5.27,0.52
7035,5.27,0.52
7036,5.27,0.52
7037,5.27,0.52
7038,5.27,0.52
7039,5.27,0.52
7040,5.27,0.52
7041,5.27,0.52
7042,5.27,0.52
7043,5.26,0.52
7044,5.26,0.52
7045,5.26,0.52
7046,5.26,0.52
7047,5.26,0.52
7048,5.26,0.52
7049,5.26,0.52
7050,5.26,0.52
7051,5.26,0.52
7052,5.26,0.52
7053,5.26,0.51
7054,5.26,0.52
7055,5.26,0.52
7056,5.26,0.52
7057,5.26,0.52
7058,5.26,0.52
7059,5.26,0.52
7060,5.26,0.52
7061,5.26,0.52
7062,5.26,0.51
7063,5.26,0.52
7064,5.26,0.52
7065,5.26,0.52
7066,5.26,0.52
7067,5.26,0.51
7068,5.26,0.52
7069,5.26,0.52
7070,5.26,0.51
7071,5.26,0.51
7072,5.26,0.51
7073,5.26,0.51
7074,5.26,0.51
7075,5.26,0.51
7076,5.26,0.51
7077,5.26,0.51
7078,5.26,0.52
7079,5.26,0.51
7080,5.26,0.51
7081,5.26,0.51
7082,5.26,0.51
7083,5.26,0.51
7084,5.26,0.51
7085,5.26,0.51
7086,5.26,0.52
7087,5.25,0.52
7088,5.25,0.51
7089,5.25,0.51
7090,5.25,0.51
7091,5.25,0.51
7092,5.25,0.51
7093,5.25,0.51
7094,5.25,0.52
7095,5.25,0.51
7096,5.25,0.52
7097,5.25,0.51
7098,5.25,0.51
7099,5.25,0.51
7100,5.25,0.51
7101,5.25,0.52
7102,5.25,0.51
7103,5.25,0.52
7104,5.24,0.51
7105,5.24,0.51
7106,5.24,0.51
7107,5.24,0.51
7108,5.24,0.51
7109,5.24,0.51
7110,5.24,0.51
7111,5.24,0.51
7112,5.24,0.51
7113,5.24,0.51
7114,5.24,0.51
7115,5.24,0.51
7116,5.25,0.51
7117,5.25,0.51
7118,5.25,0.51
7119,5.25,0.51
7120,5.25,0.51
7121,5.25,0.51
7122,5.25,0.51
7123,5.25,0.51
7124,5.25,0.51
7125,5.25,0.51
7126,5.25,0.51
7127,5.25,0.51
7128,5.25,0.51
7129,5.25,0.51
7130,5.25,0.51
7131,5.24,0.51
7132,5.24,0.51
7133,5.24,0.51
7134,5.24,0.51
7135,5.24,0.51
7136,5.24,0.51
7137,5.24,0.51
7138,5.24,0.51
7139,5.24,0.51
7140,5.24,0.51
7141,5.24,0.51
7142,5.24,0.51
7143,5.24,0.51
7144,5.24,0.51
7145,5.23,0.51
7146,5.23,0.51
7147,5.23,0.51
7148,5.23,0.51
7149,5.23,0.51
7150,5.23,0.51
7151,5.23,0.51
7152,5.23,0.51
7153,5.23,0.51
7154,5.23,0.51
7155,5.23,0.51
7156,5.23,0.51
7157,5.23,0.51
7158,5.23,0.51
7159,5.23,0.51
7160,5.23,0.51
7161,5.23,0.51
7162,5.23,0.51
7163,5.23,0.51
7164,5.23,0.51
7165,5.23,0.51
7166,5.23,0.51
7167,5.23,0.51
7168,5.23,0.51
7169,5.23,0.51
7170,5.23,0.51
7171,5.23,0.5
7172,5.23,0.5
7173,5.23,0.51
7174,5.23,0.51
7175,5.23,0.51
7176,5.23,0.5
7177,5.23,0.51
7178,5.23,0.51
7179,5.23,0.51
7180,5.23,0.51
7181,5.23,0.5
7182,5.23,0.5
7183,5.23,0.5
7184,5.23,0.5
7185,5.23,0.5
7186,5.23,0.5
7187,5.23,0.51
7188,5.23,0.51
7189,5.23,0.5
7190,5.23,0.5
7191,5.23,0.5
7192,5.22,0.5
7193,5.22,0.5
7194,5.22,0.5
7195,5.22,0.51
7196,5.22,0.5
7197,5.22,0.51
7198,5.22,0.51
7199,5.22,0.51
7200,5.22,0.51
7201,5.22,0.51
7202,5.22,0.51
7203,5.21,0.5
7204,5.21,0.5
7205,5.21,0.51
7206,5.21,0.51
7207,5.21,0.5
7208,5.21,0.5
7209,5.21,0.5
7210,5.21,0.5
7211,5.21,0.5
7212,5.21,0.5
7213,5.21,0.5
7214,5.21,0.51
7215,5.22,0.51
7216,5.22,0.5
7217,5.22,0.5
7218,5.22,0.51
7219,5.22,0.51
7220,5.22,0.5
7221,5.22,0.5
7222,5.22,0.5
7223,5.22,0.5
7224,5.22,0.5
7225,5.22,0.5
7226,5.22,0.5
7227,5.22,0.5
7228,5.22,0.5
7229,5.22,0.5
7230,5.22,0.5
7231,5.22,0.5
7232,5.22,0.5
7233,5.22,0.5
7234,5.22,0.49
7235,5.22,0.5
7236,5.22,0.49
7237,5.22,0.5
7238,5.22,0.49
7239,5.21,0.5
7240,5.21,0.5
7241,5.21,0.49
7242,5.21,0.5
7243,5.21,0.49
7244,5.21,0.49
7245,5.21,0.49
7246,5.21,0.49
7247,5.21,0.5
7248,5.21,0.5
7249,5.2,0.49
7250,5.2,0.49
7251,5.2,0.49
7252,5.2,0.5
7253,5.2,0.49
7254,5.2,0.5
7255,5.2,0.5
7256,5.2,0.5
7257,5.2,0.49
7258,5.2,0.5
7259,5.2,0.5
7260,5.2,0.5
7261,5.2,0.5
7262,5.2,0.5
7263,5.2,0.49
7264,5.2,0.49
7265,5.2,0.5
7266,5.2,0.5
7267,5.2,0.5
7268,5.2,0.49
7269,5.2,0.49
7270,5.2,0.49
7271,5.2,0.49
7272,5.2,0.5
7273,5.21,0.49
7274,5.21,0.5
7275,5.21,0.49
7276,5.21,0.49
7277,5.21,0.49
7278,5.21,0.49
7279,5.21,0.5
7280,5.21,0.49
7281,5.21,0.49
7282,5.21,0.49
7283,5.21,0.49
7284,5.21,0.49
7285,5.21,0.49
7286,5.21,0.49
7287,5.21,0.49
7288,5.21,0.49
7289,5.2,0.49
7290,5.2,0.49
7291,5.2,0.49
7292,5.2,0.49
7293,5.2,0.49
7294,5.2,0.49
7295,5.2,0.49
7296,5.2,0.49
7297,5.2,0.49
7298,5.2,0.49
7299,5.19,0.49
7300,5.19,0.49
7301,5.19,0.49
7302,5.19,0.49
7303,5.19,0.49
7304,5.19,0.49
7305,5.19,0.49
7306,5.19,0.49
7307,5.19,0.49
7308,5.19,0.49
7309,5.19,0.49
7310,5.19,0.49
7311,5.19,0.49
7312,5.19,0.49
7313,5.19,0.49
7314,5.19,0.49
7315,5.19,0.49
7316,5.19,0.49
7317,5.19,0.49
7318,5.19,0.49
7319,5.19,0.49
7320,5.19,0.49
7321,5.19,0.49
7322,5.19,0.49
7323,5.19,0.49
7324,5.19,0.49
7325,5.19,0.49
7326,5.19,0.49
7327,5.19,0.49
7328,5.19,0.49
7329,5.19,0.49
7330,5.2,0.49
7331,5.2,0.49
7332,5.2,0.49
7333,5.2,0.49
7334,5.2,0.49
7335,5.2,0.49
7336,5.2,0.49
7337,5.2,0.49
7338,5.19,0.49
7339,5.19,0.49
7340,5.19,0.49
7341,5.19,0.49
7342,5.19,0.49
7343,5.19,0.49
7344,5.19,0.49
7345,5.19,0.49
7346,5.19,0.49
7347,5.19,0.49
7348,5.19,0.49
7349,5.19,0.49
7350,5.18,0.49
7351,5.18,0.49
7352,5.18,0.49
7353,5.18,0.49
7354,5.18,0.49
7355,5.18,0.49
7356,5.18,0.49
7357,5.18,0.48
7358,5.18,0.49
7359,5.18,0.49
7360,5.17,0.49
7361,5.17,0.49
7362,5.17,0.49
7363,5.17,0.49
7364,5.17,0.49
7365,5.17,0.49
7366,5.17,0.49
7367,5.17,0.49
7368,5.17,0.49
7369,5.17,0.49
7370,5.17,0.49
7371,5.17,0.49
7372,5.17,0.49
7373,5.17,0.48
7374,5.17,0.49
7375,5.17,0.49
7376,5.18,0.48
7377,5.18,0.49
7378,5.18,0.49
7379,5.18,0.48
7380,5.18,0.49
7381,5.18,0.49
7382,5.18,0.49
7383,5.18,0.49
7384,5.18,0.49
7385,5.18,0.49
7386,5.18,0.49
7387,5.18,0.49
7388,5.18,0.49
7389,5.18,0.49
7390,5.18,0.49
7391,5.18,0.49
7392,5.18,0.49
7393,5.18,0.48
7394,5.18,0.49
7395,5.18,0.49
7396,5.18,0.48
7397,5.17,0.49
7398,5.17,0.49
7399,5.17,0.48
7400,5.17,0.48
7401,5.17,0.48
7402,5.17,0.48
7403,5.17,0.48
7404,5.17,0.48
7405,5.17,0.49
7406,5.17,0.48
7407,5.17,0.48
7408,5.17,0.48
7409,5.17,0.48
7410,5.16,0.48
7411,5.16,0.48
7412,5.16,0.48
7413,5.16,0.48
7414,5.16,0.48
7415,5.16,0.48
7416,5.16,0.47
7417,5.16,0.48
7418,5.16,0.48
7419,5.16,0.48
7420,5.16,0.48
7421,5.16,0.48
7422,5.16,0.48
7423,5.16,0.48
7424,5.16,0.48
7425,5.16,0.48
7426,5.16,0.48
7427,5.16,0.48
7428,5.16,0.48
7429,5.16,0.48
7430,5.16,0.48
7431,5.16,0.48
7432,5.16,0.48
7433,5.16,0.48
7434,5.16,0.47
7435,5.16,0.48
7436,5.16,0.48
7437,5.16,0.48
7438,5.16,0.48
7439,5.16,0.48
7440,5.16,0.48
7441,5.16,0.48
7442,5.16,0.47
7443,5.16,0.48
7444,5.16,0.47
7445,5.16,0.48
7446,5.16,0.48
7447,5.16,0.48
7448,5.16,0.48
7449,5.16,0.48
7450,5.16,0.48
7451,5.16,0.48
7452,5.16,0.48
7453,5.16,0.48
7454,5.16,0.48
7455,5.16,0.48
7456,5.16,0.48
7457,5.16,0.48
7458,5.15,0.48
7459,5.15,0.48
7460,5.15,0.49
7461,5.15,0.48
7462,5.15,0.48
7463,5.15,0.48
7464,5.15,0.47
7465,5.15,0.48
7466,5.15,0.48
7467,5.15,0.47
7468,5.15,0.48
7469,5.15,0.48
7470,5.15,0.48
7471,5.15,0.47
7472,5.15,0.48
7473,5.15,0.47
7474,5.15,0.48
7475,5.15,0.47
7476,5.15,0.47
7477,5.15,0.48
7478,5.15,0.47
7479,5.15,0.47
7480,5.15,0.47
7481,5.15,0.47
7482,5.15,0.48
7483,5.15,0.47
7484,5.15,0.47
7485,5.15,0.47
7486,5.15,0.47
7487,5.15,0.47
7488,5.15,0.47
7489,5.15,0.47
7490,5.15,0.47
7491,5.15,0.47
7492,5.15,0.47
7493,5.15,0.47
7494,5.15,0.47
7495,5.15,0.47
7496,5.15,0.47
7497,5.15,0.47
7498,5.15,0.47
7499,5.15,0.47
7500,5.15,0.47
7501,5.15,0.47
7502,5.15,0.47
7503,5.15,0.47
7504,5.15,0.48
7505,5.15,0.47
7506,5.15,0.47
7507,5.14,0.47
7508,5.14,0.47
7509,5.14,0.47
7510,5.14,0.47
7511,5.14,0.47
7512,5.14,0.47
7513,5.14,0.47
7514,5.14,0.47
7515,5.14,0.47
7516,5.14,0.47
7517,5.14,0.48
7518,5.14,0.47
7519,5.14,0.47
7520,5.14,0.47
7521,5.14,0.47
7522,5.14,0.47
7523,5.14,0.47
7524,5.14,0.47
7525,5.14,0.47
7526,5.14,0.47
7527,5.14,0.47
7528,5.14,0.47
7529,5.15,0.47
7530,5.15,0.47
7531,5.15,0.47
7532,5.15,0.47
7533,5.15,0.47
7534,5.15,0.47
7535,5.15,0.47
7536,5.15,0.47
7537,5.15,0.47
7538,5.15,0.47
7539,5.15,0.47
7540,5.15,0.47
7541,5.15,0.47
7542,5.15,0.47
7543,5.15,0.47
7544,5.15,0.47
7545,5.15,0.47
7546,5.15,0.47
7547,5.14,0.47
7548,5.14,0.47
7549,5.14,0.47
7550,5.14,0.47
7551,5.14,0.47
7552,5.14,0.47
7553,5.14,0.47
7554,5.14,0.47
7555,5.14,0.47
7556,5.14,0.47
7557,5.14,0.47
7558,5.14,0.47
7559,5.14,0.47
7560,5.14,0.47
7561,5.14,0.46
7562,5.14,0.47
7563,5.13,0.46
7564,5.13,0.47
7565,5.13,0.47
7566,5.13,0.47
7567,5.13,0.47
7568,5.13,0.47
7569,5.13,0.47
7570,5.13,0.47
7571,5.13,0.47
7572,5.13,0.47
7573,5.13,0.47
7574,5.13,0.47
7575,5.13,0.47
7576,5.13,0.47
7577,5.13,0.47
7578,5.13,0.47
7579,5.13,0.47
7580,5.13,0.47
7581,5.13,0.47
7582,5.13,0.47
7583,5.13,0.47
7584,5.13,0.47
7585,5.13,0.47
7586,5.13,0.47
7587,5.13,0.47
7588,5.13,0.47
7589,5.13,0.47
7590,5.13,0.47
7591,5.13,0.47
7592,5.13,0.47
7593,5.13,0.47
7594,5.13,0.47
7595,5.13,0.47
7596,5.13,0.47
7597,5.13,0.47
7598,5.13,0.47
7599,5.13,0.47
7600,5.13,0.47
7601,5.13,0.47
7602,5.13,0.47
7603,5.13,0.47
7604,5.13,0.47
7605,5.13,0.47
7606,5.13,0.47
7607,5.13,0.47
7608,5.13,0.47
7609,5.13,0.47
7610,5.13,0.47
7611,5.13,0.47
7612,5.13,0.47
7613,5.13,0.47
7614,5.13,0.47
7615,5.13,0.47
7616,5.13,0.47
7617,5.13,0.47
7618,5.13,0.47
7619,5.13,0.47
7620,5.13,0.47
7621,5.13,0.47
7622,5.13,0.47
7623,5.13,0.47
7624,5.13,0.47
7625,5.13,0.47
7626,5.13,0.47
7627,5.13,0.47
7628,5.13,0.46
7629,5.13,0.47
7630,5.13,0.46
7631,5.13,0.46
7632,5.13,0.46
7633,5.13,0.46
7634,5.13,0.46
7635,5.13,0.47
7636,5.13,0.46
7637,5.13,0.46
7638,5.13,0.46
7639,5.13,0.46
7640,5.13,0.46
7641,5.13,0.46
7642,5.13,0.46
7643,5.13,0.46
7644,5.13,0.47
7645,5.13,0.46
7646,5.13,0.46
7647,5.13,0.46
7648,5.12,0.46
7649,5.12,0.47
7650,5.12,0.46
7651,5.12,0.46
7652,5.12,0.46
7653,5.12,0.46
7654,5.12,0.46
7655,5.12,0.47
7656,5.12,0.46
7657,5.12,0.46
7658,5.12,0.46
7659,5.12,0.47
7660,5.12,0.46
7661,5.12,0.46
7662,5.11,0.46
7663,5.11,0.46
7664,5.11,0.46
7665,5.11,0.46
7666,5.11,0.46
7667,5.11,0.46
7668,5.11,0.46
7669,5.11,0.46
7670,5.11,0.46
7671,5.11,0.46
7672,5.11,0.47
7673,5.11,0.46
7674,5.11,0.46
7675,5.11,0.46
7676,5.11,0.46
7677,5.11,0.46
7678,5.11,0.46
7679,5.11,0.47
7680,5.11,0.46
7681,5.11,0.46
7682,5.12,0.46
7683,5.12,0.46
7684,5.12,0.46
7685,5.12,0.46
7686,5.12,0.46
7687,5.12,0.46
7688,5.12,0.47
7689,5.12,0.47
7690,5.12,0.47
7691,5.12,0.46
7692,5.12,0.46
7693,5.12,0.46
7694,5.12,0.46
7695,5.12,0.46
7696,5.12,0.46
7697,5.12,0.46
7698,5.12,0.46
7699,5.12,0.47
7700,5.12,0.46
7701,5.11,0.46
7702,5.11,0.46
7703,5.11,0.46
7704,5.11,0.46
7705,5.11,0.46
7706,5.11,0.46
7707,5.11,0.46
7708,5.11,0.46
7709,5.11,0.46
7710,5.11,0.46
7711,5.11,0.46
7712,5.11,0.46
7713,5.11,0.46
7714,5.11,0.46
7715,5.11,0.46
7716,5.11,0.46
7717,5.11,0.46
7718,5.11,0.46
7719,5.11,0.46
7720,5.11,0.46
7721,5.11,0.45
7722,5.11,0.46
7723,5.11,0.45
7724,5.11,0.46
7725,5.11,0.45
7726,5.11,0.45
7727,5.11,0.45
7728,5.11,0.45
7729,5.11,0.46
7730,5.11,0.45
7731,5.11,0.45
7732,5.11,0.45
7733,5.11,0.45
7734,5.11,0.45
7735,5.11,0.45
7736,5.11,0.45
7737,5.11,0.45
7738,5.11,0.46
7739,5.11,0.46
7740,5.11,0.45
7741,5.11,0.45
7742,5.11,0.46
7743,5.11,0.45
7744,5.11,0.45
7745,5.11,0.45
7746,5.11,0.45
7747,5.11,0.45
7748,5.11,0.45
7749,5.11,0.45
7750,5.11,0.45
7751,5.1,0.45
7752,5.1,0.45
7753,5.1,0.45
7754,5.1,0.45
7755,5.1,0.46
7756,5.1,0.45
7757,5.1,0.46
7758,5.1,0.46
7759,5.1,0.45
7760,5.1,0.46
7761,5.1,0.45
7762,5.1,0.46
7763,5.1,0.45
7764,5.1,0.45
7765,5.1,0.46
7766,5.1,0.45
7767,5.1,0.45
7768,5.1,0.46
7769,5.1,0.45
7770,5.1,0.45
7771,5.1,0.45
7772,5.1,0.45
7773,5.1,0.45
7774,5.1,0.45
7775,5.1,0.46
7776,5.1,0.45
7777,5.1,0.45
7778,5.1,0.45
7779,5.1,0.45
7780,5.1,0.45
7781,5.1,0.45
7782,5.1,0.45
7783,5.1,0.45
7784,5.1,0.45
7785,5.1,0.45
7786,5.1,0.45
7787,5.1,0.45
7788,5.1,0.45
7789,5.1,0.45
7790,5.1,0.46
7791,5.1,0.46
7792,5.1,0.45
7793,5.1,0.46
7794,5.1,0.46
7795,5.1,0.46
7796,5.1,0.45
7797,5.1,0.45
7798,5.1,0.46
7799,5.1,0.45
7800,5.1,0.46
7801,5.1,0.45
7802,5.1,0.46
7803,5.1,0.45
7804,5.1,0.45
7805,5.1,0.46
7806,5.1,0.46
7807,5.09,0.46
7808,5.09,0.45
7809,5.09,0.46
7810,5.09,0.45
7811,5.09,0.45
7812,5.09,0.45
7813,5.09,0.45
7814,5.09,0.45
7815,5.09,0.45
7816,5.09,0.45
7817,5.09,0.45
7818,5.09,0.45
7819,5.09,0.45
7820,5.09,0.45
7821,5.09,0.45
7822,5.09,0.46
7823,5.09,0.45
7824,5.09,0.45
7825,5.09,0.45
7826,5.09,0.45
7827,5.09,0.45
7828,5.09,0.45
7829,5.09,0.45
7830,5.09,0.46
7831,5.09,0.45
7832,5.09,0.45
7833,5.09,0.45
7834,5.09,0.45
7835,5.09,0.45
7836,5.09,0.45
7837,5.09,0.45
7838,5.1,0.45
7839,5.1,0.45
7840,5.1,0.45
7841,5.1,0.45
7842,5.1,0.45
7843,5.1,0.45
7844,5.1,0.45
7845,5.1,0.45
7846,5.09,0.45
7847,5.09,0.45
7848,5.09,0.45
7849,5.09,0.45
7850,5.09,0.45
7851,5.09,0.45
7852,5.09,0.45
7853,5.09,0.45
7854,5.09,0.45
7855,5.09,0.45
7856,5.09,0.45
7857,5.09,0.45
7858,5.09,0.45
7859,5.09,0.45
7860,5.09,0.45
7861,5.09,0.45
7862,5.08,0.45
7863,5.08,0.45
7864,5.08,0.45
7865,5.08,0.45
7866,5.08,0.45
7867,5.08,0.45
7868,5.08,0.45
7869,5.08,0.45
7870,5.08,0.45
7871,5.08,0.45
7872,5.08,0.45
7873,5.08,0.45
7874,5.08,0.45
7875,5.08,0.45
7876,5.08,0.45
7877,5.08,0.45
7878,5.08,0.45
7879,5.08,0.45
7880,5.08,0.45
7881,5.08,0.45
7882,5.08,0.45
7883,5.08,0.45
7884,5.08,0.45
7885,5.08,0.45
7886,5.09,0.45
7887,5.09,0.45
7888,5.09,0.45
7889,5.09,0.45
7890,5.09,0.45
7891,5.09,0.45
7892,5.09,0.45
7893,5.09,0.45
7894,5.09,0.45
7895,5.09,0.45
7896,5.09,0.45
7897,5.09,0.45
7898,5.09,0.45
7899,5.09,0.45
7900,5.09,0.45
7901,5.09,0.45
7902,5.08,0.45
7903,5.08,0.45
7904,5.08,0.45
7905,5.08,0.45
7906,5.08,0.45
7907,5.08,0.45
7908,5.08,0.45
7909,5.08,0.45
7910,5.08,0.45
7911,5.08,0.45
7912,5.08,0.45
7913,5.08,0.45
7914,5.08,0.45
7915,5.08,0.45
7916,5.08,0.45
7917,5.08,0.45
7918,5.08,0.45
7919,5.08,0.45
7920,5.08,0.45
7921,5.08,0.45
7922,5.08,0.45
7923,5.08,0.45
7924,5.08,0.45
7925,5.08,0.45
7926,5.08,0.45
7927,5.08,0.45
7928,5.08,0.45
7929,5.08,0.45
7930,5.08,0.45
7931,5.08,0.45
7932,5.08,0.45
7933,5.08,0.45
7934,5.08,0.45
7935,5.08,0.45
7936,5.08,0.45
7937,5.08,0.45
7938,5.08,0.45
7939,5.08,0.45
7940,5.08,0.45
7941,5.08,0.45
7942,5.08,0.45
7943,5.08,0.45
7944,5.08,0.45
7945,5.08,0.45
7946,5.08,0.45
7947,5.08,0.45
7948,5.08,0.45
7949,5.08,0.45
7950,5.08,0.45
7951,5.08,0.45
7952,5.08,0.45
7953,5.08,0.45
7954,5.08,0.45
7955,5.08,0.45
7956,5.08,0.45
7957,5.08,0.45
7958,5.08,0.45
7959,5.08,0.45
7960,5.08,0.45
7961,5.08,0.45
7962,5.08,0.45
7963,5.08,0.45
7964,5.08,0.45
7965,5.08,0.45
7966,5.08,0.45
7967,5.08,0.45
7968,5.07,0.45
7969,5.07,0.45
7970,5.07,0.45
7971,5.07,0.45
7972,5.07,0.45
7973,5.07,0.45
7974,5.07,0.45
7975,5.07,0.45
7976,5.08,0.45
7977,5.08,0.45
7978,5.08,0.45
7979,5.08,0.45
7980,5.08,0.45
7981,5.08,0.45
7982,5.08,0.45
7983,5.08,0.45
7984,5.08,0.45
7985,5.08,0.45
7986,5.08,0.45
7987,5.08,0.45
7988,5.08,0.45
7989,5.08,0.45
7990,5.08,0.45
7991,5.08,0.45
7992,5.08,0.45
7993,5.08,0.45
7994,5.08,0.45
7995,5.08,0.45
7996,5.08,0.45
7997,5.08,0.44
7998,5.08,0.45
7999,5.08,0.45
8000,5.08,0.45
8001,5.08,0.45
8002,5.08,0.44
8003,5.08,0.45
8004,5.08,0.45
8005,5.08,0.45
8006,5.07,0.44
8007,5.07,0.45
8008,5.07,0.45
8009,5.07,0.45
8010,5.07,0.44
8011,5.07,0.44
8012,5.07,0.44
8013,5.07,0.45
8014,5.07,0.45
8015,5.07,0.45
8016,5.07,0.44
8017,5.07,0.44
8018,5.07,0.45
8019,5.07,0.44
8020,5.07,0.45
8021,5.07,0.44
8022,5.07,0.44
8023,5.07,0.44
8024,5.07,0.45
8025,5.07,0.45
8026,5.07,0.44
8027,5.07,0.44
8028,5.07,0.44
8029,5.07,0.45
8030,5.07,0.44
8031,5.07,0.45
8032,5.07,0.44
8033,5.07,0.44
8034,5.07,0.44
8035,5.07,0.45
8036,5.07,0.44
8037,5.07,0.45
8038,5.07,0.44
8039,5.07,0.44
8040,5.07,0.45
8041,5.07,0.45
8042,5.07,0.45
8043,5.07,0.44
8044,5.07,0.45
8045,5.07,0.44
8046,5.07,0.45
8047,5.07,0.44
8048,5.07,0.44
8049,5.07,0.45
8050,5.07,0.44
8051,5.07,0.44
8052,5.07,0.44
8053,5.07,0.45
8054,5.07,0.45
8055,5.07,0.45
8056,5.07,0.45
8057,5.07,0.45
8058,5.07,0.45
8059,5.07,0.45
8060,5.07,0.45
8061,5.07,0.45
8062,5.07,0.45
8063,5.07,0.44
8064,5.07,0.45
8065,5.07,0.45
8066,5.07,0.45
8067,5.06,0.45
8068,5.06,0.45
8069,5.06,0.44
8070,5.06,0.45
8071,5.06,0.45
8072,5.06,0.45
8073,5.06,0.44
8074,5.06,0.45
8075,5.06,0.44
8076,5.06,0.45
8077,5.06,0.44
8078,5.06,0.44
8079,5.06,0.45
8080,5.06,0.45
8081,5.06,0.44
8082,5.06,0.45
8083,5.06,0.45
8084,5.06,0.45
8085,5.06,0.45
8086,5.07,0.44
8087,5.07,0.44
8088,5.07,0.45
8089,5.07,0.45
8090,5.07,0.44
8091,5.07,0.45
8092,5.07,0.45
8093,5.07,0.45
8094,5.07,0.45
8095,5.07,0.45
8096,5.07,0.45
8097,5.07,0.45
8098,5.07,0.44
8099,5.07,0.44
8100,5.07,0.45
8101,5.07,0.44
8102,5.07,0.45
8103,5.07,0.45
8104,5.07,0.44
8105,5.07,0.45
8106,5.07,0.45
8107,5.07,0.45
8108,5.07,0.45
8109,5.07,0.45
8110,5.07,0.45
8111,5.07,0.44
8112,5.06,0.44
8113,5.06,0.44
8114,5.06,0.45
8115,5.06,0.45
8116,5.06,0.45
8117,5.06,0.45
8118,5.06,0.44
8119,5.06,0.44
8120,5.06,0.45
8121,5.06,0.45
8122,5.06,0.45
8123,5.06,0.45
8124,5.06,0.44
8125,5.06,0.45
8126,5.06,0.44
8127,5.06,0.45
8128,5.06,0.45
8129,5.06,0.45
8130,5.06,0.45
8131,5.06,0.44
8132,5.06,0.44
8133,5.06,0.45
8134,5.06,0.45
8135,5.06,0.45
8136,5.06,0.45
8137,5.06,0.45
8138,5.06,0.44
8139,5.06,0.44
8140,5.06,0.45
8141,5.07,0.44
8142,5.07,0.44
8143,5.07,0.44
8144,5.07,0.45
8145,5.07,0.44
8146,5.07,0.45
8147,5.07,0.45
8148,5.07,0.45
8149,5.07,0.45
8150,5.07,0.45
8151,5.07,0.44
8152,5.07,0.45
8153,5.07,0.45
8154,5.07,0.44
8155,5.07,0.45
8156,5.07,0.44
8157,5.07,0.45
8158,5.07,0.45
8159,5.07,0.44
8160,5.07,0.45
8161,5.07,0.44
8162,5.07,0.45
8163,5.07,0.44
8164,5.07,0.45
8165,5.06,0.45
8166,5.06,0.45
8167,5.06,0.44
8168,5.06,0.45
8169,5.06,0.44
8170,5.06,0.44
8171,5.06,0.45
8172,5.06,0.44
8173,5.06,0.44
8174,5.06,0.45
8175,5.06,0.45
8176,5.06,0.45
8177,5.06,0.45
8178,5.06,0.45
8179,5.06,0.44
8180,5.06,0.45
8181,5.06,0.44
8182,5.06,0.44
8183,5.06,0.45
8184,5.06,0.45
8185,5.06,0.45
8186,5.06,0.44
8187,5.06,0.45
8188,5.07,0.44
8189,5.07,0.44
8190,5.07,0.45
8191,5.07,0.45
8192,5.07,0.45
8193,5.07,0.44
8194,5.07,0.44
8195,5.07,0.45
8196,5.07,0.45
8197,5.07,0.44
8198,5.07,0.44
8199,5.07,0.44
8200,5.07,0.45
8201,5.07,0.45
8202,5.07,0.44
8203,5.07,0.44
8204,5.07,0.44
8205,5.07,0.44
8206,5.07,0.45
8207,5.07,0.45
8208,5.07,0.45
8209,5.07,0.45
8210,5.07,0.45
8211,5.07,0.45
8212,5.07,0.45
8213,5.06,0.44
8214,5.06,0.44
8215,5.06,0.45
8216,5.06,0.45
8217,5.06,0.45
8218,5.06,0.44
8219,5.06,0.45
8220,5.06,0.44
8221,5.06,0.45
8222,5.06,0.45
8223,5.06,0.45
8224,5.06,0.45
8225,5.06,0.45
8226,5.06,0.45
8227,5.06,0.45
8228,5.06,0.45
8229,5.06,0.45
8230,5.06,0.45
8231,5.06,0.45
8232,5.06,0.45
8233,5.06,0.44
8234,5.06,0.45
8235,5.06,0.45
8236,5.06,0.45
8237,5.06,0.45
8238,5.06,0.44
8239,5.06,0.45
8240,5.06,0.44
8241,5.06,0.44
8242,5.06,0.44
8243,5.06,0.44
8244,5.06,0.45
8245,5.06,0.45
8246,5.07,0.44
8247,5.07,0.45
8248,5.07,0.44
8249,5.07,0.45
8250,5.07,0.45
8251,5.07,0.45
8252,5.07,0.45
8253,5.07,0.44
8254,5.07,0.45
8255,5.07,0.45
8256,5.07,0.45
8257,5.06,0.45
8258,5.06,0.44
8259,5.06,0.45
8260,5.06,0.45
8261,5.06,0.45
8262,5.06,0.45
8263,5.06,0.45
8264,5.06,0.44
8265,5.06,0.45
8266,5.06,0.45
8267,5.06,0.45
8268,5.06,0.45
8269,5.06,0.45
8270,5.06,0.45
8271,5.06,0.44
8272,5.06,0.45
8273,5.06,0.44
8274,5.06,0.45
8275,5.06,0.44
8276,5.06,0.44
8277,5.06,0.45
8278,5.06,0.45
8279,5.06,0.45
8280,5.06,0.45
8281,5.06,0.45
8282,5.06,0.45
8283,5.06,0.45
8284,5.06,0.44
8285,5.06,0.44
8286,5.06,0.44
8287,5.06,0.44
8288,5.06,0.45
8289,5.06,0.45
8290,5.06,0.45
8291,5.06,0.45
8292,5.06,0.44
8293,5.06,0.45
8294,5.06,0.44
8295,5.06,0.44
8296,5.06,0.45
8297,5.06,0.45
8298,5.06,0.45
8299,5.06,0.45
8300,5.07,0.45
8301,5.07,0.44
8302,5.07,0.45
8303,5.07,0.44
8304,5.06,0.45
8305,5.06,0.45
8306,5.06,0.44
8307,5.06,0.45
8308,5.06,0.45
8309,5.06,0.44
8310,5.06,0.44
8311,5.06,0.44
8312,5.06,0.44
8313,5.06,0.44
8314,5.06,0.44
8315,5.06,0.44
8316,5.06,0.45
8317,5.06,0.45
8318,5.06,0.44
8319,5.06,0.44
8320,5.06,0.44
8321,5.06,0.44
8322,5.06,0.44
8323,5.06,0.44
8324,5.06,0.45
8325,5.06,0.45
8326,5.06,0.44
8327,5.06,0.44
8328,5.06,0.45
8329,5.06,0.44
8330,5.06,0.44
8331,5.06,0.44
8332,5.06,0.45
8333,5.06,0.44
8334,5.06,0.44
8335,5.06,0.45
8336,5.06,0.45
8337,5.06,0.44
8338,5.06,0.44
8339,5.06,0.44
8340,5.06,0.44
8341,5.06,0.45
8342,5.06,0.44
8343,5.06,0.44
8344,5.06,0.45
8345,5.06,0.44
8346,5.06,0.45
8347,5.06,0.45
8348,5.06,0.44
8349,5.06,0.44
8350,5.06,0.45
8351,5.06,0.45
8352,5.06,0.45
8353,5.06,0.45
8354,5.06,0.44
8355,5.06,0.45
8356,5.06,0.44
8357,5.06,0.44
8358,5.06,0.44
8359,5.06,0.44
8360,5.06,0.44
8361,5.06,0.45
8362,5.06,0.44
8363,5.06,0.45
8364,5.06,0.44
8365,5.06,0.44
8366,5.06,0.45
8367,5.06,0.45
8368,5.06,0.45
8369,5.06,0.45
8370,5.06,0.44
8371,5.06,0.44
8372,5.06,0.44
8373,5.06,0.45
8374,5.06,0.44
8375,5.06,0.45
8376,5.06,0.45
8377,5.06,0.44
8378,5.06,0.45
8379,5.06,0.44
8380,5.06,0.45
8381,5.06,0.44
8382,5.06,0.44
8383,5.06,0.45
8384,5.06,0.44
8385,5.06,0.44
8386,5.06,0.44
8387,5.06,0.44
8388,5.06,0.44
8389,5.06,0.45
8390,5.06,0.45
8391,5.06,0.44
8392,5.06,0.45
8393,5.06,0.45
8394,5.06,0.44
8395,5.06,0.44
8396,5.06,0.45
8397,5.06,0.45
8398,5.06,0.45
8399,5.06,0.45
8400,5.06,0.45
8401,5.06,0.44
8402,5.06,0.45
8403,5.06,0.44
8404,5.06,0.45
8405,5.06,0.45
8406,5.06,0.44
8407,5.06,0.45
8408,5.06,0.44
8409,5.06,0.45
8410,5.06,0.45
8411,5.07,0.45
8412,5.07,0.45
8413,5.07,0.44
8414,5.07,0.45
8415,5.07,0.44
8416,5.07,0.45
8417,5.07,0.45
8418,5.07,0.44
8419,5.07,0.45
8420,5.07,0.45
8421,5.07,0.44
8422,5.06,0.45
8423,5.06,0.45
8424,5.06,0.44
8425,5.06,0.44
8426,5.06,0.45
8427,5.06,0.44
8428,5.06,0.44
8429,5.06,0.44
8430,5.06,0.44
8431,5.06,0.45
8432,5.06,0.45
8433,5.06,0.45
8434,5.06,0.44
8435,5.06,0.44
8436,5.06,0.45
8437,5.06,0.45
8438,5.06,0.44
8439,5.06,0.45
8440,5.06,0.44
8441,5.06,0.45
8442,5.06,0.45
8443,5.06,0.44
8444,5.06,0.45
8445,5.06,0.45
8446,5.06,0.45
8447,5.06,0.44
8448,5.06,0.45
8449,5.06,0.44
8450,5.06,0.45
8451,5.06,0.44
8452,5.06,0.44
8453,5.06,0.45
8454,5.06,0.45
8455,5.06,0.44
8456,5.06,0.45
8457,5.06,0.45
8458,5.06,0.45
8459,5.06,0.45
8460,5.06,0.44
8461,5.06,0.45
8462,5.06,0.44
8463,5.06,0.44
8464,5.07,0.45
8465,5.07,0.45
8466,5.07,0.45
8467,5.07,0.44
8468,5.07,0.44
8469,5.07,0.44
8470,5.07,0.44
8471,5.07,0.45
8472,5.07,0.44
8473,5.06,0.45
8474,5.06,0.44
8475,5.06,0.45
8476,5.06,0.45
8477,5.06,0.44
8478,5.06,0.44
8479,5.06,0.45
8480,5.06,0.44
8481,5.06,0.45
8482,5.06,0.45
8483,5.06,0.45
8484,5.06,0.44
8485,5.06,0.45
8486,5.06,0.44
8487,5.06,0.44
8488,5.06,0.45
8489,5.06,0.45
8490,5.06,0.44
8491,5.06,0.45
8492,5.06,0.45
8493,5.06,0.44
8494,5.06,0.45
8495,5.06,0.44
8496,5.06,0.44
8497,5.06,0.44
8498,5.06,0.45
8499,5.06,0.44
8500,5.06,0.44
8501,5.06,0.44
8502,5.06,0.45
8503,5.06,0.45
8504,5.06,0.45
8505,5.06,0.45
8506,5.06,0.44
8507,5.06,0.44
8508,5.06,0.45
8509,5.06,0.44
8510,5.06,0.44
8511,5.06,0.44
8512,5.06,0.44
8513,5.06,0.45
8514,5.06,0.45
8515,5.06,0.45
8516,5.06,0.45
8517,5.06,0.45
8518,5.06,0.45
8519,5.06,0.45
8520,5.06,0.45
8521,5.06,0.44
8522,5.06,0.45
8523,5.06,0.44
8524,5.06,0.44
8525,5.06,0.45
8526,5.06,0.45
8527,5.06,0.45
8528,5.06,0.44
8529,5.06,0.44
8530,5.06,0.45
8531,5.06,0.44
8532,5.06,0.44
8533,5.06,0.44
8534,5.06,0.45
8535,5.06,0.44
8536,5.06,0.45
8537,5.06,0.45
8538,5.06,0.44
8539,5.06,0.45
8540,5.06,0.45
8541,5.06,0.45
8542,5.06,0.45
8543,5.06,0.45
8544,5.06,0.45
8545,5.06,0.44
8546,5.06,0.45
8547,5.06,0.45
8548,5.06,0.44
8549,5.06,0.44
8550,5.06,0.45
8551,5.06,0.44
8552,5.06,0.44
8553,5.06,0.45
8554,5.06,0.44
8555,5.06,0.44
8556,5.06,0.44
8557,5.06,0.44
8558,5.06,0.44
8559,5.06,0.45
8560,5.06,0.45
8561,5.06,0.44
8562,5.06,0.44
8563,5.06,0.45
8564,5.06,0.45
8565,5.06,0.45
8566,5.06,0.45
8567,5.06,0.45
8568,5.06,0.44
8569,5.06,0.44
8570,5.06,0.45
8571,5.06,0.45
8572,5.06,0.45
8573,5.06,0.45
8574,5.06,0.45
8575,5.06,0.45
8576,5.06,0.45
8577,5.06,0.45
8578,5.06,0.44
8579,5.06,0.44
8580,5.06,0.44
8581,5.06,0.44
8582,5.06,0.44
8583,5.06,0.44
8584,5.06,0.44
8585,5.06,0.44
8586,5.06,0.45
8587,5.06,0.45
8588,5.06,0.45
8589,5.06,0.45
8590,5.06,0.44
8591,5.06,0.45
8592,5.06,0.44
8593,5.06,0.45
8594,5.06,0.45
8595,5.06,0.45
8596,5.06,0.45
8597,5.06,0.44
8598,5.06,0.44
8599,5.06,0.44
8600,5.06,0.45
8601,5.06,0.45
8602,5.06,0.44
8603,5.06,0.44
8604,5.06,0.45
8605,5.06,0.44
8606,5.06,0.44
8607,5.06,0.44
8608,5.06,0.44
8609,5.06,0.45
8610,5.06,0.45
8611,5.06,0.45
8612,5.06,0.45
8613,5.06,0.44
8614,5.06,0.44
8615,5.06,0.45
8616,5.06,0.45
8617,5.06,0.45
8618,5.06,0.44
8619,5.06,0.45
8620,5.06,0.45
8621,5.06,0.45
8622,5.06,0.45
8623,5.06,0.45
8624,5.06,0.44
8625,5.06,0.45
8626,5.06,0.45
8627,5.06,0.45
8628,5.06,0.44
8629,5.06,0.45
8630,5.06,0.45
8631,5.06,0.44
8632,5.06,0.44
8633,5.06,0.45
8634,5.06,0.45
8635,5.06,0.45
8636,5.06,0.44
8637,5.06,0.45
8638,5.06,0.45
8639,5.06,0.44
8640,5.06,0.45
8641,5.06,0.44
8642,5.06,0.45
8643,5.06,0.45
8644,5.06,0.45
8645,5.06,0.45
8646,5.06,0.45
8647,5.06,0.45
8648,5.06,0.44
8649,5.06,0.45
8650,5.06,0.44
8651,5.06,0.44
8652,5.06,0.45
8653,5.06,0.45
8654,5.06,0.44
8655,5.06,0.45
8656,5.06,0.45
8657,5.06,0.45
8658,5.06,0.45
8659,5.06,0.45
8660,5.06,0.45
8661,5.06,0.45
8662,5.06,0.45
8663,5.06,0.44
8664,5.06,0.45
8665,5.06,0.44
8666,5.06,0.44
8667,5.06,0.44
8668,5.06,0.44
8669,5.06,0.44
8670,5.06,0.45
8671,5.06,0.44
8672,5.06,0.45
8673,5.06,0.44
8674,5.06,0.45
8675,5.06,0.45
8676,5.06,0.45
8677,5.06,0.44
8678,5.06,0.45
8679,5.06,0.45
8680,5.06,0.45
8681,5.06,0.44
8682,5.06,0.45
8683,5.06,0.45
8684,5.06,0.45
8685,5.06,0.45
8686,5.06,0.45
8687,5.06,0.44
8688,5.06,0.45
8689,5.06,0.45
8690,5.06,0.44
8691,5.06,0.44
8692,5.06,0.45
8693,5.06,0.45
8694,5.06,0.44
8695,5.06,0.44
8696,5.06,0.45
8697,5.06,0.45
8698,5.06,0.45
8699,5.06,0.45
8700,5.06,0.45
8701,5.06,0.44
8702,5.06,0.45
8703,5.06,0.45
8704,5.06,0.45
8705,5.06,0.45
8706,5.06,0.45
8707,5.06,0.45
8708,5.06,0.45
8709,5.06,0.45
8710,5.06,0.45
8711,5.06,0.45
8712,5.06,0.45
8713,5.06,0.45
8714,5.06,0.45
8715,5.06,0.45
8716,5.06,0.45
8717,5.06,0.45
8718,5.06,0.45
8719,5.06,0.45
8720,5.06,0.45
8721,5.06,0.45
8722,5.06,0.45
8723,5.06,0.45
8724,5.06,0.45
8725,5.06,0.45
8726,5.06,0.45
8727,5.06,0.45
8728,5.06,0.45
8729,5.06,0.45
8730,5.06,0.45
8731,5.06,0.45
8732,5.06,0.45
8733,5.07,0.45
8734,5.07,0.45
8735,5.07,0.45
8736,5.07,0.45
8737,5.07,0.45
8738,5.07,0.45
8739,5.07,0.45
8740,5.07,0.45
8741,5.07,0.45
8742,5.07,0.45
8743,5.07,0.45
8744,5.07,0.45
8745,5.07,0.45
8746,5.07,0.45
8747,5.07,0.45
8748,5.07,0.45
8749,5.07,0.45
8750,5.07,0.45
8751,5.07,0.45
8752,5.07,0.45
8753,5.07,0.45
8754,5.07,0.45
8755,5.07,0.45
8756,5.07,0.45
8757,5.07,0.45
8758,5.07,0.45
8759,5.07,0.45
8760,5.07,0.45
8761,5.07,0.45
8762,5.07,0.45
8763,5.07,0.45
8764,5.07,0.45
8765,5.07,0.45
8766,5.07,0.45
8767,5.07,0.45
8768,5.07,0.45
8769,5.07,0.45
8770,5.07,0.45
8771,5.07,0.45
8772,5.07,0.45
8773,5.07,0.45
8774,5.07,0.45
8775,5.07,0.45
8776,5.07,0.45
8777,5.07,0.45
8778,5.07,0.45
8779,5.07,0.45
8780,5.07,0.45
8781,5.07,0.45
8782,5.07,0.45
8783,5.07,0.45
8784,5.07,0.45
8785,5.07,0.45
8786,5.07,0.45
8787,5.07,0.45
8788,5.07,0.45
8789,5.07,0.45
8790,5.07,0.45
8791,5.07,0.45
8792,5.07,0.45
8793,5.07,0.45
8794,5.07,0.45
8795,5.07,0.45
8796,5.07,0.45
8797,5.07,0.45
8798,5.07,0.45
8799,5.07,0.45
8800,5.07,0.45
8801,5.07,0.45
8802,5.07,0.45
8803,5.07,0.45
8804,5.07,0.45
8805,5.07,0.45
8806,5.07,0.45
8807,5.07,0.45
8808,5.07,0.45
8809,5.07,0.45
8810,5.07,0.45
8811,5.07,0.45
8812,5.07,0.45
8813,5.07,0.45
8814,5.07,0.45
8815,5.07,0.45
8816,5.07,0.45
8817,5.07,0.45
8818,5.07,0.45
8819,5.07,0.45
8820,5.07,0.45
8821,5.07,0.45
8822,5.07,0.45
8823,5.07,0.45
8824,5.07,0.45
8825,5.07,0.45
8826,5.07,0.45
8827,5.07,0.45
8828,5.07,0.45
8829,5.07,0.45
8830,5.07,0.45
8831,5.07,0.45
8832,5.07,0.45
8833,5.07,0.45
8834,5.07,0.45
8835,5.08,0.45
8836,5.08,0.45
8837,5.08,0.45
8838,5.08,0.45
8839,5.08,0.45
8840,5.08,0.45
8841,5.08,0.45
8842,5.08,0.45
8843,5.08,0.45
8844,5.08,0.45
8845,5.08,0.45
8846,5.08,0.45
8847,5.08,0.45
8848,5.08,0.45
8849,5.08,0.45
8850,5.08,0.45
8851,5.08,0.45
8852,5.08,0.45
8853,5.08,0.45
8854,5.08,0.45
8855,5.08,0.45
8856,5.08,0.45
8857,5.08,0.45
8858,5.08,0.45
8859,5.08,0.45
8860,5.08,0.45
8861,5.08,0.45
8862,5.08,0.45
8863,5.08,0.45
8864,5.08,0.45
8865,5.08,0.45
8866,5.08,0.45
8867,5.08,0.45
8868,5.08,0.45
8869,5.08,0.45
8870,5.08,0.45
8871,5.08,0.45
8872,5.08,0.45
8873,5.08,0.45
8874,5.08,0.45
8875,5.08,0.45
8876,5.08,0.45
8877,5.08,0.45
8878,5.08,0.45
8879,5.08,0.45
8880,5.08,0.45
8881,5.08,0.45
8882,5.08,0.45
8883,5.08,0.45
8884,5.08,0.46
8885,5.08,0.45
8886,5.08,0.45
8887,5.08,0.46
8888,5.08,0.45
8889,5.08,0.46
8890,5.08,0.45
8891,5.08,0.45
8892,5.08,0.46
8893,5.08,0.46
8894,5.08,0.46
8895,5.08,0.46
8896,5.08,0.46
8897,5.08,0.46
8898,5.08,0.46
8899,5.08,0.46
8900,5.08,0.45
8901,5.08,0.45
8902,5.08,0.46
8903,5.08,0.45
8904,5.08,0.46
8905,5.08,0.45
8906,5.08,0.46
8907,5.08,0.46
8908,5.09,0.45
8909,5.09,0.45
8910,5.09,0.45
8911,5.09,0.46
8912,5.09,0.45
8913,5.09,0.46
8914,5.09,0.46
8915,5.09,0.45
8916,5.09,0.45
8917,5.09,0.46
8918,5.09,0.45
8919,5.09,0.45
8920,5.09,0.46
8921,5.09,0.45
8922,5.09,0.46
8923,5.09,0.45
8924,5.09,0.45
8925,5.09,0.45
8926,5.09,0.46
8927,5.09,0.45
8928,5.09,0.45
8929,5.09,0.46
8930,5.09,0.46
8931,5.09,0.45
8932,5.09,0.45
8933,5.09,0.45
8934,5.09,0.45
8935,5.09,0.46
8936,5.09,0.45
8937,5.09,0.46
8938,5.09,0.45
8939,5.09,0.45
8940,5.09,0.45
8941,5.09,0.45
8942,5.09,0.46
8943,5.09,0.45
8944,5.09,0.46
8945,5.09,0.45
8946,5.09,0.45
8947,5.09,0.46
8948,5.09,0.45
8949,5.09,0.45
8950,5.09,0.45
8951,5.09,0.46
8952,5.09,0.45
8953,5.09,0.45
8954,5.09,0.46
8955,5.09,0.45
8956,5.09,0.46
8957,5.09,0.45
8958,5.09,0.45
8959,5.09,0.45
8960,5.09,0.45
8961,5.09,0.46
8962,5.09,0.46
8963,5.09,0.45
8964,5.09,0.45
8965,5.09,0.45
8966,5.09,0.45
8967,5.09,0.46
8968,5.09,0.45
8969,5.09,0.45
8970,5.09,0.45
8971,5.09,0.46
8972,5.09,0.45
8973,5.09,0.45
8974,5.09,0.45
8975,5.09,0.45
8976,5.09,0.45
8977,5.09,0.45
8978,5.09,0.45
8979,5.09,0.45
8980,5.09,0.45
8981,5.09,0.45
8982,5.09,0.45
8983,5.09,0.45
8984,5.09,0.45
8985,5.09,0.45
8986,5.09,0.45
8987,5.09,0.45
8988,5.09,0.45
8989,5.09,0.45
8990,5.09,0.45
8991,5.09,0.45
8992,5.09,0.45
8993,5.09,0.45
8994,5.09,0.46
8995,5.09,0.45
8996,5.09,0.45
8997,5.09,0.45
8998,5.09,0.46
8999,5.09,0.45
9000,5.09,0.45
9001,5.09,0.45
9002,5.09,0.45
9003,5.09,0.45
9004,5.09,0.46
9005,5.09,0.46
9006,5.09,0.45
9007,5.09,0.46
9008,5.09,0.46
9009,5.09,0.46
9010,5.09,0.46
9011,5.09,0.46
9012,5.09,0.46
9013,5.09,0.46
9014,5.09,0.46
9015,5.09,0.46
9016,5.09,0.46
9017,5.09,0.46
9018,5.09,0.46
9019,5.09,0.46
9020,5.09,0.46
9021,5.09,0.46
9022,5.09,0.46
9023,5.09,0.46
9024,5.09,0.46
9025,5.09,0.46
9026,5.09,0.47
9027,5.09,0.46
9028,5.09,0.46
9029,5.09,0.46
9030,5.09,0.46
9031,5.1,0.46
9032,5.1,0.46
9033,5.1,0.46
9034,5.1,0.46
9035,5.1,0.46
9036,5.1,0.46
9037,5.1,0.46
9038,5.1,0.47
9039,5.1,0.47
9040,5.1,0.46
9041,5.1,0.46
9042,5.1,0.46
9043,5.1,0.46
9044,5.1,0.46
9045,5.1,0.46
9046,5.1,0.47
9047,5.1,0.46
9048,5.1,0.47
9049,5.1,0.47
9050,5.1,0.46
9051,5.1,0.46
9052,5.1,0.46
9053,5.1,0.46
9054,5.1,0.46
9055,5.1,0.46
9056,5.1,0.46
9057,5.1,0.46
9058,5.1,0.46
9059,5.1,0.46
9060,5.1,0.47
9061,5.1,0.46
9062,5.1,0.46
9063,5.1,0.46
9064,5.1,0.46
9065,5.1,0.47
9066,5.1,0.46
9067,5.1,0.46
9068,5.1,0.46
9069,5.1,0.47
9070,5.1,0.46
9071,5.1,0.46
9072,5.1,0.47
9073,5.1,0.46
9074,5.1,0.46
9075,5.1,0.46
9076,5.1,0.47
9077,5.1,0.46
9078,5.1,0.46
9079,5.1,0.47
9080,5.1,0.46
9081,5.1,0.46
9082,5.1,0.46
9083,5.1,0.46
9084,5.1,0.47
9085,5.1,0.46
9086,5.1,0.46
9087,5.1,0.46
9088,5.1,0.47
9089,5.1,0.46
9090,5.1,0.46
9091,5.1,0.46
9092,5.1,0.46
9093,5.1,0.46
9094,5.1,0.47
9095,5.1,0.47
9096,5.1,0.46
9097,5.1,0.46
9098,5.1,0.46
9099,5.1,0.46
9100,5.1,0.46
9101,5.11,0.47
9102,5.11,0.46
9103,5.11,0.46
9104,5.11,0.46
9105,5.11,0.46
9106,5.11,0.46
9107,5.11,0.46
9108,5.11,0.46
9109,5.11,0.46
9110,5.11,0.46
9111,5.11,0.46
9112,5.11,0.46
9113,5.11,0.46
9114,5.11,0.47
9115,5.11,0.46
9116,5.11,0.46
9117,5.11,0.46
9118,5.11,0.46
9119,5.1,0.46
9120,5.1,0.47
9121,5.1,0.47
9122,5.1,0.46
9123,5.1,0.47
9124,5.1,0.47
9125,5.1,0.47
9126,5.1,0.46
9127,5.1,0.47
9128,5.1,0.47
9129,5.1,0.47
9130,5.1,0.47
9131,5.1,0.47
9132,5.1,0.47
9133,5.1,0.47
9134,5.1,0.47
9135,5.1,0.47
9136,5.11,0.47
9137,5.11,0.47
9138,5.11,0.47
9139,5.11,0.47
9140,5.11,0.47
9141,5.11,0.47
9142,5.11,0.47
9143,5.11,0.47
9144,5.11,0.47
9145,5.11,0.47
9146,5.11,0.47
9147,5.11,0.47
9148,5.11,0.47
9149,5.11,0.47
9150,5.11,0.47
9151,5.11,0.47
9152,5.11,0.47
9153,5.11,0.47
9154,5.11,0.47
9155,5.11,0.47
9156,5.11,0.47
9157,5.11,0.47
9158,5.11,0.47
9159,5.11,0.47
9160,5.11,0.47
9161,5.11,0.47
9162,5.11,0.47
9163,5.11,0.47
9164,5.11,0.47
9165,5.11,0.47
9166,5.11,0.47
9167,5.11,0.47
9168,5.11,0.47
9169,5.11,0.47
9170,5.11,0.47
9171,5.11,0.47
9172,5.11,0.47
9173,5.11,0.47
9174,5.11,0.47
9175,5.11,0.47
9176,5.11,0.47
9177,5.11,0.47
9178,5.11,0.47
9179,5.11,0.47
9180,5.11,0.47
9181,5.11,0.47
9182,5.11,0.47
9183,5.11,0.47
9184,5.11,0.47
9185,5.11,0.47
9186,5.11,0.47
9187,5.11,0.47
9188,5.11,0.47
9189,5.11,0.47
9190,5.11,0.47
9191,5.11,0.47
9192,5.11,0.47
9193,5.11,0.47
9194,5.11,0.47
9195,5.11,0.47
9196,5.11,0.47
9197,5.12,0.47
9198,5.12,0.47
9199,5.12,0.47
9200,5.12,0.47
9201,5.12,0.47
9202,5.12,0.47
9203,5.12,0.47
9204,5.12,0.47
9205,5.12,0.47
9206,5.12,0.47
9207,5.12,0.47
9208,5.12,0.47
9209,5.12,0.47
9210,5.12,0.47
9211,5.12,0.47
9212,5.12,0.47
9213,5.12,0.47
9214,5.12,0.47
9215,5.12,0.47
9216,5.12,0.47
9217,5.12,0.47
9218,5.12,0.47
9219,5.12,0.47
9220,5.12,0.47
9221,5.12,0.47
9222,5.12,0.47
9223,5.12,0.47
9224,5.12,0.47
9225,5.12,0.47
9226,5.12,0.47
9227,5.12,0.47
9228,5.12,0.47
9229,5.12,0.47
9230,5.12,0.47
9231,5.12,0.47
9232,5.12,0.47
9233,5.12,0.47
9234,5.12,0.47
9235,5.12,0.47
9236,5.12,0.47
9237,5.12,0.47
9238,5.12,0.47
9239,5.12,0.47
9240,5.12,0.47
9241,5.12,0.47
9242,5.12,0.47
9243,5.12,0.47
9244,5.12,0.47
9245,5.12,0.47
9246,5.12,0.47
9247,5.12,0.47
9248,5.12,0.47
9249,5.12,0.47
9250,5.12,0.47
9251,5.12,0.47
9252,5.12,0.47
9253,5.12,0.47
9254,5.12,0.47
9255,5.12,0.47
9256,5.12,0.47
9257,5.12,0.47
9258,5.12,0.47
9259,5.13,0.48
9260,5.13,0.47
9261,5.13,0.47
9262,5.13,0.47
9263,5.13,0.47
9264,5.13,0.47
9265,5.13,0.47
9266,5.13,0.47
9267,5.13,0.47
9268,5.13,0.47
9269,5.13,0.47
9270,5.13,0.47
9271,5.13,0.47
9272,5.13,0.48
9273,5.13,0.47
9274,5.13,0.47
9275,5.13,0.47
9276,5.13,0.47
9277,5.13,0.47
9278,5.13,0.47
9279,5.13,0.47
9280,5.13,0.47
9281,5.13,0.47
9282,5.13,0.47
9283,5.13,0.47
9284,5.13,0.48
9285,5.13,0.47
9286,5.13,0.47
9287,5.13,0.47
9288,5.13,0.47
9289,5.13,0.47
9290,5.13,0.47
9291,5.13,0.47
9292,5.13,0.47
9293,5.13,0.47
9294,5.13,0.47
9295,5.13,0.47
9296,5.13,0.47
9297,5.13,0.47
9298,5.13,0.47
9299,5.13,0.48
9300,5.13,0.47
9301,5.13,0.47
9302,5.13,0.47
9303,5.13,0.47
9304,5.13,0.47
9305,5.13,0.47
9306,5.13,0.47
9307,5.13,0.47
9308,5.13,0.47
9309,5.13,0.47
9310,5.13,0.47
9311,5.13,0.47
9312,5.13,0.47
9313,5.13,0.47
9314,5.13,0.47
9315,5.13,0.47
9316,5.13,0.47
9317,5.13,0.47
9318,5.13,0.47
9319,5.13,0.47
9320,5.13,0.47
9321,5.13,0.47
9322,5.13,0.47
9323,5.13,0.48
9324,5.13,0.47
9325,5.13,0.48
9326,5.13,0.47
9327,5.13,0.48
9328,5.13,0.47
9329,5.13,0.48
9330,5.13,0.48
9331,5.13,0.48
9332,5.13,0.48
9333,5.13,0.48
9334,5.13,0.49
9335,5.13,0.48
9336,5.13,0.48
9337,5.13,0.48
9338,5.13,0.48
9339,5.13,0.48
9340,5.13,0.48
9341,5.13,0.48
9342,5.13,0.48
9343,5.13,0.48
9344,5.13,0.48
9345,5.13,0.48
9346,5.13,0.48
9347,5.13,0.48
9348,5.13,0.48
9349,5.13,0.48
9350,5.14,0.48
9351,5.14,0.48
9352,5.14,0.49
9353,5.14,0.48
9354,5.14,0.48
9355,5.14,0.48
9356,5.14,0.48
9357,5.14,0.48
9358,5.14,0.48
9359,5.14,0.48
9360,5.14,0.48
9361,5.14,0.48
9362,5.14,0.48
9363,5.14,0.48
9364,5.14,0.48
9365,5.14,0.48
9366,5.14,0.48
9367,5.14,0.48
9368,5.14,0.48
9369,5.15,0.48
9370,5.15,0.48
9371,5.15,0.48
9372,5.15,0.48
9373,5.15,0.48
9374,5.15,0.48
9375,5.15,0.48
9376,5.14,0.48
9377,5.14,0.48
9378,5.14,0.48
9379,5.14,0.48
9380,5.14,0.48
9381,5.14,0.48
9382,5.14,0.49
9383,5.14,0.48
9384,5.14,0.48
9385,5.14,0.48
9386,5.14,0.48
9387,5.14,0.48
9388,5.14,0.48
9389,5.14,0.48
9390,5.14,0.48
9391,5.14,0.48
9392,5.14,0.48
9393,5.14,0.48
9394,5.14,0.48
9395,5.14,0.48
9396,5.14,0.47
9397,5.14,0.48
9398,5.14,0.48
9399,5.14,0.48
9400,5.14,0.48
9401,5.14,0.48
9402,5.14,0.48
9403,5.14,0.48
9404,5.14,0.48
9405,5.14,0.48
9406,5.14,0.48
9407,5.15,0.48
9408,5.15,0.48
9409,5.15,0.48
9410,5.15,0.49
9411,5.15,0.48
9412,5.15,0.48
9413,5.15,0.48
9414,5.15,0.48
9415,5.15,0.48
9416,5.15,0.49
9417,5.15,0.48
9418,5.15,0.48
9419,5.15,0.48
9420,5.15,0.49
9421,5.15,0.49
9422,5.15,0.49
9423,5.15,0.49
9424,5.15,0.49
9425,5.15,0.49
9426,5.15,0.49
9427,5.15,0.49
9428,5.15,0.49
9429,5.15,0.49
9430,5.15,0.49
9431,5.15,0.49
9432,5.15,0.49
9433,5.15,0.49
9434,5.15,0.49
9435,5.15,0.49
9436,5.15,0.49
9437,5.15,0.49
9438,5.15,0.49
9439,5.15,0.49
9440,5.15,0.49
9441,5.15,0.49
9442,5.15,0.49
9443,5.15,0.49
9444,5.15,0.49
9445,5.15,0.49
9446,5.15,0.49
9447,5.15,0.49
9448,5.15,0.49
9449,5.15,0.49
9450,5.15,0.49
9451,5.15,0.49
9452,5.15,0.49
9453,5.15,0.49
9454,5.15,0.49
9455,5.15,0.49
9456,5.15,0.49
9457,5.16,0.49
9458,5.16,0.49
9459,5.16,0.49
9460,5.16,0.49
9461,5.16,0.49
9462,5.16,0.49
9463,5.16,0.49
9464,5.16,0.49
9465,5.16,0.49
9466,5.16,0.49
9467,5.16,0.49
9468,5.16,0.48
9469,5.16,0.49
9470,5.16,0.49
9471,5.16,0.49
9472,5.16,0.49
9473,5.16,0.49
9474,5.16,0.49
9475,5.16,0.49
9476,5.16,0.49
9477,5.16,0.49
9478,5.16,0.49
9479,5.16,0.49
9480,5.16,0.49
9481,5.16,0.49
9482,5.16,0.49
9483,5.16,0.49
9484,5.16,0.49
9485,5.16,0.49
9486,5.16,0.49
9487,5.16,0.49
9488,5.16,0.48
9489,5.16,0.49
9490,5.16,0.48
9491,5.16,0.49
9492,5.16,0.49
9493,5.16,0.49
9494,5.16,0.49
9495,5.16,0.49
9496,5.16,0.49
9497,5.16,0.49
9498,5.16,0.49
9499,5.16,0.49
9500,5.16,0.49
9501,5.16,0.49
9502,5.16,0.49
9503,5.16,0.49
9504,5.16,0.49
9505,5.16,0.49
9506,5.16,0.49
9507,5.16,0.49
9508,5.16,0.49
9509,5.16,0.49
9510,5.16,0.49
9511,5.16,0.49
9512,5.16,0.49
9513,5.16,0.49
9514,5.16,0.49
9515,5.16,0.49
9516,5.16,0.49
9517,5.16,0.49
9518,5.16,0.49
9519,5.16,0.49
9520,5.16,0.49
9521,5.17,0.49
9522,5.17,0.49
9523,5.17,0.49
9524,5.17,0.49
9525,5.17,0.49
9526,5.17,0.49
9527,5.17,0.49
9528,5.17,0.49
9529,5.17,0.49
9530,5.17,0.49
9531,5.17,0.49
9532,5.17,0.49
9533,5.17,0.49
9534,5.17,0.49
9535,5.17,0.49
9536,5.17,0.49
9537,5.17,0.49
9538,5.17,0.49
9539,5.17,0.49
9540,5.17,0.49
9541,5.17,0.49
9542,5.17,0.49
9543,5.17,0.49
9544,5.17,0.49
9545,5.17,0.49
9546,5.17,0.49
9547,5.17,0.49
9548,5.17,0.49
9549,5.17,0.49
9550,5.17,0.49
9551,5.17,0.49
9552,5.17,0.49
9553,5.17,0.49
9554,5.17,0.49
9555,5.17,0.49
9556,5.17,0.49
9557,5.17,0.49
9558,5.17,0.49
9559,5.17,0.49
9560,5.17,0.49
9561,5.17,0.49
9562,5.17,0.49
9563,5.17,0.49
9564,5.17,0.49
9565,5.17,0.49
9566,5.17,0.49
9567,5.17,0.49
9568,5.17,0.49
9569,5.17,0.49
9570,5.17,0.49
9571,5.17,0.49
9572,5.17,0.49
9573,5.17,0.49
9574,5.17,0.49
9575,5.17,0.49
9576,5.17,0.49
9577,5.17,0.49
9578,5.17,0.49
9579,5.17,0.49
9580,5.17,0.49
9581,5.17,0.49
9582,5.17,0.49
9583,5.17,0.49
9584,5.17,0.49
9585,5.17,0.49
9586,5.17,0.49
9587,5.17,0.49
9588,5.17,0.49
9589,5.17,0.49
9590,5.17,0.49
9591,5.17,0.49
9592,5.17,0.49
9593,5.17,0.49
9594,5.17,0.5
9595,5.17,0.5
9596,5.17,0.5
9597,5.17,0.5
9598,5.17,0.49
9599,5.17,0.49
9600,5.17,0.49
9601,5.17,0.49
9602,5.17,0.49
9603,5.17,0.5
9604,5.17,0.5
9605,5.17,0.5
9606,5.17,0.49
9607,5.17,0.5
9608,5.17,0.49
9609,5.18,0.49
9610,5.18,0.5
9611,5.18,0.5
9612,5.18,0.5
9613,5.18,0.5
9614,5.18,0.5
9615,5.18,0.5
9616,5.18,0.5
9617,5.18,0.5
9618,5.18,0.49
9619,5.18,0.5
9620,5.18,0.5
9621,5.18,0.5
9622,5.18,0.5
9623,5.18,0.49
9624,5.18,0.5
9625,5.18,0.5
9626,5.18,0.5
9627,5.18,0.5
9628,5.18,0.5
9629,5.18,0.5
9630,5.18,0.5
9631,5.18,0.5
9632,5.18,0.5
9633,5.18,0.5
9634,5.18,0.5
9635,5.18,0.5
9636,5.18,0.5
9637,5.18,0.5
9638,5.18,0.49
9639,5.18,0.49
9640,5.18,0.5
9641,5.18,0.5
9642,5.18,0.5
9643,5.18,0.5
9644,5.18,0.5
9645,5.18,0.5
9646,5.18,0.49
9647,5.18,0.49
9648,5.18,0.5
9649,5.18,0.49
9650,5.18,0.5
9651,5.18,0.5
9652,5.18,0.5
9653,5.18,0.49
9654,5.18,0.49
9655,5.18,0.49
9656,5.18,0.5
9657,5.18,0.49
9658,5.18,0.49
9659,5.18,0.49
9660,5.18,0.5
9661,5.18,0.49
9662,5.18,0.49
9663,5.19,0.5
9664,5.19,0.49
9665,5.19,0.49
9666,5.19,0.5
9667,5.19,0.5
9668,5.19,0.5
9669,5.19,0.5
9670,5.19,0.5
9671,5.19,0.5
9672,5.19,0.5
9673,5.19,0.51
9674,5.19,0.5
9675,5.19,0.5
9676,5.19,0.5
9677,5.19,0.5
9678,5.19,0.5
9679,5.19,0.5
9680,5.19,0.5
9681,5.19,0.5
9682,5.19,0.51
9683,5.19,0.51
9684,5.19,0.51
9685,5.19,0.51
9686,5.19,0.5
9687,5.19,0.51
9688,5.19,0.5
9689,5.19,0.51
9690,5.19,0.51
9691,5.19,0.51
9692,5.19,0.51
9693,5.19,0.5
9694,5.19,0.5
9695,5.19,0.5
9696,5.19,0.51
9697,5.19,0.5
9698,5.19,0.5
9699,5.19,0.51
9700,5.19,0.5
9701,5.19,0.5
9702,5.19,0.51
9703,5.19,0.51
9704,5.19,0.51
9705,5.19,0.51
9706,5.19,0.51
9707,5.19,0.5
9708,5.19,0.51
9709,5.19,0.51
9710,5.2,0.51
9711,5.2,0.5
9712,5.2,0.51
9713,5.2,0.51
9714,5.2,0.5
9715,5.2,0.51
9716,5.2,0.51
9717,5.2,0.5
9718,5.2,0.51
9719,5.2,0.51
9720,5.2,0.51
9721,5.2,0.51
9722,5.2,0.51
9723,5.2,0.5
9724,5.2,0.5
9725,5.2,0.51
9726,5.2,0.51
9727,5.2,0.51
9728,5.2,0.51
9729,5.2,0.51
9730,5.2,0.51
9731,5.2,0.51
9732,5.2,0.51
9733,5.2,0.51
9734,5.2,0.51
9735,5.2,0.51
9736,5.2,0.51
9737,5.2,0.51
9738,5.2,0.51
9739,5.2,0.51
9740,5.2,0.51
9741,5.2,0.51
9742,5.2,0.51
9743,5.2,0.5
9744,5.2,0.5
9745,5.2,0.51
9746,5.2,0.51
9747,5.2,0.51
9748,5.2,0.51
9749,5.2,0.5
9750,5.2,0.51
9751,5.2,0.51
9752,5.2,0.51
9753,5.2,0.51
9754,5.2,0.51
9755,5.2,0.51
9756,5.2,0.5
9757,5.2,0.51
9758,5.2,0.51
9759,5.2,0.51
9760,5.2,0.51
9761,5.2,0.51
9762,5.2,0.51
9763,5.2,0.51
9764,5.2,0.51
9765,5.2,0.51
9766,5.2,0.51
9767,5.2,0.51
9768,5.2,0.51
9769,5.2,0.51
9770,5.2,0.51
9771,5.21,0.51
9772,5.21,0.51
9773,5.21,0.51
9774,5.21,0.51
9775,5.21,0.51
9776,5.21,0.51
9777,5.21,0.51
9778,5.21,0.51
9779,5.21,0.51
9780,5.21,0.51
9781,5.21,0.51
9782,5.21,0.51
9783,5.21,0.51
9784,5.21,0.51
9785,5.21,0.51
9786,5.21,0.51
9787,5.21,0.51
9788,5.21,0.51
9789,5.21,0.51
9790,5.21,0.51
9791,5.21,0.51
9792,5.21,0.51
9793,5.21,0.51
9794,5.21,0.51
9795,5.21,0.51
9796,5.21,0.51
9797,5.21,0.51
9798,5.21,0.51
9799,5.21,0.51
9800,5.21,0.51
9801,5.21,0.51
9802,5.21,0.51
9803,5.21,0.51
9804,5.21,0.51
9805,5.21,0.51
9806,5.21,0.51
9807,5.21,0.51
9808,5.21,0.51
9809,5.21,0.51
9810,5.21,0.51
9811,5.21,0.51
9812,5.21,0.51
9813,5.21,0.51
9814,5.21,0.51
9815,5.21,0.51
9816,5.21,0.51
9817,5.21,0.51
9818,5.21,0.51
9819,5.21,0.51
9820,5.21,0.51
9821,5.21,0.51
9822,5.21,0.51
9823,5.21,0.51
9824,5.21,0.51
9825,5.21,0.51
9826,5.22,0.51
9827,5.22,0.51
9828,5.22,0.51
9829,5.22,0.51
9830,5.22,0.51
9831,5.22,0.51
9832,5.22,0.51
9833,5.22,0.51
9834,5.22,0.51
9835,5.22,0.51
9836,5.22,0.51
9837,5.22,0.51
9838,5.22,0.51
9839,5.22,0.51
9840,5.22,0.51
9841,5.22,0.51
9842,5.22,0.51
9843,5.22,0.51
9844,5.22,0.51
9845,5.22,0.51
9846,5.22,0.51
9847,5.22,0.51
9848,5.22,0.52
9849,5.22,0.51
9850,5.22,0.52
9851,5.22,0.52
9852,5.22,0.52
9853,5.22,0.51
9854,5.22,0.52
9855,5.22,0.51
9856,5.22,0.52
9857,5.22,0.51
9858,5.22,0.51
9859,5.22,0.51
9860,5.22,0.51
9861,5.22,0.51
9862,5.22,0.51
9863,5.22,0.51
9864,5.22,0.51
9865,5.22,0.52
9866,5.22,0.52
9867,5.22,0.51
9868,5.22,0.51
9869,5.22,0.51
9870,5.22,0.51
9871,5.22,0.51
9872,5.23,0.52
9873,5.23,0.51
9874,5.23,0.51
9875,5.23,0.51
9876,5.23,0.52
9877,5.23,0.51
9878,5.23,0.51
9879,5.23,0.51
9880,5.23,0.51
9881,5.23,0.51
9882,5.23,0.51
9883,5.23,0.51
9884,5.23,0.51
9885,5.23,0.52
9886,5.23,0.52
9887,5.23,0.51
9888,5.23,0.51
9889,5.23,0.51
9890,5.23,0.51
9891,5.23,0.51
9892,5.23,0.51
9893,5.23,0.51
9894,5.23,0.51
9895,5.23,0.51
9896,5.23,0.52
9897,5.23,0.51
9898,5.23,0.51
9899,5.23,0.51
9900,5.23,0.51
9901,5.23,0.51
9902,5.23,0.52
9903,5.23,0.51
9904,5.23,0.51
9905,5.23,0.51
9906,5.23,0.51
9907,5.23,0.51
9908,5.23,0.51
9909,5.23,0.52
9910,5.23,0.51
9911,5.23,0.51
9912,5.23,0.52
9913,5.23,0.51
9914,5.23,0.52
9915,5.23,0.52
9916,5.23,0.52
9917,5.23,0.52
9918,5.23,0.52
9919,5.23,0.52
9920,5.23,0.52
9921,5.23,0.52
9922,5.23,0.52
9923,5.23,0.52
9924,5.23,0.52
9925,5.23,0.52
9926,5.23,0.52
9927,5.23,0.52
9928,5.23,0.52
9929,5.23,0.52
9930,5.23,0.52
9931,5.24,0.52
9932,5.24,0.52
9933,5.24,0.52
9934,5.24,0.52
9935,5.24,0.52
9936,5.24,0.52
9937,5.24,0.52
9938,5.24,0.52
9939,5.24,0.52
9940,5.24,0.52
9941,5.24,0.52
9942,5.24,0.52
9943,5.24,0.52
9944,5.24,0.52
9945,5.24,0.52
9946,5.24,0.52
9947,5.24,0.52
9948,5.24,0.52
9949,5.24,0.52
9950,5.24,0.52
9951,5.24,0.52
9952,5.24,0.52
9953,5.24,0.52
9954,5.24,0.52
9955,5.24,0.52
9956,5.24,0.52
9957,5.24,0.52
9958,5.24,0.52
9959,5.24,0.52
9960,5.24,0.52
9961,5.24,0.52
9962,5.24,0.52
9963,5.24,0.52
9964,5.24,0.52
9965,5.24,0.52
9966,5.24,0.52
9967,5.24,0.52
9968,5.24,0.52
9969,5.24,0.52
9970,5.24,0.52
9971,5.24,0.52
9972,5.24,0.52
9973,5.24,0.52
9974,5.24,0.52
9975,5.24,0.52
9976,5.24,0.52
9977,5.24,0.52
9978,5.24,0.52
9979,5.24,0.52
9980,5.24,0.52
9981,5.24,0.52
9982,5.24,0.52
9983,5.24,0.52
9984,5.24,0.52
9985,5.24,0.52
9986,5.24,0.52
9987,5.24,0.52
9988,5.24,0.52
9989,5.24,0.52
9990,5.24,0.52
9991,5.24,0.52
9992,5.25,0.52
9993,5.25,0.52
9994,5.25,0.52
9995,5.25,0.52
9996,5.25,0.52
9997,5.25,0.52
9998,5.25,0.52
9999,5.25,0.52
