Sample,Courant,Pose
0,-3.33,0.18
1,1.81,0.36
2,1.72,0.54
3,1.57,0.71
4,1.43,0.88
5,1.29,1.05
6,1.12,1.21
7,0.99,1.37
8,0.88,1.52
9,0.76,1.67
10,0.66,1.81
11,0.57,1.95
12,0.49,2.07
13,0.42,2.2
14,0.36,2.31
15,0.29,2.42
16,0.24,2.51
17,0.19,2.6
18,0.15,2.68
19,0.11,2.75
20,0.08,2.81
21,0.06,2.86
22,0.03,2.9
23,0.0,2.93
24,-0.02,2.96
25,-0.04,2.98
26,-0.05,2.99
27,-0.06,2.99
28,-0.08,2.99
29,-0.09,2.99
30,-0.1,2.98
31,-0.11,2.98
32,-0.11,2.97
33,-0.12,2.96
34,-0.13,2.96
35,-0.13,2.96
36,-0.14,2.97
37,-0.14,2.97
38,-0.14,2.99
39,-0.15,3.01
40,-0.14,3.03
41,-0.15,3.07
42,-0.14,3.11
43,-0.14,3.15
44,-0.13,3.2
45,-0.13,3.26
46,-0.13,3.32
47,-0.12,3.39
48,-0.12,3.46
49,-0.11,3.53
50,-0.11,3.6
51,-0.11,3.68
52,-0.1,3.76
53,-0.09,3.84
54,-0.09,3.92
55,-0.09,3.99
56,-0.08,4.07
57,-0.08,4.14
58,-0.08,4.21
59,-0.07,4.27
60,-0.07,4.33
61,-0.07,4.38
62,-0.07,4.43
63,-0.06,4.47
64,-0.07,4.5
65,-0.07,4.53
66,-0.07,4.54
67,-0.07,4.55
68,-0.07,4.56
69,-0.07,4.55
70,-0.07,4.54
71,-0.08,4.53
72,-0.08,4.51
73,-0.09,4.48
74,-0.09,4.45
75,-0.09,4.42
76,-0.1,4.39
77,-0.09,4.36
78,-0.11,4.32
79,-0.1,4.29
80,-0.11,4.27
81,-0.11,4.24
82,-0.11,4.22
83,-0.11,4.21
84,-0.11,4.2
85,-0.11,4.19
86,-0.11,4.2
87,-0.11,4.21
88,-0.11,4.22
89,-0.1,4.24
90,-0.1,4.27
91,-0.1,4.3
92,-0.09,4.34
93,-0.09,4.38
94,-0.09,4.42
95,-0.08,4.47
96,-0.08,4.52
97,-0.07,4.58
98,-0.07,4.63
99,-0.07,4.69
100,-0.06,4.74
101,-0.06,4.8
102,-0.06,4.85
103,-0.05,4.9
104,-0.05,4.95
105,-0.05,4.99
106,-0.05,5.03
107,-0.04,5.06
108,-0.04,5.09
109,-0.04,5.12
110,-0.05,5.14
111,-0.04,5.15
112,-0.06,5.15
113,-0.05,5.15
114,-0.05,5.14
115,-0.06,5.12
116,-0.06,5.11
117,-0.06,5.08
118,-0.06,5.05
119,-0.07,5.02
120,-0.07,4.98
121,-0.07,4.95
122,-0.07,4.91
123,-0.07,4.87
124,-0.08,4.83
125,-0.09,4.8
126,-0.09,4.76
127,-0.09,4.73
128,-0.09,4.71
129,-0.09,4.69
130,-0.09,4.67
131,-0.09,4.66
132,-0.09,4.66
133,-0.09,4.66
134,-0.09,4.66
135,-0.08,4.68
136,-0.08,4.69
137,-0.08,4.72
138,-0.08,4.74
139,-0.07,4.77
140,-0.07,4.81
141,-0.07,4.85
142,-0.06,4.89
143,-0.06,4.93
144,-0.06,4.97
145,-0.06,5.02
146,-0.06,5.06
147,-0.05,5.11
148,-0.04,5.15
149,-0.04,5.19
150,-0.04,5.23
151,-0.04,5.26
152,-0.04,5.29
153,-0.04,5.32
154,-0.04,5.34
155,-0.03,5.36
156,-0.04,5.37
157,-0.04,5.37
158,-0.04,5.37
159,-0.04,5.37
160,-0.04,5.35
161,-0.04,5.34
162,-0.05,5.31
163,-0.05,5.29
164,-0.05,5.26
165,-0.06,5.23
166,-0.06,5.19
167,-0.06,5.15
168,-0.06,5.12
169,-0.07,5.08
170,-0.07,5.04
171,-0.07,5.01
172,-0.07,4.98
173,-0.07,4.95
174,-0.07,4.92
175,-0.08,4.9
176,-0.08,4.88
177,-0.07,4.87
178,-0.07,4.87
179,-0.07,4.87
180,-0.07,4.87
181,-0.07,4.88
182,-0.07,4.89
183,-0.07,4.91
184,-0.07,4.94
185,-0.06,4.96
186,-0.06,4.99
187,-0.06,5.03
188,-0.06,5.06
189,-0.06,5.1
190,-0.05,5.14
191,-0.04,5.17
192,-0.04,5.21
193,-0.04,5.25
194,-0.04,5.28
195,-0.04,5.32
196,-0.03,5.35
197,-0.03,5.38
198,-0.03,5.4
199,-0.03,5.42
200,-0.03,5.44
201,-0.03,5.45
202,-0.03,5.46
203,-0.03,5.46
204,-0.03,5.46
205,-0.03,5.45
206,-0.04,5.43
207,-0.04,5.42
208,-0.04,5.39
209,-0.04,5.37
210,-0.05,5.34
211,-0.05,5.31
212,-0.05,5.28
213,-0.06,5.24
214,-0.06,5.21
215,-0.06,5.17
216,-0.06,5.14
217,-0.06,5.11
218,-0.07,5.08
219,-0.07,5.05
220,-0.07,5.03
221,-0.06,5.01
222,-0.06,5.0
223,-0.07,4.99
224,-0.07,4.98
225,-0.07,4.98
226,-0.06,4.99
227,-0.06,5.0
228,-0.06,5.01
229,-0.06,5.03
230,-0.06,5.05
231,-0.06,5.07
232,-0.05,5.1
233,-0.05,5.13
234,-0.05,5.16
235,-0.04,5.19
236,-0.04,5.23
237,-0.04,5.26
238,-0.04,5.3
239,-0.03,5.33
240,-0.03,5.36
241,-0.03,5.39
242,-0.03,5.42
243,-0.02,5.44
244,-0.02,5.46
245,-0.03,5.48
246,-0.02,5.49
247,-0.02,5.5
248,-0.02,5.5
249,-0.03,5.5
250,-0.02,5.49
251,-0.04,5.38
252,-0.04,5.38
253,-0.04,5.38
254,-0.04,5.38
255,-0.04,5.38
256,-0.04,5.38
257,-0.04,5.38
258,-0.04,5.38
259,-0.04,5.38
260,-0.04,5.38
261,-0.04,5.38
262,-0.04,5.38
263,-0.04,5.38
264,-0.04,5.38
265,-0.04,5.38
266,-0.04,5.38
267,-0.04,5.38
268,-0.04,5.38
269,-0.04,5.38
270,-0.04,5.38
271,-0.04,5.38
272,-0.04,5.38
273,-0.04,5.38
274,-0.04,5.38
275,-0.04,5.38
276,-0.04,5.38
277,-0.04,5.38
278,-0.04,5.38
279,-0.04,5.38
280,-0.04,5.38
281,-0.04,5.38
282,-0.04,5.38
283,-0.04,5.38
284,-0.04,5.38
285,-0.04,5.38
286,-0.04,5.38
287,-0.04,5.38
288,-0.04,5.38
289,-0.04,5.38
290,-0.04,5.38
291,-0.04,5.38
292,-0.04,5.38
293,-0.04,5.38
294,-0.04,5.38
295,-0.04,5.38
296,-0.04,5.38
297,-0.04,5.38
298,-0.04,5.38
299,-0.04,5.38
300,-0.04,5.38
301,-0.04,5.38
302,-0.04,5.38
303,-0.04,5.38
304,-0.04,5.38
305,-0.04,5.38
306,-0.04,5.38
307,-0.04,5.38
308,-0.04,5.38
309,-0.04,5.38
310,-0.04,5.38
311,-0.04,5.38
312,-0.04,5.38
313,-0.04,5.38
314,-0.04,5.38
315,-0.04,5.38
316,-0.04,5.38
317,-0.04,5.38
318,-0.04,5.38
319,-0.04,5.38
320,-0.04,5.38
321,-0.04,5.38
322,-0.04,5.38
323,-0.04,5.38
324,-0.04,5.38
325,-0.04,5.38
326,-0.04,5.38
327,-0.04,5.38
328,-0.04,5.38
329,-0.04,5.38
330,-0.04,5.38
331,-0.04,5.38
332,-0.04,5.38
333,-0.04,5.38
334,-0.04,5.38
335,-0.04,5.38
336,-0.04,5.38
337,-0.04,5.38
338,-0.04,5.38
339,-0.04,5.38
340,-0.04,5.38
341,-0.04,5.38
342,-0.04,5.38
343,-0.04,5.38
344,-0.04,5.38
345,-0.04,5.38
346,-0.04,5.38
347,-0.04,5.38
348,-0.04,5.38
349,-0.04,5.38
350,-0.04,5.38
351,-0.04,5.38
352,-0.04,5.38
353,-0.04,5.38
354,-0.04,5.38
355,-0.04,5.38
356,-0.04,5.38
357,-0.04,5.38
358,-0.04,5.38
359,-0.04,5.38
360,-0.04,5.38
361,-0.04,5.38
362,-0.04,5.38
363,-0.04,5.38
364,-0.04,5.38
365,-0.04,5.38
366,-0.04,5.38
367,-0.04,5.38
368,-0.04,5.38
369,-0.04,5.38
370,-0.04,5.38
371,-0.04,5.38
372,-0.04,5.38
373,-0.04,5.38
374,-0.04,5.38
375,-0.04,5.38
376,-0.04,5.38
377,-0.04,5.38
378,-0.04,5.38
379,-0.04,5.38
380,-0.04,5.38
381,-0.04,5.38
382,-0.04,5.38
383,-0.04,5.38
384,-0.04,5.38
385,-0.04,5.38
386,-0.04,5.38
387,-0.04,5.38
388,-0.04,5.38
389,-0.04,5.38
390,-0.04,5.38
391,-0.04,5.38
392,-0.04,5.38
393,-0.04,5.38
394,-0.04,5.38
395,-0.04,5.38
396,-0.04,5.38
397,-0.04,5.38
398,-0.04,5.38
399,-0.04,5.38
400,-0.04,5.38
401,-0.04,5.38
402,-0.04,5.38
403,-0.04,5.38
404,-0.04,5.38
405,-0.04,5.38
406,-0.04,5.38
407,-0.04,5.38
408,-0.04,5.38
409,-0.04,5.38
410,-0.04,5.38
411,-0.04,5.38
412,-0.04,5.38
413,-0.04,5.38
414,-0.04,5.38
415,-0.04,5.38
416,-0.04,5.38
417,-0.04,5.38
418,-0.04,5.38
419,-0.04,5.38
420,-0.04,5.38
421,-0.04,5.38
422,-0.04,5.38
423,-0.04,5.38
424,-0.04,5.38
425,-0.04,5.38
426,-0.04,5.38
427,-0.04,5.38
428,-0.04,5.38
429,-0.04,5.38
430,-0.04,5.38
431,-0.04,5.38
432,-0.04,5.38
433,-0.04,5.38
434,-0.04,5.38
435,-0.04,5.38
436,-0.04,5.38
437,-0.04,5.38
438,-0.04,5.38
439,-0.04,5.38
440,-0.04,5.38
441,-0.04,5.38
442,-0.04,5.38
443,-0.04,5.38
444,-0.04,5.38
445,-0.04,5.38
446,-0.04,5.38
447,-0.04,5.38
448,-0.04,5.38
449,-0.04,5.38
450,-0.04,5.38
451,-0.04,5.38
452,-0.04,5.38
453,-0.04,5.38
454,-0.04,5.38
455,-0.04,5.38
456,-0.04,5.38
457,-0.04,5.38
458,-0.04,5.38
459,-0.04,5.38
460,-0.04,5.38
461,-0.04,5.38
462,-0.04,5.38
463,-0.04,5.38
464,-0.04,5.38
465,-0.04,5.38
466,-0.04,5.38
467,-0.04,5.38
468,-0.04,5.38
469,-0.04,5.38
470,-0.04,5.38
471,-0.04,5.38
472,-0.04,5.38
473,-0.04,5.38
474,-0.05,5.38
475,-0.04,5.38
476,-0.04,5.38
477,-0.04,5.38
478,-0.04,5.38
479,-0.04,5.38
480,-0.04,5.38
481,-0.04,5.38
482,-0.04,5.38
483,-0.04,5.38
484,-0.04,5.38
485,-0.04,5.38
486,-0.04,5.38
487,-0.04,5.38
488,-0.04,5.38
489,-0.04,5.38
490,-0.04,5.38
491,-0.04,5.38
492,-0.04,5.38
493,-0.04,5.38
494,-0.04,5.38
495,-0.04,5.38
496,-0.04,5.38
497,-0.04,5.38
498,-0.04,5.38
499,-0.04,5.38
500,-0.04,5.38
501,-0.04,5.38
502,-0.04,5.38
503,-0.05,5.38
504,-0.04,5.38
505,-0.04,5.38
506,-0.04,5.38
507,-0.04,5.38
508,-0.04,5.38
509,-0.04,5.38
510,-0.04,5.38
511,-0.04,5.38
512,-0.04,5.38
513,-0.04,5.38
514,-0.04,5.38
515,-0.04,5.38
516,-0.04,5.38
517,-0.04,5.38
518,-0.04,5.38
519,-0.04,5.38
520,-0.04,5.38
521,-0.04,5.38
522,-0.04,5.38
523,-0.04,5.38
524,-0.04,5.38
525,-0.04,5.38
526,-0.04,5.38
527,-0.04,5.38
528,-0.04,5.38
529,-0.04,5.38
530,-0.04,5.38
531,-0.04,5.38
532,-0.04,5.38
533,-0.04,5.38
534,-0.04,5.38
535,-0.04,5.38
536,-0.04,5.38
537,-0.04,5.38
538,-0.04,5.38
539,-0.04,5.38
540,-0.04,5.38
541,-0.04,5.38
542,-0.04,5.38
543,-0.04,5.38
544,-0.04,5.38
545,-0.04,5.38
546,-0.04,5.38
547,-0.04,5.38
548,-0.04,5.38
549,-0.04,5.38
550,-0.04,5.38
551,-0.04,5.38
552,-0.04,5.38
553,-0.04,5.38
554,-0.04,5.38
555,-0.04,5.38
556,-0.04,5.38
557,-0.04,5.38
558,-0.04,5.38
559,-0.04,5.38
560,-0.04,5.38
561,-0.04,5.38
562,-0.04,5.38
563,-0.04,5.38
564,-0.04,5.38
565,-0.04,5.38
566,-0.04,5.38
567,-0.04,5.38
568,-0.04,5.38
569,-0.04,5.37
570,-0.04,5.37
571,-0.04,5.38
572,-0.04,5.37
573,-0.04,5.38
574,-0.04,5.38
575,-0.04,5.37
576,-0.04,5.37
577,-0.04,5.37
578,-0.04,5.37
579,-0.04,5.37
580,-0.04,5.37
581,-0.04,5.37
582,-0.04,5.37
583,-0.04,5.37
584,-0.04,5.37
585,-0.04,5.36
586,-0.03,5.35
587,-0.03,5.34
588,-0.03,5.32
589,-0.03,5.31
590,-0.02,5.29
591,-0.03,5.27
592,-0.03,5.25
593,-0.03,5.22
594,-0.02,5.19
595,-0.02,5.15
596,-0.02,5.11
597,-0.02,5.07
598,-0.02,5.03
599,-0.02,4.98
600,-0.03,4.93
601,-0.03,4.88
602,-0.02,4.83
603,-0.03,4.78
604,-0.03,4.72
605,-0.03,4.67
606,-0.03,4.61
607,-0.02,4.56
608,-0.02,4.51
609,-0.02,4.47
610,-0.02,4.42
611,-0.02,4.38
612,-0.02,4.34
613,-0.02,4.3
614,-0.02,4.27
615,-0.01,4.24
616,-0.01,4.22
617,-0.01,4.2
618,-0.01,4.18
619,-0.0,4.17
620,0.0,4.16
621,0.0,4.15
622,0.0,4.15
623,0.01,4.15
624,0.01,4.16
625,0.02,4.17
626,0.02,4.18
627,0.02,4.19
628,0.02,4.21
629,0.02,4.22
630,0.02,4.24
631,0.03,4.26
632,0.04,4.28
633,0.04,4.3
634,0.04,4.32
635,0.04,4.34
636,0.04,4.36
637,0.04,4.38
638,0.05,4.39
639,0.05,4.41
640,0.04,4.42
641,0.05,4.43
642,0.05,4.43
643,0.05,4.44
644,0.05,4.44
645,0.05,4.44
646,0.05,4.43
647,0.05,4.42
648,0.05,4.41
649,0.05,4.4
650,0.05,4.38
651,0.05,4.36
652,0.05,4.34
653,0.04,4.31
654,0.04,4.29
655,0.04,4.26
656,0.04,4.23
657,0.04,4.2
658,0.04,4.17
659,0.04,4.14
660,0.04,4.11
661,0.04,4.09
662,0.04,4.06
663,0.04,4.04
664,0.04,4.01
665,0.04,3.99
666,0.04,3.98
667,0.04,3.96
668,0.04,3.95
669,0.04,3.94
670,0.05,3.94
671,0.05,3.94
672,0.05,3.94
673,0.05,3.94
674,0.05,3.95
675,0.06,3.96
676,0.06,3.97
677,0.06,3.98
678,0.06,4.0
679,0.06,4.02
680,0.07,4.04
681,0.07,4.06
682,0.07,4.08
683,0.07,4.11
684,0.07,4.13
685,0.07,4.15
686,0.07,4.17
687,0.08,4.2
688,0.08,4.22
689,0.08,4.24
690,0.08,4.26
691,0.08,4.27
692,0.08,4.29
693,0.08,4.3
694,0.08,4.31
695,0.08,4.32
696,0.08,4.32
697,0.08,4.32
698,0.08,4.32
699,0.08,4.32
700,0.08,4.31
701,0.08,4.3
702,0.08,4.29
703,0.08,4.28
704,0.07,4.26
705,0.07,4.24
706,0.07,4.22
707,0.07,4.2
708,0.07,4.18
709,0.07,4.15
710,0.07,4.13
711,0.07,4.11
712,0.07,4.08
713,0.07,4.06
714,0.07,4.04
715,0.07,4.02
716,0.07,4.0
717,0.07,3.98
718,0.07,3.97
719,0.07,3.96
720,0.07,3.95
721,0.08,3.94
722,0.07,3.93
723,0.08,3.93
724,0.08,3.93
725,0.08,3.94
726,0.08,3.94
727,0.09,3.95
728,0.08,3.96
729,0.09,3.98
730,0.09,3.99
731,0.09,4.01
732,0.09,4.03
733,0.09,4.05
734,0.1,4.07
735,0.1,4.09
736,0.1,4.12
737,0.11,4.14
738,0.11,4.16
739,0.11,4.19
740,0.11,4.21
741,0.11,4.23
742,0.11,4.25
743,0.11,4.26
744,0.11,4.28
745,0.11,4.29
746,0.11,4.3
747,0.11,4.31
748,0.11,4.32
749,0.11,4.32
750,0.11,4.33
751,0.11,4.32
752,0.11,4.32
753,0.11,4.31
754,0.11,4.31
755,0.11,4.29
756,0.11,4.28
757,0.11,4.27
758,0.11,4.25
759,0.11,4.23
760,0.11,4.21
761,0.11,4.19
762,0.11,4.17
763,0.11,4.15
764,0.1,4.13
765,0.1,4.11
766,0.1,4.09
767,0.1,4.07
768,0.1,4.06
769,0.1,4.04
770,0.11,4.03
771,0.11,4.02
772,0.11,4.01
773,0.11,4.0
774,0.11,4.0
775,0.11,4.0
776,0.11,4.0
777,0.11,4.0
778,0.11,4.0
779,0.11,4.01
780,0.11,4.02
781,0.12,4.03
782,0.12,4.05
783,0.12,4.06
784,0.12,4.08
785,0.13,4.1
786,0.13,4.12
787,0.13,4.14
788,0.13,4.16
789,0.13,4.18
790,0.13,4.21
791,0.14,4.23
792,0.14,4.25
793,0.13,4.27
794,0.14,4.29
795,0.13,4.3
796,0.14,4.32
797,0.14,4.33
798,0.14,4.34
799,0.14,4.35
800,0.14,4.36
801,0.15,4.37
802,0.15,4.37
803,0.15,4.37
804,0.14,4.37
805,0.15,4.36
806,0.14,4.36
807,0.14,4.35
808,0.14,4.34
809,0.14,4.33
810,0.14,4.31
811,0.13,4.3
812,0.13,4.28
813,0.14,4.26
814,0.13,4.25
815,0.13,4.23
816,0.13,4.21
817,0.13,4.19
818,0.13,4.17
819,0.13,4.16
820,0.13,4.14
821,0.13,4.13
822,0.13,4.12
823,0.14,4.11
824,0.13,4.1
825,0.14,4.09
826,0.14,4.08
827,0.13,4.08
828,0.14,4.08
829,0.14,4.08
830,0.14,4.09
831,0.14,4.1
832,0.15,4.1
833,0.15,4.11
834,0.15,4.13
835,0.15,4.14
836,0.15,4.16
837,0.15,4.17
838,0.15,4.19
839,0.15,4.21
840,0.16,4.23
841,0.16,4.25
842,0.16,4.27
843,0.17,4.29
844,0.17,4.31
845,0.17,4.33
846,0.17,4.34
847,0.17,4.36
848,0.17,4.38
849,0.17,4.39
850,0.17,4.4
851,0.17,4.41
852,0.17,4.42
853,0.17,4.43
854,0.17,4.43
855,0.17,4.43
856,0.17,4.43
857,0.17,4.43
858,0.17,4.42
859,0.17,4.42
860,0.17,4.41
861,0.17,4.4
862,0.17,4.39
863,0.17,4.37
864,0.17,4.36
865,0.17,4.34
866,0.17,4.33
867,0.17,4.31
868,0.16,4.3
869,0.16,4.28
870,0.17,4.26
871,0.16,4.25
872,0.17,4.23
873,0.16,4.22
874,0.17,4.21
875,0.17,4.2
876,0.17,4.19
877,0.17,4.18
878,0.17,4.18
879,0.17,4.18
880,0.17,4.18
881,0.17,4.18
882,0.17,4.18
883,0.17,4.18
884,0.17,4.19
885,0.18,4.2
886,0.18,4.21
887,0.18,4.22
888,0.18,4.24
889,0.19,4.25
890,0.19,4.27
891,0.19,4.28
892,0.19,4.3
893,0.19,4.32
894,0.19,4.34
895,0.19,4.36
896,0.19,4.37
897,0.19,4.39
898,0.19,4.41
899,0.19,4.42
900,0.19,4.44
901,0.19,4.45
902,0.2,4.46
903,0.2,4.47
904,0.2,4.48
905,0.2,4.49
906,0.2,4.49
907,0.2,4.5
908,0.2,4.5
909,0.2,4.5
910,0.19,4.49
911,0.19,4.49
912,0.19,4.48
913,0.2,4.47
914,0.19,4.47
915,0.19,4.45
916,0.19,4.44
917,0.19,4.43
918,0.19,4.41
919,0.2,4.4
920,0.19,4.39
921,0.19,4.37
922,0.19,4.36
923,0.19,4.34
924,0.19,4.33
925,0.19,4.32
926,0.2,4.3
927,0.2,4.29
928,0.2,4.29
929,0.2,4.28
930,0.2,4.27
931,0.19,4.27
932,0.2,4.27
933,0.2,4.27
934,0.2,4.27
935,0.2,4.27
936,0.2,4.28
937,0.21,4.29
938,0.21,4.29
939,0.21,4.31
940,0.21,4.32
941,0.21,4.33
942,0.21,4.34
943,0.21,4.36
944,0.21,4.38
945,0.22,4.39
946,0.22,4.41
947,0.22,4.43
948,0.22,4.44
949,0.22,4.46
950,0.22,4.47
951,0.22,4.49
952,0.22,4.5
953,0.22,4.52
954,0.22,4.53
955,0.22,4.54
956,0.22,4.55
957,0.23,4.55
958,0.23,4.56
959,0.23,4.56
960,0.23,4.57
961,0.23,4.57
962,0.23,4.57
963,0.22,4.56
964,0.22,4.56
965,0.22,4.55
966,0.23,4.54
967,0.22,4.53
968,0.22,4.52
969,0.22,4.51
970,0.22,4.5
971,0.22,4.49
972,0.22,4.47
973,0.22,4.46
974,0.22,4.45
975,0.22,4.43
976,0.22,4.42
977,0.22,4.41
978,0.22,4.4
979,0.22,4.39
980,0.22,4.38
981,0.22,4.37
982,0.22,4.37
983,0.22,4.36
984,0.22,4.36
985,0.22,4.36
986,0.23,4.36
987,0.23,4.36
988,0.23,4.37
989,0.23,4.37
990,0.23,4.38
991,0.24,4.39
992,0.24,4.4
993,0.24,4.41
994,0.24,4.42
995,0.24,4.44
996,0.24,4.45
997,0.24,4.47
998,0.24,4.48
999,0.24,4.5
1000,0.25,4.51
1001,0.25,4.53
1002,0.25,4.54
1003,0.25,4.55
1004,0.26,4.57
1005,0.25,4.58
1006,0.26,4.59
1007,0.25,4.6
1008,0.25,4.61
1009,0.26,4.62
1010,0.26,4.62
1011,0.26,4.63
1012,0.25,4.63
1013,0.26,4.63
1014,0.26,4.63
1015,0.26,4.63
1016,0.26,4.63
1017,0.26,4.62
1018,0.26,4.61
1019,0.26,4.61
1020,0.26,4.6
1021,0.26,4.59
1022,0.26,4.58
1023,0.26,4.57
1024,0.25,4.55
1025,0.25,4.54
1026,0.25,4.53
1027,0.25,4.52
1028,0.25,4.51
1029,0.25,4.5
1030,0.25,4.49
1031,0.26,4.48
1032,0.26,4.47
1033,0.26,4.46
1034,0.26,4.46
1035,0.26,4.45
1036,0.26,4.45
1037,0.26,4.45
1038,0.26,4.45
1039,0.26,4.45
1040,0.26,4.45
1041,0.26,4.46
1042,0.26,4.46
1043,0.26,4.47
1044,0.26,4.48
1045,0.27,4.49
1046,0.27,4.5
1047,0.27,4.51
1048,0.27,4.53
1049,0.28,4.54
1050,0.28,4.55
1051,0.28,4.57
1052,0.28,4.58
1053,0.28,4.6
1054,0.28,4.61
1055,0.28,4.62
1056,0.28,4.64
1057,0.28,4.65
1058,0.28,4.66
1059,0.28,4.67
1060,0.29,4.68
1061,0.28,4.69
1062,0.29,4.69
1063,0.29,4.7
1064,0.29,4.7
1065,0.29,4.7
1066,0.29,4.7
1067,0.28,4.7
1068,0.28,4.7
1069,0.29,4.7
1070,0.29,4.69
1071,0.29,4.69
1072,0.28,4.68
1073,0.28,4.67
1074,0.28,4.66
1075,0.28,4.65
1076,0.28,4.64
1077,0.28,4.63
1078,0.28,4.62
1079,0.28,4.61
1080,0.28,4.6
1081,0.28,4.59
1082,0.28,4.58
1083,0.29,4.57
1084,0.28,4.56
1085,0.28,4.56
1086,0.29,4.55
1087,0.29,4.55
1088,0.28,4.54
1089,0.29,4.54
1090,0.28,4.54
1091,0.29,4.54
1092,0.29,4.54
1093,0.29,4.55
1094,0.29,4.55
1095,0.3,4.56
1096,0.3,4.56
1097,0.3,4.57
1098,0.3,4.58
1099,0.3,4.59
1100,0.3,4.6
1101,0.3,4.62
1102,0.3,4.63
1103,0.3,4.64
1104,0.3,4.65
1105,0.31,4.67
1106,0.31,4.68
1107,0.31,4.69
1108,0.31,4.7
1109,0.31,4.72
1110,0.31,4.73
1111,0.32,4.74
1112,0.32,4.74
1113,0.32,4.75
1114,0.31,4.76
1115,0.32,4.76
1116,0.32,4.77
1117,0.32,4.77
1118,0.32,4.77
1119,0.32,4.77
1120,0.32,4.77
1121,0.32,4.77
1122,0.31,4.77
1123,0.32,4.76
1124,0.32,4.75
1125,0.32,4.75
1126,0.32,4.74
1127,0.32,4.73
1128,0.32,4.72
1129,0.32,4.71
1130,0.31,4.7
1131,0.32,4.69
1132,0.32,4.68
1133,0.32,4.68
1134,0.32,4.67
1135,0.32,4.66
1136,0.32,4.65
1137,0.32,4.64
1138,0.32,4.64
1139,0.32,4.63
1140,0.32,4.63
1141,0.32,4.63
1142,0.32,4.63
1143,0.32,4.63
1144,0.32,4.63
1145,0.32,4.63
1146,0.32,4.64
1147,0.32,4.64
1148,0.32,4.65
1149,0.32,4.65
1150,0.33,4.66
1151,0.33,4.67
1152,0.33,4.68
1153,0.33,4.69
1154,0.34,4.7
1155,0.34,4.72
1156,0.34,4.73
1157,0.34,4.74
1158,0.34,4.75
1159,0.34,4.76
1160,0.34,4.77
1161,0.34,4.78
1162,0.34,4.79
1163,0.34,4.8
1164,0.34,4.81
1165,0.34,4.82
1166,0.34,4.83
1167,0.34,4.83
1168,0.34,4.84
1169,0.34,4.84
1170,0.34,4.84
1171,0.34,4.84
1172,0.34,4.84
1173,0.35,4.84
1174,0.34,4.84
1175,0.34,4.83
1176,0.34,4.83
1177,0.34,4.82
1178,0.34,4.82
1179,0.34,4.81
1180,0.34,4.8
1181,0.34,4.79
1182,0.34,4.78
1183,0.34,4.78
1184,0.34,4.77
1185,0.34,4.76
1186,0.34,4.75
1187,0.34,4.74
1188,0.34,4.74
1189,0.34,4.73
1190,0.35,4.72
1191,0.34,4.72
1192,0.35,4.72
1193,0.35,4.71
1194,0.35,4.71
1195,0.35,4.71
1196,0.35,4.71
1197,0.35,4.71
1198,0.35,4.72
1199,0.35,4.72
1200,0.36,4.73
1201,0.36,4.73
1202,0.36,4.74
1203,0.36,4.75
1204,0.36,4.76
1205,0.36,4.77
1206,0.36,4.78
1207,0.36,4.79
1208,0.36,4.8
1209,0.36,4.81
1210,0.37,4.82
1211,0.37,4.83
1212,0.37,4.84
1213,0.37,4.85
1214,0.37,4.86
1215,0.37,4.87
1216,0.37,4.88
1217,0.37,4.88
1218,0.37,4.89
1219,0.37,4.89
1220,0.37,4.9
1221,0.37,4.9
1222,0.37,4.9
1223,0.37,4.91
1224,0.37,4.91
1225,0.37,4.9
1226,0.37,4.9
1227,0.37,4.9
1228,0.37,4.9
1229,0.37,4.89
1230,0.37,4.89
1231,0.37,4.88
1232,0.37,4.87
1233,0.37,4.87
1234,0.37,4.86
1235,0.37,4.85
1236,0.37,4.84
1237,0.37,4.84
1238,0.37,4.83
1239,0.37,4.82
1240,0.37,4.82
1241,0.37,4.81
1242,0.37,4.8
1243,0.37,4.8
1244,0.37,4.8
1245,0.37,4.79
1246,0.37,4.79
1247,0.37,4.79
1248,0.37,4.79
1249,0.38,4.79
1250,0.38,4.8
1251,0.38,4.8
1252,0.38,4.8
1253,0.38,4.81
1254,0.38,4.82
1255,0.38,4.82
1256,0.38,4.83
1257,0.39,4.84
1258,0.39,4.85
1259,0.39,4.86
1260,0.39,4.87
1261,0.39,4.88
1262,0.39,4.89
1263,0.39,4.89
1264,0.39,4.9
1265,0.39,4.91
1266,0.39,4.92
1267,0.39,4.93
1268,0.39,4.94
1269,0.39,4.95
1270,0.39,4.95
1271,0.4,4.96
1272,0.39,4.96
1273,0.4,4.97
1274,0.4,4.97
1275,0.4,4.97
1276,0.4,4.97
1277,0.4,4.97
1278,0.4,4.97
1279,0.4,4.97
1280,0.4,4.96
1281,0.4,4.96
1282,0.39,4.95
1283,0.4,4.95
1284,0.39,4.94
1285,0.4,4.94
1286,0.4,4.93
1287,0.4,4.92
1288,0.4,4.92
1289,0.4,4.91
1290,0.4,4.9
1291,0.4,4.9
1292,0.4,4.89
1293,0.4,4.89
1294,0.4,4.88
1295,0.4,4.88
1296,0.4,4.87
1297,0.4,4.87
1298,0.4,4.87
1299,0.41,4.87
1300,0.41,4.87
1301,0.4,4.87
1302,0.41,4.87
1303,0.41,4.88
1304,0.41,4.88
1305,0.41,4.88
1306,0.41,4.89
1307,0.41,4.89
1308,0.41,4.9
1309,0.41,4.91
1310,0.41,4.92
1311,0.41,4.92
1312,0.41,4.93
1313,0.42,4.94
1314,0.42,4.95
1315,0.42,4.96
1316,0.42,4.97
1317,0.42,4.98
1318,0.42,4.98
1319,0.42,4.99
1320,0.42,5.0
1321,0.42,5.01
1322,0.43,5.01
1323,0.42,5.02
1324,0.42,5.02
1325,0.42,5.03
1326,0.43,5.03
1327,0.43,5.03
1328,0.43,5.03
1329,0.42,5.03
1330,0.42,5.03
1331,0.43,5.03
1332,0.43,5.03
1333,0.42,5.03
1334,0.43,5.02
1335,0.43,5.02
1336,0.43,5.01
1337,0.43,5.01
1338,0.43,5.0
1339,0.43,5.0
1340,0.43,4.99
1341,0.43,4.98
1342,0.43,4.98
1343,0.43,4.97
1344,0.43,4.97
1345,0.43,4.96
1346,0.43,4.96
1347,0.43,4.95
1348,0.43,4.95
1349,0.43,4.95
1350,0.43,4.95
1351,0.43,4.95
1352,0.43,4.95
1353,0.43,4.95
1354,0.43,4.95
1355,0.43,4.95
1356,0.43,4.95
1357,0.44,4.96
1358,0.44,4.96
1359,0.43,4.97
1360,0.44,4.97
1361,0.44,4.98
1362,0.44,4.99
1363,0.45,4.99
1364,0.44,5.0
1365,0.44,5.01
1366,0.45,5.02
1367,0.45,5.03
1368,0.45,5.03
1369,0.45,5.04
1370,0.45,5.05
1371,0.45,5.06
1372,0.45,5.06
1373,0.45,5.07
1374,0.45,5.08
1375,0.45,5.08
1376,0.45,5.09
1377,0.45,5.09
1378,0.45,5.09
1379,0.45,5.1
1380,0.45,5.1
1381,0.45,5.1
1382,0.45,5.1
1383,0.45,5.1
1384,0.45,5.1
1385,0.45,5.09
1386,0.45,5.09
1387,0.45,5.09
1388,0.45,5.08
1389,0.45,5.08
1390,0.45,5.07
1391,0.45,5.07
1392,0.45,5.06
1393,0.45,5.06
1394,0.45,5.05
1395,0.45,5.05
1396,0.45,5.04
1397,0.45,5.04
1398,0.45,5.03
1399,0.46,5.03
1400,0.46,5.03
1401,0.45,5.02
1402,0.46,5.02
1403,0.46,5.02
1404,0.46,5.02
1405,0.46,5.02
1406,0.46,5.02
1407,0.46,5.02
1408,0.46,5.03
1409,0.47,5.03
1410,0.47,5.03
1411,0.47,5.04
1412,0.46,5.04
1413,0.47,5.05
1414,0.47,5.05
1415,0.47,5.06
1416,0.47,5.07
1417,0.47,5.07
1418,0.47,5.08
1419,0.47,5.09
1420,0.47,5.1
1421,0.47,5.1
1422,0.47,5.11
1423,0.47,5.12
1424,0.47,5.13
1425,0.47,5.13
1426,0.48,5.14
1427,0.48,5.14
1428,0.47,5.15
1429,0.47,5.15
1430,0.48,5.15
1431,0.48,5.16
1432,0.48,5.16
1433,0.48,5.16
1434,0.48,5.16
1435,0.48,5.16
1436,0.48,5.16
1437,0.48,5.16
1438,0.48,5.15
1439,0.48,5.15
1440,0.48,5.15
1441,0.48,5.14
1442,0.48,5.14
1443,0.48,5.14
1444,0.48,5.13
1445,0.48,5.13
1446,0.48,5.12
1447,0.48,5.12
1448,0.48,5.11
1449,0.48,5.11
1450,0.49,5.1
1451,0.48,5.1
1452,0.48,5.1
1453,0.48,5.09
1454,0.48,5.09
1455,0.49,5.09
1456,0.48,5.09
1457,0.48,5.09
1458,0.49,5.09
1459,0.49,5.09
1460,0.49,5.09
1461,0.49,5.1
1462,0.49,5.1
1463,0.49,5.1
1464,0.49,5.11
1465,0.49,5.11
1466,0.49,5.12
1467,0.49,5.12
1468,0.49,5.13
1469,0.49,5.14
1470,0.49,5.14
1471,0.5,5.15
1472,0.5,5.16
1473,0.5,5.16
1474,0.5,5.17
1475,0.51,5.18
1476,0.5,5.18
1477,0.5,5.19
1478,0.5,5.2
1479,0.5,5.2
1480,0.51,5.21
1481,0.51,5.21
1482,0.51,5.21
1483,0.51,5.22
1484,0.51,5.22
1485,0.51,5.22
1486,0.51,5.22
1487,0.51,5.22
1488,0.51,5.22
1489,0.51,5.22
1490,0.51,5.22
1491,0.51,5.21
1492,0.51,5.21
1493,0.51,5.21
1494,0.51,5.2
1495,0.51,5.2
1496,0.51,5.2
1497,0.51,5.19
1498,0.51,5.19
1499,0.51,5.18
1500,0.51,5.18
1501,0.51,5.17
1502,0.51,5.17
1503,0.51,5.17
1504,0.51,5.16
1505,0.51,5.16
1506,0.51,5.16
1507,0.51,5.16
1508,0.51,5.16
1509,0.51,5.16
1510,0.51,5.16
1511,0.51,5.16
1512,0.51,5.16
1513,0.51,5.16
1514,0.51,5.16
1515,0.51,5.17
1516,0.51,5.17
1517,0.51,5.18
1518,0.51,5.18
1519,0.51,5.19
1520,0.52,5.19
1521,0.51,5.2
1522,0.52,5.2
1523,0.52,5.21
1524,0.52,5.22
1525,0.52,5.22
1526,0.52,5.23
1527,0.52,5.24
1528,0.52,5.24
1529,0.52,5.25
1530,0.52,5.25
1531,0.52,5.26
1532,0.52,5.26
1533,0.53,5.27
1534,0.52,5.27
1535,0.52,5.27
1536,0.52,5.27
1537,0.52,5.27
1538,0.52,5.28
1539,0.52,5.28
1540,0.52,5.28
1541,0.52,5.27
1542,0.52,5.27
1543,0.52,5.27
1544,0.52,5.27
1545,0.53,5.27
1546,0.52,5.26
1547,0.53,5.26
1548,0.53,5.26
1549,0.53,5.25
1550,0.52,5.25
1551,0.52,5.24
1552,0.52,5.24
1553,0.53,5.24
1554,0.53,5.23
1555,0.52,5.23
1556,0.53,5.23
1557,0.53,5.22
1558,0.53,5.22
1559,0.53,5.22
1560,0.53,5.22
1561,0.53,5.22
1562,0.53,5.22
1563,0.53,5.22
1564,0.53,5.22
1565,0.53,5.22
1566,0.53,5.23
1567,0.54,5.23
1568,0.54,5.23
1569,0.54,5.24
1570,0.54,5.24
1571,0.54,5.25
1572,0.54,5.25
1573,0.54,5.26
1574,0.54,5.26
1575,0.54,5.27
1576,0.54,5.27
1577,0.54,5.28
1578,0.54,5.29
1579,0.54,5.29
1580,0.54,5.3
1581,0.54,5.3
1582,0.54,5.31
1583,0.55,5.31
1584,0.55,5.32
1585,0.55,5.32
1586,0.54,5.32
1587,0.55,5.33
1588,0.55,5.33
1589,0.54,5.33
1590,0.55,5.33
1591,0.55,5.33
1592,0.55,5.33
1593,0.55,5.33
1594,0.55,5.33
1595,0.55,5.33
1596,0.55,5.33
1597,0.55,5.32
1598,0.55,5.32
1599,0.55,5.32
1600,0.55,5.31
1601,0.55,5.31
1602,0.55,5.31
1603,0.55,5.3
1604,0.55,5.3
1605,0.55,5.3
1606,0.55,5.29
1607,0.56,5.29
1608,0.56,5.29
1609,0.56,5.29
1610,0.55,5.28
1611,0.55,5.28
1612,0.55,5.28
1613,0.56,5.28
1614,0.56,5.28
1615,0.56,5.28
1616,0.56,5.28
1617,0.56,5.28
1618,0.56,5.28
1619,0.56,5.29
1620,0.56,5.29
1621,0.56,5.29
1622,0.56,5.3
1623,0.56,5.3
1624,0.56,5.31
1625,0.56,5.31
1626,0.56,5.32
1627,0.56,5.32
1628,0.56,5.33
1629,0.56,5.33
1630,0.56,5.34
1631,0.57,5.34
1632,0.56,5.35
1633,0.57,5.35
1634,0.57,5.36
1635,0.57,5.36
1636,0.57,5.37
1637,0.57,5.37
1638,0.57,5.37
1639,0.57,5.38
1640,0.57,5.38
1641,0.57,5.38
1642,0.57,5.38
1643,0.57,5.38
1644,0.57,5.38
1645,0.57,5.38
1646,0.57,5.38
1647,0.58,5.38
1648,0.57,5.38
1649,0.57,5.38
1650,0.57,5.38
1651,0.58,5.37
1652,0.58,5.37
1653,0.57,5.37
1654,0.57,5.36
1655,0.57,5.36
1656,0.58,5.36
1657,0.58,5.35
1658,0.57,5.35
1659,0.58,5.35
1660,0.58,5.35
1661,0.58,5.34
1662,0.58,5.34
1663,0.57,5.34
1664,0.58,5.34
1665,0.58,5.34
1666,0.58,5.34
1667,0.58,5.34
1668,0.58,5.34
1669,0.58,5.34
1670,0.58,5.34
1671,0.58,5.34
1672,0.58,5.35
1673,0.58,5.35
1674,0.58,5.35
1675,0.58,5.36
1676,0.58,5.36
1677,0.58,5.37
1678,0.58,5.37
1679,0.58,5.38
1680,0.58,5.38
1681,0.58,5.39
1682,0.58,5.39
1683,0.59,5.4
1684,0.59,5.4
1685,0.59,5.41
1686,0.58,5.41
1687,0.59,5.41
1688,0.59,5.42
1689,0.59,5.42
1690,0.59,5.42
1691,0.59,5.43
1692,0.59,5.43
1693,0.59,5.43
1694,0.6,5.43
1695,0.59,5.43
1696,0.59,5.43
1697,0.6,5.43
1698,0.59,5.43
1699,0.59,5.43
1700,0.59,5.43
1701,0.59,5.43
1702,0.6,5.43
1703,0.6,5.42
1704,0.6,5.42
1705,0.6,5.42
1706,0.59,5.42
1707,0.6,5.41
1708,0.6,5.41
1709,0.6,5.41
1710,0.6,5.4
1711,0.6,5.4
1712,0.6,5.4
1713,0.6,5.4
1714,0.6,5.4
1715,0.6,5.39
1716,0.6,5.39
1717,0.6,5.39
1718,0.6,5.39
1719,0.6,5.39
1720,0.6,5.39
1721,0.6,5.4
1722,0.6,5.4
1723,0.6,5.4
1724,0.6,5.4
1725,0.6,5.41
1726,0.6,5.41
1727,0.6,5.41
1728,0.6,5.42
1729,0.6,5.42
1730,0.6,5.43
1731,0.6,5.43
1732,0.61,5.43
1733,0.6,5.44
1734,0.61,5.44
1735,0.61,5.45
1736,0.61,5.45
1737,0.6,5.46
1738,0.61,5.46
1739,0.61,5.46
1740,0.61,5.47
1741,0.61,5.47
1742,0.61,5.47
1743,0.61,5.48
1744,0.61,5.48
1745,0.61,5.48
1746,0.61,5.48
1747,0.61,5.48
1748,0.62,5.48
1749,0.61,5.48
1750,0.61,5.48
1751,0.62,5.48
1752,0.61,5.48
1753,0.61,5.48
1754,0.61,5.47
1755,0.62,5.47
1756,0.62,5.47
1757,0.61,5.47
1758,0.62,5.46
1759,0.61,5.46
1760,0.61,5.46
1761,0.61,5.46
1762,0.61,5.45
1763,0.62,5.45
1764,0.62,5.45
1765,0.62,5.45
1766,0.62,5.45
1767,0.62,5.45
1768,0.62,5.44
1769,0.62,5.44
1770,0.62,5.44
1771,0.62,5.44
1772,0.62,5.45
1773,0.62,5.45
1774,0.62,5.45
1775,0.62,5.45
1776,0.62,5.45
1777,0.62,5.46
1778,0.62,5.46
1779,0.62,5.46
1780,0.62,5.47
1781,0.62,5.47
1782,0.62,5.48
1783,0.62,5.48
1784,0.63,5.48
1785,0.62,5.49
1786,0.62,5.49
1787,0.62,5.5
1788,0.62,5.5
1789,0.62,5.5
1790,0.63,5.51
1791,0.62,5.51
1792,0.63,5.51
1793,0.63,5.52
1794,0.63,5.52
1795,0.62,5.52
1796,0.62,5.52
1797,0.62,5.52
1798,0.63,5.53
1799,0.62,5.53
1800,0.63,5.53
1801,0.63,5.52
1802,0.63,5.52
1803,0.63,5.52
1804,0.63,5.52
1805,0.63,5.52
1806,0.63,5.52
1807,0.63,5.52
1808,0.63,5.51
1809,0.63,5.51
1810,0.63,5.51
1811,0.63,5.51
1812,0.63,5.5
1813,0.63,5.5
1814,0.64,5.5
1815,0.64,5.5
1816,0.64,5.5
1817,0.64,5.49
1818,0.64,5.49
1819,0.64,5.49
1820,0.63,5.49
1821,0.63,5.49
1822,0.64,5.49
1823,0.64,5.49
1824,0.64,5.49
1825,0.64,5.5
1826,0.64,5.5
1827,0.64,5.5
1828,0.64,5.5
1829,0.64,5.5
1830,0.64,5.51
1831,0.64,5.51
1832,0.64,5.51
1833,0.64,5.52
1834,0.64,5.52
1835,0.64,5.53
1836,0.64,5.53
1837,0.64,5.53
1838,0.64,5.54
1839,0.64,5.54
1840,0.64,5.55
1841,0.64,5.55
1842,0.64,5.55
1843,0.64,5.56
1844,0.65,5.56
1845,0.65,5.56
1846,0.65,5.56
1847,0.64,5.56
1848,0.64,5.57
1849,0.64,5.57
1850,0.65,5.57
1851,0.65,5.57
1852,0.64,5.57
1853,0.65,5.57
1854,0.65,5.57
1855,0.65,5.56
1856,0.65,5.56
1857,0.65,5.56
1858,0.65,5.56
1859,0.65,5.56
1860,0.65,5.56
1861,0.65,5.55
1862,0.65,5.55
1863,0.65,5.55
1864,0.65,5.55
1865,0.65,5.54
1866,0.65,5.54
1867,0.65,5.54
1868,0.65,5.54
1869,0.65,5.54
1870,0.65,5.54
1871,0.65,5.54
1872,0.65,5.54
1873,0.65,5.54
1874,0.65,5.54
1875,0.65,5.54
1876,0.65,5.54
1877,0.65,5.54
1878,0.65,5.54
1879,0.65,5.54
1880,0.65,5.55
1881,0.65,5.55
1882,0.65,5.55
1883,0.65,5.56
1884,0.65,5.56
1885,0.65,5.56
1886,0.65,5.57
1887,0.65,5.57
1888,0.66,5.57
1889,0.66,5.58
1890,0.65,5.58
1891,0.65,5.59
1892,0.66,5.59
1893,0.66,5.59
1894,0.66,5.59
1895,0.66,5.6
1896,0.66,5.6
1897,0.66,5.6
1898,0.66,5.6
1899,0.66,5.6
1900,0.66,5.61
1901,0.66,5.61
1902,0.66,5.61
1903,0.67,5.61
1904,0.67,5.61
1905,0.66,5.61
1906,0.66,5.6
1907,0.66,5.6
1908,0.66,5.6
1909,0.66,5.6
1910,0.67,5.6
1911,0.66,5.6
1912,0.67,5.59
1913,0.67,5.59
1914,0.67,5.59
1915,0.67,5.59
1916,0.66,5.59
1917,0.66,5.58
1918,0.67,5.58
1919,0.67,5.58
1920,0.67,5.58
1921,0.66,5.58
1922,0.67,5.58
1923,0.67,5.58
1924,0.67,5.58
1925,0.67,5.58
1926,0.66,5.58
1927,0.67,5.58
1928,0.67,5.58
1929,0.67,5.58
1930,0.67,5.58
1931,0.67,5.59
1932,0.67,5.59
1933,0.67,5.59
1934,0.67,5.59
1935,0.67,5.6
1936,0.67,5.6
1937,0.67,5.6
1938,0.67,5.61
1939,0.67,5.61
1940,0.67,5.62
1941,0.67,5.62
1942,0.67,5.62
1943,0.67,5.63
1944,0.67,5.63
1945,0.67,5.63
1946,0.67,5.63
1947,0.68,5.64
1948,0.68,5.64
1949,0.68,5.64
1950,0.68,5.64
1951,0.67,5.64
1952,0.68,5.64
1953,0.67,5.64
1954,0.68,5.64
1955,0.68,5.64
1956,0.67,5.64
1957,0.68,5.64
1958,0.67,5.64
1959,0.67,5.64
1960,0.68,5.64
1961,0.67,5.64
1962,0.68,5.64
1963,0.68,5.63
1964,0.68,5.63
1965,0.68,5.63
1966,0.68,5.63
1967,0.68,5.63
1968,0.68,5.62
1969,0.67,5.62
1970,0.67,5.62
1971,0.68,5.62
1972,0.68,5.62
1973,0.68,5.62
1974,0.68,5.62
1975,0.68,5.62
1976,0.68,5.62
1977,0.68,5.62
1978,0.68,5.62
1979,0.68,5.62
1980,0.68,5.62
1981,0.68,5.62
1982,0.69,5.62
1983,0.69,5.63
1984,0.68,5.63
1985,0.68,5.63
1986,0.69,5.63
1987,0.69,5.64
1988,0.69,5.64
1989,0.69,5.64
1990,0.69,5.65
1991,0.69,5.65
1992,0.69,5.65
1993,0.69,5.65
1994,0.69,5.66
1995,0.69,5.66
1996,0.69,5.66
1997,0.69,5.67
1998,0.69,5.67
1999,0.69,5.67
2000,0.69,5.67
2001,0.69,5.67
2002,0.69,5.67
2003,0.69,5.68
2004,0.69,5.68
2005,0.69,5.68
2006,0.69,5.68
2007,0.69,5.68
2008,0.69,5.68
2009,0.69,5.68
2010,0.69,5.67
2011,0.69,5.67
2012,0.69,5.67
2013,0.69,5.67
2014,0.69,5.67
2015,0.69,5.67
2016,0.69,5.66
2017,0.69,5.66
2018,0.69,5.66
2019,0.69,5.66
2020,0.69,5.66
2021,0.69,5.66
2022,0.69,5.65
2023,0.69,5.65
2024,0.69,5.65
2025,0.69,5.65
2026,0.69,5.65
2027,0.69,5.65
2028,0.69,5.65
2029,0.69,5.65
2030,0.69,5.65
2031,0.7,5.65
2032,0.69,5.65
2033,0.69,5.66
2034,0.7,5.66
2035,0.7,5.66
2036,0.69,5.66
2037,0.7,5.66
2038,0.7,5.67
2039,0.7,5.67
2040,0.7,5.67
2041,0.7,5.68
2042,0.7,5.68
2043,0.7,5.68
2044,0.7,5.68
2045,0.7,5.69
2046,0.7,5.69
2047,0.7,5.69
2048,0.7,5.7
2049,0.7,5.7
2050,0.7,5.7
2051,0.7,5.7
2052,0.71,5.7
2053,0.7,5.7
2054,0.7,5.7
2055,0.7,5.71
2056,0.71,5.71
2057,0.71,5.71
2058,0.7,5.71
2059,0.7,5.71
2060,0.71,5.7
2061,0.7,5.7
2062,0.71,5.7
2063,0.71,5.7
2064,0.71,5.7
2065,0.71,5.7
2066,0.71,5.7
2067,0.71,5.7
2068,0.71,5.69
2069,0.71,5.69
2070,0.7,5.69
2071,0.71,5.69
2072,0.7,5.69
2073,0.71,5.69
2074,0.71,5.69
2075,0.71,5.69
2076,0.71,5.68
2077,0.71,5.68
2078,0.71,5.68
2079,0.71,5.68
2080,0.71,5.68
2081,0.71,5.69
2082,0.71,5.69
2083,0.71,5.69
2084,0.71,5.69
2085,0.71,5.69
2086,0.71,5.69
2087,0.71,5.69
2088,0.71,5.7
2089,0.71,5.7
2090,0.71,5.7
2091,0.71,5.7
2092,0.71,5.71
2093,0.71,5.71
2094,0.71,5.71
2095,0.71,5.71
2096,0.71,5.72
2097,0.71,5.72
2098,0.71,5.72
2099,0.71,5.72
2100,0.71,5.73
2101,0.71,5.73
2102,0.71,5.73
2103,0.71,5.73
2104,0.71,5.73
2105,0.71,5.73
2106,0.72,5.73
2107,0.71,5.74
2108,0.71,5.74
2109,0.71,5.74
2110,0.71,5.74
2111,0.71,5.73
2112,0.72,5.73
2113,0.71,5.73
2114,0.71,5.73
2115,0.71,5.73
2116,0.72,5.73
2117,0.72,5.73
2118,0.72,5.73
2119,0.71,5.73
2120,0.72,5.72
2121,0.72,5.72
2122,0.72,5.72
2123,0.71,5.72
2124,0.72,5.72
2125,0.71,5.72
2126,0.72,5.72
2127,0.71,5.72
2128,0.71,5.72
2129,0.72,5.72
2130,0.71,5.72
2131,0.72,5.72
2132,0.72,5.72
2133,0.72,5.72
2134,0.72,5.72
2135,0.72,5.72
2136,0.72,5.72
2137,0.72,5.72
2138,0.72,5.72
2139,0.72,5.73
2140,0.73,5.73
2141,0.72,5.73
2142,0.72,5.73
2143,0.72,5.73
2144,0.72,5.74
2145,0.73,5.74
2146,0.73,5.74
2147,0.72,5.74
2148,0.73,5.75
2149,0.72,5.75
2150,0.73,5.75
2151,0.73,5.75
2152,0.73,5.75
2153,0.73,5.76
2154,0.73,5.76
2155,0.72,5.76
2156,0.73,5.76
2157,0.72,5.76
2158,0.73,5.76
2159,0.72,5.76
2160,0.72,5.76
2161,0.73,5.76
2162,0.73,5.76
2163,0.73,5.76
2164,0.73,5.76
2165,0.73,5.76
2166,0.73,5.76
2167,0.73,5.75
2168,0.73,5.75
2169,0.73,5.75
2170,0.73,5.75
2171,0.73,5.75
2172,0.73,5.75
2173,0.73,5.75
2174,0.73,5.74
2175,0.73,5.74
2176,0.73,5.74
2177,0.73,5.74
2178,0.73,5.74
2179,0.73,5.74
2180,0.73,5.74
2181,0.73,5.74
2182,0.73,5.74
2183,0.73,5.74
2184,0.73,5.74
2185,0.73,5.74
2186,0.73,5.74
2187,0.73,5.74
2188,0.73,5.74
2189,0.73,5.75
2190,0.73,5.75
2191,0.73,5.75
2192,0.73,5.75
2193,0.73,5.75
2194,0.73,5.76
2195,0.73,5.76
2196,0.73,5.76
2197,0.73,5.76
2198,0.73,5.77
2199,0.73,5.77
2200,0.73,5.77
2201,0.73,5.77
2202,0.73,5.77
2203,0.73,5.78
2204,0.73,5.78
2205,0.73,5.78
2206,0.73,5.78
2207,0.73,5.78
2208,0.73,5.78
2209,0.73,5.78
2210,0.73,5.78
2211,0.73,5.78
2212,0.73,5.78
2213,0.73,5.78
2214,0.74,5.78
2215,0.73,5.78
2216,0.73,5.78
2217,0.73,5.78
2218,0.73,5.78
2219,0.73,5.78
2220,0.73,5.78
2221,0.73,5.78
2222,0.73,5.77
2223,0.74,5.77
2224,0.73,5.77
2225,0.74,5.77
2226,0.73,5.77
2227,0.73,5.77
2228,0.73,5.77
2229,0.73,5.77
2230,0.74,5.77
2231,0.74,5.76
2232,0.74,5.76
2233,0.74,5.76
2234,0.74,5.76
2235,0.73,5.76
2236,0.74,5.76
2237,0.73,5.77
2238,0.74,5.77
2239,0.74,5.77
2240,0.73,5.77
2241,0.74,5.77
2242,0.74,5.77
2243,0.74,5.77
2244,0.74,5.78
2245,0.74,5.78
2246,0.74,5.78
2247,0.74,5.78
2248,0.74,5.78
2249,0.74,5.79
2250,0.74,5.79
2251,0.74,5.79
2252,0.74,5.79
2253,0.74,5.79
2254,0.74,5.79
2255,0.74,5.8
2256,0.74,5.8
2257,0.74,5.8
2258,0.74,5.8
2259,0.74,5.8
2260,0.74,5.8
2261,0.75,5.8
2262,0.74,5.8
2263,0.75,5.8
2264,0.75,5.8
2265,0.75,5.8
2266,0.75,5.8
2267,0.74,5.8
2268,0.74,5.8
2269,0.75,5.8
2270,0.75,5.8
2271,0.74,5.8
2272,0.75,5.79
2273,0.75,5.79
2274,0.74,5.79
2275,0.75,5.79
2276,0.75,5.79
2277,0.74,5.79
2278,0.75,5.79
2279,0.75,5.79
2280,0.75,5.79
2281,0.75,5.78
2282,0.74,5.78
2283,0.75,5.78
2284,0.75,5.78
2285,0.74,5.78
2286,0.75,5.78
2287,0.75,5.79
2288,0.75,5.79
2289,0.75,5.79
2290,0.74,5.79
2291,0.75,5.79
2292,0.75,5.79
2293,0.75,5.79
2294,0.75,5.79
2295,0.75,5.8
2296,0.75,5.8
2297,0.75,5.8
2298,0.75,5.8
2299,0.75,5.8
2300,0.75,5.81
2301,0.75,5.81
2302,0.75,5.81
2303,0.75,5.81
2304,0.75,5.81
2305,0.75,5.81
2306,0.75,5.82
2307,0.75,5.82
2308,0.75,5.82
2309,0.75,5.82
2310,0.75,5.82
2311,0.75,5.82
2312,0.75,5.82
2313,0.75,5.82
2314,0.75,5.82
2315,0.75,5.82
2316,0.75,5.82
2317,0.75,5.82
2318,0.75,5.82
2319,0.75,5.82
2320,0.75,5.82
2321,0.75,5.82
2322,0.75,5.82
2323,0.75,5.82
2324,0.75,5.82
2325,0.75,5.81
2326,0.75,5.81
2327,0.75,5.81
2328,0.75,5.81
2329,0.75,5.81
2330,0.75,5.81
2331,0.75,5.81
2332,0.75,5.81
2333,0.75,5.81
2334,0.75,5.81
2335,0.75,5.81
2336,0.75,5.81
2337,0.75,5.81
2338,0.75,5.81
2339,0.75,5.81
2340,0.75,5.81
2341,0.75,5.81
2342,0.75,5.81
2343,0.75,5.81
2344,0.75,5.81
2345,0.75,5.81
2346,0.75,5.82
2347,0.75,5.82
2348,0.75,5.82
2349,0.75,5.82
2350,0.75,5.82
2351,0.75,5.82
2352,0.76,5.82
2353,0.76,5.83
2354,0.76,5.83
2355,0.75,5.83
2356,0.76,5.83
2357,0.75,5.83
2358,0.76,5.83
2359,0.76,5.83
2360,0.76,5.84
2361,0.76,5.84
2362,0.76,5.84
2363,0.76,5.84
2364,0.76,5.84
2365,0.76,5.84
2366,0.76,5.84
2367,0.76,5.84
2368,0.76,5.84
2369,0.76,5.84
2370,0.76,5.84
2371,0.76,5.84
2372,0.76,5.84
2373,0.76,5.84
2374,0.75,5.83
2375,0.76,5.83
2376,0.76,5.83
2377,0.75,5.83
2378,0.76,5.83
2379,0.76,5.83
2380,0.75,5.83
2381,0.75,5.83
2382,0.75,5.83
2383,0.76,5.83
2384,0.76,5.83
2385,0.75,5.83
2386,0.76,5.83
2387,0.75,5.83
2388,0.75,5.83
2389,0.76,5.83
2390,0.75,5.83
2391,0.75,5.83
2392,0.76,5.83
2393,0.76,5.83
2394,0.76,5.83
2395,0.76,5.83
2396,0.75,5.83
2397,0.75,5.83
2398,0.76,5.83
2399,0.76,5.83
2400,0.76,5.83
2401,0.76,5.83
2402,0.76,5.84
2403,0.76,5.84
2404,0.76,5.84
2405,0.76,5.84
2406,0.76,5.84
2407,0.76,5.84
2408,0.76,5.84
2409,0.77,5.84
2410,0.77,5.84
2411,0.76,5.85
2412,0.76,5.85
2413,0.77,5.85
2414,0.77,5.85
2415,0.77,5.85
2416,0.77,5.85
2417,0.76,5.85
2418,0.77,5.85
2419,0.77,5.85
2420,0.76,5.85
2421,0.77,5.85
2422,0.77,5.85
2423,0.77,5.85
2424,0.77,5.85
2425,0.77,5.85
2426,0.76,5.85
2427,0.76,5.85
2428,0.77,5.84
2429,0.76,5.84
2430,0.77,5.84
2431,0.77,5.84
2432,0.77,5.84
2433,0.77,5.84
2434,0.77,5.84
2435,0.77,5.84
2436,0.77,5.84
2437,0.77,5.84
2438,0.76,5.84
2439,0.76,5.84
2440,0.76,5.84
2441,0.77,5.84
2442,0.77,5.84
2443,0.76,5.84
2444,0.76,5.84
2445,0.76,5.84
2446,0.77,5.84
2447,0.76,5.84
2448,0.77,5.84
2449,0.77,5.85
2450,0.76,5.85
2451,0.77,5.85
2452,0.77,5.85
2453,0.77,5.85
2454,0.77,5.85
2455,0.76,5.85
2456,0.76,5.85
2457,0.77,5.85
2458,0.76,5.85
2459,0.76,5.85
2460,0.76,5.86
2461,0.76,5.86
2462,0.76,5.86
2463,0.77,5.86
2464,0.77,5.86
2465,0.76,5.86
2466,0.77,5.86
2467,0.77,5.86
2468,0.77,5.86
2469,0.76,5.86
2470,0.77,5.86
2471,0.76,5.86
2472,0.77,5.86
2473,0.77,5.86
2474,0.77,5.86
2475,0.77,5.86
2476,0.77,5.86
2477,0.76,5.85
2478,0.76,5.85
2479,0.76,5.85
2480,0.77,5.85
2481,0.77,5.85
2482,0.76,5.85
2483,0.77,5.85
2484,0.77,5.85
2485,0.77,5.85
2486,0.76,5.85
2487,0.77,5.85
2488,0.77,5.85
2489,0.77,5.85
2490,0.77,5.85
2491,0.77,5.85
2492,0.77,5.85
2493,0.77,5.85
2494,0.77,5.85
2495,0.77,5.85
2496,0.77,5.85
2497,0.77,5.85
2498,0.77,5.85
2499,0.77,5.85
2500,0.77,5.85
2501,0.77,5.85
2502,0.77,5.85
2503,0.77,5.86
2504,0.77,5.86
2505,0.77,5.86
2506,0.77,5.86
2507,0.77,5.86
2508,0.77,5.86
2509,0.77,5.86
2510,0.77,5.86
2511,0.77,5.86
2512,0.77,5.86
2513,0.77,5.86
2514,0.77,5.87
2515,0.77,5.87
2516,0.77,5.87
2517,0.77,5.87
2518,0.77,5.87
2519,0.77,5.87
2520,0.77,5.87
2521,0.77,5.87
2522,0.77,5.87
2523,0.77,5.87
2524,0.77,5.87
2525,0.77,5.87
2526,0.77,5.87
2527,0.77,5.87
2528,0.77,5.86
2529,0.77,5.86
2530,0.77,5.86
2531,0.77,5.86
2532,0.77,5.86
2533,0.77,5.86
2534,0.77,5.86
2535,0.77,5.86
2536,0.77,5.86
2537,0.77,5.86
2538,0.77,5.86
2539,0.77,5.86
2540,0.77,5.86
2541,0.77,5.86
2542,0.77,5.86
2543,0.77,5.86
2544,0.77,5.86
2545,0.77,5.86
2546,0.77,5.86
2547,0.77,5.86
2548,0.77,5.86
2549,0.77,5.86
2550,0.77,5.86
2551,0.77,5.86
2552,0.77,5.86
2553,0.77,5.86
2554,0.77,5.86
2555,0.77,5.86
2556,0.77,5.86
2557,0.77,5.86
2558,0.77,5.86
2559,0.77,5.87
2560,0.77,5.87
2561,0.77,5.87
2562,0.77,5.87
2563,0.77,5.87
2564,0.77,5.87
2565,0.77,5.87
2566,0.77,5.87
2567,0.77,5.87
2568,0.77,5.87
2569,0.77,5.87
2570,0.77,5.87
2571,0.77,5.87
2572,0.77,5.87
2573,0.77,5.87
2574,0.77,5.87
2575,0.77,5.87
2576,0.77,5.87
2577,0.77,5.87
2578,0.77,5.87
2579,0.77,5.87
2580,0.77,5.87
2581,0.77,5.87
2582,0.77,5.87
2583,0.77,5.87
2584,0.77,5.86
2585,0.77,5.86
2586,0.77,5.86
2587,0.77,5.86
2588,0.77,5.86
2589,0.77,5.86
2590,0.77,5.86
2591,0.77,5.86
2592,0.77,5.86
2593,0.77,5.86
2594,0.77,5.86
2595,0.77,5.86
2596,0.77,5.86
2597,0.77,5.86
2598,0.77,5.86
2599,0.77,5.86
2600,0.77,5.86
2601,0.77,5.86
2602,0.77,5.86
2603,0.77,5.86
2604,0.77,5.86
2605,0.77,5.86
2606,0.77,5.86
2607,0.77,5.87
2608,0.77,5.87
2609,0.77,5.87
2610,0.77,5.87
2611,0.77,5.87
2612,0.77,5.87
2613,0.77,5.87
2614,0.77,5.87
2615,0.77,5.87
2616,0.77,5.87
2617,0.77,5.87
2618,0.77,5.87
2619,0.77,5.87
2620,0.77,5.87
2621,0.77,5.87
2622,0.77,5.87
2623,0.77,5.87
2624,0.77,5.87
2625,0.77,5.87
2626,0.77,5.87
2627,0.77,5.87
2628,0.77,5.87
2629,0.77,5.87
2630,0.77,5.87
2631,0.77,5.87
2632,0.77,5.87
2633,0.77,5.87
2634,0.77,5.87
2635,0.77,5.87
2636,0.77,5.87
2637,0.77,5.87
2638,0.77,5.86
2639,0.77,5.86
2640,0.77,5.86
2641,0.77,5.86
2642,0.77,5.86
2643,0.77,5.86
2644,0.77,5.86
2645,0.77,5.86
2646,0.77,5.86
2647,0.77,5.86
2648,0.77,5.86
2649,0.77,5.86
2650,0.77,5.86
2651,0.77,5.86
2652,0.77,5.86
2653,0.77,5.86
2654,0.77,5.86
2655,0.77,5.86
2656,0.77,5.87
2657,0.77,5.87
2658,0.77,5.87
2659,0.77,5.87
2660,0.77,5.87
2661,0.77,5.87
2662,0.77,5.87
2663,0.77,5.87
2664,0.77,5.87
2665,0.77,5.87
2666,0.77,5.87
2667,0.77,5.87
2668,0.77,5.87
2669,0.77,5.87
2670,0.77,5.87
2671,0.77,5.87
2672,0.77,5.87
2673,0.77,5.87
2674,0.77,5.87
2675,0.77,5.87
2676,0.77,5.87
2677,0.77,5.87
2678,0.77,5.87
2679,0.77,5.87
2680,0.77,5.87
2681,0.77,5.87
2682,0.77,5.87
2683,0.77,5.87
2684,0.77,5.87
2685,0.77,5.87
2686,0.77,5.87
2687,0.77,5.87
2688,0.77,5.87
2689,0.77,5.87
2690,0.77,5.87
2691,0.77,5.87
2692,0.77,5.87
2693,0.77,5.86
2694,0.77,5.86
2695,0.77,5.86
2696,0.77,5.86
2697,0.77,5.86
2698,0.77,5.86
2699,0.77,5.86
2700,0.77,5.86
2701,0.77,5.86
2702,0.77,5.86
2703,0.77,5.87
2704,0.77,5.87
2705,0.77,5.87
2706,0.77,5.87
2707,0.77,5.87
2708,0.77,5.87
2709,0.77,5.87
2710,0.77,5.87
2711,0.77,5.87
2712,0.77,5.87
2713,0.77,5.87
2714,0.77,5.87
2715,0.77,5.87
2716,0.77,5.87
2717,0.77,5.87
2718,0.77,5.87
2719,0.77,5.87
2720,0.77,5.87
2721,0.77,5.87
2722,0.77,5.87
2723,0.77,5.87
2724,0.77,5.87
2725,0.77,5.87
2726,0.77,5.87
2727,0.77,5.87
2728,0.77,5.87
2729,0.77,5.87
2730,0.77,5.87
2731,0.77,5.87
2732,0.77,5.87
2733,0.77,5.87
2734,0.77,5.87
2735,0.77,5.87
2736,0.77,5.87
2737,0.77,5.87
2738,0.77,5.87
2739,0.77,5.87
2740,0.77,5.87
2741,0.77,5.87
2742,0.77,5.87
2743,0.77,5.87
2744,0.77,5.87
2745,0.77,5.87
2746,0.77,5.86
2747,0.77,5.86
2748,0.77,5.86
2749,0.77,5.86
2750,0.77,5.86
2751,0.77,5.86
2752,0.77,5.87
2753,0.77,5.87
2754,0.77,5.87
2755,0.77,5.87
2756,0.77,5.87
2757,0.77,5.87
2758,0.77,5.87
2759,0.77,5.87
2760,0.77,5.87
2761,0.77,5.87
2762,0.77,5.87
2763,0.77,5.87
2764,0.77,5.87
2765,0.77,5.87
2766,0.77,5.87
2767,0.77,5.87
2768,0.77,5.87
2769,0.77,5.87
2770,0.77,5.87
2771,0.77,5.87
2772,0.77,5.87
2773,0.77,5.87
2774,0.77,5.87
2775,0.77,5.87
2776,0.77,5.87
2777,0.77,5.87
2778,0.77,5.87
2779,0.77,5.87
2780,0.77,5.87
2781,0.77,5.87
2782,0.77,5.87
2783,0.77,5.87
2784,0.77,5.87
2785,0.77,5.87
2786,0.77,5.87
2787,0.77,5.87
2788,0.77,5.87
2789,0.77,5.87
2790,0.77,5.87
2791,0.77,5.87
2792,0.77,5.87
2793,0.77,5.87
2794,0.77,5.87
2795,0.77,5.87
2796,0.77,5.87
2797,0.77,5.87
2798,0.77,5.87
2799,0.77,5.87
2800,0.77,5.87
2801,0.77,5.87
2802,0.77,5.87
2803,0.77,5.87
2804,0.77,5.87
2805,0.77,5.87
2806,0.77,5.87
2807,0.77,5.87
2808,0.77,5.87
2809,0.77,5.87
2810,0.77,5.87
2811,0.77,5.87
2812,0.77,5.87
2813,0.77,5.87
2814,0.77,5.87
2815,0.77,5.87
2816,0.77,5.87
2817,0.76,5.87
2818,0.77,5.87
2819,0.77,5.87
2820,0.76,5.87
2821,0.77,5.87
2822,0.77,5.87
2823,0.76,5.87
2824,0.77,5.87
2825,0.77,5.87
2826,0.77,5.87
2827,0.76,5.87
2828,0.77,5.87
2829,0.77,5.87
2830,0.76,5.87
2831,0.76,5.87
2832,0.77,5.87
2833,0.76,5.87
2834,0.76,5.87
2835,0.77,5.87
2836,0.76,5.87
2837,0.76,5.87
2838,0.76,5.87
2839,0.76,5.87
2840,0.76,5.87
2841,0.76,5.86
2842,0.76,5.86
2843,0.77,5.86
2844,0.76,5.86
2845,0.76,5.86
2846,0.76,5.86
2847,0.76,5.86
2848,0.76,5.86
2849,0.77,5.86
2850,0.76,5.86
2851,0.76,5.86
2852,0.76,5.86
2853,0.76,5.86
2854,0.76,5.86
2855,0.77,5.86
2856,0.76,5.86
2857,0.76,5.86
2858,0.76,5.86
2859,0.76,5.86
2860,0.76,5.86
2861,0.76,5.86
2862,0.76,5.86
2863,0.77,5.86
2864,0.76,5.86
2865,0.77,5.86
2866,0.76,5.86
2867,0.76,5.86
2868,0.76,5.87
2869,0.76,5.87
2870,0.77,5.87
2871,0.77,5.87
2872,0.77,5.87
2873,0.77,5.87
2874,0.76,5.87
2875,0.76,5.87
2876,0.76,5.87
2877,0.76,5.87
2878,0.77,5.87
2879,0.77,5.87
2880,0.76,5.87
2881,0.76,5.87
2882,0.77,5.87
2883,0.76,5.87
2884,0.77,5.86
2885,0.76,5.86
2886,0.76,5.86
2887,0.76,5.86
2888,0.77,5.86
2889,0.76,5.86
2890,0.76,5.86
2891,0.76,5.86
2892,0.76,5.86
2893,0.77,5.86
2894,0.76,5.86
2895,0.76,5.86
2896,0.76,5.86
2897,0.76,5.86
2898,0.76,5.86
2899,0.76,5.86
2900,0.76,5.86
2901,0.76,5.86
2902,0.75,5.86
2903,0.76,5.86
2904,0.76,5.86
2905,0.76,5.86
2906,0.76,5.86
2907,0.75,5.86
2908,0.76,5.86
2909,0.76,5.86
2910,0.76,5.86
2911,0.75,5.86
2912,0.75,5.86
2913,0.76,5.86
2914,0.76,5.86
2915,0.76,5.86
2916,0.76,5.86
2917,0.76,5.86
2918,0.75,5.86
2919,0.75,5.86
2920,0.76,5.86
2921,0.76,5.86
2922,0.76,5.86
2923,0.76,5.86
2924,0.76,5.86
2925,0.75,5.86
2926,0.75,5.86
2927,0.76,5.86
2928,0.76,5.86
2929,0.75,5.86
2930,0.75,5.86
2931,0.76,5.86
2932,0.75,5.86
2933,0.76,5.86
2934,0.76,5.86
2935,0.76,5.86
2936,0.76,5.86
2937,0.76,5.85
2938,0.76,5.85
2939,0.76,5.85
2940,0.76,5.85
2941,0.75,5.85
2942,0.75,5.85
2943,0.76,5.85
2944,0.75,5.85
2945,0.75,5.85
2946,0.75,5.85
2947,0.76,5.85
2948,0.76,5.85
2949,0.76,5.85
2950,0.75,5.85
2951,0.76,5.85
2952,0.76,5.85
2953,0.76,5.85
2954,0.76,5.85
2955,0.75,5.85
2956,0.76,5.85
2957,0.76,5.85
2958,0.75,5.85
2959,0.76,5.85
2960,0.76,5.85
2961,0.75,5.85
2962,0.75,5.85
2963,0.76,5.85
2964,0.75,5.85
2965,0.75,5.85
2966,0.75,5.85
2967,0.75,5.85
2968,0.75,5.85
2969,0.75,5.85
2970,0.75,5.85
2971,0.75,5.85
2972,0.75,5.85
2973,0.75,5.85
2974,0.75,5.85
2975,0.75,5.85
2976,0.75,5.85
2977,0.75,5.85
2978,0.75,5.85
2979,0.75,5.85
2980,0.75,5.85
2981,0.75,5.85
2982,0.75,5.85
2983,0.75,5.85
2984,0.75,5.85
2985,0.75,5.85
2986,0.75,5.85
2987,0.75,5.85
2988,0.75,5.85
2989,0.75,5.84
2990,0.75,5.84
2991,0.75,5.84
2992,0.75,5.84
2993,0.75,5.84
2994,0.75,5.84
2995,0.75,5.84
2996,0.75,5.84
2997,0.75,5.84
2998,0.75,5.84
2999,0.75,5.84
3000,0.75,5.84
3001,0.75,5.84
3002,0.75,5.84
3003,0.75,5.84
3004,0.75,5.84
3005,0.75,5.84
3006,0.75,5.84
3007,0.75,5.84
3008,0.75,5.84
3009,0.75,5.84
3010,0.75,5.84
3011,0.75,5.84
3012,0.75,5.84
3013,0.75,5.84
3014,0.75,5.84
3015,0.75,5.84
3016,0.75,5.84
3017,0.75,5.84
3018,0.75,5.84
3019,0.75,5.84
3020,0.75,5.84
3021,0.75,5.84
3022,0.75,5.84
3023,0.75,5.84
3024,0.75,5.84
3025,0.75,5.84
3026,0.75,5.84
3027,0.75,5.84
3028,0.75,5.84
3029,0.75,5.84
3030,0.75,5.84
3031,0.75,5.84
3032,0.75,5.84
3033,0.75,5.84
3034,0.75,5.84
3035,0.75,5.84
3036,0.75,5.84
3037,0.75,5.84
3038,0.75,5.84
3039,0.75,5.84
3040,0.74,5.84
3041,0.74,5.84
3042,0.75,5.83
3043,0.75,5.83
3044,0.74,5.83
3045,0.75,5.83
3046,0.75,5.83
3047,0.75,5.83
3048,0.74,5.83
3049,0.75,5.83
3050,0.74,5.83
3051,0.74,5.83
3052,0.75,5.83
3053,0.75,5.83
3054,0.75,5.83
3055,0.75,5.83
3056,0.75,5.83
3057,0.74,5.82
3058,0.75,5.82
3059,0.75,5.82
3060,0.75,5.82
3061,0.75,5.82
3062,0.74,5.83
3063,0.75,5.83
3064,0.75,5.83
3065,0.75,5.83
3066,0.75,5.83
3067,0.75,5.83
3068,0.74,5.83
3069,0.75,5.83
3070,0.74,5.83
3071,0.75,5.83
3072,0.75,5.83
3073,0.74,5.83
3074,0.74,5.83
3075,0.74,5.83
3076,0.74,5.83
3077,0.74,5.83
3078,0.75,5.83
3079,0.74,5.83
3080,0.75,5.83
3081,0.74,5.83
3082,0.74,5.83
3083,0.74,5.83
3084,0.73,5.83
3085,0.74,5.83
3086,0.74,5.83
3087,0.74,5.83
3088,0.74,5.83
3089,0.74,5.83
3090,0.74,5.83
3091,0.73,5.82
3092,0.74,5.82
3093,0.74,5.82
3094,0.74,5.82
3095,0.74,5.82
3096,0.74,5.82
3097,0.74,5.82
3098,0.74,5.82
3099,0.74,5.82
3100,0.74,5.82
3101,0.73,5.82
3102,0.74,5.81
3103,0.74,5.81
3104,0.74,5.81
3105,0.74,5.81
3106,0.74,5.81
3107,0.74,5.81
3108,0.74,5.81
3109,0.74,5.81
3110,0.74,5.81
3111,0.74,5.81
3112,0.74,5.81
3113,0.74,5.81
3114,0.74,5.81
3115,0.74,5.81
3116,0.74,5.81
3117,0.74,5.81
3118,0.73,5.81
3119,0.74,5.81
3120,0.74,5.81
3121,0.73,5.81
3122,0.73,5.81
3123,0.73,5.82
3124,0.74,5.82
3125,0.73,5.82
3126,0.73,5.82
3127,0.73,5.82
3128,0.73,5.82
3129,0.73,5.82
3130,0.73,5.82
3131,0.73,5.82
3132,0.73,5.82
3133,0.73,5.82
3134,0.73,5.82
3135,0.73,5.82
3136,0.73,5.82
3137,0.73,5.82
3138,0.73,5.81
3139,0.73,5.81
3140,0.73,5.81
3141,0.73,5.81
3142,0.73,5.81
3143,0.73,5.81
3144,0.73,5.81
3145,0.73,5.81
3146,0.73,5.81
3147,0.73,5.81
3148,0.73,5.8
3149,0.73,5.8
3150,0.73,5.8
3151,0.73,5.8
3152,0.73,5.8
3153,0.73,5.8
3154,0.73,5.8
3155,0.73,5.8
3156,0.73,5.8
3157,0.73,5.8
3158,0.73,5.8
3159,0.73,5.8
3160,0.73,5.8
3161,0.73,5.8
3162,0.73,5.8
3163,0.73,5.8
3164,0.73,5.8
3165,0.73,5.8
3166,0.73,5.8
3167,0.73,5.8
3168,0.73,5.8
3169,0.73,5.8
3170,0.73,5.8
3171,0.73,5.8
3172,0.73,5.8
3173,0.73,5.8
3174,0.73,5.8
3175,0.73,5.8
3176,0.73,5.8
3177,0.73,5.8
3178,0.73,5.8
3179,0.73,5.8
3180,0.73,5.8
3181,0.73,5.8
3182,0.73,5.8
3183,0.73,5.8
3184,0.73,5.8
3185,0.73,5.8
3186,0.73,5.8
3187,0.73,5.8
3188,0.73,5.8
3189,0.73,5.8
3190,0.73,5.8
3191,0.73,5.8
3192,0.73,5.8
3193,0.73,5.8
3194,0.73,5.79
3195,0.73,5.79
3196,0.73,5.79
3197,0.73,5.79
3198,0.73,5.79
3199,0.73,5.79
3200,0.73,5.79
3201,0.73,5.79
3202,0.73,5.79
3203,0.73,5.79
3204,0.73,5.78
3205,0.73,5.78
3206,0.73,5.78
3207,0.73,5.78
3208,0.72,5.78
3209,0.72,5.78
3210,0.72,5.78
3211,0.72,5.78
3212,0.72,5.78
3213,0.72,5.78
3214,0.72,5.78
3215,0.72,5.78
3216,0.72,5.78
3217,0.72,5.78
3218,0.73,5.78
3219,0.72,5.79
3220,0.72,5.79
3221,0.72,5.79
3222,0.72,5.79
3223,0.72,5.79
3224,0.73,5.79
3225,0.72,5.79
3226,0.72,5.79
3227,0.72,5.79
3228,0.72,5.79
3229,0.72,5.79
3230,0.72,5.79
3231,0.73,5.79
3232,0.72,5.79
3233,0.72,5.79
3234,0.72,5.79
3235,0.72,5.79
3236,0.72,5.79
3237,0.72,5.79
3238,0.72,5.78
3239,0.72,5.78
3240,0.72,5.78
3241,0.72,5.78
3242,0.72,5.78
3243,0.71,5.78
3244,0.72,5.78
3245,0.71,5.78
3246,0.71,5.78
3247,0.71,5.78
3248,0.72,5.78
3249,0.72,5.77
3250,0.71,5.77
3251,0.72,5.77
3252,0.71,5.77
3253,0.71,5.77
3254,0.72,5.77
3255,0.71,5.77
3256,0.71,5.77
3257,0.71,5.77
3258,0.71,5.77
3259,0.71,5.77
3260,0.71,5.77
3261,0.71,5.77
3262,0.71,5.77
3263,0.71,5.77
3264,0.71,5.77
3265,0.72,5.77
3266,0.71,5.77
3267,0.71,5.77
3268,0.71,5.77
3269,0.71,5.77
3270,0.72,5.77
3271,0.71,5.77
3272,0.71,5.77
3273,0.71,5.77
3274,0.71,5.77
3275,0.71,5.77
3276,0.72,5.77
3277,0.71,5.77
3278,0.71,5.77
3279,0.71,5.77
3280,0.71,5.77
3281,0.71,5.77
3282,0.71,5.77
3283,0.71,5.77
3284,0.71,5.77
3285,0.71,5.77
3286,0.71,5.77
3287,0.71,5.77
3288,0.71,5.77
3289,0.71,5.77
3290,0.71,5.77
3291,0.71,5.77
3292,0.71,5.77
3293,0.71,5.76
3294,0.71,5.76
3295,0.71,5.76
3296,0.71,5.76
3297,0.71,5.76
3298,0.71,5.76
3299,0.71,5.76
3300,0.71,5.76
3301,0.71,5.76
3302,0.71,5.76
3303,0.71,5.76
3304,0.71,5.76
3305,0.71,5.75
3306,0.71,5.75
3307,0.71,5.75
3308,0.71,5.75
3309,0.71,5.75
3310,0.71,5.75
3311,0.71,5.75
3312,0.71,5.75
3313,0.71,5.75
3314,0.71,5.75
3315,0.71,5.75
3316,0.71,5.75
3317,0.71,5.75
3318,0.71,5.75
3319,0.71,5.75
3320,0.71,5.75
3321,0.71,5.75
3322,0.71,5.75
3323,0.71,5.75
3324,0.71,5.75
3325,0.71,5.75
3326,0.71,5.75
3327,0.71,5.75
3328,0.71,5.75
3329,0.71,5.75
3330,0.71,5.76
3331,0.71,5.76
3332,0.71,5.75
3333,0.7,5.75
3334,0.71,5.75
3335,0.71,5.75
3336,0.71,5.75
3337,0.71,5.75
3338,0.7,5.75
3339,0.7,5.75
3340,0.71,5.75
3341,0.71,5.75
3342,0.71,5.75
3343,0.71,5.75
3344,0.7,5.75
3345,0.7,5.75
3346,0.7,5.75
3347,0.7,5.74
3348,0.71,5.74
3349,0.71,5.74
3350,0.71,5.74
3351,0.7,5.74
3352,0.7,5.74
3353,0.7,5.74
3354,0.7,5.74
3355,0.7,5.74
3356,0.7,5.74
3357,0.7,5.74
3358,0.7,5.74
3359,0.69,5.74
3360,0.7,5.74
3361,0.7,5.74
3362,0.7,5.74
3363,0.7,5.74
3364,0.7,5.74
3365,0.7,5.74
3366,0.7,5.74
3367,0.7,5.74
3368,0.7,5.74
3369,0.7,5.74
3370,0.7,5.74
3371,0.7,5.74
3372,0.7,5.74
3373,0.7,5.74
3374,0.7,5.74
3375,0.7,5.74
3376,0.7,5.74
3377,0.7,5.74
3378,0.7,5.74
3379,0.7,5.74
3380,0.7,5.74
3381,0.7,5.74
3382,0.7,5.74
3383,0.7,5.74
3384,0.69,5.74
3385,0.7,5.74
3386,0.69,5.73
3387,0.69,5.73
3388,0.69,5.73
3389,0.69,5.73
3390,0.69,5.73
3391,0.69,5.73
3392,0.69,5.73
3393,0.69,5.73
3394,0.69,5.73
3395,0.69,5.73
3396,0.69,5.73
3397,0.69,5.73
3398,0.69,5.72
3399,0.69,5.72
3400,0.69,5.72
3401,0.69,5.72
3402,0.69,5.72
3403,0.69,5.72
3404,0.69,5.72
3405,0.69,5.72
3406,0.69,5.72
3407,0.69,5.72
3408,0.69,5.72
3409,0.69,5.72
3410,0.69,5.72
3411,0.69,5.72
3412,0.69,5.72
3413,0.69,5.72
3414,0.69,5.72
3415,0.69,5.72
3416,0.69,5.72
3417,0.69,5.72
3418,0.69,5.72
3419,0.69,5.72
3420,0.69,5.72
3421,0.69,5.72
3422,0.69,5.72
3423,0.69,5.72
3424,0.69,5.72
3425,0.69,5.72
3426,0.69,5.72
3427,0.69,5.72
3428,0.69,5.72
3429,0.69,5.72
3430,0.69,5.72
3431,0.69,5.72
3432,0.69,5.72
3433,0.69,5.72
3434,0.69,5.72
3435,0.69,5.72
3436,0.69,5.71
3437,0.69,5.71
3438,0.69,5.71
3439,0.69,5.71
3440,0.69,5.71
3441,0.69,5.71
3442,0.69,5.71
3443,0.69,5.71
3444,0.69,5.71
3445,0.69,5.71
3446,0.69,5.71
3447,0.69,5.71
3448,0.69,5.71
3449,0.69,5.7
3450,0.69,5.7
3451,0.69,5.7
3452,0.69,5.7
3453,0.69,5.7
3454,0.69,5.7
3455,0.68,5.7
3456,0.69,5.7
3457,0.69,5.7
3458,0.69,5.7
3459,0.68,5.7
3460,0.69,5.7
3461,0.68,5.7
3462,0.69,5.7
3463,0.69,5.7
3464,0.68,5.7
3465,0.69,5.7
3466,0.69,5.7
3467,0.68,5.7
3468,0.68,5.7
3469,0.68,5.7
3470,0.68,5.7
3471,0.69,5.7
3472,0.68,5.7
3473,0.69,5.7
3474,0.68,5.7
3475,0.68,5.7
3476,0.68,5.7
3477,0.68,5.7
3478,0.68,5.7
3479,0.69,5.7
3480,0.68,5.7
3481,0.68,5.7
3482,0.68,5.7
3483,0.68,5.7
3484,0.68,5.7
3485,0.68,5.7
3486,0.68,5.69
3487,0.68,5.69
3488,0.68,5.69
3489,0.68,5.69
3490,0.68,5.69
3491,0.68,5.69
3492,0.67,5.69
3493,0.67,5.69
3494,0.68,5.69
3495,0.68,5.69
3496,0.67,5.69
3497,0.68,5.69
3498,0.67,5.69
3499,0.67,5.68
3500,0.68,5.68
3501,0.67,5.68
3502,0.68,5.68
3503,0.67,5.68
3504,0.68,5.68
3505,0.67,5.68
3506,0.67,5.68
3507,0.67,5.68
3508,0.67,5.68
3509,0.67,5.68
3510,0.67,5.68
3511,0.67,5.68
3512,0.67,5.68
3513,0.67,5.68
3514,0.68,5.68
3515,0.68,5.68
3516,0.68,5.68
3517,0.67,5.68
3518,0.67,5.68
3519,0.67,5.68
3520,0.67,5.68
3521,0.67,5.68
3522,0.67,5.68
3523,0.67,5.68
3524,0.67,5.68
3525,0.67,5.68
3526,0.67,5.68
3527,0.67,5.68
3528,0.67,5.68
3529,0.67,5.68
3530,0.67,5.68
3531,0.67,5.68
3532,0.67,5.68
3533,0.67,5.68
3534,0.67,5.68
3535,0.67,5.68
3536,0.67,5.67
3537,0.67,5.67
3538,0.66,5.67
3539,0.67,5.67
3540,0.67,5.67
3541,0.67,5.67
3542,0.67,5.67
3543,0.67,5.67
3544,0.66,5.67
3545,0.67,5.67
3546,0.67,5.67
3547,0.67,5.67
3548,0.67,5.67
3549,0.67,5.66
3550,0.67,5.66
3551,0.67,5.66
3552,0.67,5.66
3553,0.67,5.66
3554,0.67,5.66
3555,0.67,5.66
3556,0.66,5.66
3557,0.67,5.66
3558,0.67,5.66
3559,0.67,5.66
3560,0.67,5.66
3561,0.67,5.66
3562,0.66,5.66
3563,0.66,5.66
3564,0.67,5.66
3565,0.67,5.66
3566,0.67,5.66
3567,0.66,5.66
3568,0.67,5.66
3569,0.67,5.66
3570,0.66,5.66
3571,0.67,5.66
3572,0.67,5.66
3573,0.67,5.66
3574,0.66,5.66
3575,0.67,5.66
3576,0.66,5.66
3577,0.66,5.66
3578,0.67,5.66
3579,0.66,5.66
3580,0.67,5.66
3581,0.66,5.66
3582,0.66,5.66
3583,0.66,5.65
3584,0.67,5.65
3585,0.66,5.65
3586,0.66,5.65
3587,0.66,5.65
3588,0.66,5.65
3589,0.66,5.65
3590,0.66,5.65
3591,0.66,5.65
3592,0.66,5.65
3593,0.66,5.65
3594,0.66,5.65
3595,0.66,5.65
3596,0.65,5.65
3597,0.66,5.65
3598,0.66,5.64
3599,0.65,5.64
3600,0.66,5.64
3601,0.65,5.64
3602,0.65,5.64
3603,0.66,5.64
3604,0.66,5.64
3605,0.65,5.64
3606,0.66,5.64
3607,0.66,5.64
3608,0.66,5.64
3609,0.66,5.64
3610,0.66,5.64
3611,0.66,5.64
3612,0.66,5.64
3613,0.66,5.64
3614,0.66,5.64
3615,0.65,5.64
3616,0.66,5.64
3617,0.66,5.64
3618,0.65,5.64
3619,0.66,5.64
3620,0.65,5.64
3621,0.65,5.64
3622,0.65,5.64
3623,0.65,5.64
3624,0.65,5.64
3625,0.65,5.64
3626,0.65,5.64
3627,0.65,5.64
3628,0.65,5.64
3629,0.65,5.64
3630,0.65,5.64
3631,0.65,5.64
3632,0.65,5.64
3633,0.65,5.64
3634,0.65,5.64
3635,0.65,5.64
3636,0.65,5.63
3637,0.65,5.63
3638,0.65,5.63
3639,0.65,5.63
3640,0.65,5.63
3641,0.65,5.63
3642,0.65,5.63
3643,0.65,5.63
3644,0.65,5.63
3645,0.65,5.63
3646,0.65,5.63
3647,0.65,5.63
3648,0.65,5.63
3649,0.65,5.62
3650,0.65,5.62
3651,0.65,5.62
3652,0.65,5.62
3653,0.65,5.62
3654,0.65,5.62
3655,0.65,5.62
3656,0.65,5.62
3657,0.65,5.62
3658,0.65,5.62
3659,0.65,5.62
3660,0.65,5.62
3661,0.65,5.62
3662,0.65,5.62
3663,0.65,5.62
3664,0.65,5.62
3665,0.65,5.62
3666,0.65,5.62
3667,0.65,5.62
3668,0.65,5.62
3669,0.65,5.62
3670,0.65,5.62
3671,0.65,5.62
3672,0.65,5.62
3673,0.65,5.62
3674,0.65,5.62
3675,0.65,5.62
3676,0.65,5.62
3677,0.65,5.62
3678,0.65,5.62
3679,0.65,5.62
3680,0.65,5.62
3681,0.65,5.62
3682,0.64,5.62
3683,0.65,5.62
3684,0.64,5.61
3685,0.64,5.61
3686,0.64,5.61
3687,0.64,5.61
3688,0.64,5.61
3689,0.64,5.61
3690,0.64,5.61
3691,0.64,5.61
3692,0.64,5.61
3693,0.64,5.61
3694,0.64,5.61
3695,0.64,5.61
3696,0.64,5.61
3697,0.64,5.61
3698,0.64,5.61
3699,0.64,5.61
3700,0.64,5.6
3701,0.64,5.6
3702,0.64,5.6
3703,0.64,5.6
3704,0.64,5.6
3705,0.64,5.6
3706,0.64,5.6
3707,0.64,5.6
3708,0.64,5.6
3709,0.64,5.6
3710,0.64,5.6
3711,0.64,5.6
3712,0.64,5.6
3713,0.64,5.6
3714,0.64,5.6
3715,0.64,5.6
3716,0.64,5.6
3717,0.64,5.6
3718,0.64,5.6
3719,0.64,5.6
3720,0.64,5.6
3721,0.64,5.6
3722,0.64,5.6
3723,0.64,5.6
3724,0.64,5.6
3725,0.64,5.6
3726,0.64,5.6
3727,0.64,5.6
3728,0.64,5.6
3729,0.64,5.6
3730,0.64,5.6
3731,0.64,5.6
3732,0.64,5.6
3733,0.64,5.6
3734,0.64,5.6
3735,0.64,5.59
3736,0.64,5.59
3737,0.64,5.59
3738,0.64,5.59
3739,0.64,5.59
3740,0.64,5.59
3741,0.64,5.59
3742,0.64,5.59
3743,0.64,5.59
3744,0.64,5.59
3745,0.64,5.59
3746,0.64,5.59
3747,0.63,5.59
3748,0.64,5.58
3749,0.64,5.58
3750,0.63,5.58
3751,0.64,5.58
3752,0.63,5.58
3753,0.63,5.58
3754,0.64,5.58
3755,0.63,5.58
3756,0.64,5.58
3757,0.63,5.58
3758,0.64,5.58
3759,0.63,5.58
3760,0.63,5.58
3761,0.63,5.58
3762,0.63,5.58
3763,0.63,5.58
3764,0.63,5.58
3765,0.63,5.58
3766,0.63,5.58
3767,0.63,5.58
3768,0.63,5.58
3769,0.63,5.58
3770,0.63,5.58
3771,0.63,5.58
3772,0.64,5.58
3773,0.63,5.58
3774,0.63,5.58
3775,0.63,5.58
3776,0.63,5.58
3777,0.64,5.58
3778,0.63,5.58
3779,0.63,5.58
3780,0.63,5.57
3781,0.63,5.57
3782,0.63,5.57
3783,0.63,5.57
3784,0.63,5.57
3785,0.63,5.57
3786,0.62,5.57
3787,0.63,5.57
3788,0.63,5.57
3789,0.63,5.57
3790,0.62,5.57
3791,0.62,5.57
3792,0.62,5.57
3793,0.62,5.57
3794,0.62,5.57
3795,0.63,5.56
3796,0.62,5.56
3797,0.62,5.56
3798,0.62,5.56
3799,0.62,5.56
3800,0.62,5.56
3801,0.62,5.56
3802,0.62,5.56
3803,0.62,5.56
3804,0.63,5.56
3805,0.62,5.56
3806,0.62,5.56
3807,0.62,5.56
3808,0.62,5.56
3809,0.62,5.56
3810,0.62,5.56
3811,0.63,5.56
3812,0.62,5.56
3813,0.62,5.56
3814,0.62,5.56
3815,0.62,5.56
3816,0.62,5.56
3817,0.62,5.56
3818,0.62,5.56
3819,0.62,5.56
3820,0.62,5.56
3821,0.62,5.56
3822,0.62,5.56
3823,0.62,5.56
3824,0.62,5.56
3825,0.62,5.55
3826,0.62,5.55
3827,0.62,5.55
3828,0.62,5.55
3829,0.62,5.55
3830,0.62,5.55
3831,0.62,5.55
3832,0.62,5.55
3833,0.62,5.55
3834,0.62,5.55
3835,0.62,5.55
3836,0.62,5.55
3837,0.62,5.55
3838,0.62,5.55
3839,0.62,5.55
3840,0.62,5.55
3841,0.62,5.55
3842,0.62,5.55
3843,0.62,5.54
3844,0.62,5.54
3845,0.62,5.54
3846,0.62,5.54
3847,0.62,5.54
3848,0.62,5.54
3849,0.62,5.54
3850,0.62,5.54
3851,0.62,5.54
3852,0.62,5.54
3853,0.62,5.54
3854,0.62,5.54
3855,0.62,5.54
3856,0.62,5.54
3857,0.62,5.54
3858,0.62,5.54
3859,0.62,5.54
3860,0.62,5.54
3861,0.62,5.54
3862,0.62,5.54
3863,0.62,5.54
3864,0.62,5.54
3865,0.62,5.54
3866,0.62,5.54
3867,0.62,5.54
3868,0.61,5.53
3869,0.61,5.53
3870,0.62,5.53
3871,0.61,5.53
3872,0.62,5.53
3873,0.62,5.53
3874,0.62,5.53
3875,0.61,5.53
3876,0.62,5.53
3877,0.61,5.53
3878,0.62,5.53
3879,0.62,5.53
3880,0.62,5.53
3881,0.61,5.53
3882,0.61,5.53
3883,0.61,5.53
3884,0.61,5.53
3885,0.61,5.53
3886,0.61,5.53
3887,0.61,5.53
3888,0.61,5.53
3889,0.61,5.53
3890,0.6,5.53
3891,0.61,5.52
3892,0.61,5.52
3893,0.61,5.52
3894,0.61,5.52
3895,0.61,5.52
3896,0.61,5.52
3897,0.61,5.52
3898,0.61,5.52
3899,0.61,5.52
3900,0.61,5.52
3901,0.61,5.52
3902,0.61,5.52
3903,0.61,5.52
3904,0.61,5.52
3905,0.61,5.52
3906,0.61,5.52
3907,0.61,5.52
3908,0.61,5.52
3909,0.6,5.52
3910,0.61,5.52
3911,0.61,5.52
3912,0.6,5.52
3913,0.61,5.52
3914,0.6,5.52
3915,0.6,5.51
3916,0.6,5.51
3917,0.6,5.51
3918,0.6,5.51
3919,0.6,5.51
3920,0.6,5.51
3921,0.6,5.51
3922,0.6,5.51
3923,0.6,5.51
3924,0.6,5.51
3925,0.6,5.51
3926,0.6,5.51
3927,0.6,5.51
3928,0.6,5.51
3929,0.6,5.51
3930,0.6,5.51
3931,0.6,5.51
3932,0.6,5.51
3933,0.6,5.51
3934,0.6,5.51
3935,0.6,5.51
3936,0.6,5.51
3937,0.6,5.51
3938,0.6,5.5
3939,0.6,5.5
3940,0.6,5.5
3941,0.6,5.5
3942,0.6,5.5
3943,0.6,5.5
3944,0.6,5.5
3945,0.6,5.5
3946,0.6,5.5
3947,0.6,5.5
3948,0.6,5.5
3949,0.6,5.5
3950,0.6,5.5
3951,0.6,5.5
3952,0.6,5.5
3953,0.6,5.5
3954,0.6,5.5
3955,0.6,5.5
3956,0.6,5.5
3957,0.6,5.49
3958,0.6,5.49
3959,0.6,5.49
3960,0.6,5.49
3961,0.6,5.49
3962,0.6,5.49
3963,0.6,5.49
3964,0.6,5.49
3965,0.6,5.49
3966,0.6,5.49
3967,0.6,5.49
3968,0.6,5.49
3969,0.6,5.49
3970,0.6,5.49
3971,0.6,5.49
3972,0.6,5.49
3973,0.6,5.49
3974,0.6,5.49
3975,0.6,5.49
3976,0.6,5.49
3977,0.6,5.49
3978,0.6,5.49
3979,0.6,5.49
3980,0.6,5.49
3981,0.6,5.49
3982,0.6,5.49
3983,0.59,5.49
3984,0.6,5.48
3985,0.6,5.48
3986,0.59,5.48
3987,0.59,5.48
3988,0.59,5.48
3989,0.59,5.48
3990,0.59,5.48
3991,0.59,5.48
3992,0.59,5.48
3993,0.59,5.48
3994,0.59,5.48
3995,0.59,5.48
3996,0.59,5.48
3997,0.59,5.48
3998,0.59,5.48
3999,0.59,5.48
4000,0.59,5.48
4001,0.59,5.48
4002,0.59,5.48
4003,0.59,5.47
4004,0.6,5.47
4005,0.59,5.47
4006,0.59,5.47
4007,0.59,5.47
4008,0.59,5.47
4009,0.59,5.47
4010,0.59,5.47
4011,0.59,5.47
4012,0.59,5.47
4013,0.59,5.47
4014,0.59,5.47
4015,0.59,5.47
4016,0.59,5.47
4017,0.59,5.47
4018,0.58,5.47
4019,0.59,5.47
4020,0.59,5.47
4021,0.58,5.47
4022,0.58,5.47
4023,0.58,5.47
4024,0.59,5.47
4025,0.59,5.47
4026,0.59,5.47
4027,0.58,5.47
4028,0.59,5.47
4029,0.58,5.47
4030,0.59,5.47
4031,0.58,5.47
4032,0.59,5.47
4033,0.58,5.47
4034,0.58,5.47
4035,0.58,5.47
4036,0.58,5.46
4037,0.58,5.46
4038,0.59,5.46
4039,0.58,5.46
4040,0.58,5.46
4041,0.58,5.46
4042,0.58,5.46
4043,0.58,5.46
4044,0.58,5.46
4045,0.58,5.46
4046,0.58,5.46
4047,0.58,5.46
4048,0.58,5.46
4049,0.58,5.46
4050,0.58,5.46
4051,0.58,5.46
4052,0.58,5.46
4053,0.58,5.46
4054,0.58,5.46
4055,0.58,5.46
4056,0.58,5.46
4057,0.58,5.46
4058,0.58,5.46
4059,0.58,5.46
4060,0.58,5.45
4061,0.58,5.45
4062,0.58,5.45
4063,0.58,5.45
4064,0.58,5.45
4065,0.58,5.45
4066,0.58,5.45
4067,0.58,5.45
4068,0.58,5.45
4069,0.58,5.45
4070,0.58,5.45
4071,0.58,5.45
4072,0.58,5.45
4073,0.58,5.45
4074,0.58,5.45
4075,0.58,5.45
4076,0.58,5.45
4077,0.58,5.45
4078,0.58,5.45
4079,0.58,5.45
4080,0.58,5.45
4081,0.58,5.45
4082,0.58,5.45
4083,0.58,5.45
4084,0.58,5.45
4085,0.58,5.45
4086,0.58,5.45
4087,0.58,5.44
4088,0.58,5.44
4089,0.58,5.44
4090,0.58,5.44
4091,0.58,5.44
4092,0.58,5.44
4093,0.58,5.44
4094,0.58,5.44
4095,0.57,5.44
4096,0.58,5.44
4097,0.57,5.44
4098,0.57,5.44
4099,0.58,5.44
4100,0.57,5.44
4101,0.57,5.44
4102,0.58,5.44
4103,0.58,5.44
4104,0.57,5.44
4105,0.57,5.44
4106,0.58,5.44
4107,0.57,5.44
4108,0.58,5.44
4109,0.58,5.44
4110,0.58,5.44
4111,0.57,5.44
4112,0.57,5.44
4113,0.58,5.44
4114,0.57,5.44
4115,0.58,5.43
4116,0.58,5.43
4117,0.57,5.43
4118,0.58,5.43
4119,0.58,5.43
4120,0.58,5.43
4121,0.57,5.43
4122,0.57,5.43
4123,0.57,5.43
4124,0.57,5.43
4125,0.58,5.43
4126,0.58,5.43
4127,0.57,5.43
4128,0.57,5.43
4129,0.57,5.43
4130,0.57,5.43
4131,0.57,5.43
4132,0.57,5.43
4133,0.57,5.43
4134,0.57,5.43
4135,0.57,5.43
4136,0.57,5.43
4137,0.57,5.43
4138,0.57,5.43
4139,0.56,5.43
4140,0.57,5.42
4141,0.57,5.42
4142,0.56,5.42
4143,0.57,5.42
4144,0.57,5.42
4145,0.57,5.42
4146,0.57,5.42
4147,0.57,5.42
4148,0.56,5.42
4149,0.56,5.42
4150,0.57,5.42
4151,0.57,5.42
4152,0.57,5.42
4153,0.57,5.42
4154,0.57,5.42
4155,0.57,5.42
4156,0.56,5.42
4157,0.57,5.42
4158,0.56,5.42
4159,0.56,5.42
4160,0.56,5.42
4161,0.56,5.42
4162,0.56,5.42
4163,0.56,5.42
4164,0.56,5.42
4165,0.56,5.42
4166,0.56,5.42
4167,0.56,5.42
4168,0.56,5.42
4169,0.56,5.42
4170,0.56,5.41
4171,0.56,5.41
4172,0.56,5.41
4173,0.56,5.41
4174,0.56,5.41
4175,0.56,5.41
4176,0.56,5.41
4177,0.56,5.41
4178,0.56,5.41
4179,0.56,5.41
4180,0.56,5.41
4181,0.56,5.41
4182,0.56,5.41
4183,0.56,5.41
4184,0.56,5.41
4185,0.56,5.41
4186,0.56,5.41
4187,0.56,5.41
4188,0.56,5.41
4189,0.56,5.41
4190,0.56,5.41
4191,0.56,5.41
4192,0.56,5.4
4193,0.56,5.4
4194,0.56,5.4
4195,0.56,5.4
4196,0.56,5.4
4197,0.56,5.4
4198,0.56,5.4
4199,0.56,5.4
4200,0.56,5.4
4201,0.56,5.4
4202,0.56,5.4
4203,0.56,5.4
4204,0.56,5.4
4205,0.56,5.4
4206,0.56,5.4
4207,0.56,5.4
4208,0.56,5.4
4209,0.56,5.4
4210,0.56,5.4
4211,0.56,5.4
4212,0.56,5.4
4213,0.56,5.4
4214,0.56,5.4
4215,0.56,5.4
4216,0.56,5.4
4217,0.56,5.4
4218,0.56,5.4
4219,0.56,5.4
4220,0.56,5.39
4221,0.56,5.39
4222,0.56,5.39
4223,0.56,5.39
4224,0.56,5.39
4225,0.56,5.39
4226,0.56,5.39
4227,0.56,5.39
4228,0.56,5.39
4229,0.55,5.39
4230,0.56,5.39
4231,0.56,5.39
4232,0.56,5.39
4233,0.56,5.39
4234,0.56,5.39
4235,0.56,5.39
4236,0.56,5.39
4237,0.56,5.39
4238,0.56,5.38
4239,0.56,5.38
4240,0.56,5.38
4241,0.56,5.38
4242,0.56,5.38
4243,0.55,5.38
4244,0.56,5.38
4245,0.56,5.38
4246,0.55,5.38
4247,0.55,5.38
4248,0.55,5.38
4249,0.55,5.38
4250,0.55,5.38
4251,0.55,5.38
4252,0.55,5.38
4253,0.55,5.38
4254,0.55,5.38
4255,0.55,5.38
4256,0.55,5.38
4257,0.55,5.38
4258,0.55,5.38
4259,0.55,5.38
4260,0.55,5.38
4261,0.55,5.38
4262,0.55,5.38
4263,0.55,5.38
4264,0.55,5.38
4265,0.55,5.38
4266,0.55,5.38
4267,0.55,5.38
4268,0.55,5.38
4269,0.55,5.38
4270,0.55,5.38
4271,0.55,5.38
4272,0.55,5.38
4273,0.55,5.38
4274,0.55,5.37
4275,0.55,5.37
4276,0.55,5.37
4277,0.55,5.37
4278,0.55,5.37
4279,0.55,5.37
4280,0.55,5.37
4281,0.55,5.37
4282,0.55,5.37
4283,0.55,5.37
4284,0.55,5.37
4285,0.55,5.37
4286,0.55,5.37
4287,0.55,5.37
4288,0.55,5.37
4289,0.54,5.37
4290,0.54,5.37
4291,0.55,5.37
4292,0.54,5.37
4293,0.54,5.37
4294,0.55,5.37
4295,0.54,5.37
4296,0.54,5.37
4297,0.54,5.37
4298,0.54,5.37
4299,0.54,5.37
4300,0.54,5.37
4301,0.54,5.37
4302,0.54,5.37
4303,0.54,5.37
4304,0.54,5.37
4305,0.54,5.37
4306,0.54,5.37
4307,0.54,5.37
4308,0.54,5.37
4309,0.54,5.36
4310,0.54,5.36
4311,0.54,5.36
4312,0.54,5.36
4313,0.54,5.36
4314,0.54,5.36
4315,0.54,5.36
4316,0.54,5.36
4317,0.55,5.36
4318,0.54,5.36
4319,0.54,5.36
4320,0.54,5.36
4321,0.54,5.36
4322,0.54,5.36
4323,0.54,5.36
4324,0.54,5.36
4325,0.54,5.36
4326,0.54,5.36
4327,0.54,5.36
4328,0.54,5.36
4329,0.54,5.36
4330,0.54,5.36
4331,0.54,5.36
4332,0.54,5.36
4333,0.54,5.36
4334,0.54,5.36
4335,0.54,5.36
4336,0.54,5.35
4337,0.54,5.35
4338,0.54,5.35
4339,0.54,5.35
4340,0.54,5.35
4341,0.54,5.35
4342,0.54,5.35
4343,0.54,5.35
4344,0.54,5.35
4345,0.54,5.35
4346,0.54,5.35
4347,0.54,5.35
4348,0.54,5.35
4349,0.54,5.35
4350,0.54,5.35
4351,0.54,5.35
4352,0.54,5.35
4353,0.54,5.35
4354,0.54,5.35
4355,0.54,5.35
4356,0.54,5.35
4357,0.54,5.35
4358,0.54,5.35
4359,0.54,5.35
4360,0.54,5.35
4361,0.54,5.35
4362,0.54,5.35
4363,0.54,5.35
4364,0.54,5.35
4365,0.54,5.35
4366,0.54,5.35
4367,0.54,5.35
4368,0.54,5.35
4369,0.54,5.35
4370,0.54,5.34
4371,0.54,5.34
4372,0.54,5.34
4373,0.54,5.34
4374,0.54,5.34
4375,0.54,5.34
4376,0.54,5.34
4377,0.54,5.34
4378,0.54,5.34
4379,0.54,5.34
4380,0.54,5.34
4381,0.54,5.34
4382,0.53,5.34
4383,0.53,5.34
4384,0.54,5.34
4385,0.54,5.34
4386,0.53,5.34
4387,0.53,5.34
4388,0.54,5.34
4389,0.53,5.34
4390,0.54,5.34
4391,0.53,5.34
4392,0.54,5.34
4393,0.53,5.34
4394,0.53,5.34
4395,0.53,5.34
4396,0.54,5.34
4397,0.54,5.34
4398,0.53,5.34
4399,0.53,5.34
4400,0.53,5.34
4401,0.53,5.34
4402,0.53,5.34
4403,0.53,5.33
4404,0.53,5.33
4405,0.53,5.33
4406,0.53,5.33
4407,0.53,5.33
4408,0.53,5.33
4409,0.54,5.33
4410,0.54,5.33
4411,0.53,5.33
4412,0.54,5.33
4413,0.53,5.33
4414,0.53,5.33
4415,0.53,5.33
4416,0.54,5.33
4417,0.53,5.33
4418,0.54,5.33
4419,0.53,5.33
4420,0.53,5.33
4421,0.53,5.33
4422,0.53,5.33
4423,0.53,5.33
4424,0.53,5.33
4425,0.53,5.33
4426,0.53,5.33
4427,0.53,5.33
4428,0.53,5.33
4429,0.53,5.33
4430,0.53,5.33
4431,0.52,5.33
4432,0.53,5.33
4433,0.53,5.33
4434,0.52,5.33
4435,0.53,5.33
4436,0.52,5.33
4437,0.53,5.33
4438,0.52,5.33
4439,0.52,5.33
4440,0.52,5.33
4441,0.53,5.33
4442,0.53,5.33
4443,0.53,5.32
4444,0.52,5.32
4445,0.52,5.32
4446,0.53,5.32
4447,0.53,5.32
4448,0.53,5.32
4449,0.53,5.32
4450,0.53,5.32
4451,0.53,5.32
4452,0.52,5.32
4453,0.53,5.32
4454,0.53,5.32
4455,0.52,5.32
4456,0.52,5.32
4457,0.53,5.32
4458,0.52,5.32
4459,0.53,5.32
4460,0.52,5.32
4461,0.52,5.32
4462,0.52,5.31
4463,0.52,5.31
4464,0.53,5.31
4465,0.53,5.31
4466,0.53,5.31
4467,0.52,5.31
4468,0.53,5.31
4469,0.52,5.31
4470,0.52,5.31
4471,0.52,5.31
4472,0.52,5.31
4473,0.52,5.31
4474,0.52,5.31
4475,0.52,5.31
4476,0.52,5.31
4477,0.52,5.31
4478,0.52,5.31
4479,0.52,5.31
4480,0.52,5.31
4481,0.52,5.31
4482,0.52,5.31
4483,0.52,5.31
4484,0.52,5.31
4485,0.52,5.31
4486,0.52,5.31
4487,0.52,5.31
4488,0.52,5.31
4489,0.52,5.31
4490,0.52,5.31
4491,0.52,5.31
4492,0.52,5.31
4493,0.52,5.31
4494,0.52,5.31
4495,0.52,5.31
4496,0.52,5.31
4497,0.52,5.31
4498,0.52,5.31
4499,0.52,5.31
4500,0.52,5.31
4501,0.52,5.31
4502,0.52,5.3
4503,0.52,5.3
4504,0.52,5.3
4505,0.52,5.3
4506,0.52,5.3
4507,0.52,5.3
4508,0.52,5.3
4509,0.52,5.3
4510,0.52,5.3
4511,0.52,5.3
4512,0.52,5.3
4513,0.52,5.3
4514,0.52,5.3
4515,0.52,5.3
4516,0.52,5.3
4517,0.52,5.3
4518,0.52,5.3
4519,0.52,5.3
4520,0.52,5.3
4521,0.52,5.3
4522,0.52,5.3
4523,0.52,5.3
4524,0.52,5.3
4525,0.52,5.3
4526,0.52,5.3
4527,0.52,5.3
4528,0.52,5.3
4529,0.52,5.3
4530,0.52,5.3
4531,0.52,5.3
4532,0.52,5.3
4533,0.52,5.3
4534,0.52,5.3
4535,0.52,5.3
4536,0.52,5.3
4537,0.52,5.3
4538,0.52,5.3
4539,0.51,5.3
4540,0.52,5.3
4541,0.52,5.3
4542,0.52,5.3
4543,0.52,5.3
4544,0.52,5.3
4545,0.52,5.3
4546,0.52,5.3
4547,0.52,5.3
4548,0.52,5.3
4549,0.51,5.29
4550,0.52,5.29
4551,0.51,5.29
4552,0.52,5.29
4553,0.52,5.29
4554,0.52,5.29
4555,0.52,5.29
4556,0.52,5.29
4557,0.52,5.29
4558,0.52,5.29
4559,0.51,5.29
4560,0.52,5.29
4561,0.51,5.29
4562,0.52,5.29
4563,0.52,5.28
4564,0.52,5.28
4565,0.52,5.28
4566,0.51,5.28
4567,0.51,5.28
4568,0.52,5.28
4569,0.52,5.28
4570,0.52,5.28
4571,0.52,5.28
4572,0.52,5.28
4573,0.52,5.28
4574,0.52,5.29
4575,0.52,5.29
4576,0.51,5.29
4577,0.52,5.29
4578,0.52,5.29
4579,0.52,5.29
4580,0.52,5.29
4581,0.51,5.29
4582,0.52,5.29
4583,0.52,5.29
4584,0.51,5.29
4585,0.51,5.29
4586,0.51,5.29
4587,0.52,5.29
4588,0.51,5.29
4589,0.51,5.29
4590,0.52,5.29
4591,0.51,5.29
4592,0.51,5.29
4593,0.51,5.29
4594,0.51,5.29
4595,0.51,5.29
4596,0.51,5.29
4597,0.51,5.29
4598,0.51,5.29
4599,0.51,5.29
4600,0.51,5.29
4601,0.51,5.28
4602,0.51,5.28
4603,0.51,5.28
4604,0.51,5.28
4605,0.51,5.28
4606,0.51,5.28
4607,0.51,5.28
4608,0.51,5.28
4609,0.51,5.28
4610,0.51,5.28
4611,0.51,5.27
4612,0.51,5.27
4613,0.51,5.27
4614,0.51,5.27
4615,0.51,5.27
4616,0.51,5.27
4617,0.51,5.27
4618,0.51,5.27
4619,0.51,5.27
4620,0.51,5.27
4621,0.51,5.27
4622,0.51,5.27
4623,0.51,5.27
4624,0.51,5.27
4625,0.51,5.27
4626,0.51,5.27
4627,0.51,5.27
4628,0.51,5.27
4629,0.51,5.27
4630,0.51,5.27
4631,0.51,5.27
4632,0.51,5.27
4633,0.51,5.27
4634,0.51,5.27
4635,0.51,5.28
4636,0.51,5.28
4637,0.51,5.28
4638,0.51,5.28
4639,0.51,5.28
4640,0.51,5.28
4641,0.51,5.28
4642,0.51,5.28
4643,0.51,5.28
4644,0.51,5.28
4645,0.51,5.28
4646,0.51,5.28
4647,0.51,5.28
4648,0.51,5.28
4649,0.51,5.28
4650,0.51,5.27
4651,0.51,5.27
4652,0.51,5.27
4653,0.51,5.27
4654,0.51,5.27
4655,0.51,5.27
4656,0.51,5.27
4657,0.51,5.27
4658,0.51,5.27
4659,0.51,5.27
4660,0.51,5.27
4661,0.51,5.27
4662,0.51,5.26
4663,0.51,5.26
4664,0.51,5.26
4665,0.51,5.26
4666,0.51,5.26
4667,0.51,5.26
4668,0.51,5.26
4669,0.51,5.26
4670,0.51,5.26
4671,0.51,5.26
4672,0.51,5.26
4673,0.51,5.26
4674,0.51,5.26
4675,0.51,5.26
4676,0.51,5.26
4677,0.51,5.26
4678,0.51,5.26
4679,0.51,5.26
4680,0.51,5.26
4681,0.51,5.26
4682,0.51,5.26
4683,0.51,5.26
4684,0.51,5.26
4685,0.51,5.26
4686,0.51,5.26
4687,0.51,5.26
4688,0.51,5.26
4689,0.51,5.26
4690,0.51,5.26
4691,0.51,5.26
4692,0.51,5.26
4693,0.51,5.26
4694,0.51,5.26
4695,0.51,5.26
4696,0.51,5.26
4697,0.51,5.26
4698,0.51,5.26
4699,0.51,5.26
4700,0.51,5.26
4701,0.51,5.26
4702,0.51,5.26
4703,0.51,5.26
4704,0.51,5.26
4705,0.51,5.26
4706,0.51,5.26
4707,0.51,5.26
4708,0.51,5.26
4709,0.51,5.26
4710,0.51,5.26
4711,0.51,5.26
4712,0.51,5.26
4713,0.51,5.26
4714,0.51,5.25
4715,0.51,5.25
4716,0.51,5.25
4717,0.51,5.25
4718,0.5,5.25
4719,0.5,5.25
4720,0.51,5.25
4721,0.5,5.25
4722,0.5,5.25
4723,0.5,5.25
4724,0.5,5.25
4725,0.5,5.25
4726,0.5,5.25
4727,0.5,5.25
4728,0.5,5.25
4729,0.5,5.25
4730,0.5,5.25
4731,0.49,5.25
4732,0.5,5.25
4733,0.5,5.25
4734,0.5,5.25
4735,0.5,5.25
4736,0.5,5.25
4737,0.5,5.25
4738,0.5,5.25
4739,0.5,5.25
4740,0.51,5.25
4741,0.5,5.25
4742,0.5,5.25
4743,0.5,5.25
4744,0.5,5.25
4745,0.5,5.25
4746,0.5,5.25
4747,0.5,5.25
4748,0.5,5.25
4749,0.5,5.25
4750,0.5,5.25
4751,0.5,5.25
4752,0.5,5.25
4753,0.5,5.25
4754,0.5,5.25
4755,0.5,5.25
4756,0.5,5.25
4757,0.5,5.25
4758,0.5,5.25
4759,0.5,5.25
4760,0.5,5.25
4761,0.5,5.24
4762,0.5,5.24
4763,0.5,5.24
4764,0.5,5.24
4765,0.5,5.24
4766,0.5,5.24
4767,0.5,5.24
4768,0.5,5.24
4769,0.5,5.24
4770,0.51,5.24
4771,0.5,5.24
4772,0.5,5.24
4773,0.5,5.24
4774,0.5,5.24
4775,0.5,5.24
4776,0.5,5.24
4777,0.5,5.24
4778,0.5,5.24
4779,0.5,5.24
4780,0.51,5.24
4781,0.5,5.24
4782,0.5,5.24
4783,0.5,5.24
4784,0.5,5.24
4785,0.5,5.24
4786,0.5,5.24
4787,0.5,5.24
4788,0.5,5.24
4789,0.5,5.24
4790,0.5,5.24
4791,0.5,5.24
4792,0.5,5.24
4793,0.5,5.24
4794,0.5,5.24
4795,0.5,5.24
4796,0.5,5.24
4797,0.5,5.24
4798,0.5,5.24
4799,0.49,5.24
4800,0.49,5.24
4801,0.5,5.24
4802,0.5,5.24
4803,0.49,5.24
4804,0.5,5.24
4805,0.5,5.24
4806,0.5,5.24
4807,0.49,5.24
4808,0.49,5.24
4809,0.5,5.24
4810,0.5,5.24
4811,0.49,5.24
4812,0.49,5.24
4813,0.49,5.24
4814,0.49,5.24
4815,0.5,5.24
4816,0.49,5.24
4817,0.49,5.24
4818,0.49,5.23
4819,0.49,5.23
4820,0.5,5.23
4821,0.49,5.23
4822,0.49,5.23
4823,0.49,5.23
4824,0.49,5.23
4825,0.49,5.23
4826,0.49,5.23
4827,0.49,5.23
4828,0.49,5.23
4829,0.49,5.23
4830,0.49,5.23
4831,0.49,5.23
4832,0.5,5.23
4833,0.49,5.23
4834,0.5,5.23
4835,0.49,5.23
4836,0.49,5.23
4837,0.49,5.23
4838,0.49,5.23
4839,0.49,5.23
4840,0.49,5.23
4841,0.49,5.23
4842,0.49,5.23
4843,0.49,5.23
4844,0.5,5.23
4845,0.49,5.23
4846,0.49,5.23
4847,0.5,5.23
4848,0.49,5.23
4849,0.49,5.23
4850,0.49,5.23
4851,0.5,5.23
4852,0.49,5.23
4853,0.49,5.23
4854,0.5,5.23
4855,0.49,5.23
4856,0.49,5.23
4857,0.49,5.23
4858,0.49,5.23
4859,0.49,5.23
4860,0.49,5.23
4861,0.49,5.23
4862,0.5,5.23
4863,0.49,5.23
4864,0.5,5.23
4865,0.49,5.23
4866,0.49,5.23
4867,0.49,5.23
4868,0.49,5.23
4869,0.49,5.23
4870,0.49,5.23
4871,0.49,5.22
4872,0.49,5.22
4873,0.49,5.22
4874,0.5,5.22
4875,0.5,5.22
4876,0.49,5.22
4877,0.49,5.22
4878,0.49,5.22
4879,0.49,5.22
4880,0.5,5.22
4881,0.49,5.22
4882,0.5,5.22
4883,0.49,5.22
4884,0.49,5.22
4885,0.49,5.22
4886,0.49,5.22
4887,0.49,5.22
4888,0.49,5.22
4889,0.49,5.22
4890,0.5,5.22
4891,0.49,5.23
4892,0.49,5.23
4893,0.49,5.23
4894,0.49,5.23
4895,0.49,5.23
4896,0.49,5.23
4897,0.49,5.23
4898,0.49,5.23
4899,0.49,5.23
4900,0.49,5.23
4901,0.49,5.23
4902,0.49,5.23
4903,0.49,5.23
4904,0.49,5.23
4905,0.49,5.23
4906,0.49,5.23
4907,0.49,5.23
4908,0.49,5.23
4909,0.49,5.23
4910,0.49,5.23
4911,0.49,5.23
4912,0.49,5.22
4913,0.49,5.22
4914,0.49,5.22
4915,0.49,5.22
4916,0.49,5.22
4917,0.49,5.22
4918,0.49,5.22
4919,0.49,5.22
4920,0.49,5.22
4921,0.49,5.22
4922,0.49,5.22
4923,0.49,5.22
4924,0.49,5.22
4925,0.49,5.22
4926,0.49,5.22
4927,0.49,5.22
4928,0.49,5.21
4929,0.49,5.21
4930,0.49,5.21
4931,0.49,5.21
4932,0.49,5.21
4933,0.49,5.21
4934,0.49,5.21
4935,0.49,5.21
4936,0.49,5.21
4937,0.49,5.21
4938,0.49,5.21
4939,0.49,5.21
4940,0.49,5.21
4941,0.49,5.21
4942,0.49,5.21
4943,0.49,5.21
4944,0.49,5.21
4945,0.49,5.21
4946,0.49,5.21
4947,0.49,5.22
4948,0.49,5.22
4949,0.49,5.22
4950,0.49,5.22
4951,0.49,5.22
4952,0.49,5.22
4953,0.49,5.22
4954,0.49,5.22
4955,0.49,5.22
4956,0.49,5.22
4957,0.49,5.22
4958,0.49,5.22
4959,0.49,5.22
4960,0.49,5.22
4961,0.49,5.22
4962,0.49,5.22
4963,0.49,5.21
4964,0.49,5.21
4965,0.49,5.21
4966,0.49,5.21
4967,0.49,5.21
4968,0.49,5.21
4969,0.49,5.21
4970,0.49,5.21
4971,0.49,5.21
4972,0.49,5.21
4973,0.49,5.21
4974,0.49,5.21
4975,0.49,5.21
4976,0.49,5.21
4977,0.49,5.21
4978,0.49,5.21
4979,0.49,5.21
4980,0.49,5.21
4981,0.49,5.21
4982,0.48,5.21
4983,0.49,5.21
4984,0.49,5.21
4985,0.49,5.21
4986,0.49,5.21
4987,0.49,5.21
4988,0.49,5.21
4989,0.49,5.21
4990,0.49,5.21
4991,0.49,5.21
4992,0.49,5.21
4993,0.49,5.21
4994,0.49,5.21
4995,0.49,5.21
4996,0.49,5.21
4997,0.49,5.21
4998,0.49,5.21
4999,0.49,5.21
5000,0.49,5.21
5001,0.49,5.21
5002,0.49,5.21
5003,0.49,5.21
5004,0.49,5.21
5005,0.49,5.21
5006,0.49,5.21
5007,0.49,5.21
5008,0.49,5.21
5009,0.49,5.21
5010,0.49,5.21
5011,0.49,5.21
5012,0.49,5.21
5013,0.49,5.21
5014,0.49,5.21
5015,0.49,5.21
5016,0.49,5.21
5017,0.49,5.21
5018,0.49,5.21
5019,0.49,5.21
5020,0.49,5.21
5021,0.49,5.21
5022,0.49,5.21
5023,0.49,5.21
5024,0.49,5.21
5025,0.49,5.21
5026,0.49,5.21
5027,0.49,5.21
5028,0.49,5.21
5029,0.49,5.21
5030,0.49,5.21
5031,0.49,5.21
5032,0.49,5.21
5033,0.49,5.21
5034,0.49,5.21
5035,0.49,5.21
5036,0.49,5.21
5037,0.49,5.21
5038,0.49,5.21
5039,0.49,5.21
5040,0.49,5.21
5041,0.49,5.21
5042,0.49,5.21
5043,0.49,5.21
5044,0.49,5.21
5045,0.49,5.21
5046,0.49,5.21
5047,0.49,5.21
5048,0.49,5.21
5049,0.49,5.21
5050,0.49,5.21
5051,0.48,5.21
5052,0.49,5.21
5053,0.49,5.21
5054,0.49,5.21
5055,0.49,5.21
5056,0.49,5.21
5057,0.49,5.21
5058,0.49,5.21
5059,0.49,5.21
5060,0.49,5.21
5061,0.48,5.21
5062,0.49,5.21
5063,0.49,5.21
5064,0.49,5.21
5065,0.49,5.21
5066,0.48,5.21
5067,0.49,5.21
5068,0.48,5.21
5069,0.49,5.21
5070,0.49,5.21
5071,0.49,5.21
5072,0.49,5.2
5073,0.49,5.2
5074,0.48,5.2
5075,0.49,5.2
5076,0.48,5.2
5077,0.49,5.2
5078,0.49,5.2
5079,0.49,5.2
5080,0.49,5.2
5081,0.48,5.2
5082,0.49,5.2
5083,0.48,5.2
5084,0.48,5.2
5085,0.48,5.2
5086,0.49,5.2
5087,0.49,5.2
5088,0.48,5.2
5089,0.48,5.2
5090,0.49,5.2
5091,0.48,5.2
5092,0.48,5.2
5093,0.48,5.2
5094,0.49,5.2
5095,0.49,5.2
5096,0.48,5.2
5097,0.49,5.2
5098,0.49,5.2
5099,0.49,5.2
5100,0.49,5.2
5101,0.48,5.2
5102,0.49,5.2
5103,0.48,5.2
5104,0.48,5.2
5105,0.49,5.2
5106,0.49,5.2
5107,0.49,5.2
5108,0.48,5.2
5109,0.48,5.2
5110,0.49,5.2
5111,0.48,5.2
5112,0.49,5.2
5113,0.49,5.2
5114,0.49,5.2
5115,0.48,5.2
5116,0.48,5.2
5117,0.48,5.2
5118,0.48,5.2
5119,0.49,5.2
5120,0.47,5.2
5121,0.48,5.2
5122,0.49,5.2
5123,0.49,5.2
5124,0.49,5.2
5125,0.49,5.2
5126,0.49,5.2
5127,0.48,5.2
5128,0.49,5.2
5129,0.48,5.2
5130,0.48,5.2
5131,0.49,5.2
5132,0.49,5.19
5133,0.48,5.19
5134,0.48,5.19
5135,0.48,5.19
5136,0.48,5.19
5137,0.49,5.19
5138,0.49,5.19
5139,0.48,5.19
5140,0.49,5.19
5141,0.48,5.19
5142,0.49,5.19
5143,0.49,5.19
5144,0.49,5.19
5145,0.47,5.19
5146,0.49,5.2
5147,0.49,5.2
5148,0.49,5.2
5149,0.48,5.2
5150,0.49,5.2
5151,0.49,5.2
5152,0.49,5.2
5153,0.48,5.2
5154,0.49,5.2
5155,0.49,5.2
5156,0.48,5.2
5157,0.49,5.2
5158,0.49,5.2
5159,0.49,5.2
5160,0.48,5.2
5161,0.48,5.2
5162,0.48,5.2
5163,0.49,5.2
5164,0.49,5.2
5165,0.49,5.2
5166,0.49,5.2
5167,0.49,5.2
5168,0.49,5.2
5169,0.48,5.2
5170,0.48,5.2
5171,0.48,5.2
5172,0.48,5.2
5173,0.49,5.2
5174,0.49,5.2
5175,0.49,5.2
5176,0.48,5.2
5177,0.49,5.2
5178,0.48,5.19
5179,0.49,5.19
5180,0.48,5.19
5181,0.49,5.19
5182,0.48,5.19
5183,0.49,5.19
5184,0.49,5.19
5185,0.48,5.19
5186,0.48,5.19
5187,0.49,5.19
5188,0.48,5.19
5189,0.48,5.19
5190,0.49,5.19
5191,0.48,5.19
5192,0.49,5.19
5193,0.48,5.19
5194,0.48,5.19
5195,0.48,5.19
5196,0.49,5.19
5197,0.48,5.19
5198,0.48,5.19
5199,0.49,5.19
5200,0.48,5.2
5201,0.49,5.2
5202,0.49,5.2
5203,0.48,5.2
5204,0.48,5.2
5205,0.49,5.2
5206,0.49,5.2
5207,0.49,5.2
5208,0.49,5.2
5209,0.49,5.2
5210,0.48,5.2
5211,0.48,5.2
5212,0.49,5.2
5213,0.49,5.2
5214,0.48,5.2
5215,0.49,5.2
5216,0.49,5.2
5217,0.49,5.2
5218,0.48,5.2
5219,0.49,5.2
5220,0.48,5.2
5221,0.49,5.2
5222,0.49,5.2
5223,0.49,5.2
5224,0.48,5.2
5225,0.48,5.2
5226,0.48,5.2
5227,0.49,5.2
5228,0.49,5.19
5229,0.49,5.19
5230,0.49,5.19
5231,0.49,5.19
5232,0.49,5.19
5233,0.49,5.19
5234,0.48,5.19
5235,0.48,5.19
5236,0.48,5.19
5237,0.48,5.19
5238,0.49,5.19
5239,0.49,5.19
5240,0.49,5.19
5241,0.48,5.19
5242,0.49,5.19
5243,0.49,5.19
5244,0.49,5.19
5245,0.49,5.19
5246,0.48,5.19
5247,0.48,5.19
5248,0.49,5.19
5249,0.49,5.19
5250,0.49,5.19
5251,0.48,5.19
5252,0.49,5.19
5253,0.49,5.19
5254,0.49,5.19
5255,0.49,5.2
5256,0.48,5.2
5257,0.49,5.2
5258,0.47,5.2
5259,0.48,5.2
5260,0.49,5.2
5261,0.49,5.2
5262,0.49,5.2
5263,0.49,5.2
5264,0.49,5.2
5265,0.48,5.2
5266,0.48,5.2
5267,0.49,5.2
5268,0.49,5.2
5269,0.49,5.2
5270,0.49,5.2
5271,0.49,5.2
5272,0.48,5.2
5273,0.49,5.19
5274,0.48,5.19
5275,0.49,5.19
5276,0.48,5.19
5277,0.49,5.19
5278,0.49,5.19
5279,0.49,5.19
5280,0.48,5.19
5281,0.49,5.19
5282,0.49,5.19
5283,0.49,5.19
5284,0.49,5.19
5285,0.49,5.19
5286,0.49,5.19
5287,0.49,5.19
5288,0.48,5.19
5289,0.49,5.19
5290,0.48,5.19
5291,0.49,5.19
5292,0.49,5.19
5293,0.49,5.19
5294,0.49,5.19
5295,0.49,5.19
5296,0.48,5.19
5297,0.49,5.19
5298,0.48,5.19
5299,0.49,5.19
5300,0.49,5.19
5301,0.48,5.19
5302,0.48,5.19
5303,0.49,5.19
5304,0.49,5.19
5305,0.49,5.19
5306,0.48,5.19
5307,0.49,5.19
5308,0.49,5.19
5309,0.48,5.2
5310,0.49,5.2
5311,0.48,5.2
5312,0.49,5.2
5313,0.49,5.2
5314,0.49,5.2
5315,0.49,5.2
5316,0.49,5.2
5317,0.49,5.2
5318,0.48,5.2
5319,0.49,5.2
5320,0.49,5.2
5321,0.49,5.2
5322,0.49,5.19
5323,0.49,5.19
5324,0.48,5.19
5325,0.48,5.19
5326,0.49,5.19
5327,0.49,5.19
5328,0.49,5.19
5329,0.48,5.19
5330,0.49,5.19
5331,0.49,5.19
5332,0.48,5.19
5333,0.49,5.19
5334,0.49,5.19
5335,0.48,5.19
5336,0.49,5.19
5337,0.49,5.19
5338,0.48,5.19
5339,0.48,5.19
5340,0.48,5.19
5341,0.49,5.19
5342,0.49,5.19
5343,0.49,5.19
5344,0.49,5.19
5345,0.49,5.19
5346,0.49,5.19
5347,0.48,5.19
5348,0.48,5.19
5349,0.49,5.19
5350,0.49,5.19
5351,0.48,5.19
5352,0.49,5.19
5353,0.49,5.19
5354,0.48,5.19
5355,0.49,5.19
5356,0.49,5.19
5357,0.48,5.19
5358,0.48,5.19
5359,0.48,5.19
5360,0.48,5.19
5361,0.49,5.19
5362,0.49,5.19
5363,0.48,5.19
5364,0.49,5.19
5365,0.49,5.19
5366,0.48,5.19
5367,0.49,5.19
5368,0.48,5.19
5369,0.49,5.19
5370,0.49,5.19
5371,0.49,5.19
5372,0.49,5.19
5373,0.48,5.19
5374,0.48,5.19
5375,0.49,5.19
5376,0.49,5.19
5377,0.49,5.19
5378,0.49,5.19
5379,0.49,5.19
5380,0.49,5.19
5381,0.49,5.19
5382,0.49,5.19
5383,0.49,5.19
5384,0.49,5.19
5385,0.48,5.19
5386,0.49,5.19
5387,0.48,5.19
5388,0.49,5.19
5389,0.48,5.19
5390,0.49,5.19
5391,0.49,5.19
5392,0.48,5.19
5393,0.48,5.19
5394,0.49,5.19
5395,0.48,5.19
5396,0.49,5.19
5397,0.48,5.19
5398,0.48,5.19
5399,0.49,5.19
5400,0.49,5.19
5401,0.49,5.19
5402,0.49,5.19
5403,0.48,5.19
5404,0.49,5.19
5405,0.48,5.19
5406,0.48,5.19
5407,0.48,5.19
5408,0.49,5.19
5409,0.48,5.19
5410,0.49,5.19
5411,0.48,5.19
5412,0.49,5.19
5413,0.49,5.19
5414,0.49,5.19
5415,0.48,5.19
5416,0.49,5.19
5417,0.49,5.19
5418,0.49,5.19
5419,0.49,5.19
5420,0.49,5.19
5421,0.49,5.19
5422,0.48,5.19
5423,0.49,5.19
5424,0.49,5.19
5425,0.49,5.19
5426,0.49,5.19
5427,0.48,5.19
5428,0.49,5.19
5429,0.49,5.19
5430,0.49,5.19
5431,0.49,5.19
5432,0.49,5.19
5433,0.49,5.19
5434,0.49,5.19
5435,0.48,5.19
5436,0.48,5.19
5437,0.49,5.19
5438,0.49,5.19
5439,0.48,5.19
5440,0.49,5.19
5441,0.48,5.19
5442,0.49,5.19
5443,0.48,5.19
5444,0.49,5.19
5445,0.48,5.19
5446,0.49,5.19
5447,0.49,5.19
5448,0.48,5.19
5449,0.49,5.19
5450,0.49,5.19
5451,0.48,5.19
5452,0.49,5.19
5453,0.48,5.19
5454,0.49,5.19
5455,0.49,5.19
5456,0.49,5.19
5457,0.49,5.19
5458,0.49,5.19
5459,0.49,5.19
5460,0.49,5.19
5461,0.49,5.19
5462,0.49,5.19
5463,0.49,5.19
5464,0.48,5.19
5465,0.49,5.19
5466,0.49,5.19
5467,0.48,5.19
5468,0.48,5.19
5469,0.48,5.19
5470,0.49,5.19
5471,0.48,5.19
5472,0.48,5.19
5473,0.48,5.19
5474,0.49,5.19
5475,0.49,5.19
5476,0.48,5.19
5477,0.48,5.19
5478,0.49,5.19
5479,0.49,5.19
5480,0.49,5.19
5481,0.49,5.19
5482,0.49,5.19
5483,0.49,5.19
5484,0.48,5.19
5485,0.49,5.19
5486,0.49,5.19
5487,0.49,5.19
5488,0.49,5.19
5489,0.48,5.19
5490,0.49,5.19
5491,0.48,5.19
5492,0.49,5.19
5493,0.48,5.19
5494,0.49,5.19
5495,0.49,5.19
5496,0.49,5.19
5497,0.48,5.19
5498,0.49,5.19
5499,0.49,5.19
5500,0.48,5.19
5501,0.49,5.19
5502,0.49,5.19
5503,0.49,5.19
5504,0.49,5.19
5505,0.49,5.19
5506,0.49,5.19
5507,0.49,5.19
5508,0.48,5.19
5509,0.49,5.19
5510,0.49,5.19
5511,0.48,5.19
5512,0.49,5.19
5513,0.48,5.19
5514,0.49,5.19
5515,0.49,5.19
5516,0.48,5.19
5517,0.48,5.19
5518,0.48,5.19
5519,0.48,5.19
5520,0.48,5.19
5521,0.49,5.19
5522,0.49,5.19
5523,0.49,5.19
5524,0.49,5.19
5525,0.49,5.19
5526,0.49,5.19
5527,0.49,5.19
5528,0.49,5.19
5529,0.49,5.19
5530,0.49,5.19
5531,0.49,5.19
5532,0.48,5.19
5533,0.49,5.19
5534,0.49,5.19
5535,0.49,5.19
5536,0.49,5.19
5537,0.49,5.19
5538,0.49,5.19
5539,0.49,5.19
5540,0.49,5.19
5541,0.49,5.19
5542,0.49,5.19
5543,0.49,5.19
5544,0.49,5.19
5545,0.49,5.19
5546,0.49,5.19
5547,0.49,5.19
5548,0.49,5.19
5549,0.49,5.19
5550,0.49,5.19
5551,0.49,5.19
5552,0.49,5.19
5553,0.49,5.19
5554,0.49,5.19
5555,0.49,5.19
5556,0.49,5.19
5557,0.49,5.19
5558,0.49,5.2
5559,0.49,5.2
5560,0.49,5.2
5561,0.49,5.2
5562,0.49,5.2
5563,0.49,5.2
5564,0.48,5.2
5565,0.49,5.2
5566,0.49,5.2
5567,0.49,5.2
5568,0.49,5.2
5569,0.49,5.2
5570,0.49,5.2
5571,0.49,5.2
5572,0.49,5.2
5573,0.49,5.2
5574,0.49,5.2
5575,0.49,5.2
5576,0.49,5.2
5577,0.49,5.2
5578,0.49,5.2
5579,0.49,5.2
5580,0.49,5.2
5581,0.49,5.2
5582,0.49,5.2
5583,0.49,5.2
5584,0.49,5.2
5585,0.49,5.2
5586,0.49,5.2
5587,0.49,5.2
5588,0.49,5.2
5589,0.49,5.2
5590,0.49,5.2
5591,0.49,5.2
5592,0.49,5.2
5593,0.49,5.2
5594,0.49,5.2
5595,0.49,5.2
5596,0.49,5.2
5597,0.49,5.2
5598,0.49,5.2
5599,0.49,5.2
5600,0.49,5.2
5601,0.49,5.2
5602,0.49,5.2
5603,0.49,5.2
5604,0.49,5.2
5605,0.49,5.2
5606,0.49,5.2
5607,0.49,5.2
5608,0.49,5.2
5609,0.49,5.2
5610,0.49,5.2
5611,0.49,5.2
5612,0.49,5.2
5613,0.49,5.2
5614,0.49,5.2
5615,0.49,5.2
5616,0.49,5.2
5617,0.49,5.2
5618,0.49,5.2
5619,0.49,5.2
5620,0.49,5.2
5621,0.49,5.2
5622,0.49,5.2
5623,0.49,5.2
5624,0.49,5.21
5625,0.49,5.21
5626,0.49,5.2
5627,0.49,5.2
5628,0.49,5.2
5629,0.49,5.2
5630,0.49,5.2
5631,0.49,5.2
5632,0.49,5.2
5633,0.49,5.2
5634,0.49,5.2
5635,0.49,5.2
5636,0.49,5.2
5637,0.49,5.2
5638,0.49,5.2
5639,0.49,5.2
5640,0.49,5.2
5641,0.49,5.2
5642,0.49,5.2
5643,0.49,5.2
5644,0.49,5.2
5645,0.49,5.2
5646,0.49,5.2
5647,0.49,5.2
5648,0.49,5.2
5649,0.49,5.2
5650,0.49,5.2
5651,0.49,5.2
5652,0.49,5.2
5653,0.49,5.2
5654,0.49,5.2
5655,0.49,5.2
5656,0.49,5.2
5657,0.49,5.2
5658,0.49,5.2
5659,0.49,5.2
5660,0.49,5.2
5661,0.49,5.2
5662,0.49,5.2
5663,0.49,5.2
5664,0.49,5.2
5665,0.49,5.2
5666,0.49,5.2
5667,0.49,5.2
5668,0.49,5.2
5669,0.49,5.2
5670,0.49,5.2
5671,0.49,5.2
5672,0.49,5.21
5673,0.49,5.21
5674,0.49,5.21
5675,0.49,5.21
5676,0.49,5.21
5677,0.49,5.21
5678,0.49,5.21
5679,0.49,5.21
5680,0.49,5.21
5681,0.49,5.21
5682,0.49,5.2
5683,0.49,5.2
5684,0.49,5.2
5685,0.49,5.2
5686,0.48,5.2
5687,0.49,5.2
5688,0.49,5.2
5689,0.49,5.2
5690,0.49,5.2
5691,0.49,5.2
5692,0.49,5.2
5693,0.49,5.2
5694,0.49,5.2
5695,0.49,5.2
5696,0.49,5.2
5697,0.49,5.2
5698,0.49,5.2
5699,0.48,5.2
5700,0.49,5.2
5701,0.49,5.2
5702,0.49,5.2
5703,0.49,5.2
5704,0.49,5.2
5705,0.49,5.2
5706,0.49,5.2
5707,0.49,5.2
5708,0.49,5.2
5709,0.49,5.2
5710,0.49,5.2
5711,0.49,5.2
5712,0.49,5.2
5713,0.49,5.2
5714,0.49,5.2
5715,0.5,5.2
5716,0.49,5.2
5717,0.49,5.2
5718,0.5,5.2
5719,0.49,5.21
5720,0.49,5.21
5721,0.49,5.21
5722,0.49,5.21
5723,0.49,5.21
5724,0.5,5.21
5725,0.5,5.21
5726,0.49,5.21
5727,0.5,5.21
5728,0.5,5.21
5729,0.49,5.21
5730,0.49,5.21
5731,0.49,5.21
5732,0.49,5.21
5733,0.49,5.21
5734,0.49,5.21
5735,0.49,5.21
5736,0.5,5.21
5737,0.5,5.21
5738,0.49,5.21
5739,0.49,5.21
5740,0.49,5.21
5741,0.5,5.21
5742,0.49,5.21
5743,0.5,5.21
5744,0.49,5.21
5745,0.5,5.21
5746,0.5,5.21
5747,0.5,5.21
5748,0.49,5.21
5749,0.49,5.21
5750,0.49,5.21
5751,0.49,5.21
5752,0.5,5.21
5753,0.49,5.21
5754,0.49,5.21
5755,0.49,5.21
5756,0.5,5.21
5757,0.5,5.21
5758,0.49,5.21
5759,0.49,5.21
5760,0.5,5.21
5761,0.49,5.21
5762,0.49,5.21
5763,0.49,5.21
5764,0.49,5.21
5765,0.5,5.21
5766,0.49,5.21
5767,0.49,5.21
5768,0.49,5.21
5769,0.49,5.21
5770,0.49,5.21
5771,0.5,5.21
5772,0.5,5.21
5773,0.5,5.21
5774,0.49,5.21
5775,0.49,5.21
5776,0.49,5.21
5777,0.49,5.21
5778,0.49,5.22
5779,0.5,5.22
5780,0.5,5.22
5781,0.5,5.22
5782,0.49,5.22
5783,0.49,5.22
5784,0.49,5.22
5785,0.49,5.22
5786,0.5,5.22
5787,0.5,5.22
5788,0.49,5.22
5789,0.49,5.22
5790,0.5,5.22
5791,0.49,5.22
5792,0.49,5.22
5793,0.5,5.22
5794,0.5,5.22
5795,0.49,5.22
5796,0.5,5.22
5797,0.49,5.22
5798,0.5,5.22
5799,0.5,5.22
5800,0.49,5.22
5801,0.5,5.22
5802,0.5,5.22
5803,0.49,5.21
5804,0.49,5.21
5805,0.5,5.21
5806,0.5,5.21
5807,0.5,5.21
5808,0.49,5.21
5809,0.49,5.21
5810,0.49,5.21
5811,0.5,5.21
5812,0.49,5.21
5813,0.49,5.21
5814,0.49,5.21
5815,0.49,5.21
5816,0.49,5.22
5817,0.49,5.22
5818,0.49,5.22
5819,0.5,5.22
5820,0.49,5.22
5821,0.5,5.22
5822,0.5,5.22
5823,0.49,5.22
5824,0.49,5.22
5825,0.5,5.22
5826,0.49,5.22
5827,0.49,5.22
5828,0.49,5.22
5829,0.5,5.22
5830,0.5,5.22
5831,0.5,5.22
5832,0.49,5.22
5833,0.49,5.22
5834,0.49,5.22
5835,0.49,5.22
5836,0.49,5.22
5837,0.5,5.22
5838,0.5,5.22
5839,0.49,5.22
5840,0.49,5.22
5841,0.5,5.22
5842,0.49,5.22
5843,0.49,5.22
5844,0.5,5.22
5845,0.49,5.22
5846,0.49,5.22
5847,0.5,5.22
5848,0.49,5.22
5849,0.5,5.22
5850,0.49,5.22
5851,0.5,5.22
5852,0.5,5.22
5853,0.5,5.22
5854,0.5,5.22
5855,0.5,5.22
5856,0.5,5.22
5857,0.5,5.22
5858,0.5,5.22
5859,0.5,5.22
5860,0.51,5.22
5861,0.5,5.22
5862,0.5,5.22
5863,0.5,5.22
5864,0.5,5.22
5865,0.5,5.22
5866,0.51,5.22
5867,0.5,5.22
5868,0.5,5.22
5869,0.5,5.22
5870,0.5,5.22
5871,0.5,5.22
5872,0.5,5.22
5873,0.5,5.22
5874,0.51,5.22
5875,0.5,5.22
5876,0.5,5.22
5877,0.51,5.22
5878,0.5,5.22
5879,0.51,5.23
5880,0.51,5.23
5881,0.5,5.23
5882,0.5,5.23
5883,0.5,5.23
5884,0.5,5.23
5885,0.5,5.23
5886,0.5,5.23
5887,0.51,5.23
5888,0.5,5.23
5889,0.5,5.23
5890,0.5,5.23
5891,0.5,5.23
5892,0.5,5.23
5893,0.5,5.23
5894,0.51,5.23
5895,0.5,5.23
5896,0.51,5.23
5897,0.51,5.23
5898,0.5,5.23
5899,0.51,5.23
5900,0.51,5.23
5901,0.5,5.23
5902,0.5,5.23
5903,0.51,5.23
5904,0.5,5.23
5905,0.5,5.23
5906,0.5,5.23
5907,0.5,5.23
5908,0.51,5.23
5909,0.5,5.23
5910,0.51,5.23
5911,0.5,5.23
5912,0.51,5.23
5913,0.51,5.23
5914,0.5,5.23
5915,0.51,5.23
5916,0.51,5.23
5917,0.51,5.23
5918,0.51,5.23
5919,0.5,5.23
5920,0.5,5.23
5921,0.51,5.23
5922,0.5,5.23
5923,0.5,5.23
5924,0.5,5.23
5925,0.5,5.23
5926,0.5,5.23
5927,0.51,5.23
5928,0.51,5.23
5929,0.5,5.23
5930,0.5,5.23
5931,0.5,5.23
5932,0.5,5.23
5933,0.5,5.23
5934,0.5,5.23
5935,0.5,5.23
5936,0.5,5.23
5937,0.5,5.23
5938,0.5,5.23
5939,0.51,5.23
5940,0.5,5.23
5941,0.5,5.23
5942,0.5,5.23
5943,0.5,5.23
5944,0.5,5.23
5945,0.51,5.23
5946,0.5,5.23
5947,0.5,5.23
5948,0.5,5.23
5949,0.51,5.23
5950,0.51,5.23
5951,0.51,5.23
5952,0.5,5.23
5953,0.51,5.23
5954,0.5,5.23
5955,0.5,5.23
5956,0.5,5.23
5957,0.5,5.23
5958,0.51,5.23
5959,0.5,5.23
5960,0.51,5.23
5961,0.5,5.23
5962,0.5,5.23
5963,0.5,5.23
5964,0.51,5.23
5965,0.51,5.23
5966,0.5,5.23
5967,0.51,5.23
5968,0.51,5.23
5969,0.51,5.23
5970,0.51,5.23
5971,0.51,5.23
5972,0.51,5.23
5973,0.51,5.23
5974,0.51,5.23
5975,0.51,5.23
5976,0.51,5.23
5977,0.51,5.23
5978,0.51,5.23
5979,0.51,5.23
5980,0.51,5.24
5981,0.51,5.24
5982,0.51,5.24
5983,0.51,5.24
5984,0.51,5.24
5985,0.51,5.24
5986,0.51,5.24
5987,0.51,5.24
5988,0.51,5.24
5989,0.51,5.24
5990,0.51,5.24
5991,0.51,5.24
5992,0.51,5.24
5993,0.51,5.24
5994,0.51,5.24
5995,0.51,5.24
5996,0.51,5.24
5997,0.51,5.24
5998,0.51,5.24
5999,0.51,5.24
6000,0.51,5.24
6001,0.51,5.24
6002,0.51,5.24
6003,0.51,5.24
6004,0.51,5.24
6005,0.51,5.24
6006,0.51,5.24
6007,0.51,5.24
6008,0.51,5.24
6009,0.51,5.24
6010,0.51,5.24
6011,0.51,5.24
6012,0.51,5.24
6013,0.51,5.24
6014,0.51,5.24
6015,0.51,5.24
6016,0.51,5.24
6017,0.51,5.24
6018,0.51,5.24
6019,0.51,5.24
6020,0.51,5.24
6021,0.51,5.24
6022,0.51,5.24
6023,0.51,5.24
6024,0.51,5.24
6025,0.51,5.24
6026,0.51,5.24
6027,0.51,5.24
6028,0.51,5.24
6029,0.51,5.24
6030,0.51,5.24
6031,0.51,5.24
6032,0.51,5.24
6033,0.51,5.24
6034,0.51,5.24
6035,0.51,5.24
6036,0.51,5.25
6037,0.51,5.25
6038,0.51,5.25
6039,0.51,5.25
6040,0.51,5.25
6041,0.51,5.25
6042,0.51,5.25
6043,0.51,5.25
6044,0.51,5.25
6045,0.51,5.25
6046,0.51,5.25
6047,0.51,5.25
6048,0.51,5.25
6049,0.51,5.25
6050,0.51,5.25
6051,0.51,5.24
6052,0.51,5.24
6053,0.51,5.24
6054,0.51,5.24
6055,0.51,5.24
6056,0.51,5.24
6057,0.51,5.24
6058,0.51,5.24
6059,0.51,5.24
6060,0.51,5.24
6061,0.51,5.24
6062,0.51,5.24
6063,0.51,5.24
6064,0.51,5.24
6065,0.51,5.24
6066,0.51,5.24
6067,0.51,5.24
6068,0.51,5.24
6069,0.51,5.24
6070,0.51,5.24
6071,0.51,5.24
6072,0.51,5.24
6073,0.51,5.24
6074,0.51,5.24
6075,0.51,5.25
6076,0.51,5.25
6077,0.51,5.25
6078,0.51,5.25
6079,0.51,5.25
6080,0.51,5.25
6081,0.51,5.25
6082,0.51,5.25
6083,0.51,5.25
6084,0.51,5.25
6085,0.51,5.25
6086,0.51,5.25
6087,0.51,5.25
6088,0.52,5.25
6089,0.51,5.25
6090,0.52,5.25
6091,0.51,5.25
6092,0.51,5.25
6093,0.51,5.25
6094,0.51,5.25
6095,0.51,5.25
6096,0.51,5.25
6097,0.51,5.25
6098,0.51,5.25
6099,0.51,5.25
6100,0.51,5.25
6101,0.51,5.25
6102,0.51,5.25
6103,0.51,5.25
6104,0.51,5.25
6105,0.51,5.25
6106,0.51,5.25
6107,0.51,5.25
6108,0.51,5.25
6109,0.51,5.25
6110,0.52,5.25
6111,0.51,5.25
6112,0.51,5.25
6113,0.51,5.25
6114,0.51,5.25
6115,0.51,5.25
6116,0.51,5.25
6117,0.51,5.25
6118,0.51,5.25
6119,0.51,5.25
6120,0.51,5.25
6121,0.51,5.25
6122,0.51,5.25
6123,0.51,5.25
6124,0.51,5.25
6125,0.51,5.25
6126,0.51,5.26
6127,0.51,5.26
6128,0.51,5.26
6129,0.51,5.26
6130,0.51,5.26
6131,0.51,5.26
6132,0.51,5.26
6133,0.51,5.26
6134,0.51,5.26
6135,0.51,5.26
6136,0.51,5.26
6137,0.51,5.26
6138,0.51,5.26
6139,0.51,5.26
6140,0.51,5.26
6141,0.51,5.26
6142,0.52,5.26
6143,0.51,5.26
6144,0.51,5.26
6145,0.51,5.26
6146,0.51,5.26
6147,0.51,5.26
6148,0.51,5.26
6149,0.51,5.26
6150,0.51,5.26
6151,0.51,5.26
6152,0.51,5.26
6153,0.51,5.26
6154,0.51,5.26
6155,0.51,5.26
6156,0.51,5.26
6157,0.52,5.26
6158,0.51,5.26
6159,0.51,5.26
6160,0.51,5.26
6161,0.51,5.26
6162,0.51,5.26
6163,0.51,5.26
6164,0.51,5.26
6165,0.51,5.26
6166,0.51,5.26
6167,0.52,5.26
6168,0.51,5.26
6169,0.51,5.26
6170,0.51,5.26
6171,0.51,5.26
6172,0.51,5.26
6173,0.51,5.26
6174,0.51,5.26
6175,0.51,5.26
6176,0.51,5.26
6177,0.51,5.26
6178,0.52,5.26
6179,0.51,5.26
6180,0.52,5.26
6181,0.51,5.26
6182,0.51,5.26
6183,0.52,5.26
6184,0.51,5.26
6185,0.51,5.26
6186,0.51,5.26
6187,0.52,5.26
6188,0.52,5.26
6189,0.52,5.26
6190,0.52,5.26
6191,0.52,5.26
6192,0.52,5.26
6193,0.52,5.26
6194,0.52,5.26
6195,0.52,5.26
6196,0.52,5.26
6197,0.52,5.26
6198,0.52,5.26
6199,0.52,5.26
6200,0.52,5.26
6201,0.52,5.26
6202,0.52,5.26
6203,0.52,5.26
6204,0.52,5.26
6205,0.52,5.26
6206,0.52,5.26
6207,0.52,5.27
6208,0.52,5.27
6209,0.52,5.27
6210,0.52,5.27
6211,0.52,5.27
6212,0.52,5.27
6213,0.52,5.27
6214,0.52,5.27
6215,0.52,5.27
6216,0.52,5.27
6217,0.52,5.27
6218,0.52,5.27
6219,0.52,5.27
6220,0.52,5.27
6221,0.52,5.27
6222,0.52,5.27
6223,0.52,5.27
6224,0.52,5.27
6225,0.52,5.27
6226,0.52,5.27
6227,0.52,5.27
6228,0.52,5.27
6229,0.52,5.27
6230,0.52,5.27
6231,0.52,5.27
6232,0.52,5.27
6233,0.52,5.27
6234,0.52,5.27
6235,0.52,5.27
6236,0.52,5.27
6237,0.52,5.27
6238,0.52,5.27
6239,0.52,5.27
6240,0.52,5.27
6241,0.52,5.27
6242,0.52,5.27
6243,0.52,5.27
6244,0.52,5.27
6245,0.52,5.27
6246,0.52,5.27
6247,0.52,5.27
6248,0.52,5.27
6249,0.52,5.27
6250,0.52,5.27
6251,0.52,5.27
6252,0.52,5.27
6253,0.52,5.27
6254,0.52,5.27
6255,0.52,5.27
6256,0.52,5.27
6257,0.52,5.27
6258,0.52,5.27
6259,0.52,5.27
6260,0.52,5.27
6261,0.52,5.27
6262,0.52,5.27
6263,0.52,5.27
6264,0.52,5.27
6265,0.52,5.27
6266,0.52,5.27
6267,0.52,5.27
6268,0.52,5.27
6269,0.52,5.27
6270,0.52,5.27
6271,0.52,5.27
6272,0.52,5.27
6273,0.52,5.27
6274,0.52,5.27
6275,0.52,5.27
6276,0.52,5.27
6277,0.52,5.27
6278,0.52,5.27
6279,0.52,5.27
6280,0.52,5.27
6281,0.52,5.27
6282,0.52,5.27
6283,0.52,5.27
6284,0.52,5.27
6285,0.52,5.27
6286,0.52,5.27
6287,0.52,5.27
6288,0.52,5.27
6289,0.52,5.27
6290,0.52,5.27
6291,0.52,5.27
6292,0.52,5.27
6293,0.52,5.27
6294,0.52,5.27
6295,0.52,5.27
6296,0.52,5.27
6297,0.52,5.27
6298,0.52,5.27
6299,0.52,5.27
6300,0.52,5.27
6301,0.52,5.27
6302,0.52,5.28
6303,0.52,5.28
6304,0.52,5.28
6305,0.52,5.28
6306,0.52,5.28
6307,0.52,5.28
6308,0.52,5.28
6309,0.52,5.28
6310,0.53,5.28
6311,0.52,5.28
6312,0.52,5.28
6313,0.52,5.28
6314,0.52,5.28
6315,0.52,5.28
6316,0.52,5.28
6317,0.52,5.28
6318,0.52,5.28
6319,0.52,5.28
6320,0.52,5.28
6321,0.52,5.28
6322,0.52,5.28
6323,0.52,5.28
6324,0.52,5.28
6325,0.52,5.28
6326,0.52,5.28
6327,0.52,5.28
6328,0.52,5.28
6329,0.52,5.28
6330,0.52,5.28
6331,0.52,5.28
6332,0.52,5.28
6333,0.52,5.28
6334,0.52,5.28
6335,0.52,5.28
6336,0.52,5.28
6337,0.53,5.28
6338,0.52,5.28
6339,0.52,5.28
6340,0.52,5.28
6341,0.52,5.28
6342,0.52,5.28
6343,0.52,5.28
6344,0.53,5.28
6345,0.52,5.28
6346,0.52,5.28
6347,0.52,5.28
6348,0.52,5.28
6349,0.52,5.28
6350,0.52,5.28
6351,0.52,5.28
6352,0.52,5.28
6353,0.52,5.28
6354,0.52,5.28
6355,0.52,5.28
6356,0.52,5.28
6357,0.52,5.28
6358,0.52,5.28
6359,0.52,5.28
6360,0.52,5.29
6361,0.52,5.29
6362,0.52,5.29
6363,0.52,5.29
6364,0.52,5.29
6365,0.52,5.29
6366,0.52,5.29
6367,0.52,5.29
6368,0.52,5.29
6369,0.52,5.29
6370,0.52,5.29
6371,0.52,5.29
6372,0.52,5.29
6373,0.52,5.29
6374,0.52,5.29
6375,0.52,5.29
6376,0.52,5.29
6377,0.52,5.29
6378,0.52,5.29
6379,0.52,5.29
6380,0.52,5.29
6381,0.52,5.29
6382,0.52,5.29
6383,0.52,5.29
6384,0.52,5.29
6385,0.52,5.29
6386,0.52,5.29
6387,0.52,5.29
6388,0.52,5.29
6389,0.52,5.29
6390,0.52,5.29
6391,0.52,5.29
6392,0.52,5.29
6393,0.52,5.29
6394,0.52,5.29
6395,0.52,5.29
6396,0.53,5.29
6397,0.53,5.29
6398,0.52,5.29
6399,0.53,5.29
6400,0.53,5.29
6401,0.53,5.29
6402,0.53,5.29
6403,0.53,5.29
6404,0.53,5.29
6405,0.53,5.29
6406,0.52,5.29
6407,0.53,5.29
6408,0.53,5.29
6409,0.53,5.29
6410,0.53,5.29
6411,0.53,5.29
6412,0.53,5.29
6413,0.53,5.29
6414,0.53,5.29
6415,0.53,5.29
6416,0.53,5.3
6417,0.53,5.3
6418,0.53,5.3
6419,0.53,5.3
6420,0.53,5.3
6421,0.53,5.3
6422,0.53,5.3
6423,0.52,5.3
6424,0.53,5.3
6425,0.52,5.3
6426,0.53,5.3
6427,0.53,5.3
6428,0.53,5.3
6429,0.53,5.3
6430,0.53,5.3
6431,0.53,5.3
6432,0.53,5.3
6433,0.53,5.3
6434,0.53,5.3
6435,0.53,5.3
6436,0.53,5.3
6437,0.53,5.3
6438,0.53,5.3
6439,0.53,5.3
6440,0.53,5.3
6441,0.53,5.3
6442,0.53,5.3
6443,0.53,5.3
6444,0.53,5.3
6445,0.53,5.3
6446,0.53,5.3
6447,0.52,5.3
6448,0.53,5.3
6449,0.53,5.3
6450,0.53,5.3
6451,0.53,5.3
6452,0.53,5.3
6453,0.53,5.3
6454,0.53,5.3
6455,0.53,5.3
6456,0.53,5.3
6457,0.53,5.3
6458,0.53,5.3
6459,0.52,5.3
6460,0.53,5.3
6461,0.53,5.3
6462,0.53,5.3
6463,0.53,5.3
6464,0.53,5.3
6465,0.53,5.3
6466,0.53,5.3
6467,0.53,5.3
6468,0.53,5.3
6469,0.53,5.3
6470,0.53,5.3
6471,0.52,5.3
6472,0.53,5.3
6473,0.52,5.3
6474,0.53,5.3
6475,0.52,5.3
6476,0.53,5.3
6477,0.53,5.3
6478,0.52,5.3
6479,0.53,5.3
6480,0.53,5.31
6481,0.53,5.31
6482,0.53,5.31
6483,0.53,5.31
6484,0.53,5.31
6485,0.53,5.31
6486,0.53,5.3
6487,0.53,5.3
6488,0.53,5.3
6489,0.53,5.3
6490,0.53,5.3
6491,0.53,5.3
6492,0.53,5.3
6493,0.53,5.3
6494,0.53,5.3
6495,0.53,5.3
6496,0.53,5.3
6497,0.53,5.3
6498,0.53,5.3
6499,0.53,5.3
6500,0.53,5.3
6501,0.54,5.3
6502,0.54,5.3
6503,0.54,5.3
6504,0.53,5.3
6505,0.54,5.3
6506,0.54,5.3
6507,0.53,5.3
6508,0.53,5.3
6509,0.53,5.3
6510,0.53,5.3
6511,0.54,5.3
6512,0.53,5.3
6513,0.54,5.31
6514,0.53,5.31
6515,0.54,5.31
6516,0.54,5.31
6517,0.54,5.31
6518,0.54,5.31
6519,0.53,5.31
6520,0.54,5.31
6521,0.54,5.31
6522,0.54,5.31
6523,0.53,5.31
6524,0.54,5.31
6525,0.54,5.31
6526,0.54,5.31
6527,0.54,5.31
6528,0.54,5.31
6529,0.53,5.31
6530,0.54,5.31
6531,0.54,5.31
6532,0.54,5.31
6533,0.54,5.31
6534,0.53,5.31
6535,0.54,5.31
6536,0.54,5.31
6537,0.54,5.31
6538,0.54,5.31
6539,0.54,5.31
6540,0.54,5.31
6541,0.53,5.31
6542,0.53,5.31
6543,0.54,5.31
6544,0.54,5.31
6545,0.54,5.31
6546,0.54,5.31
6547,0.54,5.31
6548,0.54,5.31
6549,0.53,5.31
6550,0.54,5.31
6551,0.54,5.31
6552,0.54,5.31
6553,0.54,5.31
6554,0.54,5.31
6555,0.54,5.31
6556,0.54,5.31
6557,0.53,5.31
6558,0.54,5.31
6559,0.54,5.31
6560,0.54,5.31
6561,0.53,5.31
6562,0.54,5.31
6563,0.53,5.31
6564,0.54,5.31
6565,0.54,5.31
6566,0.54,5.31
6567,0.54,5.31
6568,0.54,5.31
6569,0.54,5.31
6570,0.54,5.31
6571,0.54,5.31
6572,0.54,5.31
6573,0.53,5.31
6574,0.54,5.31
6575,0.54,5.32
6576,0.54,5.32
6577,0.54,5.32
6578,0.54,5.32
6579,0.54,5.32
6580,0.54,5.32
6581,0.54,5.32
6582,0.53,5.32
6583,0.54,5.32
6584,0.54,5.32
6585,0.54,5.32
6586,0.54,5.32
6587,0.54,5.32
6588,0.54,5.32
6589,0.54,5.32
6590,0.53,5.32
6591,0.54,5.32
6592,0.53,5.32
6593,0.53,5.32
6594,0.54,5.32
6595,0.54,5.32
6596,0.53,5.32
6597,0.54,5.32
6598,0.54,5.32
6599,0.54,5.31
6600,0.54,5.31
6601,0.54,5.31
6602,0.54,5.31
6603,0.54,5.31
6604,0.54,5.31
6605,0.54,5.31
6606,0.54,5.31
6607,0.54,5.31
6608,0.54,5.31
6609,0.54,5.31
6610,0.54,5.31
6611,0.54,5.31
6612,0.54,5.31
6613,0.54,5.31
6614,0.54,5.32
6615,0.54,5.32
6616,0.54,5.32
6617,0.54,5.32
6618,0.54,5.32
6619,0.54,5.32
6620,0.54,5.32
6621,0.54,5.32
6622,0.54,5.32
6623,0.54,5.32
6624,0.54,5.32
6625,0.54,5.32
6626,0.54,5.32
6627,0.54,5.32
6628,0.54,5.32
6629,0.54,5.32
6630,0.54,5.32
6631,0.54,5.32
6632,0.54,5.32
6633,0.54,5.32
6634,0.54,5.33
6635,0.54,5.33
6636,0.54,5.33
6637,0.54,5.33
6638,0.54,5.33
6639,0.54,5.33
6640,0.54,5.33
6641,0.54,5.33
6642,0.54,5.33
6643,0.54,5.33
6644,0.54,5.33
6645,0.54,5.33
6646,0.54,5.32
6647,0.54,5.32
6648,0.54,5.32
6649,0.54,5.32
6650,0.54,5.32
6651,0.54,5.32
6652,0.54,5.32
6653,0.54,5.32
6654,0.54,5.32
6655,0.54,5.32
6656,0.54,5.32
6657,0.54,5.32
6658,0.54,5.32
6659,0.54,5.32
6660,0.54,5.32
6661,0.54,5.32
6662,0.54,5.32
6663,0.54,5.32
6664,0.54,5.32
6665,0.54,5.32
6666,0.54,5.32
6667,0.54,5.32
6668,0.54,5.32
6669,0.54,5.32
6670,0.54,5.33
6671,0.54,5.33
6672,0.54,5.33
6673,0.54,5.33
6674,0.54,5.33
6675,0.54,5.33
6676,0.54,5.33
6677,0.54,5.33
6678,0.54,5.33
6679,0.54,5.33
6680,0.54,5.33
6681,0.54,5.33
6682,0.54,5.33
6683,0.54,5.33
6684,0.54,5.33
6685,0.54,5.33
6686,0.54,5.33
6687,0.54,5.33
6688,0.54,5.33
6689,0.54,5.33
6690,0.54,5.33
6691,0.54,5.33
6692,0.54,5.33
6693,0.54,5.33
6694,0.54,5.33
6695,0.54,5.33
6696,0.54,5.33
6697,0.54,5.33
6698,0.54,5.33
6699,0.54,5.33
6700,0.54,5.33
6701,0.54,5.33
6702,0.54,5.33
6703,0.54,5.33
6704,0.54,5.33
6705,0.54,5.33
6706,0.54,5.33
6707,0.54,5.33
6708,0.54,5.33
6709,0.54,5.33
6710,0.54,5.33
6711,0.54,5.33
6712,0.54,5.33
6713,0.54,5.33
6714,0.54,5.33
6715,0.54,5.33
6716,0.54,5.33
6717,0.55,5.33
6718,0.54,5.33
6719,0.54,5.33
6720,0.54,5.33
6721,0.55,5.33
6722,0.55,5.33
6723,0.55,5.33
6724,0.55,5.33
6725,0.55,5.33
6726,0.54,5.33
6727,0.55,5.33
6728,0.55,5.33
6729,0.54,5.33
6730,0.55,5.33
6731,0.55,5.33
6732,0.55,5.34
6733,0.55,5.34
6734,0.55,5.34
6735,0.54,5.34
6736,0.54,5.34
6737,0.54,5.34
6738,0.54,5.34
6739,0.55,5.34
6740,0.55,5.34
6741,0.54,5.34
6742,0.54,5.34
6743,0.55,5.34
6744,0.55,5.34
6745,0.55,5.34
6746,0.54,5.34
6747,0.54,5.34
6748,0.54,5.34
6749,0.55,5.34
6750,0.55,5.34
6751,0.54,5.34
6752,0.54,5.34
6753,0.55,5.34
6754,0.54,5.34
6755,0.55,5.34
6756,0.55,5.34
6757,0.54,5.34
6758,0.54,5.34
6759,0.55,5.34
6760,0.54,5.34
6761,0.54,5.34
6762,0.55,5.34
6763,0.55,5.34
6764,0.54,5.34
6765,0.54,5.34
6766,0.54,5.34
6767,0.55,5.34
6768,0.54,5.34
6769,0.55,5.34
6770,0.54,5.34
6771,0.55,5.34
6772,0.54,5.34
6773,0.55,5.34
6774,0.55,5.34
6775,0.55,5.34
6776,0.55,5.34
6777,0.55,5.34
6778,0.54,5.34
6779,0.54,5.34
6780,0.54,5.34
6781,0.54,5.34
6782,0.54,5.34
6783,0.54,5.34
6784,0.54,5.34
6785,0.54,5.34
6786,0.54,5.34
6787,0.54,5.34
6788,0.54,5.34
6789,0.54,5.34
6790,0.54,5.34
6791,0.54,5.34
6792,0.54,5.35
6793,0.54,5.35
6794,0.55,5.35
6795,0.55,5.35
6796,0.54,5.35
6797,0.55,5.35
6798,0.55,5.35
6799,0.54,5.35
6800,0.55,5.35
6801,0.55,5.35
6802,0.54,5.34
6803,0.54,5.34
6804,0.54,5.34
6805,0.55,5.34
6806,0.55,5.34
6807,0.54,5.34
6808,0.55,5.34
6809,0.54,5.34
6810,0.54,5.34
6811,0.54,5.34
6812,0.54,5.34
6813,0.54,5.34
6814,0.55,5.34
6815,0.55,5.34
6816,0.54,5.34
6817,0.55,5.34
6818,0.55,5.34
6819,0.55,5.34
6820,0.54,5.34
6821,0.55,5.34
6822,0.54,5.34
6823,0.54,5.34
6824,0.54,5.34
6825,0.54,5.34
6826,0.54,5.34
6827,0.55,5.34
6828,0.55,5.34
6829,0.55,5.34
6830,0.54,5.34
6831,0.55,5.34
6832,0.55,5.35
6833,0.55,5.35
6834,0.55,5.35
6835,0.55,5.35
6836,0.55,5.35
6837,0.55,5.35
6838,0.55,5.35
6839,0.55,5.35
6840,0.55,5.35
6841,0.55,5.35
6842,0.55,5.35
6843,0.55,5.35
6844,0.55,5.35
6845,0.55,5.35
6846,0.55,5.35
6847,0.55,5.35
6848,0.55,5.35
6849,0.56,5.35
6850,0.55,5.35
6851,0.55,5.35
6852,0.55,5.35
6853,0.55,5.35
6854,0.55,5.35
6855,0.55,5.35
6856,0.56,5.35
6857,0.55,5.35
6858,0.55,5.35
6859,0.55,5.35
6860,0.55,5.35
6861,0.55,5.35
6862,0.55,5.35
6863,0.55,5.35
6864,0.55,5.35
6865,0.55,5.35
6866,0.56,5.35
6867,0.55,5.35
6868,0.55,5.35
6869,0.56,5.35
6870,0.55,5.35
6871,0.55,5.35
6872,0.56,5.35
6873,0.55,5.35
6874,0.55,5.35
6875,0.55,5.35
6876,0.55,5.35
6877,0.55,5.35
6878,0.55,5.35
6879,0.56,5.35
6880,0.56,5.35
6881,0.56,5.35
6882,0.56,5.35
6883,0.55,5.35
6884,0.55,5.35
6885,0.55,5.35
6886,0.55,5.35
6887,0.55,5.35
6888,0.55,5.35
6889,0.55,5.35
6890,0.55,5.35
6891,0.56,5.35
6892,0.56,5.36
6893,0.55,5.36
6894,0.55,5.36
6895,0.55,5.36
6896,0.55,5.36
6897,0.55,5.36
6898,0.55,5.36
6899,0.55,5.36
6900,0.55,5.36
6901,0.55,5.36
6902,0.56,5.36
6903,0.56,5.36
6904,0.56,5.36
6905,0.55,5.36
6906,0.55,5.36
6907,0.55,5.36
6908,0.55,5.36
6909,0.55,5.36
6910,0.56,5.36
6911,0.55,5.36
6912,0.55,5.36
6913,0.55,5.36
6914,0.55,5.36
6915,0.55,5.36
6916,0.55,5.36
6917,0.55,5.36
6918,0.55,5.36
6919,0.55,5.36
6920,0.55,5.36
6921,0.55,5.36
6922,0.55,5.36
6923,0.55,5.36
6924,0.56,5.36
6925,0.55,5.36
6926,0.55,5.36
6927,0.55,5.36
6928,0.55,5.36
6929,0.55,5.36
6930,0.55,5.36
6931,0.56,5.36
6932,0.55,5.36
6933,0.55,5.36
6934,0.55,5.36
6935,0.55,5.36
6936,0.55,5.36
6937,0.55,5.36
6938,0.56,5.36
6939,0.56,5.36
6940,0.56,5.36
6941,0.55,5.36
6942,0.56,5.36
6943,0.55,5.36
6944,0.55,5.36
6945,0.55,5.36
6946,0.56,5.36
6947,0.55,5.36
6948,0.55,5.36
6949,0.55,5.36
6950,0.55,5.36
6951,0.56,5.36
6952,0.55,5.36
6953,0.55,5.36
6954,0.55,5.36
6955,0.55,5.36
6956,0.55,5.36
6957,0.55,5.36
6958,0.55,5.36
6959,0.55,5.36
6960,0.55,5.36
6961,0.55,5.36
6962,0.55,5.36
6963,0.56,5.36
6964,0.55,5.36
6965,0.56,5.36
6966,0.56,5.36
6967,0.56,5.36
6968,0.56,5.36
6969,0.56,5.36
6970,0.56,5.36
6971,0.56,5.36
6972,0.56,5.36
6973,0.56,5.36
6974,0.56,5.36
6975,0.56,5.36
6976,0.56,5.36
6977,0.56,5.36
6978,0.56,5.36
6979,0.56,5.36
6980,0.56,5.36
6981,0.56,5.36
6982,0.56,5.36
6983,0.56,5.36
6984,0.56,5.36
6985,0.56,5.36
6986,0.56,5.36
6987,0.56,5.36
6988,0.56,5.36
6989,0.56,5.36
6990,0.56,5.36
6991,0.56,5.36
6992,0.56,5.36
6993,0.56,5.37
6994,0.56,5.37
6995,0.56,5.37
6996,0.56,5.37
6997,0.56,5.37
6998,0.56,5.37
6999,0.56,5.37
7000,0.56,5.37
7001,0.56,5.37
7002,0.56,5.37
7003,0.56,5.37
7004,0.56,5.37
7005,0.56,5.37
7006,0.56,5.37
7007,0.56,5.37
7008,0.56,5.37
7009,0.56,5.37
7010,0.56,5.37
7011,0.56,5.37
7012,0.56,5.37
7013,0.56,5.37
7014,0.56,5.37
7015,0.56,5.37
7016,0.56,5.37
7017,0.56,5.37
7018,0.56,5.37
7019,0.56,5.37
7020,0.56,5.37
7021,0.56,5.37
7022,0.56,5.37
7023,0.56,5.37
7024,0.56,5.37
7025,0.56,5.37
7026,0.56,5.37
7027,0.56,5.37
7028,0.56,5.37
7029,0.56,5.37
7030,0.56,5.37
7031,0.56,5.37
7032,0.56,5.37
7033,0.56,5.37
7034,0.56,5.37
7035,0.56,5.37
7036,0.56,5.37
7037,0.56,5.37
7038,0.56,5.37
7039,0.56,5.37
7040,0.56,5.37
7041,0.56,5.37
7042,0.56,5.37
7043,0.56,5.37
7044,0.56,5.37
7045,0.56,5.37
7046,0.56,5.37
7047,0.56,5.37
7048,0.56,5.37
7049,0.56,5.37
7050,0.56,5.37
7051,0.56,5.37
7052,0.56,5.37
7053,0.56,5.37
7054,0.56,5.37
7055,0.56,5.37
7056,0.56,5.37
7057,0.56,5.37
7058,0.56,5.37
7059,0.56,5.37
7060,0.56,5.37
7061,0.56,5.37
7062,0.56,5.37
7063,0.56,5.37
7064,0.56,5.37
7065,0.56,5.37
7066,0.56,5.37
7067,0.56,5.37
7068,0.56,5.37
7069,0.56,5.37
7070,0.56,5.37
7071,0.56,5.37
7072,0.56,5.37
7073,0.56,5.37
7074,0.56,5.37
7075,0.56,5.37
7076,0.56,5.37
7077,0.56,5.37
7078,0.56,5.37
7079,0.56,5.37
7080,0.56,5.37
7081,0.56,5.37
7082,0.56,5.37
7083,0.56,5.37
7084,0.56,5.37
7085,0.56,5.37
7086,0.56,5.37
7087,0.56,5.37
7088,0.56,5.37
7089,0.56,5.37
7090,0.56,5.37
7091,0.56,5.37
7092,0.56,5.37
7093,0.56,5.37
7094,0.56,5.37
7095,0.56,5.37
7096,0.56,5.37
7097,0.56,5.37
7098,0.56,5.37
7099,0.56,5.37
7100,0.56,5.37
7101,0.56,5.37
7102,0.56,5.37
7103,0.56,5.37
7104,0.56,5.37
7105,0.56,5.37
7106,0.56,5.37
7107,0.56,5.37
7108,0.56,5.37
7109,0.56,5.37
7110,0.56,5.37
7111,0.56,5.37
7112,0.56,5.37
7113,0.56,5.37
7114,0.56,5.37
7115,0.56,5.37
7116,0.56,5.37
7117,0.56,5.37
7118,0.56,5.37
7119,0.56,5.37
7120,0.56,5.37
7121,0.56,5.37
7122,0.56,5.37
7123,0.56,5.37
7124,0.56,5.37
7125,0.56,5.37
7126,0.56,5.37
7127,0.56,5.37
7128,0.56,5.37
7129,0.56,5.37
7130,0.56,5.37
7131,0.56,5.37
7132,0.56,5.37
7133,0.56,5.37
7134,0.56,5.37
7135,0.56,5.37
7136,0.56,5.37
7137,0.56,5.37
7138,0.56,5.37
7139,0.56,5.37
7140,0.56,5.37
7141,0.56,5.37
7142,0.56,5.37
7143,0.56,5.38
7144,0.56,5.38
7145,0.56,5.38
7146,0.56,5.38
7147,0.56,5.38
7148,0.56,5.38
7149,0.56,5.38
7150,0.56,5.38
7151,0.56,5.38
7152,0.56,5.38
7153,0.56,5.38
7154,0.56,5.38
7155,0.56,5.38
7156,0.56,5.38
7157,0.56,5.38
7158,0.56,5.38
7159,0.56,5.38
7160,0.57,5.38
7161,0.56,5.38
7162,0.56,5.38
7163,0.56,5.38
7164,0.56,5.38
7165,0.56,5.38
7166,0.56,5.38
7167,0.56,5.38
7168,0.56,5.38
7169,0.56,5.38
7170,0.56,5.38
7171,0.56,5.38
7172,0.56,5.38
7173,0.56,5.38
7174,0.56,5.38
7175,0.56,5.38
7176,0.56,5.38
7177,0.56,5.38
7178,0.56,5.38
7179,0.56,5.38
7180,0.56,5.38
7181,0.56,5.38
7182,0.56,5.38
7183,0.56,5.38
7184,0.56,5.38
7185,0.56,5.38
7186,0.56,5.38
7187,0.56,5.38
7188,0.56,5.38
7189,0.56,5.38
7190,0.56,5.38
7191,0.56,5.38
7192,0.56,5.38
7193,0.56,5.38
7194,0.56,5.38
7195,0.56,5.38
7196,0.56,5.38
7197,0.56,5.38
7198,0.56,5.38
7199,0.56,5.38
7200,0.56,5.38
7201,0.56,5.39
7202,0.56,5.39
7203,0.56,5.39
7204,0.56,5.39
7205,0.56,5.39
7206,0.56,5.39
7207,0.56,5.39
7208,0.56,5.39
7209,0.56,5.39
7210,0.56,5.39
7211,0.56,5.39
7212,0.56,5.39
7213,0.56,5.39
7214,0.56,5.39
7215,0.56,5.39
7216,0.56,5.39
7217,0.56,5.39
7218,0.56,5.39
7219,0.56,5.39
7220,0.56,5.38
7221,0.56,5.38
7222,0.56,5.38
7223,0.56,5.38
7224,0.56,5.38
7225,0.56,5.38
7226,0.56,5.38
7227,0.56,5.38
7228,0.56,5.38
7229,0.57,5.38
7230,0.56,5.38
7231,0.56,5.38
7232,0.56,5.38
7233,0.56,5.38
7234,0.56,5.38
7235,0.56,5.38
7236,0.56,5.38
7237,0.56,5.38
7238,0.56,5.38
7239,0.56,5.38
7240,0.56,5.38
7241,0.56,5.38
7242,0.56,5.38
7243,0.56,5.38
7244,0.56,5.38
7245,0.56,5.38
7246,0.56,5.39
7247,0.56,5.39
7248,0.56,5.39
7249,0.56,5.39
7250,0.56,5.39
7251,0.56,5.39
7252,0.56,5.39
7253,0.56,5.39
7254,0.56,5.39
7255,0.56,5.39
7256,0.56,5.39
7257,0.56,5.39
7258,0.56,5.39
7259,0.56,5.39
7260,0.56,5.39
7261,0.56,5.39
7262,0.56,5.39
7263,0.56,5.39
7264,0.56,5.39
7265,0.56,5.39
7266,0.56,5.39
7267,0.56,5.39
7268,0.56,5.39
7269,0.56,5.39
7270,0.56,5.39
7271,0.56,5.39
7272,0.56,5.39
7273,0.56,5.39
7274,0.56,5.39
7275,0.56,5.39
7276,0.56,5.39
7277,0.56,5.39
7278,0.56,5.38
7279,0.56,5.38
7280,0.56,5.38
7281,0.56,5.38
7282,0.56,5.38
7283,0.56,5.38
7284,0.56,5.38
7285,0.56,5.38
7286,0.56,5.38
7287,0.56,5.38
7288,0.56,5.38
7289,0.56,5.38
7290,0.56,5.38
7291,0.56,5.38
7292,0.56,5.39
7293,0.56,5.39
7294,0.56,5.39
7295,0.56,5.39
7296,0.56,5.39
7297,0.56,5.39
7298,0.56,5.39
7299,0.56,5.39
7300,0.56,5.39
7301,0.57,5.39
7302,0.56,5.39
7303,0.56,5.39
7304,0.56,5.39
7305,0.57,5.39
7306,0.56,5.39
7307,0.57,5.39
7308,0.56,5.39
7309,0.56,5.39
7310,0.56,5.39
7311,0.57,5.39
7312,0.57,5.39
7313,0.57,5.39
7314,0.57,5.39
7315,0.57,5.39
7316,0.56,5.39
7317,0.57,5.39
7318,0.56,5.39
7319,0.57,5.39
7320,0.57,5.39
7321,0.57,5.39
7322,0.56,5.39
7323,0.57,5.39
7324,0.57,5.39
7325,0.57,5.39
7326,0.57,5.39
7327,0.57,5.39
7328,0.57,5.39
7329,0.57,5.39
7330,0.57,5.39
7331,0.57,5.39
7332,0.57,5.39
7333,0.57,5.39
7334,0.57,5.39
7335,0.57,5.39
7336,0.56,5.39
7337,0.57,5.39
7338,0.56,5.39
7339,0.57,5.39
7340,0.57,5.39
7341,0.57,5.39
7342,0.57,5.39
7343,0.57,5.39
7344,0.56,5.4
7345,0.57,5.4
7346,0.57,5.4
7347,0.57,5.4
7348,0.57,5.4
7349,0.57,5.4
7350,0.58,5.4
7351,0.57,5.4
7352,0.57,5.4
7353,0.57,5.4
7354,0.57,5.4
7355,0.57,5.4
7356,0.57,5.4
7357,0.57,5.4
7358,0.57,5.4
7359,0.57,5.4
7360,0.57,5.4
7361,0.57,5.4
7362,0.57,5.4
7363,0.57,5.4
7364,0.57,5.4
7365,0.57,5.4
7366,0.57,5.4
7367,0.57,5.4
7368,0.57,5.4
7369,0.57,5.4
7370,0.57,5.4
7371,0.57,5.4
7372,0.57,5.4
7373,0.57,5.4
7374,0.57,5.4
7375,0.57,5.4
7376,0.57,5.4
7377,0.57,5.4
7378,0.57,5.4
7379,0.57,5.4
7380,0.57,5.4
7381,0.57,5.4
7382,0.57,5.4
7383,0.57,5.4
7384,0.57,5.4
7385,0.56,5.4
7386,0.57,5.4
7387,0.57,5.4
7388,0.57,5.4
7389,0.57,5.4
7390,0.57,5.4
7391,0.57,5.4
7392,0.57,5.4
7393,0.57,5.4
7394,0.57,5.4
7395,0.57,5.4
7396,0.57,5.4
7397,0.57,5.4
7398,0.57,5.4
7399,0.57,5.4
7400,0.57,5.4
7401,0.57,5.4
7402,0.57,5.4
7403,0.57,5.4
7404,0.57,5.4
7405,0.57,5.4
7406,0.57,5.4
7407,0.57,5.4
7408,0.57,5.4
7409,0.57,5.4
7410,0.57,5.4
7411,0.57,5.4
7412,0.57,5.4
7413,0.57,5.4
7414,0.56,5.4
7415,0.57,5.4
7416,0.57,5.4
7417,0.57,5.4
7418,0.57,5.4
7419,0.57,5.4
7420,0.57,5.4
7421,0.57,5.4
7422,0.57,5.4
7423,0.57,5.4
7424,0.57,5.4
7425,0.57,5.4
7426,0.57,5.4
7427,0.57,5.4
7428,0.57,5.4
7429,0.57,5.4
7430,0.57,5.4
7431,0.57,5.4
7432,0.56,5.4
7433,0.56,5.4
7434,0.56,5.4
7435,0.57,5.4
7436,0.57,5.4
7437,0.57,5.4
7438,0.57,5.4
7439,0.57,5.4
7440,0.57,5.4
7441,0.57,5.4
7442,0.57,5.4
7443,0.57,5.4
7444,0.56,5.4
7445,0.57,5.4
7446,0.57,5.4
7447,0.57,5.4
7448,0.57,5.4
7449,0.57,5.4
7450,0.57,5.4
7451,0.57,5.4
7452,0.57,5.4
7453,0.57,5.4
7454,0.57,5.4
7455,0.57,5.4
7456,0.57,5.4
7457,0.57,5.4
7458,0.57,5.4
7459,0.57,5.4
7460,0.57,5.4
7461,0.57,5.4
7462,0.57,5.4
7463,0.57,5.4
7464,0.57,5.4
7465,0.57,5.4
7466,0.57,5.4
7467,0.57,5.4
7468,0.57,5.4
7469,0.57,5.4
7470,0.57,5.4
7471,0.57,5.4
7472,0.57,5.4
7473,0.57,5.4
7474,0.56,5.4
7475,0.57,5.4
7476,0.57,5.4
7477,0.56,5.4
7478,0.57,5.4
7479,0.57,5.4
7480,0.57,5.4
7481,0.57,5.4
7482,0.57,5.4
7483,0.57,5.4
7484,0.56,5.4
7485,0.57,5.4
7486,0.57,5.4
7487,0.57,5.4
7488,0.57,5.4
7489,0.57,5.4
7490,0.57,5.4
7491,0.57,5.4
7492,0.57,5.4
7493,0.57,5.4
7494,0.57,5.4
7495,0.57,5.4
7496,0.57,5.4
7497,0.57,5.4
7498,0.57,5.4
7499,0.57,5.4
7500,0.57,5.4
7501,0.57,5.4
7502,0.57,5.4
7503,0.57,5.4
7504,0.57,5.4
7505,0.57,5.4
7506,0.57,5.4
7507,0.57,5.4
7508,0.57,5.4
7509,0.57,5.4
7510,0.57,5.4
7511,0.57,5.4
7512,0.57,5.4
7513,0.57,5.4
7514,0.57,5.4
7515,0.57,5.4
7516,0.57,5.4
7517,0.57,5.4
7518,0.57,5.4
7519,0.57,5.4
7520,0.57,5.4
7521,0.57,5.4
7522,0.57,5.4
7523,0.57,5.4
7524,0.57,5.4
7525,0.57,5.4
7526,0.57,5.4
7527,0.57,5.4
7528,0.57,5.4
7529,0.57,5.4
7530,0.57,5.4
7531,0.57,5.4
7532,0.56,5.4
7533,0.57,5.4
7534,0.56,5.4
7535,0.57,5.4
7536,0.57,5.4
7537,0.57,5.4
7538,0.57,5.4
7539,0.57,5.4
7540,0.57,5.4
7541,0.57,5.4
7542,0.57,5.4
7543,0.57,5.4
7544,0.57,5.4
7545,0.56,5.4
7546,0.57,5.4
7547,0.57,5.4
7548,0.57,5.4
7549,0.57,5.4
7550,0.57,5.4
7551,0.56,5.4
7552,0.56,5.4
7553,0.57,5.4
7554,0.57,5.4
7555,0.57,5.4
7556,0.57,5.4
7557,0.57,5.4
7558,0.57,5.4
7559,0.57,5.4
7560,0.57,5.4
7561,0.57,5.4
7562,0.57,5.4
7563,0.57,5.4
7564,0.57,5.4
7565,0.57,5.4
7566,0.57,5.4
7567,0.57,5.4
7568,0.57,5.4
7569,0.57,5.4
7570,0.57,5.4
7571,0.56,5.4
7572,0.57,5.4
7573,0.57,5.4
7574,0.57,5.4
7575,0.57,5.4
7576,0.57,5.4
7577,0.57,5.4
7578,0.57,5.4
7579,0.57,5.4
7580,0.57,5.4
7581,0.56,5.4
7582,0.57,5.4
7583,0.57,5.4
7584,0.56,5.4
7585,0.57,5.4
7586,0.57,5.4
7587,0.57,5.4
7588,0.56,5.4
7589,0.57,5.4
7590,0.57,5.4
7591,0.57,5.4
7592,0.57,5.4
7593,0.57,5.4
7594,0.57,5.4
7595,0.57,5.4
7596,0.57,5.4
7597,0.57,5.4
7598,0.57,5.4
7599,0.57,5.4
7600,0.58,5.4
7601,0.57,5.4
7602,0.57,5.4
7603,0.57,5.4
7604,0.57,5.4
7605,0.57,5.4
7606,0.57,5.4
7607,0.57,5.4
7608,0.57,5.4
7609,0.57,5.4
7610,0.57,5.4
7611,0.57,5.4
7612,0.57,5.4
7613,0.57,5.4
7614,0.57,5.4
7615,0.57,5.4
7616,0.57,5.4
7617,0.57,5.4
7618,0.57,5.4
7619,0.57,5.4
7620,0.57,5.4
7621,0.57,5.4
7622,0.57,5.4
7623,0.57,5.4
7624,0.57,5.4
7625,0.57,5.4
7626,0.57,5.4
7627,0.58,5.4
7628,0.57,5.4
7629,0.57,5.4
7630,0.57,5.4
7631,0.58,5.4
7632,0.57,5.4
7633,0.58,5.4
7634,0.58,5.4
7635,0.58,5.4
7636,0.58,5.4
7637,0.58,5.4
7638,0.58,5.4
7639,0.58,5.4
7640,0.58,5.4
7641,0.58,5.4
7642,0.58,5.4
7643,0.58,5.4
7644,0.58,5.41
7645,0.58,5.41
7646,0.58,5.41
7647,0.58,5.41
7648,0.58,5.41
7649,0.58,5.41
7650,0.58,5.41
7651,0.58,5.41
7652,0.58,5.41
7653,0.58,5.41
7654,0.58,5.41
7655,0.58,5.41
7656,0.58,5.41
7657,0.58,5.41
7658,0.58,5.41
7659,0.58,5.41
7660,0.58,5.41
7661,0.58,5.41
7662,0.58,5.41
7663,0.57,5.41
7664,0.57,5.41
7665,0.58,5.41
7666,0.58,5.41
7667,0.57,5.41
7668,0.58,5.41
7669,0.58,5.41
7670,0.57,5.41
7671,0.58,5.41
7672,0.57,5.41
7673,0.57,5.41
7674,0.57,5.41
7675,0.57,5.41
7676,0.57,5.41
7677,0.57,5.41
7678,0.58,5.41
7679,0.58,5.41
7680,0.58,5.41
7681,0.58,5.41
7682,0.58,5.41
7683,0.58,5.41
7684,0.57,5.41
7685,0.58,5.41
7686,0.58,5.41
7687,0.57,5.41
7688,0.58,5.41
7689,0.58,5.41
7690,0.58,5.41
7691,0.58,5.41
7692,0.58,5.41
7693,0.58,5.41
7694,0.58,5.41
7695,0.58,5.41
7696,0.58,5.41
7697,0.57,5.41
7698,0.58,5.41
7699,0.58,5.41
7700,0.58,5.41
7701,0.58,5.41
7702,0.58,5.41
7703,0.58,5.41
7704,0.57,5.41
7705,0.58,5.41
7706,0.58,5.41
7707,0.58,5.41
7708,0.58,5.41
7709,0.58,5.41
7710,0.58,5.41
7711,0.58,5.41
7712,0.58,5.41
7713,0.58,5.42
7714,0.58,5.42
7715,0.58,5.42
7716,0.58,5.42
7717,0.58,5.42
7718,0.58,5.42
7719,0.58,5.42
7720,0.58,5.42
7721,0.58,5.42
7722,0.58,5.42
7723,0.58,5.42
7724,0.58,5.42
7725,0.58,5.41
7726,0.58,5.41
7727,0.58,5.41
7728,0.58,5.41
7729,0.58,5.41
7730,0.58,5.41
7731,0.58,5.41
7732,0.58,5.41
7733,0.58,5.41
7734,0.58,5.41
7735,0.57,5.41
7736,0.58,5.41
7737,0.58,5.41
7738,0.58,5.41
7739,0.58,5.41
7740,0.58,5.41
7741,0.57,5.41
7742,0.58,5.41
7743,0.58,5.41
7744,0.58,5.41
7745,0.57,5.41
7746,0.57,5.41
7747,0.58,5.41
7748,0.58,5.41
7749,0.58,5.41
7750,0.58,5.41
7751,0.57,5.41
7752,0.58,5.41
7753,0.58,5.41
7754,0.58,5.41
7755,0.58,5.41
7756,0.58,5.41
7757,0.58,5.41
7758,0.58,5.41
7759,0.58,5.41
7760,0.58,5.42
7761,0.57,5.42
7762,0.57,5.42
7763,0.57,5.42
7764,0.58,5.42
7765,0.58,5.42
7766,0.58,5.42
7767,0.58,5.42
7768,0.57,5.42
7769,0.58,5.42
7770,0.58,5.42
7771,0.58,5.42
7772,0.57,5.42
7773,0.58,5.42
7774,0.58,5.42
7775,0.58,5.42
7776,0.58,5.42
7777,0.57,5.42
7778,0.57,5.42
7779,0.58,5.42
7780,0.58,5.42
7781,0.58,5.41
7782,0.58,5.41
7783,0.58,5.41
7784,0.58,5.41
7785,0.57,5.41
7786,0.58,5.41
7787,0.58,5.41
7788,0.58,5.41
7789,0.58,5.41
7790,0.58,5.41
7791,0.58,5.41
7792,0.57,5.41
7793,0.57,5.41
7794,0.58,5.41
7795,0.57,5.41
7796,0.58,5.41
7797,0.58,5.41
7798,0.58,5.41
7799,0.58,5.41
7800,0.58,5.41
7801,0.58,5.41
7802,0.58,5.41
7803,0.58,5.41
7804,0.57,5.41
7805,0.58,5.41
7806,0.57,5.41
7807,0.58,5.41
7808,0.58,5.42
7809,0.58,5.42
7810,0.58,5.42
7811,0.58,5.42
7812,0.58,5.42
7813,0.58,5.42
7814,0.58,5.42
7815,0.58,5.42
7816,0.58,5.42
7817,0.58,5.42
7818,0.57,5.42
7819,0.58,5.42
7820,0.58,5.42
7821,0.58,5.42
7822,0.58,5.42
7823,0.58,5.42
7824,0.58,5.42
7825,0.58,5.42
7826,0.58,5.42
7827,0.58,5.42
7828,0.58,5.42
7829,0.58,5.42
7830,0.58,5.42
7831,0.57,5.42
7832,0.58,5.42
7833,0.58,5.42
7834,0.58,5.41
7835,0.58,5.41
7836,0.58,5.41
7837,0.58,5.41
7838,0.58,5.41
7839,0.58,5.41
7840,0.58,5.41
7841,0.58,5.41
7842,0.58,5.41
7843,0.57,5.41
7844,0.58,5.41
7845,0.57,5.41
7846,0.58,5.41
7847,0.58,5.41
7848,0.58,5.41
7849,0.58,5.41
7850,0.58,5.41
7851,0.58,5.41
7852,0.58,5.41
7853,0.58,5.41
7854,0.57,5.41
7855,0.58,5.41
7856,0.58,5.41
7857,0.58,5.41
7858,0.58,5.41
7859,0.58,5.42
7860,0.58,5.42
7861,0.58,5.42
7862,0.58,5.42
7863,0.58,5.42
7864,0.58,5.42
7865,0.58,5.42
7866,0.58,5.42
7867,0.58,5.42
7868,0.58,5.42
7869,0.58,5.42
7870,0.58,5.42
7871,0.58,5.42
7872,0.58,5.42
7873,0.58,5.42
7874,0.58,5.42
7875,0.58,5.42
7876,0.58,5.42
7877,0.58,5.42
7878,0.58,5.42
7879,0.58,5.42
7880,0.58,5.42
7881,0.57,5.42
7882,0.57,5.42
7883,0.58,5.42
7884,0.58,5.42
7885,0.58,5.42
7886,0.58,5.41
7887,0.58,5.41
7888,0.58,5.41
7889,0.58,5.41
7890,0.58,5.41
7891,0.58,5.41
7892,0.58,5.41
7893,0.58,5.41
7894,0.58,5.41
7895,0.58,5.41
7896,0.58,5.41
7897,0.58,5.41
7898,0.58,5.41
7899,0.58,5.41
7900,0.58,5.41
7901,0.57,5.41
7902,0.58,5.41
7903,0.58,5.41
7904,0.58,5.41
7905,0.58,5.41
7906,0.58,5.41
7907,0.58,5.41
7908,0.58,5.41
7909,0.58,5.41
7910,0.58,5.41
7911,0.58,5.42
7912,0.58,5.42
7913,0.58,5.42
7914,0.58,5.42
7915,0.58,5.42
7916,0.58,5.42
7917,0.58,5.42
7918,0.58,5.42
7919,0.58,5.42
7920,0.58,5.42
7921,0.58,5.42
7922,0.58,5.42
7923,0.58,5.42
7924,0.58,5.42
7925,0.57,5.42
7926,0.58,5.42
7927,0.58,5.42
7928,0.58,5.42
7929,0.58,5.42
7930,0.58,5.42
7931,0.58,5.42
7932,0.58,5.42
7933,0.57,5.42
7934,0.57,5.42
7935,0.58,5.41
7936,0.57,5.41
7937,0.58,5.41
7938,0.58,5.41
7939,0.58,5.41
7940,0.57,5.41
7941,0.58,5.41
7942,0.58,5.41
7943,0.58,5.41
7944,0.58,5.41
7945,0.58,5.41
7946,0.58,5.41
7947,0.57,5.41
7948,0.58,5.41
7949,0.58,5.41
7950,0.58,5.41
7951,0.58,5.41
7952,0.58,5.41
7953,0.58,5.41
7954,0.57,5.41
7955,0.58,5.41
7956,0.58,5.41
7957,0.58,5.41
7958,0.58,5.41
7959,0.58,5.41
7960,0.58,5.41
7961,0.58,5.42
7962,0.58,5.42
7963,0.58,5.42
7964,0.57,5.42
7965,0.58,5.42
7966,0.58,5.42
7967,0.58,5.42
7968,0.58,5.42
7969,0.58,5.42
7970,0.58,5.42
7971,0.58,5.42
7972,0.58,5.42
7973,0.58,5.42
7974,0.58,5.42
7975,0.58,5.42
7976,0.58,5.42
7977,0.57,5.42
7978,0.58,5.42
7979,0.58,5.42
7980,0.58,5.42
7981,0.58,5.42
7982,0.58,5.42
7983,0.58,5.42
7984,0.58,5.42
7985,0.58,5.42
7986,0.58,5.42
7987,0.58,5.42
7988,0.58,5.42
7989,0.58,5.42
7990,0.58,5.41
7991,0.58,5.41
7992,0.58,5.41
7993,0.58,5.41
7994,0.58,5.41
7995,0.58,5.41
7996,0.58,5.41
7997,0.58,5.41
7998,0.57,5.41
7999,0.58,5.41
8000,0.58,5.41
8001,0.58,5.41
8002,0.58,5.41
8003,0.58,5.41
8004,0.57,5.41
8005,0.58,5.41
8006,0.58,5.41
8007,0.58,5.41
8008,0.58,5.41
8009,0.58,5.41
8010,0.58,5.42
8011,0.58,5.42
8012,0.57,5.42
8013,0.58,5.42
8014,0.58,5.42
8015,0.58,5.42
8016,0.58,5.42
8017,0.58,5.42
8018,0.58,5.42
8019,0.58,5.42
8020,0.58,5.42
8021,0.58,5.42
8022,0.58,5.42
8023,0.58,5.42
8024,0.58,5.42
8025,0.58,5.42
8026,0.58,5.42
8027,0.58,5.42
8028,0.58,5.42
8029,0.58,5.42
8030,0.58,5.42
8031,0.58,5.42
8032,0.57,5.42
8033,0.58,5.42
8034,0.58,5.42
8035,0.58,5.42
8036,0.58,5.42
8037,0.58,5.42
8038,0.57,5.42
8039,0.58,5.42
8040,0.58,5.41
8041,0.58,5.41
8042,0.58,5.41
8043,0.58,5.41
8044,0.58,5.41
8045,0.58,5.41
8046,0.58,5.41
8047,0.58,5.41
8048,0.58,5.41
8049,0.58,5.41
8050,0.58,5.41
8051,0.58,5.41
8052,0.58,5.41
8053,0.58,5.41
8054,0.57,5.41
8055,0.58,5.41
8056,0.57,5.41
8057,0.58,5.41
8058,0.58,5.41
8059,0.58,5.41
8060,0.58,5.42
8061,0.58,5.42
8062,0.58,5.42
8063,0.58,5.42
8064,0.58,5.42
8065,0.58,5.42
8066,0.57,5.42
8067,0.58,5.42
8068,0.58,5.42
8069,0.58,5.42
8070,0.58,5.42
8071,0.58,5.42
8072,0.58,5.42
8073,0.58,5.42
8074,0.58,5.42
8075,0.58,5.42
8076,0.57,5.42
8077,0.58,5.42
8078,0.58,5.42
8079,0.57,5.42
8080,0.58,5.42
8081,0.57,5.42
8082,0.57,5.42
8083,0.57,5.42
8084,0.58,5.42
8085,0.58,5.42
8086,0.57,5.42
8087,0.58,5.42
8088,0.57,5.42
8089,0.57,5.42
8090,0.57,5.41
8091,0.57,5.41
8092,0.57,5.41
8093,0.57,5.41
8094,0.58,5.41
8095,0.57,5.41
8096,0.57,5.41
8097,0.57,5.41
8098,0.57,5.41
8099,0.58,5.41
8100,0.58,5.41
8101,0.58,5.41
8102,0.58,5.41
8103,0.57,5.41
8104,0.58,5.41
8105,0.58,5.41
8106,0.58,5.41
8107,0.58,5.41
8108,0.58,5.41
8109,0.58,5.41
8110,0.58,5.41
8111,0.58,5.41
8112,0.58,5.41
8113,0.58,5.41
8114,0.57,5.41
8115,0.57,5.41
8116,0.58,5.41
8117,0.57,5.41
8118,0.57,5.41
8119,0.58,5.41
8120,0.57,5.41
8121,0.57,5.41
8122,0.57,5.42
8123,0.57,5.42
8124,0.57,5.42
8125,0.57,5.42
8126,0.57,5.42
8127,0.57,5.42
8128,0.57,5.42
8129,0.57,5.42
8130,0.57,5.42
8131,0.57,5.42
8132,0.57,5.42
8133,0.57,5.42
8134,0.57,5.42
8135,0.57,5.42
8136,0.57,5.42
8137,0.57,5.41
8138,0.57,5.41
8139,0.57,5.41
8140,0.57,5.41
8141,0.57,5.41
8142,0.57,5.41
8143,0.57,5.41
8144,0.57,5.41
8145,0.57,5.41
8146,0.57,5.41
8147,0.57,5.41
8148,0.56,5.41
8149,0.57,5.41
8150,0.57,5.41
8151,0.57,5.41
8152,0.57,5.41
8153,0.57,5.41
8154,0.57,5.41
8155,0.57,5.4
8156,0.57,5.4
8157,0.57,5.4
8158,0.57,5.4
8159,0.58,5.4
8160,0.57,5.4
8161,0.57,5.4
8162,0.57,5.4
8163,0.58,5.4
8164,0.58,5.4
8165,0.58,5.41
8166,0.58,5.41
8167,0.58,5.41
8168,0.57,5.41
8169,0.58,5.41
8170,0.57,5.41
8171,0.57,5.41
8172,0.57,5.41
8173,0.57,5.41
8174,0.57,5.41
8175,0.57,5.41
8176,0.57,5.41
8177,0.57,5.41
8178,0.57,5.41
8179,0.57,5.41
8180,0.58,5.41
8181,0.57,5.41
8182,0.57,5.41
8183,0.57,5.41
8184,0.56,5.41
8185,0.57,5.41
8186,0.57,5.41
8187,0.57,5.41
8188,0.57,5.41
8189,0.57,5.41
8190,0.57,5.41
8191,0.57,5.41
8192,0.57,5.41
8193,0.57,5.41
8194,0.57,5.41
8195,0.57,5.41
8196,0.57,5.41
8197,0.57,5.41
8198,0.57,5.41
8199,0.57,5.41
8200,0.57,5.4
8201,0.57,5.4
8202,0.57,5.4
8203,0.57,5.4
8204,0.57,5.4
8205,0.57,5.4
8206,0.57,5.4
8207,0.57,5.4
8208,0.57,5.4
8209,0.57,5.4
8210,0.57,5.4
8211,0.56,5.4
8212,0.57,5.4
8213,0.57,5.4
8214,0.57,5.4
8215,0.57,5.4
8216,0.57,5.4
8217,0.57,5.4
8218,0.57,5.4
8219,0.57,5.4
8220,0.58,5.4
8221,0.57,5.4
8222,0.57,5.4
8223,0.57,5.4
8224,0.57,5.4
8225,0.57,5.4
8226,0.57,5.4
8227,0.57,5.4
8228,0.57,5.41
8229,0.57,5.41
8230,0.57,5.41
8231,0.57,5.41
8232,0.57,5.41
8233,0.57,5.41
8234,0.57,5.41
8235,0.57,5.41
8236,0.57,5.41
8237,0.57,5.41
8238,0.57,5.41
8239,0.57,5.41
8240,0.57,5.41
8241,0.57,5.41
8242,0.57,5.41
8243,0.57,5.41
8244,0.57,5.41
8245,0.57,5.41
8246,0.57,5.4
8247,0.57,5.4
8248,0.57,5.4
8249,0.57,5.4
8250,0.57,5.4
8251,0.57,5.4
8252,0.57,5.4
8253,0.57,5.4
8254,0.57,5.4
8255,0.57,5.4
8256,0.57,5.4
8257,0.57,5.4
8258,0.57,5.4
8259,0.57,5.4
8260,0.57,5.4
8261,0.57,5.4
8262,0.56,5.4
8263,0.57,5.4
8264,0.57,5.4
8265,0.57,5.4
8266,0.57,5.4
8267,0.57,5.4
8268,0.57,5.4
8269,0.57,5.4
8270,0.57,5.4
8271,0.57,5.4
8272,0.57,5.4
8273,0.57,5.4
8274,0.57,5.4
8275,0.57,5.4
8276,0.57,5.4
8277,0.57,5.4
8278,0.57,5.4
8279,0.57,5.4
8280,0.57,5.4
8281,0.57,5.41
8282,0.56,5.41
8283,0.57,5.41
8284,0.57,5.41
8285,0.57,5.41
8286,0.57,5.41
8287,0.57,5.41
8288,0.57,5.41
8289,0.57,5.41
8290,0.57,5.41
8291,0.57,5.41
8292,0.57,5.41
8293,0.57,5.41
8294,0.57,5.41
8295,0.57,5.41
8296,0.57,5.4
8297,0.57,5.4
8298,0.57,5.4
8299,0.57,5.4
8300,0.57,5.4
8301,0.57,5.4
8302,0.57,5.4
8303,0.57,5.4
8304,0.57,5.4
8305,0.57,5.4
8306,0.56,5.4
8307,0.57,5.4
8308,0.57,5.4
8309,0.57,5.4
8310,0.57,5.4
8311,0.58,5.4
8312,0.57,5.4
8313,0.57,5.4
8314,0.57,5.4
8315,0.57,5.4
8316,0.57,5.4
8317,0.57,5.4
8318,0.57,5.4
8319,0.57,5.4
8320,0.57,5.4
8321,0.57,5.4
8322,0.57,5.4
8323,0.57,5.4
8324,0.57,5.4
8325,0.57,5.4
8326,0.57,5.4
8327,0.57,5.4
8328,0.57,5.4
8329,0.57,5.4
8330,0.57,5.4
8331,0.57,5.4
8332,0.57,5.4
8333,0.57,5.4
8334,0.57,5.4
8335,0.57,5.4
8336,0.57,5.4
8337,0.57,5.4
8338,0.57,5.4
8339,0.57,5.4
8340,0.57,5.4
8341,0.57,5.4
8342,0.57,5.4
8343,0.57,5.4
8344,0.57,5.4
8345,0.57,5.4
8346,0.57,5.4
8347,0.57,5.4
8348,0.57,5.4
8349,0.57,5.4
8350,0.57,5.4
8351,0.57,5.4
8352,0.57,5.4
8353,0.57,5.4
8354,0.57,5.4
8355,0.57,5.4
8356,0.57,5.4
8357,0.57,5.4
8358,0.57,5.4
8359,0.57,5.4
8360,0.57,5.4
8361,0.57,5.4
8362,0.57,5.4
8363,0.57,5.4
8364,0.57,5.4
8365,0.57,5.4
8366,0.57,5.4
8367,0.57,5.4
8368,0.57,5.4
8369,0.57,5.4
8370,0.57,5.4
8371,0.57,5.4
8372,0.57,5.4
8373,0.57,5.4
8374,0.56,5.4
8375,0.57,5.4
8376,0.57,5.4
8377,0.57,5.4
8378,0.57,5.4
8379,0.57,5.4
8380,0.57,5.4
8381,0.57,5.4
8382,0.56,5.4
8383,0.57,5.4
8384,0.57,5.4
8385,0.57,5.4
8386,0.57,5.4
8387,0.57,5.4
8388,0.57,5.4
8389,0.57,5.4
8390,0.57,5.4
8391,0.57,5.4
8392,0.57,5.4
8393,0.57,5.4
8394,0.57,5.4
8395,0.57,5.4
8396,0.57,5.4
8397,0.57,5.4
8398,0.57,5.4
8399,0.57,5.4
8400,0.57,5.4
8401,0.57,5.4
8402,0.57,5.4
8403,0.57,5.4
8404,0.57,5.4
8405,0.57,5.4
8406,0.57,5.4
8407,0.57,5.4
8408,0.57,5.4
8409,0.57,5.4
8410,0.57,5.4
8411,0.57,5.4
8412,0.57,5.4
8413,0.57,5.4
8414,0.57,5.4
8415,0.57,5.4
8416,0.57,5.4
8417,0.57,5.4
8418,0.57,5.4
8419,0.57,5.4
8420,0.57,5.4
8421,0.57,5.4
8422,0.57,5.4
8423,0.57,5.4
8424,0.57,5.4
8425,0.57,5.4
8426,0.57,5.4
8427,0.57,5.4
8428,0.57,5.4
8429,0.57,5.4
8430,0.57,5.4
8431,0.57,5.4
8432,0.57,5.4
8433,0.57,5.4
8434,0.57,5.4
8435,0.57,5.4
8436,0.57,5.4
8437,0.57,5.41
8438,0.57,5.41
8439,0.57,5.41
8440,0.57,5.41
8441,0.57,5.41
8442,0.57,5.41
8443,0.57,5.41
8444,0.56,5.41
8445,0.57,5.41
8446,0.57,5.4
8447,0.57,5.4
8448,0.57,5.4
8449,0.57,5.4
8450,0.57,5.4
8451,0.57,5.4
8452,0.57,5.4
8453,0.57,5.4
8454,0.57,5.4
8455,0.57,5.4
8456,0.57,5.4
8457,0.57,5.4
8458,0.57,5.4
8459,0.57,5.4
8460,0.57,5.4
8461,0.57,5.4
8462,0.57,5.4
8463,0.57,5.4
8464,0.57,5.4
8465,0.57,5.4
8466,0.57,5.4
8467,0.57,5.4
8468,0.57,5.4
8469,0.56,5.4
8470,0.57,5.4
8471,0.57,5.4
8472,0.57,5.4
8473,0.57,5.4
8474,0.57,5.4
8475,0.57,5.4
8476,0.57,5.4
8477,0.57,5.4
8478,0.56,5.4
8479,0.57,5.4
8480,0.57,5.4
8481,0.57,5.4
8482,0.57,5.4
8483,0.57,5.4
8484,0.57,5.4
8485,0.57,5.4
8486,0.57,5.4
8487,0.57,5.4
8488,0.57,5.4
8489,0.57,5.4
8490,0.57,5.4
8491,0.57,5.4
8492,0.57,5.4
8493,0.58,5.4
8494,0.57,5.4
8495,0.57,5.4
8496,0.57,5.4
8497,0.57,5.4
8498,0.57,5.4
8499,0.57,5.4
8500,0.57,5.4
8501,0.57,5.4
8502,0.57,5.4
8503,0.57,5.4
8504,0.56,5.4
8505,0.57,5.4
8506,0.57,5.4
8507,0.57,5.4
8508,0.57,5.4
8509,0.57,5.4
8510,0.57,5.4
8511,0.57,5.4
8512,0.56,5.4
8513,0.57,5.4
8514,0.57,5.4
8515,0.57,5.4
8516,0.57,5.4
8517,0.57,5.4
8518,0.57,5.4
8519,0.57,5.4
8520,0.57,5.4
8521,0.57,5.4
8522,0.57,5.4
8523,0.57,5.4
8524,0.57,5.4
8525,0.57,5.4
8526,0.57,5.4
8527,0.57,5.4
8528,0.57,5.4
8529,0.57,5.4
8530,0.57,5.4
8531,0.57,5.4
8532,0.57,5.4
8533,0.57,5.4
8534,0.57,5.4
8535,0.57,5.4
8536,0.57,5.4
8537,0.57,5.4
8538,0.57,5.4
8539,0.57,5.4
8540,0.57,5.4
8541,0.58,5.4
8542,0.57,5.4
8543,0.57,5.4
8544,0.57,5.4
8545,0.57,5.4
8546,0.57,5.4
8547,0.57,5.4
8548,0.57,5.4
8549,0.57,5.4
8550,0.57,5.4
8551,0.57,5.4
8552,0.57,5.4
8553,0.57,5.4
8554,0.57,5.4
8555,0.57,5.4
8556,0.56,5.4
8557,0.57,5.4
8558,0.57,5.4
8559,0.57,5.4
8560,0.57,5.4
8561,0.57,5.4
8562,0.57,5.4
8563,0.57,5.4
8564,0.57,5.4
8565,0.57,5.4
8566,0.57,5.4
8567,0.57,5.4
8568,0.57,5.4
8569,0.57,5.4
8570,0.57,5.4
8571,0.57,5.4
8572,0.57,5.4
8573,0.57,5.4
8574,0.56,5.4
8575,0.57,5.4
8576,0.57,5.4
8577,0.57,5.4
8578,0.57,5.4
8579,0.57,5.4
8580,0.57,5.4
8581,0.57,5.4
8582,0.57,5.4
8583,0.57,5.4
8584,0.56,5.4
8585,0.57,5.4
8586,0.57,5.4
8587,0.57,5.4
8588,0.57,5.4
8589,0.57,5.4
8590,0.57,5.4
8591,0.57,5.4
8592,0.57,5.4
8593,0.57,5.4
8594,0.56,5.4
8595,0.57,5.4
8596,0.57,5.4
8597,0.57,5.4
8598,0.57,5.4
8599,0.57,5.4
8600,0.57,5.4
8601,0.57,5.4
8602,0.57,5.4
8603,0.57,5.4
8604,0.57,5.4
8605,0.57,5.4
8606,0.57,5.4
8607,0.56,5.4
8608,0.57,5.4
8609,0.57,5.4
8610,0.57,5.4
8611,0.57,5.4
8612,0.57,5.4
8613,0.57,5.4
8614,0.57,5.4
8615,0.57,5.4
8616,0.57,5.4
8617,0.57,5.4
8618,0.57,5.4
8619,0.57,5.4
8620,0.57,5.4
8621,0.57,5.4
8622,0.57,5.4
8623,0.57,5.4
8624,0.57,5.4
8625,0.57,5.4
8626,0.57,5.4
8627,0.57,5.4
8628,0.57,5.4
8629,0.57,5.4
8630,0.57,5.4
8631,0.57,5.4
8632,0.57,5.4
8633,0.56,5.4
8634,0.56,5.4
8635,0.56,5.4
8636,0.56,5.4
8637,0.56,5.41
8638,0.56,5.41
8639,0.57,5.41
8640,0.56,5.41
8641,0.56,5.41
8642,0.56,5.41
8643,0.56,5.4
8644,0.56,5.4
8645,0.56,5.4
8646,0.56,5.4
8647,0.56,5.4
8648,0.56,5.4
8649,0.56,5.4
8650,0.57,5.4
8651,0.56,5.4
8652,0.56,5.4
8653,0.56,5.4
8654,0.56,5.4
8655,0.56,5.4
8656,0.56,5.4
8657,0.56,5.4
8658,0.56,5.4
8659,0.56,5.4
8660,0.56,5.4
8661,0.56,5.4
8662,0.56,5.4
8663,0.56,5.39
8664,0.56,5.39
8665,0.56,5.39
8666,0.56,5.39
8667,0.56,5.39
8668,0.56,5.39
8669,0.56,5.39
8670,0.56,5.39
8671,0.56,5.39
8672,0.56,5.39
8673,0.57,5.39
8674,0.56,5.39
8675,0.56,5.39
8676,0.56,5.39
8677,0.56,5.39
8678,0.56,5.39
8679,0.56,5.39
8680,0.56,5.39
8681,0.56,5.39
8682,0.56,5.39
8683,0.56,5.39
8684,0.56,5.39
8685,0.56,5.39
8686,0.56,5.39
8687,0.56,5.4
8688,0.56,5.4
8689,0.56,5.4
8690,0.57,5.4
8691,0.56,5.4
8692,0.56,5.4
8693,0.56,5.4
8694,0.56,5.4
8695,0.56,5.4
8696,0.56,5.4
8697,0.56,5.4
8698,0.56,5.4
8699,0.56,5.4
8700,0.56,5.4
8701,0.56,5.39
8702,0.56,5.39
8703,0.56,5.39
8704,0.56,5.39
8705,0.56,5.39
8706,0.56,5.39
8707,0.56,5.39
8708,0.56,5.39
8709,0.56,5.39
8710,0.56,5.39
8711,0.56,5.39
8712,0.56,5.39
8713,0.56,5.39
8714,0.56,5.39
8715,0.56,5.39
8716,0.56,5.39
8717,0.56,5.39
8718,0.56,5.39
8719,0.56,5.39
8720,0.56,5.39
8721,0.56,5.39
8722,0.56,5.39
8723,0.56,5.39
8724,0.56,5.39
8725,0.56,5.39
8726,0.56,5.39
8727,0.56,5.39
8728,0.56,5.39
8729,0.56,5.39
8730,0.56,5.39
8731,0.56,5.39
8732,0.56,5.39
8733,0.56,5.39
8734,0.56,5.39
8735,0.56,5.39
8736,0.56,5.39
8737,0.56,5.39
8738,0.56,5.39
8739,0.56,5.39
8740,0.56,5.39
8741,0.56,5.39
8742,0.56,5.39
8743,0.56,5.39
8744,0.56,5.39
8745,0.56,5.39
8746,0.56,5.39
8747,0.56,5.39
8748,0.56,5.39
8749,0.56,5.39
8750,0.56,5.39
8751,0.56,5.39
8752,0.56,5.39
8753,0.56,5.39
8754,0.56,5.39
8755,0.56,5.39
8756,0.56,5.39
8757,0.56,5.39
8758,0.56,5.39
8759,0.56,5.39
8760,0.56,5.39
8761,0.56,5.39
8762,0.56,5.39
8763,0.56,5.39
8764,0.56,5.39
8765,0.56,5.39
8766,0.56,5.39
8767,0.56,5.39
8768,0.56,5.39
8769,0.56,5.39
8770,0.57,5.39
8771,0.56,5.38
8772,0.56,5.38
8773,0.56,5.38
8774,0.56,5.38
8775,0.56,5.38
8776,0.56,5.38
8777,0.56,5.39
8778,0.56,5.39
8779,0.56,5.39
8780,0.56,5.39
8781,0.56,5.39
8782,0.56,5.39
8783,0.56,5.39
8784,0.56,5.39
8785,0.56,5.39
8786,0.56,5.39
8787,0.56,5.39
8788,0.56,5.39
8789,0.56,5.39
8790,0.56,5.39
8791,0.56,5.39
8792,0.56,5.39
8793,0.56,5.39
8794,0.56,5.39
8795,0.56,5.39
8796,0.56,5.39
8797,0.56,5.39
8798,0.56,5.39
8799,0.56,5.39
8800,0.57,5.39
8801,0.56,5.39
8802,0.56,5.39
8803,0.56,5.39
8804,0.56,5.39
8805,0.56,5.39
8806,0.56,5.39
8807,0.56,5.39
8808,0.56,5.39
8809,0.56,5.39
8810,0.56,5.39
8811,0.56,5.39
8812,0.56,5.39
8813,0.56,5.39
8814,0.56,5.39
8815,0.56,5.39
8816,0.56,5.39
8817,0.56,5.38
8818,0.56,5.38
8819,0.56,5.38
8820,0.56,5.38
8821,0.56,5.38
8822,0.56,5.38
8823,0.56,5.38
8824,0.56,5.38
8825,0.56,5.38
8826,0.56,5.38
8827,0.56,5.38
8828,0.56,5.38
8829,0.56,5.38
8830,0.57,5.38
8831,0.56,5.38
8832,0.56,5.39
8833,0.56,5.39
8834,0.56,5.39
8835,0.56,5.39
8836,0.56,5.39
8837,0.56,5.39
8838,0.56,5.39
8839,0.56,5.39
8840,0.57,5.39
8841,0.56,5.39
8842,0.56,5.39
8843,0.56,5.39
8844,0.56,5.39
8845,0.56,5.39
8846,0.56,5.39
8847,0.56,5.39
8848,0.56,5.39
8849,0.56,5.39
8850,0.56,5.39
8851,0.56,5.39
8852,0.56,5.39
8853,0.56,5.39
8854,0.56,5.39
8855,0.56,5.39
8856,0.56,5.39
8857,0.56,5.39
8858,0.56,5.39
8859,0.57,5.39
8860,0.56,5.39
8861,0.56,5.39
8862,0.56,5.39
8863,0.57,5.39
8864,0.56,5.39
8865,0.56,5.39
8866,0.56,5.39
8867,0.56,5.39
8868,0.56,5.39
8869,0.56,5.39
8870,0.56,5.38
8871,0.56,5.38
8872,0.56,5.38
8873,0.56,5.38
8874,0.56,5.38
8875,0.56,5.38
8876,0.56,5.38
8877,0.56,5.38
8878,0.56,5.38
8879,0.56,5.39
8880,0.56,5.39
8881,0.57,5.39
8882,0.56,5.39
8883,0.57,5.39
8884,0.56,5.39
8885,0.56,5.39
8886,0.56,5.39
8887,0.56,5.39
8888,0.56,5.39
8889,0.56,5.39
8890,0.56,5.39
8891,0.56,5.39
8892,0.56,5.39
8893,0.56,5.39
8894,0.56,5.39
8895,0.56,5.39
8896,0.56,5.39
8897,0.56,5.39
8898,0.56,5.39
8899,0.56,5.39
8900,0.56,5.39
8901,0.56,5.39
8902,0.56,5.39
8903,0.56,5.39
8904,0.56,5.39
8905,0.56,5.39
8906,0.56,5.39
8907,0.56,5.39
8908,0.56,5.39
8909,0.56,5.39
8910,0.56,5.39
8911,0.56,5.39
8912,0.56,5.39
8913,0.56,5.39
8914,0.56,5.39
8915,0.56,5.39
8916,0.56,5.39
8917,0.56,5.39
8918,0.56,5.39
8919,0.56,5.39
8920,0.56,5.39
8921,0.56,5.39
8922,0.56,5.39
8923,0.56,5.39
8924,0.56,5.39
8925,0.56,5.39
8926,0.56,5.39
8927,0.56,5.39
8928,0.56,5.39
8929,0.56,5.39
8930,0.56,5.39
8931,0.56,5.39
8932,0.56,5.39
8933,0.56,5.39
8934,0.56,5.39
8935,0.56,5.39
8936,0.56,5.39
8937,0.56,5.39
8938,0.56,5.39
8939,0.56,5.39
8940,0.56,5.39
8941,0.56,5.39
8942,0.56,5.39
8943,0.56,5.39
8944,0.56,5.39
8945,0.56,5.39
8946,0.56,5.39
8947,0.56,5.39
8948,0.56,5.39
8949,0.56,5.39
8950,0.56,5.39
8951,0.56,5.39
8952,0.56,5.39
8953,0.56,5.39
8954,0.56,5.39
8955,0.56,5.39
8956,0.56,5.39
8957,0.56,5.39
8958,0.56,5.39
8959,0.56,5.39
8960,0.56,5.39
8961,0.56,5.39
8962,0.56,5.39
8963,0.56,5.39
8964,0.56,5.39
8965,0.56,5.39
8966,0.56,5.39
8967,0.56,5.39
8968,0.56,5.39
8969,0.56,5.39
8970,0.56,5.39
8971,0.56,5.39
8972,0.56,5.39
8973,0.56,5.39
8974,0.56,5.39
8975,0.56,5.39
8976,0.56,5.39
8977,0.56,5.39
8978,0.56,5.39
8979,0.56,5.39
8980,0.56,5.39
8981,0.56,5.39
8982,0.56,5.39
8983,0.56,5.39
8984,0.56,5.39
8985,0.56,5.39
8986,0.56,5.39
8987,0.56,5.39
8988,0.56,5.39
8989,0.56,5.39
8990,0.56,5.39
8991,0.56,5.39
8992,0.56,5.39
8993,0.56,5.39
8994,0.56,5.39
8995,0.56,5.39
8996,0.56,5.39
8997,0.56,5.39
8998,0.56,5.39
8999,0.56,5.39
9000,0.56,5.39
9001,0.56,5.39
9002,0.56,5.39
9003,0.56,5.39
9004,0.56,5.39
9005,0.56,5.39
9006,0.56,5.39
9007,0.56,5.39
9008,0.56,5.39
9009,0.56,5.39
9010,0.56,5.39
9011,0.56,5.38
9012,0.56,5.38
9013,0.56,5.38
9014,0.56,5.38
9015,0.56,5.38
9016,0.56,5.38
9017,0.56,5.38
9018,0.56,5.38
9019,0.56,5.38
9020,0.56,5.38
9021,0.56,5.38
9022,0.56,5.38
9023,0.56,5.38
9024,0.56,5.38
9025,0.56,5.38
9026,0.56,5.38
9027,0.56,5.38
9028,0.56,5.38
9029,0.56,5.38
9030,0.56,5.38
9031,0.56,5.38
9032,0.56,5.38
9033,0.56,5.38
9034,0.56,5.38
9035,0.56,5.38
9036,0.56,5.38
9037,0.56,5.38
9038,0.56,5.38
9039,0.56,5.38
9040,0.56,5.38
9041,0.56,5.38
9042,0.56,5.38
9043,0.56,5.38
9044,0.56,5.38
9045,0.56,5.38
9046,0.56,5.38
9047,0.56,5.38
9048,0.56,5.38
9049,0.56,5.38
9050,0.56,5.38
9051,0.56,5.38
9052,0.56,5.38
9053,0.56,5.38
9054,0.56,5.38
9055,0.56,5.38
9056,0.56,5.38
9057,0.56,5.38
9058,0.56,5.38
9059,0.56,5.38
9060,0.56,5.38
9061,0.56,5.38
9062,0.56,5.38
9063,0.56,5.38
9064,0.56,5.38
9065,0.56,5.38
9066,0.56,5.38
9067,0.56,5.38
9068,0.56,5.38
9069,0.56,5.38
9070,0.56,5.38
9071,0.56,5.38
9072,0.56,5.38
9073,0.56,5.38
9074,0.56,5.38
9075,0.56,5.38
9076,0.56,5.37
9077,0.56,5.37
9078,0.56,5.37
9079,0.56,5.38
9080,0.56,5.38
9081,0.56,5.38
9082,0.56,5.38
9083,0.56,5.38
9084,0.56,5.38
9085,0.56,5.38
9086,0.56,5.38
9087,0.56,5.38
9088,0.56,5.38
9089,0.56,5.38
9090,0.56,5.38
9091,0.56,5.38
9092,0.56,5.38
9093,0.56,5.38
9094,0.56,5.38
9095,0.56,5.38
9096,0.56,5.38
9097,0.56,5.38
9098,0.56,5.38
9099,0.56,5.38
9100,0.56,5.38
9101,0.56,5.38
9102,0.56,5.38
9103,0.56,5.38
9104,0.56,5.38
9105,0.56,5.38
9106,0.56,5.38
9107,0.56,5.38
9108,0.56,5.38
9109,0.56,5.38
9110,0.56,5.38
9111,0.56,5.38
9112,0.56,5.38
9113,0.56,5.38
9114,0.56,5.38
9115,0.56,5.38
9116,0.56,5.38
9117,0.56,5.38
9118,0.56,5.38
9119,0.56,5.38
9120,0.56,5.38
9121,0.56,5.37
9122,0.56,5.37
9123,0.56,5.37
9124,0.56,5.37
9125,0.56,5.37
9126,0.56,5.37
9127,0.56,5.37
9128,0.56,5.37
9129,0.56,5.37
9130,0.56,5.37
9131,0.56,5.37
9132,0.56,5.37
9133,0.56,5.37
9134,0.56,5.37
9135,0.56,5.37
9136,0.56,5.37
9137,0.56,5.38
9138,0.56,5.38
9139,0.56,5.38
9140,0.56,5.38
9141,0.56,5.38
9142,0.56,5.38
9143,0.56,5.38
9144,0.56,5.38
9145,0.56,5.38
9146,0.56,5.38
9147,0.56,5.38
9148,0.56,5.38
9149,0.56,5.38
9150,0.56,5.38
9151,0.56,5.38
9152,0.56,5.38
9153,0.56,5.38
9154,0.56,5.38
9155,0.56,5.38
9156,0.56,5.38
9157,0.56,5.38
9158,0.56,5.38
9159,0.56,5.38
9160,0.56,5.38
9161,0.56,5.38
9162,0.56,5.38
9163,0.56,5.38
9164,0.56,5.38
9165,0.56,5.38
9166,0.56,5.38
9167,0.56,5.38
9168,0.56,5.38
9169,0.56,5.38
9170,0.56,5.38
9171,0.56,5.38
9172,0.56,5.37
9173,0.56,5.37
9174,0.56,5.37
9175,0.56,5.37
9176,0.56,5.37
9177,0.56,5.37
9178,0.56,5.37
9179,0.56,5.37
9180,0.56,5.37
9181,0.56,5.37
9182,0.56,5.37
9183,0.56,5.37
9184,0.56,5.37
9185,0.56,5.37
9186,0.56,5.37
9187,0.56,5.37
9188,0.56,5.37
9189,0.56,5.38
9190,0.56,5.38
9191,0.56,5.38
9192,0.56,5.38
9193,0.56,5.38
9194,0.56,5.38
9195,0.56,5.38
9196,0.56,5.38
9197,0.56,5.38
9198,0.56,5.38
9199,0.56,5.38
9200,0.56,5.38
9201,0.56,5.38
9202,0.56,5.38
9203,0.56,5.38
9204,0.56,5.38
9205,0.56,5.38
9206,0.56,5.38
9207,0.56,5.38
9208,0.56,5.38
9209,0.56,5.38
9210,0.56,5.38
9211,0.56,5.38
9212,0.56,5.38
9213,0.56,5.38
9214,0.56,5.38
9215,0.56,5.38
9216,0.56,5.38
9217,0.56,5.38
9218,0.56,5.38
9219,0.56,5.38
9220,0.56,5.38
9221,0.56,5.37
9222,0.56,5.37
9223,0.56,5.37
9224,0.56,5.37
9225,0.56,5.37
9226,0.56,5.37
9227,0.56,5.37
9228,0.56,5.37
9229,0.56,5.37
9230,0.56,5.37
9231,0.56,5.37
9232,0.56,5.37
9233,0.56,5.37
9234,0.56,5.37
9235,0.56,5.37
9236,0.56,5.37
9237,0.56,5.37
9238,0.56,5.37
9239,0.56,5.37
9240,0.56,5.37
9241,0.56,5.37
9242,0.56,5.37
9243,0.56,5.37
9244,0.56,5.37
9245,0.56,5.38
9246,0.56,5.38
9247,0.56,5.38
9248,0.56,5.38
9249,0.56,5.38
9250,0.56,5.38
9251,0.56,5.38
9252,0.56,5.38
9253,0.56,5.38
9254,0.56,5.38
9255,0.56,5.38
9256,0.56,5.38
9257,0.56,5.38
9258,0.56,5.38
9259,0.56,5.38
9260,0.56,5.38
9261,0.56,5.38
9262,0.56,5.38
9263,0.56,5.38
9264,0.56,5.38
9265,0.56,5.38
9266,0.56,5.38
9267,0.56,5.38
9268,0.56,5.37
9269,0.56,5.37
9270,0.56,5.37
9271,0.56,5.37
9272,0.56,5.37
9273,0.56,5.37
9274,0.56,5.37
9275,0.56,5.37
9276,0.56,5.37
9277,0.56,5.37
9278,0.56,5.37
9279,0.56,5.37
9280,0.56,5.37
9281,0.56,5.37
9282,0.56,5.37
9283,0.56,5.37
9284,0.56,5.37
9285,0.56,5.37
9286,0.56,5.37
9287,0.56,5.37
9288,0.56,5.37
9289,0.56,5.37
9290,0.56,5.37
9291,0.56,5.37
9292,0.56,5.37
9293,0.56,5.37
9294,0.56,5.37
9295,0.56,5.37
9296,0.56,5.37
9297,0.56,5.38
9298,0.56,5.38
9299,0.56,5.38
9300,0.56,5.38
9301,0.56,5.38
9302,0.56,5.38
9303,0.56,5.38
9304,0.56,5.38
9305,0.56,5.38
9306,0.56,5.38
9307,0.56,5.38
9308,0.56,5.38
9309,0.56,5.38
9310,0.56,5.38
9311,0.56,5.38
9312,0.56,5.38
9313,0.56,5.38
9314,0.56,5.38
9315,0.56,5.38
9316,0.56,5.38
9317,0.56,5.38
9318,0.56,5.38
9319,0.56,5.37
9320,0.56,5.37
9321,0.56,5.37
9322,0.56,5.37
9323,0.56,5.37
9324,0.56,5.37
9325,0.56,5.37
9326,0.56,5.37
9327,0.56,5.37
9328,0.56,5.37
9329,0.56,5.37
9330,0.56,5.37
9331,0.56,5.37
9332,0.55,5.37
9333,0.56,5.37
9334,0.55,5.37
9335,0.55,5.37
9336,0.55,5.37
9337,0.55,5.37
9338,0.56,5.37
9339,0.56,5.37
9340,0.56,5.37
9341,0.55,5.37
9342,0.55,5.37
9343,0.55,5.37
9344,0.55,5.37
9345,0.56,5.37
9346,0.56,5.37
9347,0.55,5.37
9348,0.55,5.37
9349,0.55,5.37
9350,0.55,5.37
9351,0.56,5.37
9352,0.55,5.37
9353,0.56,5.37
9354,0.55,5.37
9355,0.56,5.37
9356,0.56,5.37
9357,0.55,5.37
9358,0.55,5.37
9359,0.55,5.37
9360,0.55,5.37
9361,0.55,5.37
9362,0.55,5.37
9363,0.55,5.37
9364,0.55,5.37
9365,0.55,5.37
9366,0.55,5.37
9367,0.55,5.37
9368,0.56,5.37
9369,0.55,5.37
9370,0.55,5.37
9371,0.55,5.37
9372,0.55,5.37
9373,0.55,5.37
9374,0.55,5.37
9375,0.55,5.37
9376,0.55,5.37
9377,0.55,5.37
9378,0.55,5.37
9379,0.55,5.37
9380,0.55,5.37
9381,0.55,5.37
9382,0.55,5.37
9383,0.55,5.37
9384,0.55,5.37
9385,0.55,5.37
9386,0.55,5.37
9387,0.55,5.37
9388,0.55,5.37
9389,0.56,5.37
9390,0.55,5.37
9391,0.55,5.37
9392,0.56,5.37
9393,0.55,5.37
9394,0.55,5.37
9395,0.55,5.37
9396,0.55,5.37
9397,0.55,5.37
9398,0.55,5.37
9399,0.55,5.37
9400,0.56,5.37
9401,0.55,5.37
9402,0.56,5.37
9403,0.55,5.37
9404,0.55,5.37
9405,0.55,5.37
9406,0.55,5.37
9407,0.55,5.37
9408,0.55,5.37
9409,0.56,5.37
9410,0.56,5.37
9411,0.55,5.37
9412,0.55,5.37
9413,0.55,5.37
9414,0.55,5.37
9415,0.55,5.37
9416,0.55,5.36
9417,0.56,5.36
9418,0.55,5.36
9419,0.55,5.36
9420,0.55,5.36
9421,0.55,5.36
9422,0.55,5.36
9423,0.55,5.36
9424,0.55,5.36
9425,0.55,5.36
9426,0.55,5.36
9427,0.55,5.36
9428,0.55,5.36
9429,0.55,5.36
9430,0.55,5.36
9431,0.56,5.36
9432,0.55,5.36
9433,0.55,5.36
9434,0.55,5.36
9435,0.55,5.36
9436,0.55,5.36
9437,0.55,5.36
9438,0.55,5.36
9439,0.56,5.36
9440,0.56,5.36
9441,0.55,5.36
9442,0.55,5.36
9443,0.56,5.37
9444,0.55,5.37
9445,0.55,5.37
9446,0.55,5.37
9447,0.55,5.37
9448,0.55,5.37
9449,0.55,5.37
9450,0.55,5.37
9451,0.55,5.37
9452,0.55,5.37
9453,0.55,5.37
9454,0.55,5.37
9455,0.55,5.37
9456,0.56,5.37
9457,0.55,5.37
9458,0.55,5.37
9459,0.55,5.37
9460,0.56,5.37
9461,0.55,5.37
9462,0.55,5.36
9463,0.55,5.36
9464,0.55,5.36
9465,0.55,5.36
9466,0.55,5.36
9467,0.56,5.36
9468,0.56,5.36
9469,0.55,5.36
9470,0.56,5.36
9471,0.55,5.36
9472,0.55,5.36
9473,0.56,5.36
9474,0.55,5.36
9475,0.55,5.36
9476,0.55,5.36
9477,0.55,5.36
9478,0.55,5.36
9479,0.56,5.36
9480,0.55,5.36
9481,0.55,5.36
9482,0.55,5.36
9483,0.56,5.36
9484,0.55,5.36
9485,0.55,5.36
9486,0.55,5.36
9487,0.55,5.36
9488,0.55,5.36
9489,0.55,5.36
9490,0.55,5.36
9491,0.56,5.36
9492,0.55,5.36
9493,0.56,5.36
9494,0.55,5.36
9495,0.56,5.36
9496,0.56,5.36
9497,0.55,5.36
9498,0.55,5.36
9499,0.55,5.36
9500,0.56,5.36
9501,0.55,5.36
9502,0.55,5.36
9503,0.55,5.36
9504,0.55,5.36
9505,0.55,5.36
9506,0.55,5.36
9507,0.55,5.36
9508,0.55,5.36
9509,0.55,5.36
9510,0.56,5.36
9511,0.56,5.36
9512,0.55,5.36
9513,0.55,5.36
9514,0.55,5.36
9515,0.55,5.36
9516,0.55,5.36
9517,0.55,5.36
9518,0.55,5.36
9519,0.55,5.36
9520,0.55,5.36
9521,0.55,5.36
9522,0.55,5.36
9523,0.55,5.36
9524,0.55,5.36
9525,0.55,5.36
9526,0.55,5.36
9527,0.55,5.36
9528,0.55,5.36
9529,0.55,5.36
9530,0.56,5.36
9531,0.55,5.36
9532,0.55,5.36
9533,0.55,5.36
9534,0.55,5.36
9535,0.55,5.36
9536,0.55,5.36
9537,0.55,5.36
9538,0.55,5.36
9539,0.55,5.36
9540,0.56,5.36
9541,0.55,5.36
9542,0.55,5.36
9543,0.55,5.36
9544,0.55,5.36
9545,0.55,5.36
9546,0.55,5.36
9547,0.55,5.36
9548,0.55,5.36
9549,0.56,5.36
9550,0.55,5.36
9551,0.55,5.36
9552,0.55,5.36
9553,0.55,5.36
9554,0.55,5.36
9555,0.56,5.36
9556,0.55,5.36
9557,0.55,5.36
9558,0.55,5.36
9559,0.56,5.36
9560,0.55,5.36
9561,0.56,5.36
9562,0.55,5.36
9563,0.55,5.36
9564,0.55,5.36
9565,0.55,5.36
9566,0.55,5.36
9567,0.55,5.36
9568,0.56,5.36
9569,0.56,5.36
9570,0.55,5.36
9571,0.56,5.36
9572,0.55,5.36
9573,0.56,5.36
9574,0.55,5.36
9575,0.55,5.36
9576,0.56,5.36
9577,0.56,5.36
9578,0.55,5.36
9579,0.55,5.36
9580,0.55,5.36
9581,0.56,5.36
9582,0.56,5.36
9583,0.55,5.36
9584,0.56,5.36
9585,0.56,5.36
9586,0.55,5.36
9587,0.55,5.36
9588,0.55,5.36
9589,0.55,5.36
9590,0.55,5.36
9591,0.56,5.36
9592,0.55,5.36
9593,0.55,5.36
9594,0.55,5.36
9595,0.56,5.36
9596,0.55,5.36
9597,0.56,5.36
9598,0.55,5.36
9599,0.56,5.36
9600,0.56,5.36
9601,0.55,5.36
9602,0.55,5.36
9603,0.55,5.36
9604,0.56,5.36
9605,0.55,5.36
9606,0.56,5.36
9607,0.56,5.36
9608,0.56,5.36
9609,0.56,5.36
9610,0.56,5.36
9611,0.55,5.36
9612,0.55,5.36
9613,0.55,5.36
9614,0.56,5.36
9615,0.55,5.36
9616,0.55,5.36
9617,0.55,5.36
9618,0.56,5.36
9619,0.56,5.36
9620,0.56,5.36
9621,0.55,5.36
9622,0.55,5.36
9623,0.55,5.36
9624,0.55,5.36
9625,0.55,5.36
9626,0.55,5.36
9627,0.55,5.36
9628,0.55,5.36
9629,0.55,5.36
9630,0.55,5.36
9631,0.55,5.36
9632,0.55,5.36
9633,0.55,5.36
9634,0.56,5.36
9635,0.56,5.36
9636,0.55,5.36
9637,0.55,5.36
9638,0.55,5.36
9639,0.55,5.36
9640,0.56,5.36
9641,0.55,5.36
9642,0.56,5.36
9643,0.55,5.36
9644,0.55,5.36
9645,0.55,5.36
9646,0.55,5.36
9647,0.55,5.36
9648,0.56,5.36
9649,0.55,5.36
9650,0.56,5.36
9651,0.55,5.36
9652,0.55,5.36
9653,0.56,5.36
9654,0.55,5.36
9655,0.56,5.36
9656,0.55,5.36
9657,0.56,5.36
9658,0.56,5.36
9659,0.55,5.36
9660,0.55,5.36
9661,0.55,5.36
9662,0.55,5.36
9663,0.55,5.36
9664,0.55,5.36
9665,0.56,5.36
9666,0.55,5.36
9667,0.55,5.36
9668,0.55,5.36
9669,0.55,5.36
9670,0.56,5.36
9671,0.55,5.36
9672,0.55,5.36
9673,0.55,5.36
9674,0.55,5.36
9675,0.56,5.36
9676,0.56,5.36
9677,0.55,5.36
9678,0.56,5.36
9679,0.55,5.36
9680,0.56,5.36
9681,0.56,5.36
9682,0.55,5.36
9683,0.55,5.36
9684,0.55,5.36
9685,0.55,5.36
9686,0.56,5.36
9687,0.55,5.36
9688,0.55,5.36
9689,0.55,5.36
9690,0.55,5.36
9691,0.55,5.36
9692,0.55,5.36
9693,0.55,5.36
9694,0.56,5.36
9695,0.55,5.36
9696,0.55,5.36
9697,0.56,5.36
9698,0.55,5.36
9699,0.56,5.36
9700,0.55,5.36
9701,0.55,5.36
9702,0.56,5.36
9703,0.55,5.36
9704,0.55,5.36
9705,0.55,5.36
9706,0.55,5.36
9707,0.56,5.36
9708,0.55,5.36
9709,0.55,5.36
9710,0.55,5.36
9711,0.55,5.36
9712,0.56,5.36
9713,0.55,5.36
9714,0.55,5.36
9715,0.55,5.36
9716,0.55,5.36
9717,0.55,5.36
9718,0.55,5.36
9719,0.55,5.36
9720,0.55,5.36
9721,0.56,5.36
9722,0.56,5.36
9723,0.55,5.36
9724,0.55,5.36
9725,0.55,5.36
9726,0.55,5.36
9727,0.56,5.36
9728,0.55,5.36
9729,0.55,5.36
9730,0.56,5.36
9731,0.55,5.36
9732,0.55,5.36
9733,0.55,5.36
9734,0.55,5.36
9735,0.56,5.36
9736,0.55,5.36
9737,0.55,5.36
9738,0.55,5.36
9739,0.55,5.36
9740,0.56,5.36
9741,0.55,5.36
9742,0.56,5.36
9743,0.55,5.36
9744,0.56,5.36
9745,0.55,5.36
9746,0.56,5.36
9747,0.55,5.36
9748,0.55,5.36
9749,0.55,5.36
9750,0.55,5.36
9751,0.55,5.36
9752,0.55,5.36
9753,0.55,5.36
9754,0.55,5.36
9755,0.55,5.36
9756,0.56,5.36
9757,0.55,5.36
9758,0.55,5.36
9759,0.55,5.36
9760,0.55,5.36
9761,0.55,5.36
9762,0.55,5.36
9763,0.55,5.36
9764,0.55,5.36
9765,0.55,5.36
9766,0.55,5.36
9767,0.54,5.36
9768,0.54,5.36
9769,0.55,5.36
9770,0.55,5.36
9771,0.55,5.36
9772,0.55,5.36
9773,0.55,5.36
9774,0.55,5.36
9775,0.55,5.36
9776,0.55,5.36
9777,0.55,5.36
9778,0.54,5.36
9779,0.54,5.36
9780,0.54,5.36
9781,0.55,5.35
9782,0.55,5.35
9783,0.54,5.35
9784,0.54,5.35
9785,0.54,5.35
9786,0.55,5.35
9787,0.55,5.35
9788,0.55,5.35
9789,0.55,5.35
9790,0.55,5.35
9791,0.55,5.35
9792,0.55,5.35
9793,0.55,5.35
9794,0.55,5.35
9795,0.55,5.35
9796,0.54,5.35
9797,0.55,5.35
9798,0.55,5.35
9799,0.55,5.35
9800,0.54,5.35
9801,0.55,5.35
9802,0.55,5.35
9803,0.55,5.35
9804,0.55,5.35
9805,0.55,5.35
9806,0.54,5.35
9807,0.55,5.35
9808,0.55,5.35
9809,0.54,5.35
9810,0.54,5.35
9811,0.55,5.35
9812,0.55,5.35
9813,0.55,5.35
9814,0.55,5.35
9815,0.55,5.35
9816,0.55,5.35
9817,0.55,5.35
9818,0.54,5.35
9819,0.55,5.35
9820,0.55,5.35
9821,0.55,5.35
9822,0.54,5.35
9823,0.55,5.35
9824,0.55,5.35
9825,0.54,5.35
9826,0.54,5.35
9827,0.54,5.35
9828,0.54,5.35
9829,0.55,5.35
9830,0.55,5.35
9831,0.55,5.35
9832,0.55,5.35
9833,0.55,5.35
9834,0.54,5.35
9835,0.54,5.35
9836,0.54,5.35
9837,0.55,5.35
9838,0.54,5.35
9839,0.55,5.35
9840,0.54,5.35
9841,0.54,5.35
9842,0.54,5.35
9843,0.54,5.35
9844,0.54,5.35
9845,0.55,5.35
9846,0.54,5.35
9847,0.55,5.35
9848,0.55,5.35
9849,0.55,5.35
9850,0.55,5.35
9851,0.55,5.35
9852,0.55,5.35
9853,0.54,5.35
9854,0.55,5.35
9855,0.55,5.35
9856,0.55,5.35
9857,0.54,5.35
9858,0.55,5.35
9859,0.55,5.35
9860,0.54,5.35
9861,0.54,5.35
9862,0.55,5.35
9863,0.54,5.35
9864,0.54,5.35
9865,0.54,5.35
9866,0.54,5.35
9867,0.55,5.35
9868,0.54,5.35
9869,0.54,5.35
9870,0.55,5.35
9871,0.55,5.35
9872,0.55,5.35
9873,0.55,5.35
9874,0.55,5.35
9875,0.55,5.35
9876,0.54,5.35
9877,0.54,5.35
9878,0.54,5.35
9879,0.55,5.35
9880,0.54,5.35
9881,0.55,5.35
9882,0.54,5.35
9883,0.54,5.35
9884,0.54,5.35
9885,0.55,5.35
9886,0.54,5.35
9887,0.55,5.35
9888,0.54,5.35
9889,0.54,5.35
9890,0.54,5.35
9891,0.55,5.35
9892,0.54,5.34
9893,0.55,5.34
9894,0.55,5.34
9895,0.55,5.34
9896,0.55,5.34
9897,0.55,5.34
9898,0.55,5.34
9899,0.55,5.34
9900,0.54,5.34
9901,0.55,5.34
9902,0.54,5.34
9903,0.55,5.34
9904,0.54,5.34
9905,0.54,5.34
9906,0.54,5.34
9907,0.54,5.34
9908,0.55,5.34
9909,0.55,5.34
9910,0.54,5.34
9911,0.54,5.34
9912,0.54,5.35
9913,0.55,5.35
9914,0.55,5.35
9915,0.54,5.35
9916,0.54,5.35
9917,0.54,5.35
9918,0.54,5.35
9919,0.54,5.35
9920,0.54,5.35
9921,0.54,5.35
9922,0.54,5.35
9923,0.54,5.35
9924,0.54,5.35
9925,0.55,5.35
9926,0.54,5.35
9927,0.54,5.35
9928,0.54,5.35
9929,0.54,5.35
9930,0.55,5.35
9931,0.54,5.35
9932,0.55,5.35
9933,0.55,5.35
9934,0.55,5.35
9935,0.54,5.35
9936,0.54,5.35
9937,0.55,5.35
9938,0.54,5.35
9939,0.54,5.35
9940,0.55,5.34
9941,0.54,5.34
9942,0.54,5.34
9943,0.54,5.34
9944,0.54,5.34
9945,0.54,5.34
9946,0.54,5.34
9947,0.55,5.34
9948,0.54,5.34
9949,0.55,5.34
9950,0.54,5.34
9951,0.55,5.34
9952,0.55,5.34
9953,0.55,5.34
9954,0.55,5.34
9955,0.55,5.34
9956,0.55,5.34
9957,0.55,5.34
9958,0.55,5.34
9959,0.54,5.34
9960,0.54,5.34
9961,0.54,5.34
9962,0.55,5.34
9963,0.55,5.34
9964,0.54,5.34
9965,0.54,5.34
9966,0.55,5.35
9967,0.55,5.35
9968,0.55,5.35
9969,0.54,5.35
9970,0.55,5.35
9971,0.55,5.35
9972,0.54,5.35
9973,0.54,5.35
9974,0.55,5.35
9975,0.55,5.35
9976,0.54,5.35
9977,0.54,5.35
9978,0.54,5.35
9979,0.54,5.35
9980,0.55,5.35
9981,0.55,5.35
9982,0.54,5.35
9983,0.55,5.35
9984,0.55,5.35
9985,0.55,5.35
9986,0.54,5.35
9987,0.54,5.35
9988,0.55,5.34
9989,0.55,5.34
9990,0.54,5.34
9991,0.54,5.34
9992,0.55,5.34
9993,0.55,5.34
9994,0.54,5.34
9995,0.55,5.34
9996,0.55,5.34
9997,0.55,5.34
9998,0.54,5.34
9999,0.54,5.34
